iteration,expanded_state,parent,action,generated_successors,frontier_before,frontier_after,explored,g,h,f
1,"(35, 1)",START,START,"['(35, 2)', '(34, 1)']","['(35, 1)']","['(34, 1)', '(35, 2)']","['(35, 1)']",0,34,34
2,"(34, 1)","(35, 1)",West,"['(35, 1)', '(33, 1)']","['(34, 1)', '(35, 2)']","['(33, 1)', '(35, 2)']","['(34, 1)', '(35, 1)']",1,33,34
3,"(33, 1)","(34, 1)",West,"['(34, 1)']","['(33, 1)', '(35, 2)']","['(35, 2)']","['(33, 1)', '(34, 1)', '(35, 1)']",2,32,34
4,"(35, 2)","(35, 1)",North,"['(35, 3)', '(35, 1)']","['(35, 2)']","['(35, 3)']","['(35, 2)', '(33, 1)', '(34, 1)', '(35, 1)']",1,35,36
5,"(35, 3)","(35, 2)",North,"['(35, 4)', '(35, 2)', '(34, 3)']","['(35, 3)']","['(34, 3)', '(35, 4)']","['(33, 1)', '(34, 1)', '(35, 1)', '(35, 3)', '(35, 2)']",2,36,38
6,"(34, 3)","(35, 3)",West,"['(35, 3)', '(33, 3)']","['(34, 3)', '(35, 4)']","['(33, 3)', '(35, 4)']","['(33, 1)', '(34, 1)', '(35, 1)', '(34, 3)', '(35, 3)', '(35, 2)']",3,35,38
7,"(33, 3)","(34, 3)",West,"['(33, 4)', '(34, 3)', '(32, 3)']","['(33, 3)', '(35, 4)']","['(32, 3)', '(33, 4)', '(35, 4)']","['(33, 1)', '(34, 1)', '(35, 1)', '(33, 3)', '(34, 3)', '(35, 3)', '(35, 2)']",4,34,38
8,"(32, 3)","(33, 3)",West,"['(33, 3)', '(31, 3)']","['(32, 3)', '(33, 4)', '(35, 4)']","['(31, 3)', '(33, 4)', '(35, 4)']","['(33, 1)', '(34, 1)', '(35, 1)', '(32, 3)', '(33, 3)', '(34, 3)', '(35, 3)', '(35, 2)']",5,33,38
9,"(31, 3)","(32, 3)",West,"['(31, 4)', '(31, 2)', '(32, 3)']","['(31, 3)', '(33, 4)', '(35, 4)']","['(31, 2)', '(35, 4)', '(31, 4)', '(33, 4)']","['(33, 1)', '(34, 1)', '(35, 1)', '(32, 3)', '(33, 3)', '(34, 3)', '(35, 3)', '(31, 3)', '(35, 2)']",6,32,38
10,"(31, 2)","(31, 3)",South,"['(31, 3)', '(31, 1)']","['(31, 2)', '(35, 4)', '(31, 4)', '(33, 4)']","['(31, 1)', '(35, 4)', '(31, 4)', '(33, 4)']","['(33, 1)', '(34, 1)', '(35, 1)', '(32, 3)', '(33, 3)', '(34, 3)', '(35, 3)', '(31, 3)', '(35, 2)', '(31, 2)']",7,31,38
11,"(31, 1)","(31, 2)",South,"['(31, 2)']","['(31, 1)', '(35, 4)', '(31, 4)', '(33, 4)']","['(35, 4)', '(33, 4)', '(31, 4)']","['(33, 1)', '(34, 1)', '(35, 1)', '(32, 3)', '(31, 1)', '(33, 3)', '(34, 3)', '(35, 3)', '(31, 3)', '(35, 2)', '(31, 2)']",8,30,38
12,"(35, 4)","(35, 3)",North,"['(35, 5)', '(35, 3)']","['(35, 4)', '(33, 4)', '(31, 4)']","['(33, 4)', '(31, 4)', '(35, 5)']","['(33, 1)', '(35, 4)', '(34, 1)', '(35, 1)', '(32, 3)', '(31, 1)', '(33, 3)', '(34, 3)', '(35, 3)', '(31, 3)', '(35, 2)', '(31, 2)']",3,37,40
13,"(33, 4)","(33, 3)",North,"['(33, 5)', '(33, 3)']","['(33, 4)', '(31, 4)', '(35, 5)']","['(31, 4)', '(35, 5)', '(33, 5)']","['(33, 1)', '(35, 4)', '(34, 1)', '(35, 1)', '(32, 3)', '(31, 1)', '(33, 3)', '(34, 3)', '(35, 3)', '(31, 3)', '(35, 2)', '(31, 2)', '(33, 4)']",5,35,40
14,"(31, 4)","(31, 3)",North,"['(31, 5)', '(31, 3)']","['(31, 4)', '(35, 5)', '(33, 5)']","['(35, 5)', '(33, 5)', '(31, 5)']","['(33, 1)', '(35, 4)', '(34, 1)', '(35, 1)', '(31, 4)', '(32, 3)', '(31, 1)', '(33, 3)', '(34, 3)', '(35, 3)', '(31, 3)', '(35, 2)', '(31, 2)', '(33, 4)']",7,33,40
15,"(35, 5)","(35, 4)",North,"['(35, 4)']","['(35, 5)', '(33, 5)', '(31, 5)']","['(33, 5)', '(31, 5)']","['(33, 1)', '(35, 5)', '(35, 4)', '(34, 1)', '(35, 1)', '(31, 4)', '(32, 3)', '(31, 1)', '(33, 3)', '(34, 3)', '(35, 3)', '(31, 3)', '(35, 2)', '(31, 2)', '(33, 4)']",4,38,42
16,"(33, 5)","(33, 4)",North,"['(33, 6)', '(33, 4)']","['(33, 5)', '(31, 5)']","['(31, 5)', '(33, 6)']","['(33, 1)', '(35, 5)', '(35, 4)', '(34, 1)', '(35, 1)', '(31, 4)', '(32, 3)', '(31, 1)', '(33, 3)', '(34, 3)', '(35, 3)', '(31, 3)', '(33, 5)', '(35, 2)', '(31, 2)', '(33, 4)']",6,36,42
17,"(31, 5)","(31, 4)",North,"['(31, 6)', '(31, 4)', '(30, 5)']","['(31, 5)', '(33, 6)']","['(30, 5)', '(31, 6)', '(33, 6)']","['(31, 5)', '(33, 1)', '(35, 5)', '(35, 4)', '(34, 1)', '(35, 1)', '(31, 4)', '(32, 3)', '(31, 1)', '(33, 3)', '(34, 3)', '(35, 3)', '(31, 3)', '(33, 5)', '(35, 2)', '(31, 2)', '(33, 4)']",8,34,42
18,"(30, 5)","(31, 5)",West,"['(31, 5)', '(29, 5)']","['(30, 5)', '(31, 6)', '(33, 6)']","['(29, 5)', '(31, 6)', '(33, 6)']","['(31, 5)', '(33, 1)', '(35, 5)', '(35, 4)', '(34, 1)', '(35, 1)', '(31, 4)', '(32, 3)', '(31, 1)', '(33, 3)', '(34, 3)', '(35, 3)', '(31, 3)', '(33, 5)', '(35, 2)', '(31, 2)', '(30, 5)', '(33, 4)']",9,33,42
19,"(29, 5)","(30, 5)",West,"['(29, 4)', '(30, 5)']","['(29, 5)', '(31, 6)', '(33, 6)']","['(29, 4)', '(31, 6)', '(33, 6)']","['(31, 5)', '(34, 1)', '(33, 5)', '(32, 3)', '(35, 2)', '(35, 5)', '(31, 4)', '(31, 1)', '(34, 3)', '(30, 5)', '(33, 4)', '(33, 1)', '(35, 4)', '(35, 1)', '(31, 3)', '(33, 3)', '(35, 3)', '(29, 5)', '(31, 2)']",10,32,42
20,"(29, 4)","(29, 5)",South,"['(29, 5)', '(29, 3)']","['(29, 4)', '(31, 6)', '(33, 6)']","['(29, 3)', '(31, 6)', '(33, 6)']","['(31, 5)', '(34, 1)', '(33, 5)', '(32, 3)', '(35, 2)', '(35, 5)', '(29, 4)', '(31, 4)', '(31, 1)', '(34, 3)', '(30, 5)', '(33, 4)', '(33, 1)', '(35, 4)', '(35, 1)', '(31, 3)', '(33, 3)', '(35, 3)', '(29, 5)', '(31, 2)']",11,31,42
21,"(29, 3)","(29, 4)",South,"['(29, 4)', '(28, 3)']","['(29, 3)', '(31, 6)', '(33, 6)']","['(28, 3)', '(31, 6)', '(33, 6)']","['(31, 5)', '(34, 1)', '(33, 5)', '(32, 3)', '(35, 2)', '(35, 5)', '(29, 4)', '(31, 4)', '(31, 1)', '(34, 3)', '(30, 5)', '(33, 4)', '(33, 1)', '(35, 4)', '(35, 1)', '(29, 3)', '(31, 3)', '(33, 3)', '(35, 3)', '(29, 5)', '(31, 2)']",12,30,42
22,"(28, 3)","(29, 3)",West,"['(29, 3)', '(27, 3)']","['(28, 3)', '(31, 6)', '(33, 6)']","['(27, 3)', '(31, 6)', '(33, 6)']","['(31, 5)', '(34, 1)', '(28, 3)', '(33, 5)', '(32, 3)', '(35, 2)', '(35, 5)', '(29, 4)', '(31, 4)', '(31, 1)', '(34, 3)', '(30, 5)', '(33, 4)', '(33, 1)', '(35, 4)', '(35, 1)', '(29, 3)', '(31, 3)', '(33, 3)', '(35, 3)', '(29, 5)', '(31, 2)']",13,29,42
23,"(27, 3)","(28, 3)",West,"['(27, 4)', '(27, 2)', '(28, 3)', '(26, 3)']","['(27, 3)', '(31, 6)', '(33, 6)']","['(27, 2)', '(26, 3)', '(27, 4)', '(31, 6)', '(33, 6)']","['(31, 5)', '(34, 1)', '(28, 3)', '(33, 5)', '(32, 3)', '(35, 2)', '(35, 5)', '(29, 4)', '(31, 4)', '(31, 1)', '(34, 3)', '(27, 3)', '(30, 5)', '(33, 4)', '(33, 1)', '(35, 4)', '(35, 1)', '(29, 3)', '(31, 3)', '(33, 3)', '(35, 3)', '(29, 5)', '(31, 2)']",14,28,42
24,"(27, 2)","(27, 3)",South,"['(27, 3)', '(27, 1)']","['(27, 2)', '(26, 3)', '(27, 4)', '(31, 6)', '(33, 6)']","['(26, 3)', '(27, 1)', '(27, 4)', '(31, 6)', '(33, 6)']","['(31, 5)', '(34, 1)', '(28, 3)', '(33, 5)', '(32, 3)', '(35, 2)', '(35, 5)', '(29, 4)', '(31, 4)', '(31, 1)', '(34, 3)', '(27, 3)', '(30, 5)', '(33, 4)', '(33, 1)', '(35, 4)', '(35, 1)', '(29, 3)', '(31, 3)', '(27, 2)', '(33, 3)', '(35, 3)', '(29, 5)', '(31, 2)']",15,27,42
25,"(26, 3)","(27, 3)",West,"['(27, 3)', '(25, 3)']","['(26, 3)', '(27, 1)', '(27, 4)', '(31, 6)', '(33, 6)']","['(27, 1)', '(25, 3)', '(27, 4)', '(31, 6)', '(33, 6)']","['(31, 5)', '(34, 1)', '(28, 3)', '(33, 5)', '(32, 3)', '(35, 2)', '(35, 5)', '(29, 4)', '(31, 4)', '(31, 1)', '(34, 3)', '(27, 3)', '(30, 5)', '(33, 4)', '(33, 1)', '(35, 4)', '(35, 1)', '(29, 3)', '(31, 3)', '(27, 2)', '(33, 3)', '(35, 3)', '(26, 3)', '(29, 5)', '(31, 2)']",15,27,42
26,"(27, 1)","(27, 2)",South,"['(27, 2)', '(28, 1)']","['(27, 1)', '(25, 3)', '(27, 4)', '(31, 6)', '(33, 6)']","['(25, 3)', '(33, 6)', '(27, 4)', '(31, 6)', '(28, 1)']","['(31, 5)', '(34, 1)', '(27, 1)', '(28, 3)', '(33, 5)', '(32, 3)', '(35, 2)', '(35, 5)', '(29, 4)', '(31, 4)', '(31, 1)', '(34, 3)', '(27, 3)', '(30, 5)', '(33, 4)', '(33, 1)', '(35, 4)', '(35, 1)', '(29, 3)', '(31, 3)', '(27, 2)', '(33, 3)', '(35, 3)', '(26, 3)', '(29, 5)', '(31, 2)']",16,26,42
27,"(25, 3)","(26, 3)",West,"['(25, 4)', '(26, 3)', '(24, 3)']","['(25, 3)', '(33, 6)', '(27, 4)', '(31, 6)', '(28, 1)']","['(24, 3)', '(31, 6)', '(33, 6)', '(28, 1)', '(25, 4)', '(27, 4)']","['(31, 5)', '(34, 1)', '(27, 1)', '(28, 3)', '(33, 5)', '(32, 3)', '(35, 2)', '(35, 5)', '(29, 4)', '(31, 4)', '(31, 1)', '(34, 3)', '(27, 3)', '(30, 5)', '(33, 4)', '(33, 1)', '(35, 4)', '(25, 3)', '(35, 1)', '(29, 3)', '(31, 3)', '(27, 2)', '(33, 3)', '(35, 3)', '(26, 3)', '(29, 5)', '(31, 2)']",16,26,42
28,"(24, 3)","(25, 3)",West,"['(25, 3)', '(23, 3)']","['(24, 3)', '(31, 6)', '(33, 6)', '(28, 1)', '(25, 4)', '(27, 4)']","['(23, 3)', '(31, 6)', '(33, 6)', '(28, 1)', '(25, 4)', '(27, 4)']","['(31, 5)', '(34, 1)', '(27, 1)', '(28, 3)', '(33, 5)', '(32, 3)', '(35, 2)', '(35, 5)', '(29, 4)', '(31, 4)', '(31, 1)', '(34, 3)', '(27, 3)', '(30, 5)', '(33, 4)', '(33, 1)', '(35, 4)', '(25, 3)', '(35, 1)', '(29, 3)', '(31, 3)', '(27, 2)', '(33, 3)', '(35, 3)', '(24, 3)', '(26, 3)', '(29, 5)', '(31, 2)']",17,25,42
29,"(23, 3)","(24, 3)",West,"['(23, 2)', '(24, 3)', '(22, 3)']","['(23, 3)', '(31, 6)', '(33, 6)', '(28, 1)', '(25, 4)', '(27, 4)']","['(23, 2)', '(31, 6)', '(22, 3)', '(28, 1)', '(25, 4)', '(27, 4)', '(33, 6)']","['(31, 5)', '(34, 1)', '(27, 1)', '(28, 3)', '(33, 5)', '(32, 3)', '(35, 2)', '(35, 5)', '(29, 4)', '(31, 4)', '(31, 1)', '(23, 3)', '(34, 3)', '(27, 3)', '(30, 5)', '(33, 4)', '(33, 1)', '(35, 4)', '(25, 3)', '(35, 1)', '(29, 3)', '(31, 3)', '(27, 2)', '(33, 3)', '(35, 3)', '(24, 3)', '(26, 3)', '(29, 5)', '(31, 2)']",18,24,42
30,"(23, 2)","(23, 3)",South,"['(23, 3)', '(23, 1)']","['(23, 2)', '(31, 6)', '(22, 3)', '(28, 1)', '(25, 4)', '(27, 4)', '(33, 6)']","['(22, 3)', '(31, 6)', '(23, 1)', '(28, 1)', '(25, 4)', '(27, 4)', '(33, 6)']","['(31, 5)', '(34, 1)', '(27, 1)', '(28, 3)', '(33, 5)', '(32, 3)', '(35, 2)', '(35, 5)', '(29, 4)', '(31, 4)', '(31, 1)', '(23, 3)', '(34, 3)', '(27, 3)', '(30, 5)', '(33, 4)', '(33, 1)', '(35, 4)', '(25, 3)', '(35, 1)', '(29, 3)', '(31, 3)', '(23, 2)', '(27, 2)', '(33, 3)', '(35, 3)', '(24, 3)', '(26, 3)', '(29, 5)', '(31, 2)']",19,23,42
31,"(22, 3)","(23, 3)",West,"['(23, 3)', '(21, 3)']","['(22, 3)', '(31, 6)', '(23, 1)', '(28, 1)', '(25, 4)', '(27, 4)', '(33, 6)']","['(23, 1)', '(31, 6)', '(21, 3)', '(28, 1)', '(25, 4)', '(27, 4)', '(33, 6)']","['(31, 5)', '(34, 1)', '(27, 1)', '(28, 3)', '(33, 5)', '(32, 3)', '(35, 2)', '(35, 5)', '(29, 4)', '(31, 4)', '(31, 1)', '(23, 3)', '(34, 3)', '(27, 3)', '(30, 5)', '(33, 4)', '(33, 1)', '(35, 4)', '(25, 3)', '(35, 1)', '(29, 3)', '(31, 3)', '(23, 2)', '(22, 3)', '(27, 2)', '(33, 3)', '(35, 3)', '(24, 3)', '(26, 3)', '(29, 5)', '(31, 2)']",19,23,42
32,"(23, 1)","(23, 2)",South,"['(23, 2)', '(24, 1)', '(22, 1)']","['(23, 1)', '(31, 6)', '(21, 3)', '(28, 1)', '(25, 4)', '(27, 4)', '(33, 6)']","['(21, 3)', '(22, 1)', '(33, 6)', '(31, 6)', '(25, 4)', '(27, 4)', '(24, 1)', '(28, 1)']","['(31, 5)', '(23, 1)', '(34, 1)', '(27, 1)', '(28, 3)', '(33, 5)', '(32, 3)', '(35, 2)', '(35, 5)', '(29, 4)', '(31, 4)', '(31, 1)', '(23, 3)', '(34, 3)', '(27, 3)', '(30, 5)', '(33, 4)', '(33, 1)', '(35, 4)', '(25, 3)', '(35, 1)', '(29, 3)', '(31, 3)', '(23, 2)', '(22, 3)', '(27, 2)', '(33, 3)', '(35, 3)', '(24, 3)', '(26, 3)', '(29, 5)', '(31, 2)']",20,22,42
33,"(21, 3)","(22, 3)",West,"['(22, 3)', '(20, 3)']","['(21, 3)', '(22, 1)', '(33, 6)', '(31, 6)', '(25, 4)', '(27, 4)', '(24, 1)', '(28, 1)']","['(22, 1)', '(20, 3)', '(33, 6)', '(31, 6)', '(25, 4)', '(27, 4)', '(24, 1)', '(28, 1)']","['(31, 5)', '(23, 1)', '(34, 1)', '(27, 1)', '(28, 3)', '(33, 5)', '(32, 3)', '(35, 2)', '(35, 5)', '(29, 4)', '(31, 4)', '(21, 3)', '(31, 1)', '(23, 3)', '(34, 3)', '(27, 3)', '(30, 5)', '(33, 4)', '(33, 1)', '(35, 4)', '(25, 3)', '(35, 1)', '(29, 3)', '(31, 3)', '(23, 2)', '(22, 3)', '(27, 2)', '(33, 3)', '(35, 3)', '(24, 3)', '(26, 3)', '(29, 5)', '(31, 2)']",20,22,42
34,"(22, 1)","(23, 1)",West,"['(23, 1)', '(21, 1)']","['(22, 1)', '(20, 3)', '(33, 6)', '(31, 6)', '(25, 4)', '(27, 4)', '(24, 1)', '(28, 1)']","['(20, 3)', '(21, 1)', '(33, 6)', '(31, 6)', '(25, 4)', '(27, 4)', '(24, 1)', '(28, 1)']","['(31, 5)', '(23, 1)', '(34, 1)', '(27, 1)', '(28, 3)', '(33, 5)', '(32, 3)', '(35, 2)', '(35, 5)', '(29, 4)', '(31, 4)', '(22, 1)', '(21, 3)', '(31, 1)', '(23, 3)', '(34, 3)', '(27, 3)', '(30, 5)', '(33, 4)', '(33, 1)', '(35, 4)', '(25, 3)', '(35, 1)', '(29, 3)', '(31, 3)', '(23, 2)', '(22, 3)', '(27, 2)', '(33, 3)', '(35, 3)', '(24, 3)', '(26, 3)', '(29, 5)', '(31, 2)']",21,21,42
35,"(20, 3)","(21, 3)",West,"['(21, 3)', '(19, 3)']","['(20, 3)', '(21, 1)', '(33, 6)', '(31, 6)', '(25, 4)', '(27, 4)', '(24, 1)', '(28, 1)']","['(21, 1)', '(19, 3)', '(33, 6)', '(31, 6)', '(25, 4)', '(27, 4)', '(24, 1)', '(28, 1)']","['(31, 5)', '(23, 1)', '(34, 1)', '(27, 1)', '(28, 3)', '(33, 5)', '(32, 3)', '(35, 2)', '(35, 5)', '(29, 4)', '(31, 4)', '(22, 1)', '(21, 3)', '(31, 1)', '(23, 3)', '(34, 3)', '(27, 3)', '(30, 5)', '(33, 4)', '(33, 1)', '(35, 4)', '(25, 3)', '(35, 1)', '(29, 3)', '(31, 3)', '(23, 2)', '(20, 3)', '(22, 3)', '(27, 2)', '(33, 3)', '(35, 3)', '(24, 3)', '(26, 3)', '(29, 5)', '(31, 2)']",21,21,42
36,"(21, 1)","(22, 1)",West,"['(22, 1)', '(20, 1)']","['(21, 1)', '(19, 3)', '(33, 6)', '(31, 6)', '(25, 4)', '(27, 4)', '(24, 1)', '(28, 1)']","['(19, 3)', '(20, 1)', '(33, 6)', '(31, 6)', '(25, 4)', '(27, 4)', '(24, 1)', '(28, 1)']","['(31, 5)', '(23, 1)', '(34, 1)', '(27, 1)', '(28, 3)', '(33, 5)', '(32, 3)', '(35, 2)', '(35, 5)', '(29, 4)', '(31, 4)', '(22, 1)', '(21, 3)', '(31, 1)', '(23, 3)', '(34, 3)', '(27, 3)', '(30, 5)', '(33, 4)', '(33, 1)', '(35, 4)', '(25, 3)', '(35, 1)', '(29, 3)', '(31, 3)', '(23, 2)', '(20, 3)', '(22, 3)', '(27, 2)', '(33, 3)', '(35, 3)', '(24, 3)', '(26, 3)', '(29, 5)', '(31, 2)', '(21, 1)']",22,20,42
37,"(19, 3)","(20, 3)",West,"['(20, 3)', '(18, 3)']","['(19, 3)', '(20, 1)', '(33, 6)', '(31, 6)', '(25, 4)', '(27, 4)', '(24, 1)', '(28, 1)']","['(20, 1)', '(18, 3)', '(33, 6)', '(31, 6)', '(25, 4)', '(27, 4)', '(24, 1)', '(28, 1)']","['(31, 5)', '(23, 1)', '(34, 1)', '(27, 1)', '(28, 3)', '(19, 3)', '(33, 5)', '(32, 3)', '(35, 2)', '(35, 5)', '(29, 4)', '(31, 4)', '(22, 1)', '(21, 3)', '(31, 1)', '(23, 3)', '(34, 3)', '(27, 3)', '(30, 5)', '(33, 4)', '(33, 1)', '(35, 4)', '(25, 3)', '(35, 1)', '(29, 3)', '(31, 3)', '(23, 2)', '(20, 3)', '(22, 3)', '(27, 2)', '(33, 3)', '(35, 3)', '(24, 3)', '(26, 3)', '(29, 5)', '(31, 2)', '(21, 1)']",22,20,42
38,"(20, 1)","(21, 1)",West,"['(21, 1)', '(19, 1)']","['(20, 1)', '(18, 3)', '(33, 6)', '(31, 6)', '(25, 4)', '(27, 4)', '(24, 1)', '(28, 1)']","['(18, 3)', '(19, 1)', '(33, 6)', '(31, 6)', '(25, 4)', '(27, 4)', '(24, 1)', '(28, 1)']","['(31, 5)', '(23, 1)', '(34, 1)', '(27, 1)', '(28, 3)', '(19, 3)', '(33, 5)', '(32, 3)', '(35, 2)', '(35, 5)', '(29, 4)', '(31, 4)', '(22, 1)', '(21, 3)', '(31, 1)', '(20, 1)', '(23, 3)', '(34, 3)', '(27, 3)', '(30, 5)', '(33, 4)', '(33, 1)', '(35, 4)', '(25, 3)', '(35, 1)', '(29, 3)', '(31, 3)', '(23, 2)', '(20, 3)', '(22, 3)', '(27, 2)', '(33, 3)', '(35, 3)', '(24, 3)', '(26, 3)', '(29, 5)', '(31, 2)', '(21, 1)']",23,19,42
39,"(18, 3)","(19, 3)",West,"['(19, 3)', '(17, 3)']","['(18, 3)', '(19, 1)', '(33, 6)', '(31, 6)', '(25, 4)', '(27, 4)', '(24, 1)', '(28, 1)']","['(19, 1)', '(17, 3)', '(33, 6)', '(31, 6)', '(25, 4)', '(27, 4)', '(24, 1)', '(28, 1)']","['(31, 5)', '(23, 1)', '(34, 1)', '(27, 1)', '(28, 3)', '(19, 3)', '(33, 5)', '(32, 3)', '(35, 2)', '(35, 5)', '(29, 4)', '(31, 4)', '(22, 1)', '(21, 3)', '(31, 1)', '(20, 1)', '(23, 3)', '(34, 3)', '(27, 3)', '(30, 5)', '(33, 4)', '(33, 1)', '(35, 4)', '(25, 3)', '(35, 1)', '(18, 3)', '(29, 3)', '(31, 3)', '(23, 2)', '(20, 3)', '(22, 3)', '(27, 2)', '(33, 3)', '(35, 3)', '(24, 3)', '(26, 3)', '(29, 5)', '(31, 2)', '(21, 1)']",23,19,42
40,"(19, 1)","(20, 1)",West,"['(20, 1)']","['(19, 1)', '(17, 3)', '(33, 6)', '(31, 6)', '(25, 4)', '(27, 4)', '(24, 1)', '(28, 1)']","['(17, 3)', '(31, 6)', '(33, 6)', '(28, 1)', '(25, 4)', '(27, 4)', '(24, 1)']","['(31, 5)', '(23, 1)', '(34, 1)', '(27, 1)', '(28, 3)', '(19, 3)', '(33, 5)', '(32, 3)', '(35, 2)', '(35, 5)', '(29, 4)', '(31, 4)', '(22, 1)', '(21, 3)', '(31, 1)', '(20, 1)', '(23, 3)', '(34, 3)', '(27, 3)', '(30, 5)', '(33, 4)', '(33, 1)', '(35, 4)', '(25, 3)', '(35, 1)', '(18, 3)', '(29, 3)', '(31, 3)', '(23, 2)', '(20, 3)', '(22, 3)', '(27, 2)', '(19, 1)', '(33, 3)', '(35, 3)', '(24, 3)', '(26, 3)', '(29, 5)', '(31, 2)', '(21, 1)']",24,18,42
41,"(17, 3)","(18, 3)",West,"['(18, 3)', '(16, 3)']","['(17, 3)', '(31, 6)', '(33, 6)', '(28, 1)', '(25, 4)', '(27, 4)', '(24, 1)']","['(16, 3)', '(31, 6)', '(33, 6)', '(28, 1)', '(25, 4)', '(24, 1)', '(27, 4)']","[(31, 5), (23, 1), (34, 1), (27, 1), (28, 3), (17, 3), (19, 3), (33, 5), (32, 3), (35, 2), (35, 5), (29, 4), (31, 4), (22, 1), (21, 3), (31, 1), (20, 1), (23, 3), (34, 3), (27, 3), (30, 5), (33, 4), (33, 1), (35, 4), (25, 3), (35, 1), (18, 3), (29, 3), (31, 3), (23, 2), (20, 3), (22, 3), (27, 2), (19, 1), (33, 3), (35, 3), (24, 3), (26, 3), (29, 5), (31, 2), ... (+1 more)]",24,18,42
42,"(16, 3)","(17, 3)",West,"['(17, 3)', '(15, 3)']","['(16, 3)', '(31, 6)', '(33, 6)', '(28, 1)', '(25, 4)', '(24, 1)', '(27, 4)']","['(15, 3)', '(31, 6)', '(33, 6)', '(28, 1)', '(25, 4)', '(24, 1)', '(27, 4)']","[(31, 5), (23, 1), (34, 1), (27, 1), (28, 3), (17, 3), (19, 3), (33, 5), (32, 3), (35, 2), (35, 5), (29, 4), (31, 4), (22, 1), (21, 3), (31, 1), (20, 1), (23, 3), (34, 3), (27, 3), (30, 5), (33, 4), (33, 1), (35, 4), (25, 3), (35, 1), (16, 3), (18, 3), (29, 3), (31, 3), (23, 2), (20, 3), (22, 3), (27, 2), (19, 1), (33, 3), (35, 3), (24, 3), (26, 3), (29, 5), ... (+2 more)]",25,17,42
43,"(15, 3)","(16, 3)",West,"['(15, 4)', '(15, 2)', '(16, 3)', '(14, 3)']","['(15, 3)', '(31, 6)', '(33, 6)', '(28, 1)', '(25, 4)', '(24, 1)', '(27, 4)']","['(15, 2)', '(14, 3)', '(27, 4)', '(33, 6)', '(25, 4)', '(24, 1)', '(15, 4)', '(28, 1)', '(31, 6)']","[(31, 5), (23, 1), (34, 1), (27, 1), (28, 3), (17, 3), (19, 3), (33, 5), (32, 3), (35, 2), (35, 5), (29, 4), (31, 4), (22, 1), (21, 3), (31, 1), (20, 1), (23, 3), (34, 3), (27, 3), (30, 5), (33, 4), (33, 1), (35, 4), (25, 3), (35, 1), (16, 3), (18, 3), (29, 3), (31, 3), (23, 2), (20, 3), (22, 3), (27, 2), (19, 1), (33, 3), (35, 3), (24, 3), (26, 3), (15, 3), ... (+3 more)]",26,16,42
44,"(15, 2)","(15, 3)",South,"['(15, 3)', '(15, 1)']","['(15, 2)', '(14, 3)', '(27, 4)', '(33, 6)', '(25, 4)', '(24, 1)', '(15, 4)', '(28, 1)', '(31, 6)']","['(14, 3)', '(15, 1)', '(27, 4)', '(33, 6)', '(25, 4)', '(24, 1)', '(15, 4)', '(28, 1)', '(31, 6)']","[(31, 5), (23, 1), (34, 1), (27, 1), (28, 3), (17, 3), (19, 3), (33, 5), (32, 3), (35, 2), (35, 5), (15, 2), (29, 4), (31, 4), (22, 1), (21, 3), (31, 1), (20, 1), (23, 3), (34, 3), (27, 3), (30, 5), (33, 4), (33, 1), (35, 4), (25, 3), (35, 1), (16, 3), (18, 3), (29, 3), (31, 3), (23, 2), (20, 3), (22, 3), (27, 2), (19, 1), (33, 3), (35, 3), (24, 3), (26, 3), ... (+4 more)]",27,15,42
45,"(14, 3)","(15, 3)",West,"['(15, 3)', '(13, 3)']","['(14, 3)', '(15, 1)', '(27, 4)', '(33, 6)', '(25, 4)', '(24, 1)', '(15, 4)', '(28, 1)', '(31, 6)']","['(15, 1)', '(13, 3)', '(27, 4)', '(33, 6)', '(25, 4)', '(24, 1)', '(15, 4)', '(28, 1)', '(31, 6)']","[(31, 5), (23, 1), (34, 1), (27, 1), (28, 3), (17, 3), (19, 3), (33, 5), (32, 3), (35, 2), (35, 5), (15, 2), (29, 4), (31, 4), (22, 1), (21, 3), (31, 1), (20, 1), (23, 3), (34, 3), (14, 3), (27, 3), (30, 5), (33, 4), (33, 1), (35, 4), (25, 3), (35, 1), (16, 3), (18, 3), (29, 3), (31, 3), (23, 2), (20, 3), (22, 3), (27, 2), (19, 1), (33, 3), (35, 3), (24, 3), ... (+5 more)]",27,15,42
46,"(15, 1)","(15, 2)",South,"['(15, 2)', '(16, 1)']","['(15, 1)', '(13, 3)', '(27, 4)', '(33, 6)', '(25, 4)', '(24, 1)', '(15, 4)', '(28, 1)', '(31, 6)']","['(13, 3)', '(33, 6)', '(27, 4)', '(31, 6)', '(25, 4)', '(24, 1)', '(15, 4)', '(28, 1)', '(16, 1)']","[(31, 5), (23, 1), (34, 1), (27, 1), (28, 3), (17, 3), (19, 3), (33, 5), (32, 3), (35, 2), (35, 5), (15, 2), (29, 4), (31, 4), (22, 1), (21, 3), (31, 1), (20, 1), (23, 3), (34, 3), (14, 3), (27, 3), (30, 5), (33, 4), (33, 1), (35, 4), (25, 3), (35, 1), (16, 3), (15, 1), (18, 3), (29, 3), (31, 3), (23, 2), (20, 3), (22, 3), (27, 2), (19, 1), (33, 3), (35, 3), ... (+6 more)]",28,14,42
47,"(13, 3)","(14, 3)",West,"['(13, 4)', '(14, 3)']","['(13, 3)', '(33, 6)', '(27, 4)', '(31, 6)', '(25, 4)', '(24, 1)', '(15, 4)', '(28, 1)', '(16, 1)']","['(33, 6)', '(31, 6)', '(27, 4)', '(28, 1)', '(25, 4)', '(24, 1)', '(15, 4)', '(16, 1)', '(13, 4)']","[(31, 5), (23, 1), (34, 1), (27, 1), (28, 3), (17, 3), (19, 3), (33, 5), (32, 3), (35, 2), (35, 5), (15, 2), (29, 4), (31, 4), (22, 1), (21, 3), (31, 1), (20, 1), (23, 3), (34, 3), (14, 3), (27, 3), (30, 5), (33, 4), (33, 1), (35, 4), (25, 3), (35, 1), (16, 3), (15, 1), (18, 3), (29, 3), (31, 3), (23, 2), (20, 3), (22, 3), (27, 2), (19, 1), (33, 3), (35, 3), ... (+7 more)]",28,14,42
48,"(33, 6)","(33, 5)",North,"['(33, 7)', '(33, 5)']","['(33, 6)', '(31, 6)', '(27, 4)', '(28, 1)', '(25, 4)', '(24, 1)', '(15, 4)', '(16, 1)', '(13, 4)']","['(31, 6)', '(28, 1)', '(27, 4)', '(16, 1)', '(25, 4)', '(24, 1)', '(15, 4)', '(13, 4)', '(33, 7)']","[(31, 5), (23, 1), (34, 1), (27, 1), (28, 3), (17, 3), (19, 3), (33, 5), (32, 3), (35, 2), (35, 5), (15, 2), (29, 4), (31, 4), (22, 1), (21, 3), (31, 1), (20, 1), (23, 3), (34, 3), (14, 3), (27, 3), (30, 5), (33, 4), (33, 1), (35, 4), (25, 3), (35, 1), (16, 3), (15, 1), (18, 3), (29, 3), (31, 3), (23, 2), (20, 3), (22, 3), (27, 2), (19, 1), (33, 3), (33, 6), ... (+8 more)]",7,37,44
49,"(31, 6)","(31, 5)",North,"['(31, 7)', '(31, 5)']","['(31, 6)', '(28, 1)', '(27, 4)', '(16, 1)', '(25, 4)', '(24, 1)', '(15, 4)', '(13, 4)', '(33, 7)']","['(27, 4)', '(28, 1)', '(24, 1)', '(16, 1)', '(25, 4)', '(33, 7)', '(15, 4)', '(13, 4)', '(31, 7)']","[(31, 5), (23, 1), (34, 1), (27, 1), (28, 3), (17, 3), (19, 3), (33, 5), (32, 3), (35, 2), (35, 5), (15, 2), (29, 4), (31, 4), (22, 1), (21, 3), (31, 1), (20, 1), (23, 3), (34, 3), (14, 3), (27, 3), (30, 5), (33, 4), (33, 1), (35, 4), (25, 3), (35, 1), (16, 3), (15, 1), (18, 3), (29, 3), (31, 6), (31, 3), (23, 2), (20, 3), (22, 3), (27, 2), (19, 1), (33, 3), ... (+9 more)]",9,35,44
50,"(27, 4)","(27, 3)",North,"['(27, 5)', '(27, 3)']","['(27, 4)', '(28, 1)', '(24, 1)', '(16, 1)', '(25, 4)', '(33, 7)', '(15, 4)', '(13, 4)', '(31, 7)']","['(28, 1)', '(25, 4)', '(24, 1)', '(16, 1)', '(31, 7)', '(33, 7)', '(15, 4)', '(13, 4)', '(27, 5)']","[(31, 5), (23, 1), (34, 1), (27, 1), (27, 4), (28, 3), (17, 3), (19, 3), (33, 5), (32, 3), (35, 2), (35, 5), (15, 2), (29, 4), (31, 4), (22, 1), (21, 3), (31, 1), (20, 1), (23, 3), (34, 3), (14, 3), (27, 3), (30, 5), (33, 4), (33, 1), (35, 4), (25, 3), (35, 1), (16, 3), (15, 1), (18, 3), (29, 3), (31, 6), (31, 3), (23, 2), (20, 3), (22, 3), (27, 2), (19, 1), ... (+10 more)]",15,29,44
51,"(28, 1)","(27, 1)",East,"['(29, 1)', '(27, 1)']","['(28, 1)', '(25, 4)', '(24, 1)', '(16, 1)', '(31, 7)', '(33, 7)', '(15, 4)', '(13, 4)', '(27, 5)']","['(25, 4)', '(16, 1)', '(24, 1)', '(13, 4)', '(31, 7)', '(33, 7)', '(15, 4)', '(27, 5)', '(29, 1)']","[(31, 5), (23, 1), (34, 1), (27, 1), (27, 4), (28, 3), (17, 3), (19, 3), (33, 5), (32, 3), (35, 2), (35, 5), (15, 2), (29, 4), (31, 4), (22, 1), (21, 3), (31, 1), (20, 1), (23, 3), (34, 3), (14, 3), (27, 3), (30, 5), (33, 4), (33, 1), (35, 4), (25, 3), (35, 1), (16, 3), (15, 1), (18, 3), (29, 3), (31, 6), (31, 3), (23, 2), (20, 3), (22, 3), (27, 2), (28, 1), ... (+11 more)]",17,27,44
52,"(25, 4)","(25, 3)",North,"['(25, 5)', '(25, 3)']","['(25, 4)', '(16, 1)', '(24, 1)', '(13, 4)', '(31, 7)', '(33, 7)', '(15, 4)', '(27, 5)', '(29, 1)']","['(24, 1)', '(16, 1)', '(15, 4)', '(13, 4)', '(31, 7)', '(33, 7)', '(29, 1)', '(27, 5)', '(25, 5)']","[(31, 5), (23, 1), (34, 1), (27, 1), (27, 4), (28, 3), (17, 3), (19, 3), (33, 5), (32, 3), (35, 2), (35, 5), (15, 2), (25, 4), (29, 4), (31, 4), (22, 1), (21, 3), (31, 1), (20, 1), (23, 3), (34, 3), (14, 3), (27, 3), (30, 5), (33, 4), (33, 1), (35, 4), (25, 3), (35, 1), (16, 3), (15, 1), (18, 3), (29, 3), (31, 6), (31, 3), (23, 2), (20, 3), (22, 3), (27, 2), ... (+12 more)]",17,27,44
53,"(24, 1)","(23, 1)",East,"['(25, 1)', '(23, 1)']","['(24, 1)', '(16, 1)', '(15, 4)', '(13, 4)', '(31, 7)', '(33, 7)', '(29, 1)', '(27, 5)', '(25, 5)']","['(15, 4)', '(16, 1)', '(33, 7)', '(13, 4)', '(31, 7)', '(25, 5)', '(29, 1)', '(27, 5)', '(25, 1)']","[(31, 5), (23, 1), (34, 1), (27, 1), (27, 4), (28, 3), (17, 3), (19, 3), (33, 5), (32, 3), (35, 2), (35, 5), (15, 2), (25, 4), (29, 4), (31, 4), (22, 1), (21, 3), (31, 1), (20, 1), (23, 3), (34, 3), (14, 3), (27, 3), (30, 5), (33, 4), (33, 1), (35, 4), (25, 3), (35, 1), (24, 1), (16, 3), (15, 1), (18, 3), (29, 3), (31, 6), (31, 3), (23, 2), (20, 3), (22, 3), ... (+13 more)]",21,23,44
54,"(15, 4)","(15, 3)",North,"['(15, 5)', '(15, 3)']","['(15, 4)', '(16, 1)', '(33, 7)', '(13, 4)', '(31, 7)', '(25, 5)', '(29, 1)', '(27, 5)', '(25, 1)']","['(16, 1)', '(13, 4)', '(33, 7)', '(27, 5)', '(31, 7)', '(25, 5)', '(29, 1)', '(25, 1)', '(15, 5)']","[(31, 5), (23, 1), (34, 1), (27, 1), (27, 4), (28, 3), (17, 3), (19, 3), (33, 5), (32, 3), (35, 2), (35, 5), (15, 2), (25, 4), (29, 4), (31, 4), (22, 1), (21, 3), (31, 1), (20, 1), (23, 3), (34, 3), (14, 3), (27, 3), (30, 5), (33, 4), (33, 1), (35, 4), (25, 3), (35, 1), (24, 1), (15, 4), (16, 3), (15, 1), (18, 3), (29, 3), (31, 6), (31, 3), (23, 2), (20, 3), ... (+14 more)]",27,17,44
55,"(16, 1)","(15, 1)",East,"['(17, 1)', '(15, 1)']","['(16, 1)', '(13, 4)', '(33, 7)', '(27, 5)', '(31, 7)', '(25, 5)', '(29, 1)', '(25, 1)', '(15, 5)']","['(13, 4)', '(31, 7)', '(33, 7)', '(27, 5)', '(15, 5)', '(25, 5)', '(29, 1)', '(25, 1)', '(17, 1)']","[(31, 5), (23, 1), (34, 1), (27, 1), (27, 4), (28, 3), (17, 3), (19, 3), (33, 5), (32, 3), (35, 2), (35, 5), (15, 2), (25, 4), (16, 1), (29, 4), (31, 4), (22, 1), (21, 3), (31, 1), (20, 1), (23, 3), (34, 3), (14, 3), (27, 3), (30, 5), (33, 4), (33, 1), (35, 4), (25, 3), (35, 1), (24, 1), (15, 4), (16, 3), (15, 1), (18, 3), (29, 3), (31, 6), (31, 3), (23, 2), ... (+15 more)]",29,15,44
56,"(13, 4)","(13, 3)",North,"['(13, 5)', '(13, 3)']","['(13, 4)', '(31, 7)', '(33, 7)', '(27, 5)', '(15, 5)', '(25, 5)', '(29, 1)', '(25, 1)', '(17, 1)']","['(33, 7)', '(31, 7)', '(29, 1)', '(27, 5)', '(15, 5)', '(25, 5)', '(17, 1)', '(25, 1)', '(13, 5)']","[(31, 5), (23, 1), (34, 1), (27, 1), (27, 4), (28, 3), (17, 3), (19, 3), (33, 5), (32, 3), (35, 2), (35, 5), (15, 2), (25, 4), (16, 1), (29, 4), (31, 4), (22, 1), (21, 3), (31, 1), (20, 1), (23, 3), (34, 3), (14, 3), (27, 3), (30, 5), (33, 4), (33, 1), (35, 4), (13, 4), (25, 3), (35, 1), (24, 1), (15, 4), (16, 3), (15, 1), (18, 3), (29, 3), (31, 6), (31, 3), ... (+16 more)]",29,15,44
57,"(33, 7)","(33, 6)",North,"['(33, 6)', '(34, 7)']","['(33, 7)', '(31, 7)', '(29, 1)', '(27, 5)', '(15, 5)', '(25, 5)', '(17, 1)', '(25, 1)', '(13, 5)']","['(31, 7)', '(27, 5)', '(29, 1)', '(25, 1)', '(15, 5)', '(25, 5)', '(17, 1)', '(13, 5)', '(34, 7)']","[(31, 5), (23, 1), (34, 1), (27, 1), (27, 4), (28, 3), (17, 3), (19, 3), (33, 5), (32, 3), (35, 2), (35, 5), (15, 2), (25, 4), (16, 1), (29, 4), (31, 4), (22, 1), (21, 3), (31, 1), (20, 1), (23, 3), (34, 3), (14, 3), (27, 3), (30, 5), (33, 4), (33, 1), (33, 7), (35, 4), (13, 4), (25, 3), (35, 1), (24, 1), (15, 4), (16, 3), (15, 1), (18, 3), (29, 3), (31, 6), ... (+17 more)]",8,38,46
58,"(31, 7)","(31, 6)",North,"['(31, 8)', '(31, 6)']","['(31, 7)', '(27, 5)', '(29, 1)', '(25, 1)', '(15, 5)', '(25, 5)', '(17, 1)', '(13, 5)', '(34, 7)']","['(27, 5)', '(25, 1)', '(29, 1)', '(13, 5)', '(15, 5)', '(25, 5)', '(17, 1)', '(34, 7)', '(31, 8)']","[(31, 5), (23, 1), (34, 1), (27, 1), (27, 4), (28, 3), (17, 3), (19, 3), (33, 5), (32, 3), (35, 2), (35, 5), (15, 2), (25, 4), (16, 1), (29, 4), (31, 4), (22, 1), (21, 3), (31, 1), (20, 1), (31, 7), (23, 3), (34, 3), (14, 3), (27, 3), (30, 5), (33, 4), (33, 1), (33, 7), (35, 4), (13, 4), (25, 3), (35, 1), (24, 1), (15, 4), (16, 3), (15, 1), (18, 3), (29, 3), ... (+18 more)]",10,36,46
59,"(27, 5)","(27, 4)",North,"['(27, 6)', '(27, 4)']","['(27, 5)', '(25, 1)', '(29, 1)', '(13, 5)', '(15, 5)', '(25, 5)', '(17, 1)', '(34, 7)', '(31, 8)']","['(29, 1)', '(25, 1)', '(25, 5)', '(13, 5)', '(15, 5)', '(31, 8)', '(17, 1)', '(34, 7)', '(27, 6)']","[(31, 5), (23, 1), (34, 1), (27, 1), (27, 4), (28, 3), (17, 3), (19, 3), (33, 5), (32, 3), (35, 2), (35, 5), (15, 2), (25, 4), (16, 1), (29, 4), (31, 4), (22, 1), (21, 3), (31, 1), (20, 1), (31, 7), (23, 3), (34, 3), (14, 3), (27, 3), (30, 5), (33, 4), (33, 1), (33, 7), (35, 4), (13, 4), (25, 3), (35, 1), (24, 1), (15, 4), (16, 3), (15, 1), (18, 3), (29, 3), ... (+19 more)]",16,30,46
60,"(29, 1)","(28, 1)",East,"['(28, 1)']","['(29, 1)', '(25, 1)', '(25, 5)', '(13, 5)', '(15, 5)', '(31, 8)', '(17, 1)', '(34, 7)', '(27, 6)']","['(25, 5)', '(25, 1)', '(17, 1)', '(13, 5)', '(15, 5)', '(31, 8)', '(27, 6)', '(34, 7)']","[(31, 5), (23, 1), (34, 1), (27, 1), (27, 4), (28, 3), (17, 3), (19, 3), (33, 5), (32, 3), (35, 2), (35, 5), (15, 2), (25, 4), (16, 1), (29, 4), (29, 1), (31, 4), (22, 1), (21, 3), (31, 1), (20, 1), (31, 7), (23, 3), (34, 3), (14, 3), (27, 3), (30, 5), (33, 4), (33, 1), (33, 7), (35, 4), (13, 4), (25, 3), (35, 1), (24, 1), (15, 4), (16, 3), (15, 1), (18, 3), ... (+20 more)]",18,28,46
61,"(25, 5)","(25, 4)",North,"['(25, 6)', '(25, 4)', '(24, 5)']","['(25, 5)', '(25, 1)', '(17, 1)', '(13, 5)', '(15, 5)', '(31, 8)', '(27, 6)', '(34, 7)']","['(25, 1)', '(15, 5)', '(17, 1)', '(13, 5)', '(34, 7)', '(31, 8)', '(27, 6)', '(25, 6)', '(24, 5)']","[(31, 5), (23, 1), (34, 1), (27, 1), (27, 4), (28, 3), (17, 3), (19, 3), (33, 5), (32, 3), (35, 2), (35, 5), (15, 2), (25, 4), (16, 1), (29, 4), (29, 1), (31, 4), (22, 1), (21, 3), (31, 1), (20, 1), (31, 7), (23, 3), (34, 3), (14, 3), (27, 3), (30, 5), (33, 4), (33, 1), (33, 7), (35, 4), (13, 4), (25, 3), (35, 1), (24, 1), (15, 4), (16, 3), (15, 1), (18, 3), ... (+21 more)]",18,28,46
62,"(25, 1)","(24, 1)",East,"['(24, 1)']","['(25, 1)', '(15, 5)', '(17, 1)', '(13, 5)', '(34, 7)', '(31, 8)', '(27, 6)', '(25, 6)', '(24, 5)']","['(15, 5)', '(13, 5)', '(17, 1)', '(24, 5)', '(34, 7)', '(31, 8)', '(27, 6)', '(25, 6)']","[(31, 5), (23, 1), (34, 1), (27, 1), (27, 4), (28, 3), (17, 3), (19, 3), (33, 5), (32, 3), (35, 2), (25, 1), (35, 5), (15, 2), (25, 4), (16, 1), (29, 4), (29, 1), (31, 4), (22, 1), (21, 3), (31, 1), (20, 1), (31, 7), (23, 3), (34, 3), (14, 3), (27, 3), (30, 5), (33, 4), (33, 1), (33, 7), (35, 4), (13, 4), (25, 3), (35, 1), (24, 1), (15, 4), (16, 3), (15, 1), ... (+22 more)]",22,24,46
63,"(15, 5)","(15, 4)",North,"['(15, 4)', '(16, 5)']","['(15, 5)', '(13, 5)', '(17, 1)', '(24, 5)', '(34, 7)', '(31, 8)', '(27, 6)', '(25, 6)']","['(17, 1)', '(13, 5)', '(31, 8)', '(24, 5)', '(34, 7)', '(25, 6)', '(27, 6)', '(16, 5)']","[(31, 5), (23, 1), (34, 1), (27, 1), (27, 4), (28, 3), (17, 3), (19, 3), (33, 5), (32, 3), (35, 2), (25, 1), (35, 5), (15, 2), (25, 4), (16, 1), (15, 5), (29, 4), (29, 1), (31, 4), (22, 1), (21, 3), (31, 1), (20, 1), (31, 7), (23, 3), (34, 3), (14, 3), (27, 3), (30, 5), (33, 4), (33, 1), (33, 7), (35, 4), (13, 4), (25, 3), (35, 1), (24, 1), (15, 4), (16, 3), ... (+23 more)]",28,18,46
64,"(17, 1)","(16, 1)",East,"['(16, 1)']","['(17, 1)', '(13, 5)', '(31, 8)', '(24, 5)', '(34, 7)', '(25, 6)', '(27, 6)', '(16, 5)']","['(13, 5)', '(24, 5)', '(31, 8)', '(16, 5)', '(34, 7)', '(25, 6)', '(27, 6)']","[(31, 5), (23, 1), (34, 1), (27, 1), (27, 4), (28, 3), (17, 3), (19, 3), (33, 5), (32, 3), (35, 2), (25, 1), (35, 5), (15, 2), (25, 4), (16, 1), (15, 5), (29, 4), (29, 1), (31, 4), (22, 1), (21, 3), (31, 1), (20, 1), (31, 7), (23, 3), (34, 3), (14, 3), (27, 3), (30, 5), (33, 4), (33, 1), (33, 7), (35, 4), (13, 4), (25, 3), (35, 1), (24, 1), (15, 4), (16, 3), ... (+24 more)]",30,16,46
65,"(13, 5)","(13, 4)",North,"['(13, 4)']","['(13, 5)', '(24, 5)', '(31, 8)', '(16, 5)', '(34, 7)', '(25, 6)', '(27, 6)']","['(24, 5)', '(34, 7)', '(31, 8)', '(16, 5)', '(27, 6)', '(25, 6)']","[(31, 5), (23, 1), (34, 1), (27, 1), (27, 4), (28, 3), (17, 3), (19, 3), (33, 5), (32, 3), (35, 2), (25, 1), (35, 5), (15, 2), (25, 4), (16, 1), (13, 5), (15, 5), (29, 4), (29, 1), (31, 4), (22, 1), (21, 3), (31, 1), (20, 1), (31, 7), (23, 3), (34, 3), (14, 3), (27, 3), (30, 5), (33, 4), (33, 1), (33, 7), (35, 4), (13, 4), (25, 3), (35, 1), (24, 1), (15, 4), ... (+25 more)]",30,16,46
66,"(24, 5)","(25, 5)",West,"['(25, 5)', '(23, 5)']","['(24, 5)', '(34, 7)', '(31, 8)', '(16, 5)', '(27, 6)', '(25, 6)']","['(23, 5)', '(27, 6)', '(34, 7)', '(16, 5)', '(25, 6)', '(31, 8)']","[(31, 5), (23, 1), (34, 1), (27, 1), (27, 4), (28, 3), (17, 3), (19, 3), (33, 5), (32, 3), (35, 2), (25, 1), (35, 5), (15, 2), (25, 4), (16, 1), (13, 5), (15, 5), (29, 4), (24, 5), (29, 1), (31, 4), (22, 1), (21, 3), (31, 1), (20, 1), (31, 7), (23, 3), (34, 3), (14, 3), (27, 3), (30, 5), (33, 4), (33, 1), (33, 7), (35, 4), (13, 4), (25, 3), (35, 1), (24, 1), ... (+26 more)]",19,27,46
67,"(23, 5)","(24, 5)",West,"['(24, 5)']","['(23, 5)', '(27, 6)', '(34, 7)', '(16, 5)', '(25, 6)', '(31, 8)']","['(34, 7)', '(27, 6)', '(31, 8)', '(16, 5)', '(25, 6)']","[(31, 5), (23, 1), (34, 1), (27, 1), (27, 4), (28, 3), (17, 3), (19, 3), (33, 5), (32, 3), (35, 2), (25, 1), (35, 5), (15, 2), (25, 4), (16, 1), (13, 5), (15, 5), (29, 4), (24, 5), (29, 1), (31, 4), (22, 1), (21, 3), (31, 1), (20, 1), (31, 7), (23, 3), (34, 3), (14, 3), (27, 3), (30, 5), (33, 4), (33, 1), (33, 7), (35, 4), (13, 4), (25, 3), (35, 1), (24, 1), ... (+27 more)]",20,26,46
68,"(34, 7)","(33, 7)",East,"['(35, 7)', '(33, 7)']","['(34, 7)', '(27, 6)', '(31, 8)', '(16, 5)', '(25, 6)']","['(31, 8)', '(27, 6)', '(25, 6)', '(16, 5)', '(35, 7)']","[(31, 5), (23, 1), (34, 1), (34, 7), (27, 1), (27, 4), (28, 3), (17, 3), (19, 3), (33, 5), (32, 3), (35, 2), (25, 1), (35, 5), (15, 2), (25, 4), (16, 1), (13, 5), (15, 5), (29, 4), (24, 5), (29, 1), (31, 4), (22, 1), (21, 3), (31, 1), (20, 1), (31, 7), (23, 3), (34, 3), (14, 3), (27, 3), (30, 5), (33, 4), (33, 1), (33, 7), (35, 4), (13, 4), (25, 3), (35, 1), ... (+28 more)]",9,39,48
69,"(31, 8)","(31, 7)",North,"['(31, 9)', '(31, 7)']","['(31, 8)', '(27, 6)', '(25, 6)', '(16, 5)', '(35, 7)']","['(27, 6)', '(16, 5)', '(25, 6)', '(35, 7)', '(31, 9)']","[(31, 5), (23, 1), (34, 1), (34, 7), (31, 8), (27, 1), (27, 4), (28, 3), (17, 3), (19, 3), (33, 5), (32, 3), (35, 2), (25, 1), (35, 5), (15, 2), (25, 4), (16, 1), (13, 5), (15, 5), (29, 4), (24, 5), (29, 1), (31, 4), (22, 1), (21, 3), (31, 1), (20, 1), (31, 7), (23, 3), (34, 3), (14, 3), (27, 3), (30, 5), (33, 4), (33, 1), (33, 7), (35, 4), (13, 4), (25, 3), ... (+29 more)]",11,37,48
70,"(27, 6)","(27, 5)",North,"['(27, 7)', '(27, 5)']","['(27, 6)', '(16, 5)', '(25, 6)', '(35, 7)', '(31, 9)']","['(25, 6)', '(16, 5)', '(31, 9)', '(35, 7)', '(27, 7)']","[(31, 5), (23, 1), (34, 1), (34, 7), (31, 8), (27, 1), (27, 4), (28, 3), (17, 3), (19, 3), (33, 5), (32, 3), (35, 2), (25, 1), (35, 5), (15, 2), (25, 4), (16, 1), (13, 5), (15, 5), (29, 4), (24, 5), (29, 1), (31, 4), (22, 1), (21, 3), (31, 1), (20, 1), (31, 7), (23, 3), (34, 3), (14, 3), (27, 6), (27, 3), (30, 5), (33, 4), (33, 1), (33, 7), (35, 4), (13, 4), ... (+30 more)]",17,31,48
71,"(25, 6)","(25, 5)",North,"['(25, 7)', '(25, 5)']","['(25, 6)', '(16, 5)', '(31, 9)', '(35, 7)', '(27, 7)']","['(16, 5)', '(35, 7)', '(31, 9)', '(27, 7)', '(25, 7)']","[(31, 5), (23, 1), (34, 1), (34, 7), (31, 8), (27, 1), (27, 4), (28, 3), (17, 3), (19, 3), (33, 5), (32, 3), (35, 2), (25, 1), (35, 5), (15, 2), (25, 4), (16, 1), (13, 5), (15, 5), (29, 4), (24, 5), (29, 1), (31, 4), (22, 1), (21, 3), (31, 1), (20, 1), (31, 7), (23, 3), (34, 3), (14, 3), (27, 6), (27, 3), (30, 5), (33, 4), (33, 1), (33, 7), (35, 4), (13, 4), ... (+31 more)]",19,29,48
72,"(16, 5)","(15, 5)",East,"['(17, 5)', '(15, 5)']","['(16, 5)', '(35, 7)', '(31, 9)', '(27, 7)', '(25, 7)']","['(35, 7)', '(27, 7)', '(31, 9)', '(25, 7)', '(17, 5)']","[(31, 5), (23, 1), (34, 1), (34, 7), (31, 8), (27, 1), (27, 4), (28, 3), (17, 3), (19, 3), (33, 5), (32, 3), (35, 2), (25, 1), (35, 5), (15, 2), (25, 4), (16, 1), (13, 5), (15, 5), (29, 4), (24, 5), (29, 1), (31, 4), (22, 1), (21, 3), (31, 1), (20, 1), (31, 7), (23, 3), (34, 3), (14, 3), (27, 6), (27, 3), (30, 5), (33, 4), (33, 1), (33, 7), (35, 4), (13, 4), ... (+32 more)]",29,19,48
73,"(35, 7)","(34, 7)",East,"['(34, 7)']","['(35, 7)', '(27, 7)', '(31, 9)', '(25, 7)', '(17, 5)']","['(31, 9)', '(27, 7)', '(17, 5)', '(25, 7)']","[(31, 5), (23, 1), (34, 1), (34, 7), (31, 8), (27, 1), (27, 4), (28, 3), (17, 3), (19, 3), (33, 5), (32, 3), (35, 2), (25, 1), (35, 5), (15, 2), (25, 4), (16, 1), (13, 5), (15, 5), (29, 4), (24, 5), (29, 1), (31, 4), (22, 1), (21, 3), (31, 1), (20, 1), (31, 7), (23, 3), (34, 3), (14, 3), (27, 6), (27, 3), (30, 5), (33, 4), (33, 1), (33, 7), (35, 4), (13, 4), ... (+33 more)]",10,40,50
74,"(31, 9)","(31, 8)",North,"['(31, 10)', '(31, 8)', '(32, 9)']","['(31, 9)', '(27, 7)', '(17, 5)', '(25, 7)']","['(27, 7)', '(25, 7)', '(17, 5)', '(31, 10)', '(32, 9)']","[(31, 5), (23, 1), (34, 1), (34, 7), (31, 8), (27, 1), (27, 4), (28, 3), (17, 3), (19, 3), (33, 5), (32, 3), (35, 2), (25, 1), (35, 5), (15, 2), (25, 4), (16, 1), (13, 5), (15, 5), (29, 4), (24, 5), (29, 1), (31, 4), (22, 1), (21, 3), (31, 1), (20, 1), (31, 7), (23, 3), (34, 3), (14, 3), (27, 6), (27, 3), (30, 5), (33, 4), (33, 1), (33, 7), (35, 4), (13, 4), ... (+34 more)]",12,38,50
75,"(27, 7)","(27, 6)",North,"['(27, 6)', '(28, 7)']","['(27, 7)', '(25, 7)', '(17, 5)', '(31, 10)', '(32, 9)']","['(25, 7)', '(31, 10)', '(17, 5)', '(32, 9)', '(28, 7)']","[(31, 5), (23, 1), (34, 1), (34, 7), (31, 8), (27, 1), (27, 4), (28, 3), (17, 3), (27, 7), (19, 3), (33, 5), (32, 3), (35, 2), (25, 1), (35, 5), (15, 2), (25, 4), (16, 1), (13, 5), (15, 5), (29, 4), (24, 5), (29, 1), (31, 4), (22, 1), (21, 3), (31, 1), (20, 1), (31, 7), (23, 3), (34, 3), (14, 3), (27, 6), (27, 3), (30, 5), (33, 4), (33, 1), (33, 7), (35, 4), ... (+35 more)]",18,32,50
76,"(25, 7)","(25, 6)",North,"['(25, 6)', '(24, 7)']","['(25, 7)', '(31, 10)', '(17, 5)', '(32, 9)', '(28, 7)']","['(17, 5)', '(24, 7)', '(28, 7)', '(32, 9)', '(31, 10)']","[(31, 5), (23, 1), (34, 1), (34, 7), (31, 8), (27, 1), (27, 4), (28, 3), (17, 3), (27, 7), (19, 3), (33, 5), (32, 3), (35, 2), (25, 1), (25, 7), (35, 5), (15, 2), (25, 4), (16, 1), (13, 5), (15, 5), (29, 4), (24, 5), (29, 1), (31, 4), (22, 1), (21, 3), (31, 1), (20, 1), (31, 7), (23, 3), (34, 3), (14, 3), (27, 6), (27, 3), (30, 5), (33, 4), (33, 1), (33, 7), ... (+36 more)]",20,30,50
77,"(17, 5)","(16, 5)",East,"['(17, 6)', '(18, 5)', '(16, 5)']","['(17, 5)', '(24, 7)', '(28, 7)', '(32, 9)', '(31, 10)']","['(24, 7)', '(31, 10)', '(28, 7)', '(32, 9)', '(17, 6)', '(18, 5)']","[(34, 1), (27, 4), (28, 3), (17, 3), (32, 3), (15, 5), (29, 4), (34, 3), (27, 6), (17, 5), (35, 1), (24, 1), (18, 3), (22, 3), (33, 6), (35, 3), (24, 3), (13, 3), (31, 8), (34, 7), (27, 1), (35, 5), (15, 2), (25, 4), (16, 1), (13, 5), (24, 5), (31, 1), (20, 1), (14, 3), (33, 1), (35, 7), (15, 4), (25, 6), (16, 3), (31, 3), (20, 3), (33, 3), (16, 5), (31, 5), ... (+37 more)]",30,20,50
78,"(24, 7)","(25, 7)",West,"['(25, 7)', '(23, 7)']","['(24, 7)', '(31, 10)', '(28, 7)', '(32, 9)', '(17, 6)', '(18, 5)']","['(23, 7)', '(32, 9)', '(31, 10)', '(18, 5)', '(17, 6)', '(28, 7)']","[(34, 1), (27, 4), (28, 3), (17, 3), (32, 3), (15, 5), (29, 4), (34, 3), (27, 6), (17, 5), (35, 1), (24, 1), (18, 3), (22, 3), (33, 6), (35, 3), (24, 3), (13, 3), (31, 8), (34, 7), (27, 1), (35, 5), (15, 2), (25, 4), (16, 1), (13, 5), (24, 5), (31, 1), (20, 1), (14, 3), (33, 1), (35, 7), (15, 4), (25, 6), (16, 3), (24, 7), (31, 3), (20, 3), (33, 3), (16, 5), ... (+38 more)]",21,29,50
79,"(23, 7)","(24, 7)",West,"['(23, 8)', '(24, 7)', '(22, 7)']","['(23, 7)', '(32, 9)', '(31, 10)', '(18, 5)', '(17, 6)', '(28, 7)']","['(22, 7)', '(32, 9)', '(31, 10)', '(18, 5)', '(17, 6)', '(23, 8)', '(28, 7)']","[(34, 1), (27, 4), (28, 3), (17, 3), (32, 3), (15, 5), (29, 4), (34, 3), (27, 6), (17, 5), (35, 1), (24, 1), (18, 3), (22, 3), (33, 6), (35, 3), (24, 3), (13, 3), (31, 8), (34, 7), (27, 1), (35, 5), (15, 2), (25, 4), (16, 1), (13, 5), (24, 5), (31, 1), (20, 1), (14, 3), (33, 1), (35, 7), (15, 4), (25, 6), (16, 3), (24, 7), (31, 3), (20, 3), (33, 3), (16, 5), ... (+39 more)]",22,28,50
80,"(22, 7)","(23, 7)",West,"['(23, 7)', '(21, 7)']","['(22, 7)', '(32, 9)', '(31, 10)', '(18, 5)', '(17, 6)', '(23, 8)', '(28, 7)']","['(21, 7)', '(32, 9)', '(31, 10)', '(18, 5)', '(17, 6)', '(23, 8)', '(28, 7)']","[(34, 1), (27, 4), (28, 3), (17, 3), (32, 3), (15, 5), (29, 4), (34, 3), (27, 6), (17, 5), (35, 1), (24, 1), (18, 3), (22, 3), (33, 6), (35, 3), (24, 3), (13, 3), (31, 8), (34, 7), (27, 1), (35, 5), (15, 2), (25, 4), (16, 1), (13, 5), (24, 5), (31, 1), (20, 1), (22, 7), (14, 3), (33, 1), (35, 7), (15, 4), (25, 6), (16, 3), (24, 7), (31, 3), (20, 3), (33, 3), ... (+40 more)]",23,27,50
81,"(21, 7)","(22, 7)",West,"['(21, 8)', '(21, 6)', '(22, 7)']","['(21, 7)', '(32, 9)', '(31, 10)', '(18, 5)', '(17, 6)', '(23, 8)', '(28, 7)']","['(21, 6)', '(31, 10)', '(28, 7)', '(32, 9)', '(17, 6)', '(23, 8)', '(21, 8)', '(18, 5)']","[(34, 1), (27, 4), (28, 3), (17, 3), (32, 3), (15, 5), (29, 4), (34, 3), (27, 6), (17, 5), (35, 1), (24, 1), (18, 3), (22, 3), (33, 6), (35, 3), (24, 3), (13, 3), (31, 8), (34, 7), (27, 1), (35, 5), (15, 2), (25, 4), (16, 1), (13, 5), (24, 5), (31, 1), (20, 1), (22, 7), (14, 3), (33, 1), (35, 7), (15, 4), (25, 6), (16, 3), (24, 7), (31, 3), (20, 3), (33, 3), ... (+41 more)]",24,26,50
82,"(21, 6)","(21, 7)",South,"['(21, 7)', '(21, 5)']","['(21, 6)', '(31, 10)', '(28, 7)', '(32, 9)', '(17, 6)', '(23, 8)', '(21, 8)', '(18, 5)']","['(21, 5)', '(31, 10)', '(28, 7)', '(32, 9)', '(17, 6)', '(23, 8)', '(21, 8)', '(18, 5)']","[(34, 1), (27, 4), (28, 3), (17, 3), (32, 3), (15, 5), (29, 4), (34, 3), (27, 6), (17, 5), (35, 1), (24, 1), (18, 3), (22, 3), (33, 6), (35, 3), (24, 3), (13, 3), (31, 8), (34, 7), (27, 1), (35, 5), (15, 2), (25, 4), (16, 1), (13, 5), (24, 5), (31, 1), (20, 1), (22, 7), (14, 3), (33, 1), (35, 7), (15, 4), (25, 6), (16, 3), (24, 7), (31, 3), (20, 3), (33, 3), ... (+42 more)]",25,25,50
83,"(21, 5)","(21, 6)",South,"['(21, 6)']","['(21, 5)', '(31, 10)', '(28, 7)', '(32, 9)', '(17, 6)', '(23, 8)', '(21, 8)', '(18, 5)']","['(31, 10)', '(32, 9)', '(28, 7)', '(18, 5)', '(17, 6)', '(23, 8)', '(21, 8)']","[(34, 1), (27, 4), (28, 3), (17, 3), (32, 3), (15, 5), (29, 4), (34, 3), (27, 6), (17, 5), (35, 1), (24, 1), (18, 3), (22, 3), (33, 6), (35, 3), (24, 3), (13, 3), (31, 8), (34, 7), (27, 1), (35, 5), (15, 2), (25, 4), (16, 1), (13, 5), (24, 5), (31, 1), (20, 1), (22, 7), (14, 3), (33, 1), (35, 7), (15, 4), (25, 6), (16, 3), (24, 7), (31, 3), (20, 3), (33, 3), ... (+43 more)]",26,24,50
84,"(31, 10)","(31, 9)",North,"['(31, 11)', '(31, 9)']","['(31, 10)', '(32, 9)', '(28, 7)', '(18, 5)', '(17, 6)', '(23, 8)', '(21, 8)']","['(32, 9)', '(17, 6)', '(28, 7)', '(18, 5)', '(21, 8)', '(23, 8)', '(31, 11)']","[(34, 1), (27, 4), (28, 3), (17, 3), (32, 3), (15, 5), (29, 4), (34, 3), (27, 6), (17, 5), (35, 1), (24, 1), (18, 3), (22, 3), (33, 6), (35, 3), (24, 3), (13, 3), (31, 8), (34, 7), (27, 1), (35, 5), (15, 2), (25, 4), (16, 1), (13, 5), (24, 5), (31, 1), (20, 1), (31, 10), (22, 7), (14, 3), (33, 1), (35, 7), (15, 4), (25, 6), (16, 3), (24, 7), (31, 3), (20, 3), ... (+44 more)]",13,39,52
85,"(32, 9)","(31, 9)",East,"['(33, 9)', '(31, 9)']","['(32, 9)', '(17, 6)', '(28, 7)', '(18, 5)', '(21, 8)', '(23, 8)', '(31, 11)']","['(28, 7)', '(17, 6)', '(23, 8)', '(18, 5)', '(21, 8)', '(31, 11)', '(33, 9)']","[(34, 1), (27, 4), (28, 3), (17, 3), (32, 3), (15, 5), (29, 4), (34, 3), (27, 6), (17, 5), (35, 1), (24, 1), (18, 3), (22, 3), (33, 6), (35, 3), (24, 3), (13, 3), (31, 8), (34, 7), (27, 1), (32, 9), (35, 5), (15, 2), (25, 4), (16, 1), (13, 5), (24, 5), (31, 1), (20, 1), (31, 10), (22, 7), (14, 3), (33, 1), (35, 7), (15, 4), (25, 6), (16, 3), (24, 7), (31, 3), ... (+45 more)]",13,39,52
86,"(28, 7)","(27, 7)",East,"['(29, 7)', '(27, 7)']","['(28, 7)', '(17, 6)', '(23, 8)', '(18, 5)', '(21, 8)', '(31, 11)', '(33, 9)']","['(17, 6)', '(18, 5)', '(23, 8)', '(33, 9)', '(21, 8)', '(31, 11)', '(29, 7)']","[(34, 1), (27, 4), (28, 3), (17, 3), (32, 3), (15, 5), (29, 4), (34, 3), (27, 6), (17, 5), (35, 1), (24, 1), (18, 3), (22, 3), (28, 7), (33, 6), (35, 3), (24, 3), (13, 3), (31, 8), (34, 7), (27, 1), (32, 9), (35, 5), (15, 2), (25, 4), (16, 1), (13, 5), (24, 5), (31, 1), (20, 1), (31, 10), (22, 7), (14, 3), (33, 1), (35, 7), (15, 4), (25, 6), (16, 3), (24, 7), ... (+46 more)]",19,33,52
87,"(17, 6)","(17, 5)",North,"['(17, 7)', '(17, 5)']","['(17, 6)', '(18, 5)', '(23, 8)', '(33, 9)', '(21, 8)', '(31, 11)', '(29, 7)']","['(18, 5)', '(21, 8)', '(23, 8)', '(33, 9)', '(29, 7)', '(31, 11)', '(17, 7)']","[(34, 1), (27, 4), (28, 3), (17, 3), (32, 3), (15, 5), (29, 4), (34, 3), (27, 6), (17, 5), (35, 1), (24, 1), (18, 3), (22, 3), (28, 7), (33, 6), (35, 3), (24, 3), (13, 3), (31, 8), (34, 7), (27, 1), (32, 9), (35, 5), (15, 2), (25, 4), (16, 1), (13, 5), (24, 5), (31, 1), (20, 1), (31, 10), (22, 7), (14, 3), (33, 1), (35, 7), (15, 4), (25, 6), (16, 3), (24, 7), ... (+47 more)]",31,21,52
88,"(18, 5)","(17, 5)",East,"['(19, 5)', '(17, 5)']","['(18, 5)', '(21, 8)', '(23, 8)', '(33, 9)', '(29, 7)', '(31, 11)', '(17, 7)']","['(23, 8)', '(21, 8)', '(31, 11)', '(33, 9)', '(29, 7)', '(17, 7)', '(19, 5)']","[(34, 1), (27, 4), (28, 3), (17, 3), (32, 3), (15, 5), (29, 4), (34, 3), (27, 6), (17, 5), (35, 1), (24, 1), (18, 3), (22, 3), (28, 7), (33, 6), (35, 3), (24, 3), (13, 3), (18, 5), (31, 8), (34, 7), (27, 1), (32, 9), (35, 5), (15, 2), (25, 4), (16, 1), (13, 5), (24, 5), (31, 1), (20, 1), (31, 10), (22, 7), (14, 3), (33, 1), (35, 7), (15, 4), (25, 6), (16, 3), ... (+48 more)]",31,21,52
89,"(23, 8)","(23, 7)",North,"['(23, 9)', '(23, 7)']","['(23, 8)', '(21, 8)', '(31, 11)', '(33, 9)', '(29, 7)', '(17, 7)', '(19, 5)']","['(21, 8)', '(33, 9)', '(31, 11)', '(19, 5)', '(29, 7)', '(17, 7)', '(23, 9)']","[(34, 1), (27, 4), (28, 3), (17, 3), (32, 3), (15, 5), (29, 4), (34, 3), (27, 6), (17, 5), (35, 1), (24, 1), (18, 3), (22, 3), (28, 7), (33, 6), (35, 3), (24, 3), (13, 3), (18, 5), (31, 8), (34, 7), (27, 1), (32, 9), (35, 5), (15, 2), (25, 4), (16, 1), (13, 5), (24, 5), (31, 1), (20, 1), (31, 10), (22, 7), (14, 3), (33, 1), (35, 7), (15, 4), (25, 6), (16, 3), ... (+49 more)]",23,29,52
90,"(21, 8)","(21, 7)",North,"['(21, 9)', '(21, 7)']","['(21, 8)', '(33, 9)', '(31, 11)', '(19, 5)', '(29, 7)', '(17, 7)', '(23, 9)']","['(31, 11)', '(33, 9)', '(17, 7)', '(19, 5)', '(29, 7)', '(23, 9)', '(21, 9)']","[(34, 1), (27, 4), (28, 3), (17, 3), (32, 3), (15, 5), (29, 4), (34, 3), (27, 6), (17, 5), (35, 1), (24, 1), (18, 3), (22, 3), (28, 7), (33, 6), (35, 3), (24, 3), (13, 3), (18, 5), (31, 8), (34, 7), (27, 1), (32, 9), (35, 5), (15, 2), (25, 4), (16, 1), (13, 5), (24, 5), (31, 1), (20, 1), (31, 10), (22, 7), (14, 3), (33, 1), (35, 7), (15, 4), (25, 6), (16, 3), ... (+50 more)]",25,27,52
91,"(31, 11)","(31, 10)",North,"['(31, 10)', '(30, 11)']","['(31, 11)', '(33, 9)', '(17, 7)', '(19, 5)', '(29, 7)', '(23, 9)', '(21, 9)']","['(33, 9)', '(29, 7)', '(17, 7)', '(19, 5)', '(21, 9)', '(23, 9)', '(30, 11)']","[(34, 1), (27, 4), (28, 3), (17, 3), (32, 3), (15, 5), (29, 4), (34, 3), (27, 6), (17, 5), (35, 1), (24, 1), (18, 3), (22, 3), (28, 7), (33, 6), (35, 3), (24, 3), (13, 3), (18, 5), (31, 8), (34, 7), (27, 1), (32, 9), (35, 5), (15, 2), (25, 4), (16, 1), (13, 5), (24, 5), (31, 1), (20, 1), (31, 10), (22, 7), (14, 3), (33, 1), (35, 7), (15, 4), (25, 6), (16, 3), ... (+51 more)]",14,40,54
92,"(33, 9)","(32, 9)",East,"['(33, 10)', '(34, 9)', '(32, 9)']","['(33, 9)', '(29, 7)', '(17, 7)', '(19, 5)', '(21, 9)', '(23, 9)', '(30, 11)']","['(29, 7)', '(19, 5)', '(17, 7)', '(30, 11)', '(21, 9)', '(23, 9)', '(33, 10)', '(34, 9)']","[(34, 1), (27, 4), (28, 3), (17, 3), (32, 3), (15, 5), (29, 4), (34, 3), (27, 6), (17, 5), (35, 1), (24, 1), (18, 3), (22, 3), (28, 7), (33, 6), (35, 3), (24, 3), (13, 3), (18, 5), (31, 8), (34, 7), (27, 1), (32, 9), (35, 5), (15, 2), (25, 4), (16, 1), (13, 5), (24, 5), (31, 1), (20, 1), (31, 10), (22, 7), (14, 3), (33, 1), (35, 7), (15, 4), (25, 6), (16, 3), ... (+52 more)]",14,40,54
93,"(29, 7)","(28, 7)",East,"['(29, 8)', '(28, 7)']","['(29, 7)', '(19, 5)', '(17, 7)', '(30, 11)', '(21, 9)', '(23, 9)', '(33, 10)', '(34, 9)']","['(17, 7)', '(19, 5)', '(23, 9)', '(30, 11)', '(21, 9)', '(34, 9)', '(33, 10)', '(29, 8)']","[(34, 1), (27, 4), (28, 3), (17, 3), (32, 3), (15, 5), (29, 4), (34, 3), (27, 6), (17, 5), (35, 1), (24, 1), (18, 3), (22, 3), (28, 7), (33, 6), (35, 3), (24, 3), (13, 3), (18, 5), (31, 8), (34, 7), (27, 1), (32, 9), (35, 5), (15, 2), (25, 4), (16, 1), (13, 5), (24, 5), (31, 1), (20, 1), (31, 10), (22, 7), (14, 3), (33, 1), (35, 7), (15, 4), (25, 6), (16, 3), ... (+53 more)]",20,34,54
94,"(17, 7)","(17, 6)",North,"['(17, 6)', '(16, 7)']","['(17, 7)', '(19, 5)', '(23, 9)', '(30, 11)', '(21, 9)', '(34, 9)', '(33, 10)', '(29, 8)']","['(19, 5)', '(21, 9)', '(23, 9)', '(30, 11)', '(29, 8)', '(34, 9)', '(33, 10)', '(16, 7)']","[(34, 1), (27, 4), (28, 3), (17, 3), (32, 3), (15, 5), (29, 4), (34, 3), (27, 6), (17, 5), (35, 1), (24, 1), (18, 3), (22, 3), (28, 7), (17, 7), (33, 6), (35, 3), (24, 3), (13, 3), (18, 5), (31, 8), (34, 7), (27, 1), (32, 9), (35, 5), (15, 2), (25, 4), (16, 1), (13, 5), (24, 5), (31, 1), (20, 1), (31, 10), (22, 7), (14, 3), (33, 1), (35, 7), (15, 4), (25, 6), ... (+54 more)]",32,22,54
95,"(19, 5)","(18, 5)",East,"['(18, 5)']","['(19, 5)', '(21, 9)', '(23, 9)', '(30, 11)', '(29, 8)', '(34, 9)', '(33, 10)', '(16, 7)']","['(23, 9)', '(21, 9)', '(16, 7)', '(30, 11)', '(29, 8)', '(34, 9)', '(33, 10)']","[(34, 1), (27, 4), (28, 3), (17, 3), (32, 3), (15, 5), (29, 4), (34, 3), (27, 6), (17, 5), (35, 1), (24, 1), (18, 3), (22, 3), (28, 7), (17, 7), (33, 6), (35, 3), (24, 3), (13, 3), (18, 5), (31, 8), (34, 7), (27, 1), (32, 9), (35, 5), (15, 2), (25, 4), (16, 1), (13, 5), (24, 5), (31, 1), (20, 1), (31, 10), (22, 7), (14, 3), (33, 1), (35, 7), (15, 4), (25, 6), ... (+55 more)]",32,22,54
96,"(23, 9)","(23, 8)",North,"['(23, 8)', '(24, 9)']","['(23, 9)', '(21, 9)', '(16, 7)', '(30, 11)', '(29, 8)', '(34, 9)', '(33, 10)']","['(21, 9)', '(30, 11)', '(16, 7)', '(33, 10)', '(29, 8)', '(34, 9)', '(24, 9)']","[(34, 1), (27, 4), (28, 3), (17, 3), (32, 3), (15, 5), (29, 4), (34, 3), (27, 6), (17, 5), (35, 1), (24, 1), (18, 3), (22, 3), (28, 7), (17, 7), (33, 6), (35, 3), (24, 3), (13, 3), (18, 5), (31, 8), (34, 7), (27, 1), (32, 9), (35, 5), (15, 2), (25, 4), (16, 1), (13, 5), (24, 5), (31, 1), (20, 1), (31, 10), (22, 7), (14, 3), (33, 1), (35, 7), (15, 4), (25, 6), ... (+56 more)]",24,30,54
97,"(21, 9)","(21, 8)",North,"['(21, 8)']","['(21, 9)', '(30, 11)', '(16, 7)', '(33, 10)', '(29, 8)', '(34, 9)', '(24, 9)']","['(30, 11)', '(33, 10)', '(16, 7)', '(24, 9)', '(29, 8)', '(34, 9)']","[(34, 1), (27, 4), (28, 3), (17, 3), (32, 3), (15, 5), (29, 4), (21, 9), (34, 3), (27, 6), (17, 5), (35, 1), (24, 1), (18, 3), (22, 3), (28, 7), (17, 7), (33, 6), (35, 3), (24, 3), (13, 3), (18, 5), (31, 8), (34, 7), (27, 1), (32, 9), (35, 5), (15, 2), (25, 4), (16, 1), (13, 5), (24, 5), (31, 1), (20, 1), (31, 10), (22, 7), (14, 3), (33, 1), (35, 7), (15, 4), ... (+57 more)]",26,28,54
98,"(30, 11)","(31, 11)",West,"['(31, 11)', '(29, 11)']","['(30, 11)', '(33, 10)', '(16, 7)', '(24, 9)', '(29, 8)', '(34, 9)']","['(16, 7)', '(33, 10)', '(29, 11)', '(24, 9)', '(29, 8)', '(34, 9)']","[(34, 1), (27, 4), (28, 3), (17, 3), (32, 3), (15, 5), (29, 4), (21, 9), (34, 3), (27, 6), (17, 5), (30, 11), (35, 1), (24, 1), (18, 3), (22, 3), (28, 7), (17, 7), (33, 6), (35, 3), (24, 3), (13, 3), (18, 5), (31, 8), (34, 7), (27, 1), (32, 9), (35, 5), (15, 2), (25, 4), (16, 1), (13, 5), (24, 5), (31, 1), (20, 1), (31, 10), (22, 7), (14, 3), (33, 1), (35, 7), ... (+58 more)]",15,39,54
99,"(16, 7)","(17, 7)",West,"['(17, 7)', '(15, 7)']","['(16, 7)', '(33, 10)', '(29, 11)', '(24, 9)', '(29, 8)', '(34, 9)']","['(29, 11)', '(33, 10)', '(15, 7)', '(24, 9)', '(29, 8)', '(34, 9)']","[(34, 1), (27, 4), (28, 3), (17, 3), (32, 3), (15, 5), (29, 4), (21, 9), (34, 3), (27, 6), (17, 5), (30, 11), (35, 1), (24, 1), (18, 3), (22, 3), (28, 7), (17, 7), (33, 6), (35, 3), (24, 3), (13, 3), (18, 5), (31, 8), (34, 7), (27, 1), (32, 9), (35, 5), (15, 2), (25, 4), (16, 1), (13, 5), (24, 5), (31, 1), (20, 1), (31, 10), (22, 7), (14, 3), (33, 1), (35, 7), ... (+59 more)]",33,21,54
100,"(29, 11)","(30, 11)",West,"['(30, 11)']","['(29, 11)', '(33, 10)', '(15, 7)', '(24, 9)', '(29, 8)', '(34, 9)']","['(15, 7)', '(33, 10)', '(34, 9)', '(24, 9)', '(29, 8)']","[(34, 1), (27, 4), (28, 3), (17, 3), (32, 3), (15, 5), (29, 4), (21, 9), (34, 3), (27, 6), (17, 5), (30, 11), (35, 1), (24, 1), (18, 3), (22, 3), (28, 7), (17, 7), (33, 6), (35, 3), (24, 3), (13, 3), (18, 5), (31, 8), (34, 7), (27, 1), (32, 9), (35, 5), (15, 2), (25, 4), (16, 1), (13, 5), (24, 5), (31, 1), (20, 1), (31, 10), (22, 7), (14, 3), (33, 1), (35, 7), ... (+60 more)]",16,38,54
101,"(15, 7)","(16, 7)",West,"['(15, 8)', '(16, 7)', '(14, 7)']","['(15, 7)', '(33, 10)', '(34, 9)', '(24, 9)', '(29, 8)']","['(14, 7)', '(29, 8)', '(33, 10)', '(24, 9)', '(15, 8)', '(34, 9)']","[(34, 1), (27, 4), (28, 3), (17, 3), (32, 3), (15, 5), (29, 4), (21, 9), (34, 3), (27, 6), (17, 5), (30, 11), (35, 1), (24, 1), (15, 7), (18, 3), (22, 3), (28, 7), (17, 7), (33, 6), (35, 3), (24, 3), (13, 3), (18, 5), (31, 8), (34, 7), (27, 1), (32, 9), (35, 5), (15, 2), (25, 4), (16, 1), (13, 5), (24, 5), (31, 1), (20, 1), (31, 10), (22, 7), (14, 3), (33, 1), ... (+61 more)]",34,20,54
102,"(14, 7)","(15, 7)",West,"['(15, 7)', '(13, 7)']","['(14, 7)', '(29, 8)', '(33, 10)', '(24, 9)', '(15, 8)', '(34, 9)']","['(13, 7)', '(29, 8)', '(33, 10)', '(24, 9)', '(15, 8)', '(34, 9)']","[(34, 1), (27, 4), (28, 3), (17, 3), (32, 3), (15, 5), (29, 4), (21, 9), (34, 3), (27, 6), (17, 5), (30, 11), (35, 1), (24, 1), (15, 7), (18, 3), (22, 3), (28, 7), (17, 7), (33, 6), (35, 3), (24, 3), (13, 3), (18, 5), (31, 8), (34, 7), (27, 1), (32, 9), (35, 5), (15, 2), (25, 4), (16, 1), (13, 5), (24, 5), (31, 1), (20, 1), (31, 10), (22, 7), (14, 3), (33, 1), ... (+62 more)]",35,19,54
103,"(13, 7)","(14, 7)",West,"['(14, 7)']","['(13, 7)', '(29, 8)', '(33, 10)', '(24, 9)', '(15, 8)', '(34, 9)']","['(33, 10)', '(29, 8)', '(34, 9)', '(24, 9)', '(15, 8)']","[(34, 1), (27, 4), (28, 3), (17, 3), (32, 3), (15, 5), (29, 4), (21, 9), (34, 3), (27, 6), (17, 5), (30, 11), (35, 1), (24, 1), (15, 7), (18, 3), (22, 3), (28, 7), (17, 7), (33, 6), (35, 3), (24, 3), (13, 3), (18, 5), (31, 8), (34, 7), (27, 1), (32, 9), (35, 5), (15, 2), (25, 4), (16, 1), (13, 5), (24, 5), (31, 1), (20, 1), (31, 10), (22, 7), (14, 3), (33, 1), ... (+63 more)]",36,18,54
104,"(33, 10)","(33, 9)",North,"['(33, 11)', '(33, 9)']","['(33, 10)', '(29, 8)', '(34, 9)', '(24, 9)', '(15, 8)']","['(34, 9)', '(29, 8)', '(15, 8)', '(24, 9)', '(33, 11)']","[(34, 1), (27, 4), (28, 3), (17, 3), (32, 3), (15, 5), (29, 4), (21, 9), (34, 3), (27, 6), (17, 5), (30, 11), (35, 1), (24, 1), (15, 7), (18, 3), (22, 3), (28, 7), (17, 7), (33, 6), (35, 3), (24, 3), (13, 3), (18, 5), (31, 8), (34, 7), (27, 1), (32, 9), (35, 5), (15, 2), (25, 4), (16, 1), (13, 5), (24, 5), (31, 1), (20, 1), (31, 10), (22, 7), (14, 3), (33, 1), ... (+64 more)]",15,41,56
105,"(34, 9)","(33, 9)",East,"['(35, 9)', '(33, 9)']","['(34, 9)', '(29, 8)', '(15, 8)', '(24, 9)', '(33, 11)']","['(29, 8)', '(24, 9)', '(15, 8)', '(33, 11)', '(35, 9)']","[(34, 1), (27, 4), (28, 3), (17, 3), (32, 3), (15, 5), (29, 4), (21, 9), (34, 3), (27, 6), (17, 5), (30, 11), (35, 1), (24, 1), (15, 7), (18, 3), (22, 3), (28, 7), (17, 7), (33, 6), (35, 3), (24, 3), (13, 3), (18, 5), (31, 8), (34, 7), (27, 1), (32, 9), (35, 5), (15, 2), (25, 4), (16, 1), (13, 5), (24, 5), (31, 1), (20, 1), (31, 10), (22, 7), (34, 9), (14, 3), ... (+65 more)]",15,41,56
106,"(29, 8)","(29, 7)",North,"['(29, 9)', '(29, 7)']","['(29, 8)', '(24, 9)', '(15, 8)', '(33, 11)', '(35, 9)']","['(24, 9)', '(33, 11)', '(15, 8)', '(35, 9)', '(29, 9)']","[(34, 1), (27, 4), (28, 3), (17, 3), (32, 3), (15, 5), (29, 4), (21, 9), (34, 3), (27, 6), (17, 5), (30, 11), (35, 1), (24, 1), (15, 7), (18, 3), (22, 3), (28, 7), (17, 7), (33, 6), (35, 3), (24, 3), (13, 3), (18, 5), (31, 8), (34, 7), (27, 1), (32, 9), (35, 5), (15, 2), (25, 4), (16, 1), (13, 5), (24, 5), (31, 1), (20, 1), (31, 10), (22, 7), (34, 9), (14, 3), ... (+66 more)]",21,35,56
107,"(24, 9)","(23, 9)",East,"['(25, 9)', '(23, 9)']","['(24, 9)', '(33, 11)', '(15, 8)', '(35, 9)', '(29, 9)']","['(15, 8)', '(33, 11)', '(29, 9)', '(35, 9)', '(25, 9)']","[(34, 1), (27, 4), (28, 3), (17, 3), (32, 3), (15, 5), (29, 4), (21, 9), (34, 3), (27, 6), (17, 5), (30, 11), (35, 1), (24, 1), (15, 7), (18, 3), (22, 3), (28, 7), (17, 7), (33, 6), (35, 3), (24, 3), (13, 3), (18, 5), (31, 8), (34, 7), (27, 1), (32, 9), (35, 5), (15, 2), (25, 4), (16, 1), (13, 5), (24, 5), (31, 1), (20, 1), (31, 10), (22, 7), (34, 9), (14, 3), ... (+67 more)]",25,31,56
108,"(15, 8)","(15, 7)",North,"['(15, 9)', '(15, 7)']","['(15, 8)', '(33, 11)', '(29, 9)', '(35, 9)', '(25, 9)']","['(33, 11)', '(35, 9)', '(29, 9)', '(25, 9)', '(15, 9)']","[(34, 1), (27, 4), (28, 3), (17, 3), (32, 3), (15, 5), (29, 4), (21, 9), (34, 3), (27, 6), (17, 5), (30, 11), (35, 1), (24, 1), (15, 7), (18, 3), (22, 3), (28, 7), (17, 7), (33, 6), (35, 3), (24, 3), (13, 3), (18, 5), (31, 8), (34, 7), (27, 1), (32, 9), (35, 5), (15, 2), (25, 4), (16, 1), (13, 5), (24, 5), (31, 1), (20, 1), (31, 10), (22, 7), (34, 9), (14, 3), ... (+68 more)]",35,21,56
109,"(33, 11)","(33, 10)",North,"['(33, 10)']","['(33, 11)', '(35, 9)', '(29, 9)', '(25, 9)', '(15, 9)']","['(35, 9)', '(25, 9)', '(29, 9)', '(15, 9)']","[(34, 1), (27, 4), (28, 3), (17, 3), (32, 3), (15, 5), (29, 4), (21, 9), (34, 3), (27, 6), (17, 5), (30, 11), (35, 1), (24, 1), (15, 7), (18, 3), (22, 3), (28, 7), (17, 7), (33, 6), (35, 3), (24, 3), (13, 3), (18, 5), (31, 8), (34, 7), (27, 1), (32, 9), (35, 5), (15, 2), (25, 4), (16, 1), (13, 5), (24, 5), (31, 1), (20, 1), (31, 10), (22, 7), (34, 9), (14, 3), ... (+69 more)]",16,42,58
110,"(35, 9)","(34, 9)",East,"['(35, 10)', '(34, 9)']","['(35, 9)', '(25, 9)', '(29, 9)', '(15, 9)']","['(29, 9)', '(25, 9)', '(15, 9)', '(35, 10)']","[(34, 1), (27, 4), (28, 3), (17, 3), (32, 3), (15, 5), (29, 4), (21, 9), (34, 3), (27, 6), (17, 5), (30, 11), (35, 1), (24, 1), (15, 7), (18, 3), (22, 3), (28, 7), (17, 7), (33, 6), (35, 3), (24, 3), (13, 3), (18, 5), (31, 8), (34, 7), (27, 1), (32, 9), (35, 5), (15, 2), (25, 4), (16, 1), (13, 5), (24, 5), (31, 1), (20, 1), (31, 10), (22, 7), (34, 9), (14, 3), ... (+70 more)]",16,42,58
111,"(29, 9)","(29, 8)",North,"['(29, 8)']","['(29, 9)', '(25, 9)', '(15, 9)', '(35, 10)']","['(25, 9)', '(35, 10)', '(15, 9)']","[(34, 1), (27, 4), (28, 3), (17, 3), (32, 3), (15, 5), (29, 4), (21, 9), (34, 3), (27, 6), (17, 5), (30, 11), (35, 1), (24, 1), (15, 7), (18, 3), (22, 3), (28, 7), (17, 7), (33, 6), (35, 3), (24, 3), (13, 3), (18, 5), (31, 8), (34, 7), (27, 1), (32, 9), (35, 5), (15, 2), (25, 4), (16, 1), (13, 5), (24, 5), (31, 1), (20, 1), (31, 10), (22, 7), (34, 9), (14, 3), ... (+71 more)]",22,36,58
112,"(25, 9)","(24, 9)",East,"['(24, 9)']","['(25, 9)', '(35, 10)', '(15, 9)']","['(15, 9)', '(35, 10)']","[(34, 1), (27, 4), (28, 3), (17, 3), (32, 3), (15, 5), (29, 4), (21, 9), (34, 3), (27, 6), (17, 5), (30, 11), (35, 1), (24, 1), (15, 7), (18, 3), (22, 3), (28, 7), (17, 7), (33, 6), (35, 3), (24, 3), (13, 3), (18, 5), (31, 8), (34, 7), (27, 1), (32, 9), (35, 5), (15, 2), (25, 4), (16, 1), (13, 5), (24, 5), (31, 1), (20, 1), (31, 10), (22, 7), (34, 9), (14, 3), ... (+72 more)]",26,32,58
113,"(15, 9)","(15, 8)",North,"['(15, 10)', '(15, 8)']","['(15, 9)', '(35, 10)']","['(35, 10)', '(15, 10)']","[(34, 1), (27, 4), (28, 3), (17, 3), (32, 3), (15, 5), (29, 4), (21, 9), (34, 3), (27, 6), (17, 5), (30, 11), (35, 1), (24, 1), (15, 7), (18, 3), (22, 3), (28, 7), (17, 7), (33, 6), (35, 3), (24, 3), (13, 3), (15, 9), (18, 5), (31, 8), (34, 7), (27, 1), (32, 9), (35, 5), (15, 2), (25, 4), (16, 1), (13, 5), (24, 5), (31, 1), (20, 1), (31, 10), (22, 7), (34, 9), ... (+73 more)]",36,22,58
114,"(35, 10)","(35, 9)",North,"['(35, 11)', '(35, 9)']","['(35, 10)', '(15, 10)']","['(15, 10)', '(35, 11)']","[(34, 1), (27, 4), (28, 3), (17, 3), (32, 3), (15, 5), (29, 4), (21, 9), (34, 3), (27, 6), (17, 5), (30, 11), (35, 1), (24, 1), (35, 10), (15, 7), (18, 3), (22, 3), (28, 7), (17, 7), (33, 6), (35, 3), (24, 3), (13, 3), (15, 9), (18, 5), (31, 8), (34, 7), (27, 1), (32, 9), (35, 5), (15, 2), (25, 4), (16, 1), (13, 5), (24, 5), (31, 1), (20, 1), (31, 10), (22, 7), ... (+74 more)]",17,43,60
115,"(15, 10)","(15, 9)",North,"['(15, 11)', '(15, 9)']","['(15, 10)', '(35, 11)']","['(35, 11)', '(15, 11)']","[(34, 1), (27, 4), (28, 3), (17, 3), (32, 3), (15, 5), (29, 4), (21, 9), (34, 3), (27, 6), (17, 5), (30, 11), (35, 1), (24, 1), (35, 10), (15, 7), (18, 3), (22, 3), (28, 7), (17, 7), (33, 6), (35, 3), (24, 3), (13, 3), (15, 9), (18, 5), (31, 8), (34, 7), (27, 1), (32, 9), (35, 5), (15, 2), (25, 4), (16, 1), (13, 5), (24, 5), (31, 1), (20, 1), (31, 10), (22, 7), ... (+75 more)]",37,23,60
116,"(35, 11)","(35, 10)",North,"['(35, 10)']","['(35, 11)', '(15, 11)']","['(15, 11)']","[(34, 1), (27, 4), (28, 3), (17, 3), (32, 3), (15, 5), (29, 4), (21, 9), (34, 3), (27, 6), (17, 5), (30, 11), (35, 1), (24, 1), (35, 10), (15, 7), (18, 3), (22, 3), (28, 7), (17, 7), (33, 6), (35, 3), (24, 3), (13, 3), (15, 9), (18, 5), (31, 8), (34, 7), (27, 1), (32, 9), (35, 5), (15, 2), (25, 4), (16, 1), (13, 5), (24, 5), (31, 1), (20, 1), (31, 10), (22, 7), ... (+76 more)]",18,44,62
117,"(15, 11)","(15, 10)",North,"['(15, 12)', '(15, 10)']","['(15, 11)']","['(15, 12)']","[(34, 1), (27, 4), (28, 3), (17, 3), (32, 3), (15, 5), (29, 4), (21, 9), (34, 3), (27, 6), (17, 5), (30, 11), (35, 1), (24, 1), (35, 10), (15, 7), (18, 3), (22, 3), (28, 7), (17, 7), (33, 6), (35, 3), (24, 3), (13, 3), (15, 9), (18, 5), (31, 8), (34, 7), (27, 1), (32, 9), (35, 5), (15, 2), (25, 4), (16, 1), (13, 5), (24, 5), (15, 11), (31, 1), (20, 1), (31, 10), ... (+77 more)]",38,24,62
118,"(15, 12)","(15, 11)",North,"['(15, 13)', '(15, 11)']","['(15, 12)']","['(15, 13)']","[(34, 1), (27, 4), (28, 3), (17, 3), (32, 3), (15, 5), (29, 4), (21, 9), (34, 3), (27, 6), (17, 5), (30, 11), (35, 1), (24, 1), (35, 10), (15, 7), (18, 3), (22, 3), (28, 7), (17, 7), (33, 6), (35, 3), (24, 3), (13, 3), (15, 9), (18, 5), (31, 8), (34, 7), (27, 1), (32, 9), (35, 5), (15, 2), (25, 4), (16, 1), (13, 5), (24, 5), (15, 11), (31, 1), (20, 1), (31, 10), ... (+78 more)]",39,25,64
119,"(15, 13)","(15, 12)",North,"['(15, 12)', '(16, 13)', '(14, 13)']","['(15, 13)']","['(14, 13)', '(16, 13)']","[(34, 1), (27, 4), (28, 3), (17, 3), (32, 3), (15, 5), (29, 4), (21, 9), (34, 3), (27, 6), (17, 5), (30, 11), (35, 1), (24, 1), (35, 10), (15, 7), (18, 3), (22, 3), (28, 7), (17, 7), (33, 6), (35, 3), (24, 3), (13, 3), (15, 9), (18, 5), (31, 8), (34, 7), (27, 1), (32, 9), (35, 5), (15, 2), (25, 4), (16, 1), (13, 5), (24, 5), (15, 11), (31, 1), (20, 1), (31, 10), ... (+79 more)]",40,26,66
120,"(14, 13)","(15, 13)",West,"['(15, 13)']","['(14, 13)', '(16, 13)']","['(16, 13)']","[(34, 1), (27, 4), (28, 3), (17, 3), (14, 13), (32, 3), (15, 5), (29, 4), (21, 9), (34, 3), (27, 6), (17, 5), (30, 11), (35, 1), (24, 1), (35, 10), (15, 7), (18, 3), (22, 3), (28, 7), (17, 7), (33, 6), (35, 3), (24, 3), (13, 3), (15, 9), (18, 5), (31, 8), (34, 7), (27, 1), (32, 9), (35, 5), (15, 2), (25, 4), (16, 1), (13, 5), (24, 5), (15, 11), (31, 1), (20, 1), ... (+80 more)]",41,25,66
121,"(16, 13)","(15, 13)",East,"['(17, 13)', '(15, 13)']","['(16, 13)']","['(17, 13)']","[(34, 1), (27, 4), (28, 3), (17, 3), (14, 13), (32, 3), (15, 5), (29, 4), (16, 13), (21, 9), (34, 3), (27, 6), (17, 5), (30, 11), (35, 1), (24, 1), (35, 10), (15, 7), (18, 3), (22, 3), (28, 7), (17, 7), (33, 6), (35, 3), (24, 3), (13, 3), (15, 9), (18, 5), (31, 8), (34, 7), (27, 1), (32, 9), (35, 5), (15, 2), (25, 4), (16, 1), (13, 5), (24, 5), (15, 11), (31, 1), ... (+81 more)]",41,27,68
122,"(17, 13)","(16, 13)",East,"['(17, 12)', '(18, 13)', '(16, 13)']","['(17, 13)']","['(17, 12)', '(18, 13)']","[(34, 1), (27, 4), (28, 3), (17, 3), (14, 13), (32, 3), (15, 5), (29, 4), (16, 13), (21, 9), (34, 3), (27, 6), (17, 5), (30, 11), (35, 1), (24, 1), (35, 10), (15, 7), (18, 3), (22, 3), (28, 7), (17, 7), (33, 6), (35, 3), (24, 3), (13, 3), (15, 9), (18, 5), (31, 8), (34, 7), (27, 1), (32, 9), (35, 5), (15, 2), (25, 4), (16, 1), (13, 5), (24, 5), (15, 11), (31, 1), ... (+82 more)]",42,28,70
123,"(17, 12)","(17, 13)",South,"['(17, 13)', '(17, 11)']","['(17, 12)', '(18, 13)']","['(17, 11)', '(18, 13)']","[(34, 1), (27, 4), (28, 3), (17, 3), (14, 13), (17, 12), (32, 3), (15, 5), (29, 4), (16, 13), (21, 9), (34, 3), (27, 6), (17, 5), (30, 11), (35, 1), (24, 1), (35, 10), (15, 7), (18, 3), (22, 3), (28, 7), (17, 7), (33, 6), (35, 3), (24, 3), (13, 3), (15, 9), (18, 5), (31, 8), (34, 7), (27, 1), (32, 9), (35, 5), (15, 2), (25, 4), (16, 1), (13, 5), (24, 5), (15, 11), ... (+83 more)]",43,27,70
124,"(17, 11)","(17, 12)",South,"['(17, 12)', '(17, 10)']","['(17, 11)', '(18, 13)']","['(17, 10)', '(18, 13)']","[(34, 1), (27, 4), (28, 3), (17, 3), (14, 13), (17, 12), (32, 3), (15, 5), (29, 4), (16, 13), (21, 9), (34, 3), (27, 6), (17, 5), (30, 11), (35, 1), (24, 1), (35, 10), (15, 7), (18, 3), (22, 3), (28, 7), (17, 7), (33, 6), (35, 3), (24, 3), (13, 3), (15, 9), (18, 5), (31, 8), (34, 7), (27, 1), (32, 9), (35, 5), (15, 2), (25, 4), (16, 1), (13, 5), (24, 5), (15, 11), ... (+84 more)]",44,26,70
125,"(17, 10)","(17, 11)",South,"['(17, 11)', '(17, 9)']","['(17, 10)', '(18, 13)']","['(17, 9)', '(18, 13)']","[(34, 1), (27, 4), (28, 3), (17, 3), (14, 13), (17, 12), (32, 3), (15, 5), (29, 4), (16, 13), (21, 9), (34, 3), (27, 6), (17, 5), (30, 11), (35, 1), (24, 1), (35, 10), (15, 7), (18, 3), (22, 3), (28, 7), (17, 7), (33, 6), (35, 3), (24, 3), (13, 3), (15, 9), (18, 5), (31, 8), (34, 7), (27, 1), (32, 9), (35, 5), (15, 2), (25, 4), (16, 1), (13, 5), (24, 5), (15, 11), ... (+85 more)]",45,25,70
126,"(17, 9)","(17, 10)",South,"['(17, 10)', '(18, 9)']","['(17, 9)', '(18, 13)']","['(18, 13)', '(18, 9)']","[(34, 1), (27, 4), (28, 3), (17, 3), (14, 13), (17, 12), (32, 3), (15, 5), (29, 4), (16, 13), (21, 9), (34, 3), (27, 6), (17, 5), (30, 11), (35, 1), (24, 1), (35, 10), (15, 7), (18, 3), (22, 3), (28, 7), (17, 7), (33, 6), (35, 3), (24, 3), (13, 3), (15, 9), (18, 5), (31, 8), (34, 7), (27, 1), (17, 9), (32, 9), (35, 5), (15, 2), (25, 4), (16, 1), (13, 5), (24, 5), ... (+86 more)]",46,24,70
127,"(18, 13)","(17, 13)",East,"['(19, 13)', '(17, 13)']","['(18, 13)', '(18, 9)']","['(18, 9)', '(19, 13)']","[(34, 1), (27, 4), (28, 3), (17, 3), (14, 13), (17, 12), (32, 3), (15, 5), (29, 4), (16, 13), (21, 9), (34, 3), (27, 6), (17, 5), (30, 11), (35, 1), (24, 1), (35, 10), (15, 7), (18, 3), (22, 3), (28, 7), (17, 7), (33, 6), (35, 3), (24, 3), (13, 3), (15, 9), (18, 5), (31, 8), (34, 7), (27, 1), (17, 9), (32, 9), (35, 5), (15, 2), (25, 4), (16, 1), (13, 5), (24, 5), ... (+87 more)]",43,29,72
128,"(18, 9)","(17, 9)",East,"['(19, 9)', '(17, 9)']","['(18, 9)', '(19, 13)']","['(19, 13)', '(19, 9)']","[(34, 1), (27, 4), (28, 3), (17, 3), (14, 13), (17, 12), (32, 3), (15, 5), (29, 4), (16, 13), (21, 9), (34, 3), (27, 6), (17, 5), (30, 11), (35, 1), (24, 1), (35, 10), (15, 7), (18, 3), (22, 3), (28, 7), (17, 7), (33, 6), (35, 3), (24, 3), (13, 3), (15, 9), (18, 5), (31, 8), (34, 7), (27, 1), (17, 9), (32, 9), (35, 5), (15, 2), (25, 4), (16, 1), (13, 5), (24, 5), ... (+88 more)]",47,25,72
129,"(19, 13)","(18, 13)",East,"['(19, 12)', '(20, 13)', '(18, 13)']","['(19, 13)', '(19, 9)']","['(19, 9)', '(19, 12)', '(20, 13)']","[(34, 1), (27, 4), (28, 3), (17, 3), (14, 13), (17, 12), (32, 3), (15, 5), (29, 4), (16, 13), (21, 9), (34, 3), (27, 6), (17, 5), (30, 11), (35, 1), (24, 1), (35, 10), (15, 7), (18, 3), (22, 3), (28, 7), (17, 7), (33, 6), (35, 3), (24, 3), (13, 3), (15, 9), (18, 5), (31, 8), (34, 7), (27, 1), (17, 9), (32, 9), (35, 5), (15, 2), (25, 4), (16, 1), (13, 5), (24, 5), ... (+89 more)]",44,30,74
130,"(19, 9)","(18, 9)",East,"['(19, 8)', '(18, 9)']","['(19, 9)', '(19, 12)', '(20, 13)']","['(19, 12)', '(20, 13)', '(19, 8)']","[(34, 1), (27, 4), (28, 3), (17, 3), (14, 13), (17, 12), (19, 9), (32, 3), (15, 5), (29, 4), (16, 13), (21, 9), (34, 3), (27, 6), (17, 5), (30, 11), (35, 1), (24, 1), (35, 10), (15, 7), (18, 3), (22, 3), (28, 7), (17, 7), (33, 6), (35, 3), (24, 3), (13, 3), (15, 9), (18, 5), (31, 8), (34, 7), (27, 1), (17, 9), (32, 9), (35, 5), (15, 2), (25, 4), (16, 1), (13, 5), ... (+90 more)]",48,26,74
131,"(19, 12)","(19, 13)",South,"['(19, 13)', '(19, 11)']","['(19, 12)', '(20, 13)', '(19, 8)']","['(19, 8)', '(20, 13)', '(19, 11)']","[(34, 1), (27, 4), (28, 3), (17, 3), (14, 13), (17, 12), (19, 9), (32, 3), (15, 5), (29, 4), (16, 13), (21, 9), (34, 3), (27, 6), (17, 5), (30, 11), (35, 1), (24, 1), (35, 10), (15, 7), (18, 3), (22, 3), (28, 7), (17, 7), (33, 6), (35, 3), (24, 3), (13, 3), (15, 9), (18, 5), (31, 8), (34, 7), (27, 1), (17, 9), (32, 9), (35, 5), (15, 2), (25, 4), (16, 1), (13, 5), ... (+91 more)]",45,29,74
132,"(19, 8)","(19, 9)",South,"['(19, 9)', '(19, 7)']","['(19, 8)', '(20, 13)', '(19, 11)']","['(19, 11)', '(20, 13)', '(19, 7)']","[(34, 1), (27, 4), (28, 3), (17, 3), (14, 13), (17, 12), (19, 9), (32, 3), (15, 5), (29, 4), (16, 13), (21, 9), (34, 3), (27, 6), (17, 5), (30, 11), (35, 1), (24, 1), (35, 10), (15, 7), (18, 3), (22, 3), (28, 7), (17, 7), (33, 6), (35, 3), (24, 3), (13, 3), (15, 9), (18, 5), (31, 8), (34, 7), (27, 1), (17, 9), (32, 9), (35, 5), (15, 2), (25, 4), (16, 1), (13, 5), ... (+92 more)]",49,25,74
133,"(19, 11)","(19, 12)",South,"['(19, 12)']","['(19, 11)', '(20, 13)', '(19, 7)']","['(19, 7)', '(20, 13)']","[(34, 1), (27, 4), (28, 3), (17, 3), (14, 13), (17, 12), (19, 9), (32, 3), (15, 5), (29, 4), (16, 13), (21, 9), (34, 3), (27, 6), (17, 5), (30, 11), (19, 11), (35, 1), (24, 1), (35, 10), (15, 7), (18, 3), (22, 3), (28, 7), (17, 7), (33, 6), (35, 3), (24, 3), (13, 3), (15, 9), (18, 5), (31, 8), (34, 7), (27, 1), (17, 9), (32, 9), (35, 5), (15, 2), (25, 4), (16, 1), ... (+93 more)]",46,28,74
134,"(19, 7)","(19, 8)",South,"['(19, 8)']","['(19, 7)', '(20, 13)']","['(20, 13)']","[(34, 1), (27, 4), (28, 3), (17, 3), (14, 13), (17, 12), (19, 9), (32, 3), (15, 5), (29, 4), (16, 13), (21, 9), (34, 3), (27, 6), (17, 5), (30, 11), (19, 11), (35, 1), (24, 1), (35, 10), (15, 7), (18, 3), (22, 3), (28, 7), (17, 7), (33, 6), (35, 3), (24, 3), (13, 3), (15, 9), (18, 5), (31, 8), (34, 7), (27, 1), (17, 9), (32, 9), (35, 5), (15, 2), (25, 4), (16, 1), ... (+94 more)]",50,24,74
135,"(20, 13)","(19, 13)",East,"['(21, 13)', '(19, 13)']","['(20, 13)']","['(21, 13)']","[(34, 1), (27, 4), (28, 3), (17, 3), (14, 13), (17, 12), (19, 9), (32, 3), (15, 5), (29, 4), (16, 13), (21, 9), (34, 3), (27, 6), (17, 5), (30, 11), (19, 11), (35, 1), (24, 1), (35, 10), (15, 7), (18, 3), (22, 3), (28, 7), (17, 7), (33, 6), (35, 3), (24, 3), (13, 3), (15, 9), (18, 5), (31, 8), (34, 7), (27, 1), (17, 9), (32, 9), (35, 5), (15, 2), (25, 4), (16, 1), ... (+95 more)]",45,31,76
136,"(21, 13)","(20, 13)",East,"['(21, 14)', '(21, 12)', '(20, 13)']","['(21, 13)']","['(21, 12)', '(21, 14)']","[(34, 1), (27, 4), (28, 3), (17, 3), (14, 13), (17, 12), (19, 9), (32, 3), (15, 5), (29, 4), (16, 13), (21, 9), (34, 3), (27, 6), (17, 5), (30, 11), (19, 11), (35, 1), (24, 1), (35, 10), (15, 7), (18, 3), (22, 3), (28, 7), (17, 7), (33, 6), (35, 3), (24, 3), (13, 3), (15, 9), (18, 5), (31, 8), (34, 7), (27, 1), (17, 9), (32, 9), (35, 5), (15, 2), (25, 4), (16, 1), ... (+96 more)]",46,32,78
137,"(21, 12)","(21, 13)",South,"['(21, 13)', '(21, 11)']","['(21, 12)', '(21, 14)']","['(21, 11)', '(21, 14)']","[(34, 1), (27, 4), (28, 3), (17, 3), (14, 13), (17, 12), (19, 9), (32, 3), (15, 5), (29, 4), (16, 13), (21, 9), (34, 3), (27, 6), (17, 5), (30, 11), (19, 11), (35, 1), (24, 1), (35, 10), (15, 7), (18, 3), (22, 3), (28, 7), (17, 7), (33, 6), (35, 3), (24, 3), (13, 3), (15, 9), (18, 5), (31, 8), (34, 7), (27, 1), (17, 9), (32, 9), (35, 5), (15, 2), (25, 4), (16, 1), ... (+97 more)]",47,31,78
138,"(21, 11)","(21, 12)",South,"['(21, 12)', '(22, 11)']","['(21, 11)', '(21, 14)']","['(21, 14)', '(22, 11)']","[(34, 1), (27, 4), (28, 3), (17, 3), (14, 13), (17, 12), (19, 9), (32, 3), (15, 5), (29, 4), (16, 13), (21, 9), (34, 3), (27, 6), (17, 5), (30, 11), (19, 11), (35, 1), (24, 1), (35, 10), (15, 7), (18, 3), (22, 3), (28, 7), (17, 7), (33, 6), (35, 3), (24, 3), (13, 3), (15, 9), (18, 5), (31, 8), (34, 7), (27, 1), (17, 9), (32, 9), (35, 5), (15, 2), (25, 4), (16, 1), ... (+98 more)]",48,30,78
139,"(21, 14)","(21, 13)",North,"['(21, 15)', '(21, 13)']","['(21, 14)', '(22, 11)']","['(22, 11)', '(21, 15)']","[(34, 1), (27, 4), (28, 3), (17, 3), (14, 13), (17, 12), (19, 9), (32, 3), (15, 5), (29, 4), (16, 13), (21, 9), (34, 3), (27, 6), (17, 5), (30, 11), (19, 11), (35, 1), (24, 1), (35, 10), (15, 7), (18, 3), (22, 3), (28, 7), (17, 7), (33, 6), (35, 3), (24, 3), (13, 3), (15, 9), (18, 5), (31, 8), (34, 7), (27, 1), (17, 9), (32, 9), (35, 5), (15, 2), (25, 4), (16, 1), ... (+99 more)]",47,33,80
140,"(22, 11)","(21, 11)",East,"['(23, 11)', '(21, 11)']","['(22, 11)', '(21, 15)']","['(21, 15)', '(23, 11)']","[(34, 1), (27, 4), (28, 3), (17, 3), (14, 13), (17, 12), (19, 9), (32, 3), (15, 5), (29, 4), (16, 13), (21, 9), (34, 3), (27, 6), (17, 5), (30, 11), (19, 11), (35, 1), (24, 1), (35, 10), (15, 7), (18, 3), (22, 3), (28, 7), (17, 7), (33, 6), (35, 3), (24, 3), (13, 3), (15, 9), (18, 5), (31, 8), (34, 7), (27, 1), (17, 9), (32, 9), (35, 5), (15, 2), (25, 4), (16, 1), ... (+100 more)]",49,31,80
141,"(21, 15)","(21, 14)",North,"['(21, 14)', '(22, 15)']","['(21, 15)', '(23, 11)']","['(23, 11)', '(22, 15)']","[(34, 1), (27, 4), (28, 3), (17, 3), (14, 13), (17, 12), (19, 9), (32, 3), (15, 5), (29, 4), (16, 13), (21, 9), (34, 3), (27, 6), (17, 5), (30, 11), (19, 11), (35, 1), (24, 1), (35, 10), (15, 7), (18, 3), (22, 3), (28, 7), (17, 7), (33, 6), (35, 3), (24, 3), (13, 3), (15, 9), (18, 5), (31, 8), (34, 7), (27, 1), (17, 9), (32, 9), (35, 5), (15, 2), (25, 4), (16, 1), ... (+101 more)]",48,34,82
142,"(23, 11)","(22, 11)",East,"['(23, 12)', '(24, 11)', '(22, 11)']","['(23, 11)', '(22, 15)']","['(22, 15)', '(23, 12)', '(24, 11)']","[(34, 1), (27, 4), (28, 3), (17, 3), (14, 13), (17, 12), (19, 9), (32, 3), (15, 5), (29, 4), (16, 13), (21, 9), (34, 3), (27, 6), (17, 5), (30, 11), (19, 11), (35, 1), (24, 1), (35, 10), (15, 7), (18, 3), (22, 3), (28, 7), (17, 7), (33, 6), (35, 3), (24, 3), (13, 3), (15, 9), (18, 5), (31, 8), (34, 7), (27, 1), (17, 9), (32, 9), (35, 5), (15, 2), (25, 4), (16, 1), ... (+102 more)]",50,32,82
143,"(22, 15)","(21, 15)",East,"['(23, 15)', '(21, 15)']","['(22, 15)', '(23, 12)', '(24, 11)']","['(23, 12)', '(24, 11)', '(23, 15)']","[(34, 1), (27, 4), (28, 3), (17, 3), (14, 13), (17, 12), (19, 9), (32, 3), (15, 5), (29, 4), (16, 13), (21, 9), (34, 3), (27, 6), (17, 5), (30, 11), (19, 11), (35, 1), (24, 1), (35, 10), (15, 7), (18, 3), (22, 3), (28, 7), (17, 7), (33, 6), (35, 3), (24, 3), (13, 3), (15, 9), (18, 5), (31, 8), (34, 7), (27, 1), (17, 9), (32, 9), (35, 5), (15, 2), (25, 4), (16, 1), ... (+103 more)]",49,35,84
144,"(23, 12)","(23, 11)",North,"['(23, 13)', '(23, 11)']","['(23, 12)', '(24, 11)', '(23, 15)']","['(24, 11)', '(23, 15)', '(23, 13)']","[(34, 1), (27, 4), (28, 3), (17, 3), (14, 13), (17, 12), (19, 9), (32, 3), (15, 5), (29, 4), (16, 13), (21, 9), (34, 3), (27, 6), (17, 5), (30, 11), (19, 11), (35, 1), (24, 1), (35, 10), (15, 7), (18, 3), (22, 3), (28, 7), (17, 7), (33, 6), (35, 3), (24, 3), (13, 3), (15, 9), (18, 5), (31, 8), (34, 7), (27, 1), (17, 9), (32, 9), (35, 5), (15, 2), (25, 4), (16, 1), ... (+104 more)]",51,33,84
145,"(24, 11)","(23, 11)",East,"['(25, 11)', '(23, 11)']","['(24, 11)', '(23, 15)', '(23, 13)']","['(23, 15)', '(23, 13)', '(25, 11)']","[(34, 1), (27, 4), (28, 3), (17, 3), (14, 13), (17, 12), (19, 9), (32, 3), (15, 5), (29, 4), (16, 13), (21, 9), (34, 3), (27, 6), (17, 5), (30, 11), (19, 11), (35, 1), (24, 1), (35, 10), (15, 7), (18, 3), (22, 3), (28, 7), (17, 7), (33, 6), (35, 3), (24, 3), (13, 3), (15, 9), (18, 5), (31, 8), (34, 7), (27, 1), (17, 9), (32, 9), (35, 5), (15, 2), (25, 4), (16, 1), ... (+105 more)]",51,33,84
146,"(23, 15)","(22, 15)",East,"['(24, 15)', '(22, 15)']","['(23, 15)', '(23, 13)', '(25, 11)']","['(23, 13)', '(25, 11)', '(24, 15)']","[(34, 1), (27, 4), (28, 3), (17, 3), (14, 13), (17, 12), (19, 9), (32, 3), (15, 5), (29, 4), (16, 13), (21, 9), (34, 3), (27, 6), (17, 5), (30, 11), (19, 11), (35, 1), (24, 1), (35, 10), (15, 7), (18, 3), (22, 3), (28, 7), (17, 7), (33, 6), (35, 3), (24, 3), (13, 3), (15, 9), (18, 5), (31, 8), (34, 7), (27, 1), (17, 9), (32, 9), (35, 5), (15, 2), (25, 4), (16, 1), ... (+106 more)]",50,36,86
147,"(23, 13)","(23, 12)",North,"['(23, 12)', '(24, 13)']","['(23, 13)', '(25, 11)', '(24, 15)']","['(25, 11)', '(24, 15)', '(24, 13)']","[(34, 1), (27, 4), (28, 3), (17, 3), (14, 13), (17, 12), (19, 9), (32, 3), (15, 5), (29, 4), (16, 13), (21, 9), (34, 3), (27, 6), (17, 5), (30, 11), (19, 11), (35, 1), (24, 1), (35, 10), (15, 7), (18, 3), (22, 3), (28, 7), (17, 7), (33, 6), (35, 3), (24, 3), (13, 3), (15, 9), (18, 5), (31, 8), (34, 7), (27, 1), (23, 13), (17, 9), (32, 9), (35, 5), (15, 2), (25, 4), ... (+107 more)]",52,34,86
148,"(25, 11)","(24, 11)",East,"['(26, 11)', '(24, 11)']","['(25, 11)', '(24, 15)', '(24, 13)']","['(24, 15)', '(24, 13)', '(26, 11)']","[(34, 1), (27, 4), (28, 3), (17, 3), (14, 13), (17, 12), (19, 9), (32, 3), (15, 5), (29, 4), (16, 13), (21, 9), (34, 3), (27, 6), (17, 5), (30, 11), (19, 11), (35, 1), (24, 1), (35, 10), (15, 7), (18, 3), (22, 3), (28, 7), (17, 7), (33, 6), (35, 3), (24, 3), (13, 3), (15, 9), (25, 11), (18, 5), (31, 8), (34, 7), (27, 1), (23, 13), (17, 9), (32, 9), (35, 5), (15, 2), ... (+108 more)]",52,34,86
149,"(24, 15)","(23, 15)",East,"['(25, 15)', '(23, 15)']","['(24, 15)', '(24, 13)', '(26, 11)']","['(24, 13)', '(26, 11)', '(25, 15)']","[(34, 1), (27, 4), (28, 3), (17, 3), (14, 13), (17, 12), (19, 9), (32, 3), (15, 5), (29, 4), (16, 13), (21, 9), (34, 3), (27, 6), (17, 5), (30, 11), (19, 11), (35, 1), (24, 1), (35, 10), (15, 7), (18, 3), (22, 3), (28, 7), (17, 7), (33, 6), (35, 3), (24, 3), (13, 3), (15, 9), (25, 11), (18, 5), (31, 8), (34, 7), (27, 1), (23, 13), (17, 9), (32, 9), (35, 5), (15, 2), ... (+109 more)]",51,37,88
150,"(24, 13)","(23, 13)",East,"['(25, 13)', '(23, 13)']","['(24, 13)', '(26, 11)', '(25, 15)']","['(26, 11)', '(25, 15)', '(25, 13)']","[(34, 1), (27, 4), (28, 3), (17, 3), (14, 13), (17, 12), (19, 9), (32, 3), (15, 5), (29, 4), (16, 13), (21, 9), (34, 3), (27, 6), (17, 5), (30, 11), (19, 11), (35, 1), (24, 1), (35, 10), (15, 7), (18, 3), (22, 3), (28, 7), (17, 7), (33, 6), (35, 3), (24, 3), (13, 3), (15, 9), (25, 11), (18, 5), (31, 8), (34, 7), (27, 1), (23, 13), (17, 9), (32, 9), (35, 5), (15, 2), ... (+110 more)]",53,35,88
151,"(26, 11)","(25, 11)",East,"['(27, 11)', '(25, 11)']","['(26, 11)', '(25, 15)', '(25, 13)']","['(25, 15)', '(25, 13)', '(27, 11)']","[(34, 1), (27, 4), (28, 3), (17, 3), (14, 13), (17, 12), (19, 9), (32, 3), (15, 5), (29, 4), (16, 13), (21, 9), (34, 3), (27, 6), (17, 5), (30, 11), (19, 11), (35, 1), (24, 1), (35, 10), (15, 7), (18, 3), (22, 3), (28, 7), (17, 7), (33, 6), (35, 3), (24, 3), (13, 3), (15, 9), (25, 11), (18, 5), (31, 8), (34, 7), (27, 1), (23, 13), (17, 9), (32, 9), (35, 5), (15, 2), ... (+111 more)]",53,35,88
152,"(25, 15)","(24, 15)",East,"['(24, 15)']","['(25, 15)', '(25, 13)', '(27, 11)']","['(25, 13)', '(27, 11)']","[(34, 1), (27, 4), (28, 3), (17, 3), (14, 13), (17, 12), (19, 9), (32, 3), (15, 5), (29, 4), (16, 13), (21, 9), (34, 3), (27, 6), (17, 5), (30, 11), (19, 11), (35, 1), (24, 1), (35, 10), (15, 7), (18, 3), (22, 3), (28, 7), (17, 7), (33, 6), (35, 3), (24, 3), (13, 3), (15, 9), (25, 11), (18, 5), (31, 8), (34, 7), (27, 1), (23, 13), (17, 9), (32, 9), (35, 5), (15, 2), ... (+112 more)]",52,38,90
153,"(25, 13)","(24, 13)",East,"['(26, 13)', '(24, 13)']","['(25, 13)', '(27, 11)']","['(27, 11)', '(26, 13)']","[(34, 1), (27, 4), (28, 3), (17, 3), (14, 13), (17, 12), (19, 9), (32, 3), (15, 5), (29, 4), (16, 13), (21, 9), (34, 3), (27, 6), (17, 5), (30, 11), (19, 11), (35, 1), (24, 1), (35, 10), (15, 7), (18, 3), (22, 3), (28, 7), (17, 7), (33, 6), (35, 3), (24, 3), (13, 3), (15, 9), (25, 11), (18, 5), (31, 8), (34, 7), (27, 1), (23, 13), (17, 9), (32, 9), (35, 5), (15, 2), ... (+113 more)]",54,36,90
154,"(27, 11)","(26, 11)",East,"['(27, 10)', '(26, 11)']","['(27, 11)', '(26, 13)']","['(27, 10)', '(26, 13)']","[(34, 1), (27, 4), (28, 3), (17, 3), (14, 13), (17, 12), (19, 9), (32, 3), (15, 5), (29, 4), (16, 13), (21, 9), (34, 3), (27, 6), (17, 5), (30, 11), (19, 11), (35, 1), (24, 1), (35, 10), (15, 7), (18, 3), (22, 3), (28, 7), (17, 7), (33, 6), (35, 3), (24, 3), (13, 3), (15, 9), (25, 11), (18, 5), (31, 8), (34, 7), (27, 1), (23, 13), (17, 9), (32, 9), (35, 5), (15, 2), ... (+114 more)]",54,36,90
155,"(27, 10)","(27, 11)",South,"['(27, 11)', '(27, 9)']","['(27, 10)', '(26, 13)']","['(27, 9)', '(26, 13)']","[(34, 1), (27, 4), (28, 3), (17, 3), (14, 13), (17, 12), (19, 9), (32, 3), (15, 5), (29, 4), (16, 13), (21, 9), (34, 3), (27, 6), (17, 5), (30, 11), (19, 11), (35, 1), (24, 1), (35, 10), (15, 7), (18, 3), (22, 3), (28, 7), (17, 7), (33, 6), (35, 3), (24, 3), (13, 3), (15, 9), (25, 11), (18, 5), (31, 8), (34, 7), (27, 1), (23, 13), (17, 9), (32, 9), (35, 5), (15, 2), ... (+115 more)]",55,35,90
156,"(27, 9)","(27, 10)",South,"['(27, 10)']","['(27, 9)', '(26, 13)']","['(26, 13)']","[(34, 1), (27, 4), (28, 3), (17, 3), (14, 13), (17, 12), (19, 9), (32, 3), (15, 5), (29, 4), (16, 13), (21, 9), (34, 3), (27, 6), (17, 5), (30, 11), (19, 11), (35, 1), (24, 1), (35, 10), (15, 7), (18, 3), (22, 3), (28, 7), (17, 7), (33, 6), (35, 3), (24, 3), (13, 3), (15, 9), (25, 11), (18, 5), (31, 8), (34, 7), (27, 1), (23, 13), (17, 9), (32, 9), (35, 5), (15, 2), ... (+116 more)]",56,34,90
157,"(26, 13)","(25, 13)",East,"['(27, 13)', '(25, 13)']","['(26, 13)']","['(27, 13)']","[(34, 1), (27, 4), (28, 3), (17, 3), (14, 13), (17, 12), (19, 9), (32, 3), (15, 5), (29, 4), (16, 13), (21, 9), (34, 3), (27, 6), (17, 5), (30, 11), (19, 11), (35, 1), (24, 1), (35, 10), (15, 7), (18, 3), (22, 3), (28, 7), (17, 7), (33, 6), (35, 3), (24, 3), (13, 3), (15, 9), (25, 11), (18, 5), (31, 8), (34, 7), (27, 1), (23, 13), (17, 9), (32, 9), (35, 5), (15, 2), ... (+117 more)]",55,37,92
158,"(27, 13)","(26, 13)",East,"['(27, 14)', '(26, 13)']","['(27, 13)']","['(27, 14)']","[(34, 1), (27, 4), (28, 3), (17, 3), (27, 13), (14, 13), (17, 12), (19, 9), (32, 3), (15, 5), (29, 4), (16, 13), (21, 9), (34, 3), (27, 6), (17, 5), (30, 11), (19, 11), (35, 1), (24, 1), (35, 10), (15, 7), (18, 3), (22, 3), (28, 7), (17, 7), (33, 6), (35, 3), (24, 3), (13, 3), (15, 9), (25, 11), (18, 5), (31, 8), (34, 7), (27, 1), (23, 13), (17, 9), (32, 9), (35, 5), ... (+118 more)]",56,38,94
159,"(27, 14)","(27, 13)",North,"['(27, 15)', '(27, 13)']","['(27, 14)']","['(27, 15)']","[(34, 1), (27, 4), (28, 3), (17, 3), (27, 13), (14, 13), (17, 12), (19, 9), (32, 3), (15, 5), (29, 4), (16, 13), (21, 9), (34, 3), (27, 6), (17, 5), (30, 11), (19, 11), (35, 1), (24, 1), (35, 10), (15, 7), (18, 3), (22, 3), (28, 7), (17, 7), (33, 6), (35, 3), (24, 3), (13, 3), (15, 9), (25, 11), (18, 5), (31, 8), (34, 7), (27, 1), (23, 13), (17, 9), (32, 9), (35, 5), ... (+119 more)]",57,39,96
160,"(27, 15)","(27, 14)",North,"['(27, 14)', '(28, 15)']","['(27, 15)']","['(28, 15)']","[(34, 1), (27, 4), (28, 3), (17, 3), (27, 13), (14, 13), (17, 12), (19, 9), (32, 3), (15, 5), (29, 4), (16, 13), (21, 9), (34, 3), (27, 6), (17, 5), (30, 11), (19, 11), (35, 1), (24, 1), (35, 10), (15, 7), (18, 3), (22, 3), (28, 7), (17, 7), (33, 6), (35, 3), (24, 3), (13, 3), (15, 9), (25, 11), (18, 5), (31, 8), (34, 7), (27, 1), (23, 13), (17, 9), (32, 9), (35, 5), ... (+120 more)]",58,40,98
161,"(28, 15)","(27, 15)",East,"['(29, 15)', '(27, 15)']","['(28, 15)']","['(29, 15)']","[(34, 1), (27, 4), (28, 3), (17, 3), (27, 13), (14, 13), (17, 12), (19, 9), (32, 3), (15, 5), (29, 4), (16, 13), (21, 9), (34, 3), (27, 6), (17, 5), (30, 11), (19, 11), (35, 1), (24, 1), (35, 10), (15, 7), (18, 3), (22, 3), (28, 7), (17, 7), (33, 6), (35, 3), (24, 3), (13, 3), (15, 9), (25, 11), (18, 5), (31, 8), (34, 7), (27, 1), (23, 13), (17, 9), (32, 9), (35, 5), ... (+121 more)]",59,41,100
162,"(29, 15)","(28, 15)",East,"['(29, 14)', '(28, 15)']","['(29, 15)']","['(29, 14)']","[(34, 1), (27, 4), (28, 3), (17, 3), (27, 13), (14, 13), (17, 12), (19, 9), (32, 3), (15, 5), (29, 4), (16, 13), (21, 9), (34, 3), (27, 6), (17, 5), (30, 11), (19, 11), (35, 1), (24, 1), (35, 10), (15, 7), (18, 3), (22, 3), (28, 7), (17, 7), (33, 6), (35, 3), (24, 3), (13, 3), (15, 9), (25, 11), (18, 5), (31, 8), (34, 7), (27, 1), (23, 13), (17, 9), (32, 9), (35, 5), ... (+122 more)]",60,42,102
163,"(29, 14)","(29, 15)",South,"['(29, 15)', '(29, 13)']","['(29, 14)']","['(29, 13)']","[(34, 1), (27, 4), (28, 3), (17, 3), (27, 13), (14, 13), (17, 12), (19, 9), (32, 3), (15, 5), (29, 4), (16, 13), (21, 9), (34, 3), (27, 6), (17, 5), (30, 11), (19, 11), (35, 1), (24, 1), (35, 10), (15, 7), (18, 3), (22, 3), (28, 7), (17, 7), (33, 6), (35, 3), (24, 3), (13, 3), (15, 9), (25, 11), (18, 5), (31, 8), (34, 7), (27, 1), (23, 13), (17, 9), (32, 9), (35, 5), ... (+123 more)]",61,41,102
164,"(29, 13)","(29, 14)",South,"['(29, 14)', '(30, 13)']","['(29, 13)']","['(30, 13)']","[(34, 1), (27, 4), (28, 3), (17, 3), (27, 13), (14, 13), (17, 12), (19, 9), (32, 3), (15, 5), (29, 4), (16, 13), (21, 9), (34, 3), (27, 6), (17, 5), (30, 11), (19, 11), (35, 1), (24, 1), (35, 10), (15, 7), (18, 3), (22, 3), (28, 7), (17, 7), (33, 6), (35, 3), (24, 3), (13, 3), (15, 9), (25, 11), (18, 5), (31, 8), (34, 7), (27, 1), (23, 13), (17, 9), (32, 9), (35, 5), ... (+124 more)]",62,40,102
165,"(30, 13)","(29, 13)",East,"['(31, 13)', '(29, 13)']","['(30, 13)']","['(31, 13)']","[(34, 1), (27, 4), (28, 3), (17, 3), (27, 13), (14, 13), (17, 12), (19, 9), (32, 3), (15, 5), (29, 4), (16, 13), (21, 9), (34, 3), (27, 6), (17, 5), (30, 11), (19, 11), (35, 1), (24, 1), (35, 10), (15, 7), (18, 3), (22, 3), (28, 7), (17, 7), (30, 13), (33, 6), (35, 3), (24, 3), (13, 3), (15, 9), (25, 11), (18, 5), (31, 8), (34, 7), (27, 1), (23, 13), (17, 9), (32, 9), ... (+125 more)]",63,41,104
166,"(31, 13)","(30, 13)",East,"['(31, 14)', '(32, 13)', '(30, 13)']","['(31, 13)']","['(31, 14)', '(32, 13)']","[(34, 1), (27, 4), (28, 3), (17, 3), (27, 13), (14, 13), (17, 12), (19, 9), (32, 3), (15, 5), (29, 4), (16, 13), (21, 9), (34, 3), (27, 6), (17, 5), (30, 11), (19, 11), (35, 1), (24, 1), (35, 10), (15, 7), (18, 3), (22, 3), (28, 7), (17, 7), (30, 13), (33, 6), (35, 3), (24, 3), (13, 3), (15, 9), (25, 11), (18, 5), (31, 8), (34, 7), (27, 1), (23, 13), (17, 9), (32, 9), ... (+126 more)]",64,42,106
167,"(31, 14)","(31, 13)",North,"['(31, 15)', '(31, 13)']","['(31, 14)', '(32, 13)']","['(32, 13)', '(31, 15)']","[(34, 1), (27, 4), (28, 3), (17, 3), (27, 13), (14, 13), (17, 12), (19, 9), (32, 3), (15, 5), (29, 4), (16, 13), (21, 9), (34, 3), (27, 6), (17, 5), (30, 11), (19, 11), (35, 1), (24, 1), (35, 10), (15, 7), (18, 3), (22, 3), (28, 7), (17, 7), (30, 13), (33, 6), (35, 3), (24, 3), (13, 3), (15, 9), (25, 11), (18, 5), (31, 8), (34, 7), (27, 1), (23, 13), (17, 9), (32, 9), ... (+127 more)]",65,43,108
168,"(32, 13)","(31, 13)",East,"['(33, 13)', '(31, 13)']","['(32, 13)', '(31, 15)']","['(31, 15)', '(33, 13)']","[(34, 1), (27, 4), (28, 3), (17, 3), (27, 13), (14, 13), (17, 12), (19, 9), (32, 3), (15, 5), (29, 4), (16, 13), (21, 9), (34, 3), (27, 6), (17, 5), (30, 11), (19, 11), (35, 1), (24, 1), (35, 10), (15, 7), (18, 3), (22, 3), (28, 7), (17, 7), (30, 13), (33, 6), (35, 3), (24, 3), (13, 3), (15, 9), (25, 11), (18, 5), (31, 8), (34, 7), (27, 1), (23, 13), (17, 9), (32, 9), ... (+128 more)]",65,43,108
169,"(31, 15)","(31, 14)",North,"['(31, 16)', '(31, 14)']","['(31, 15)', '(33, 13)']","['(33, 13)', '(31, 16)']","[(34, 1), (27, 4), (28, 3), (17, 3), (27, 13), (14, 13), (17, 12), (19, 9), (32, 3), (15, 5), (29, 4), (16, 13), (21, 9), (34, 3), (27, 6), (17, 5), (30, 11), (19, 11), (35, 1), (24, 1), (35, 10), (15, 7), (18, 3), (22, 3), (31, 15), (28, 7), (17, 7), (30, 13), (33, 6), (35, 3), (24, 3), (13, 3), (15, 9), (25, 11), (18, 5), (31, 8), (34, 7), (27, 1), (23, 13), (17, 9), ... (+129 more)]",66,44,110
170,"(33, 13)","(32, 13)",East,"['(34, 13)', '(32, 13)']","['(33, 13)', '(31, 16)']","['(31, 16)', '(34, 13)']","[(34, 1), (27, 4), (28, 3), (17, 3), (27, 13), (14, 13), (17, 12), (19, 9), (32, 3), (15, 5), (29, 4), (16, 13), (21, 9), (34, 3), (27, 6), (17, 5), (30, 11), (19, 11), (35, 1), (24, 1), (33, 13), (35, 10), (15, 7), (18, 3), (22, 3), (31, 15), (28, 7), (17, 7), (30, 13), (33, 6), (35, 3), (24, 3), (13, 3), (15, 9), (25, 11), (18, 5), (31, 8), (34, 7), (27, 1), (23, 13), ... (+130 more)]",66,44,110
171,"(31, 16)","(31, 15)",North,"['(31, 17)', '(31, 15)']","['(31, 16)', '(34, 13)']","['(34, 13)', '(31, 17)']","[(34, 1), (27, 4), (28, 3), (17, 3), (27, 13), (14, 13), (17, 12), (19, 9), (32, 3), (15, 5), (29, 4), (16, 13), (21, 9), (34, 3), (27, 6), (17, 5), (30, 11), (19, 11), (35, 1), (24, 1), (33, 13), (35, 10), (15, 7), (18, 3), (22, 3), (31, 15), (28, 7), (17, 7), (30, 13), (33, 6), (35, 3), (24, 3), (13, 3), (15, 9), (25, 11), (18, 5), (31, 8), (34, 7), (27, 1), (23, 13), ... (+131 more)]",67,45,112
172,"(34, 13)","(33, 13)",East,"['(35, 13)', '(33, 13)']","['(34, 13)', '(31, 17)']","['(31, 17)', '(35, 13)']","[(34, 1), (27, 4), (28, 3), (17, 3), (27, 13), (14, 13), (17, 12), (19, 9), (32, 3), (15, 5), (29, 4), (16, 13), (21, 9), (34, 3), (27, 6), (17, 5), (30, 11), (19, 11), (35, 1), (24, 1), (33, 13), (35, 10), (15, 7), (18, 3), (22, 3), (31, 15), (28, 7), (17, 7), (30, 13), (33, 6), (35, 3), (24, 3), (13, 3), (15, 9), (25, 11), (18, 5), (31, 8), (34, 7), (27, 1), (23, 13), ... (+132 more)]",67,45,112
173,"(31, 17)","(31, 16)",North,"['(31, 18)', '(31, 16)']","['(31, 17)', '(35, 13)']","['(35, 13)', '(31, 18)']","[(34, 1), (27, 4), (28, 3), (17, 3), (27, 13), (14, 13), (17, 12), (19, 9), (32, 3), (15, 5), (29, 4), (16, 13), (21, 9), (34, 3), (27, 6), (17, 5), (30, 11), (19, 11), (35, 1), (24, 1), (33, 13), (35, 10), (15, 7), (18, 3), (22, 3), (31, 15), (28, 7), (17, 7), (30, 13), (33, 6), (35, 3), (24, 3), (13, 3), (15, 9), (25, 11), (18, 5), (31, 8), (34, 7), (27, 1), (31, 17), ... (+133 more)]",68,46,114
174,"(35, 13)","(34, 13)",East,"['(35, 14)', '(34, 13)']","['(35, 13)', '(31, 18)']","['(31, 18)', '(35, 14)']","[(34, 1), (27, 4), (28, 3), (17, 3), (27, 13), (14, 13), (17, 12), (19, 9), (32, 3), (15, 5), (29, 4), (16, 13), (21, 9), (34, 3), (27, 6), (17, 5), (30, 11), (19, 11), (35, 1), (24, 1), (33, 13), (35, 10), (15, 7), (18, 3), (22, 3), (31, 15), (28, 7), (17, 7), (30, 13), (33, 6), (35, 3), (24, 3), (13, 3), (15, 9), (25, 11), (18, 5), (31, 8), (34, 7), (27, 1), (31, 17), ... (+134 more)]",68,46,114
175,"(31, 18)","(31, 17)",North,"['(31, 19)', '(31, 17)']","['(31, 18)', '(35, 14)']","['(35, 14)', '(31, 19)']","[(34, 1), (27, 4), (28, 3), (17, 3), (27, 13), (14, 13), (17, 12), (19, 9), (32, 3), (15, 5), (29, 4), (16, 13), (21, 9), (34, 3), (27, 6), (17, 5), (30, 11), (19, 11), (35, 1), (24, 1), (33, 13), (35, 10), (15, 7), (18, 3), (22, 3), (31, 15), (28, 7), (17, 7), (30, 13), (33, 6), (35, 3), (24, 3), (13, 3), (15, 9), (25, 11), (18, 5), (31, 8), (34, 7), (27, 1), (31, 17), ... (+135 more)]",69,47,116
176,"(35, 14)","(35, 13)",North,"['(35, 15)', '(35, 13)']","['(35, 14)', '(31, 19)']","['(31, 19)', '(35, 15)']","[(34, 1), (27, 4), (28, 3), (17, 3), (27, 13), (14, 13), (17, 12), (19, 9), (32, 3), (15, 5), (29, 4), (16, 13), (21, 9), (34, 3), (27, 6), (17, 5), (30, 11), (19, 11), (35, 1), (24, 1), (33, 13), (35, 10), (15, 7), (18, 3), (22, 3), (31, 15), (28, 7), (17, 7), (30, 13), (33, 6), (35, 3), (24, 3), (13, 3), (15, 9), (25, 11), (18, 5), (31, 8), (34, 7), (27, 1), (31, 17), ... (+136 more)]",69,47,116
177,"(31, 19)","(31, 18)",North,"['(31, 20)', '(31, 18)', '(32, 19)']","['(31, 19)', '(35, 15)']","['(35, 15)', '(31, 20)', '(32, 19)']","[(34, 1), (27, 4), (28, 3), (17, 3), (27, 13), (14, 13), (17, 12), (19, 9), (32, 3), (15, 5), (29, 4), (16, 13), (21, 9), (34, 3), (27, 6), (17, 5), (30, 11), (19, 11), (35, 1), (24, 1), (33, 13), (35, 10), (15, 7), (18, 3), (22, 3), (31, 15), (28, 7), (17, 7), (30, 13), (33, 6), (35, 3), (24, 3), (13, 3), (15, 9), (25, 11), (18, 5), (31, 8), (34, 7), (27, 1), (31, 17), ... (+137 more)]",70,48,118
178,"(35, 15)","(35, 14)",North,"['(35, 14)', '(34, 15)']","['(35, 15)', '(31, 20)', '(32, 19)']","['(34, 15)', '(32, 19)', '(31, 20)']","[(34, 1), (27, 4), (28, 3), (17, 3), (27, 13), (14, 13), (17, 12), (19, 9), (32, 3), (15, 5), (29, 4), (16, 13), (21, 9), (34, 3), (27, 6), (17, 5), (30, 11), (19, 11), (35, 1), (24, 1), (33, 13), (35, 10), (15, 7), (18, 3), (22, 3), (31, 15), (28, 7), (17, 7), (30, 13), (33, 6), (35, 3), (24, 3), (13, 3), (15, 9), (25, 11), (18, 5), (31, 8), (34, 7), (27, 1), (31, 17), ... (+138 more)]",70,48,118
179,"(34, 15)","(35, 15)",West,"['(35, 15)', '(33, 15)']","['(34, 15)', '(32, 19)', '(31, 20)']","['(33, 15)', '(32, 19)', '(31, 20)']","[(34, 1), (27, 4), (28, 3), (17, 3), (27, 13), (14, 13), (17, 12), (19, 9), (32, 3), (15, 5), (29, 4), (16, 13), (21, 9), (34, 3), (27, 6), (17, 5), (30, 11), (19, 11), (35, 1), (24, 1), (33, 13), (35, 10), (15, 7), (18, 3), (22, 3), (31, 15), (28, 7), (17, 7), (30, 13), (33, 6), (35, 3), (24, 3), (13, 3), (15, 9), (25, 11), (18, 5), (31, 8), (34, 7), (27, 1), (31, 17), ... (+139 more)]",71,47,118
180,"(33, 15)","(34, 15)",West,"['(33, 16)', '(34, 15)']","['(33, 15)', '(32, 19)', '(31, 20)']","['(31, 20)', '(32, 19)', '(33, 16)']","[(34, 1), (27, 4), (28, 3), (17, 3), (27, 13), (14, 13), (17, 12), (19, 9), (32, 3), (15, 5), (29, 4), (16, 13), (21, 9), (34, 3), (27, 6), (17, 5), (30, 11), (19, 11), (35, 1), (24, 1), (33, 13), (35, 10), (15, 7), (18, 3), (22, 3), (31, 15), (28, 7), (17, 7), (30, 13), (33, 6), (35, 3), (24, 3), (13, 3), (33, 15), (15, 9), (25, 11), (18, 5), (31, 8), (34, 7), (27, 1), ... (+140 more)]",72,46,118
181,"(31, 20)","(31, 19)",North,"['(31, 21)', '(31, 19)']","['(31, 20)', '(32, 19)', '(33, 16)']","['(32, 19)', '(33, 16)', '(31, 21)']","[(34, 1), (27, 4), (28, 3), (17, 3), (27, 13), (14, 13), (17, 12), (19, 9), (32, 3), (15, 5), (29, 4), (16, 13), (21, 9), (34, 3), (27, 6), (17, 5), (30, 11), (19, 11), (35, 1), (24, 1), (33, 13), (35, 10), (15, 7), (18, 3), (22, 3), (31, 15), (28, 7), (17, 7), (30, 13), (33, 6), (35, 3), (24, 3), (13, 3), (33, 15), (15, 9), (25, 11), (18, 5), (31, 8), (34, 7), (27, 1), ... (+141 more)]",71,49,120
182,"(32, 19)","(31, 19)",East,"['(33, 19)', '(31, 19)']","['(32, 19)', '(33, 16)', '(31, 21)']","['(33, 16)', '(31, 21)', '(33, 19)']","[(34, 1), (27, 4), (28, 3), (17, 3), (27, 13), (14, 13), (17, 12), (19, 9), (32, 3), (15, 5), (29, 4), (16, 13), (21, 9), (34, 3), (27, 6), (17, 5), (30, 11), (19, 11), (35, 1), (24, 1), (33, 13), (35, 10), (15, 7), (18, 3), (22, 3), (31, 15), (28, 7), (17, 7), (30, 13), (33, 6), (35, 3), (24, 3), (13, 3), (33, 15), (15, 9), (25, 11), (18, 5), (32, 19), (31, 8), (34, 7), ... (+142 more)]",71,49,120
183,"(33, 16)","(33, 15)",North,"['(33, 17)', '(33, 15)']","['(33, 16)', '(31, 21)', '(33, 19)']","['(31, 21)', '(33, 19)', '(33, 17)']","[(34, 1), (27, 4), (28, 3), (17, 3), (27, 13), (14, 13), (17, 12), (19, 9), (32, 3), (15, 5), (29, 4), (16, 13), (21, 9), (34, 3), (27, 6), (17, 5), (30, 11), (19, 11), (35, 1), (24, 1), (33, 13), (35, 10), (15, 7), (18, 3), (22, 3), (31, 15), (28, 7), (17, 7), (30, 13), (33, 6), (35, 3), (24, 3), (13, 3), (33, 15), (15, 9), (25, 11), (18, 5), (32, 19), (31, 8), (34, 7), ... (+143 more)]",73,47,120
184,"(31, 21)","(31, 20)",North,"['(31, 20)']","['(31, 21)', '(33, 19)', '(33, 17)']","['(33, 19)', '(33, 17)']","[(34, 1), (27, 4), (28, 3), (17, 3), (27, 13), (14, 13), (17, 12), (19, 9), (32, 3), (15, 5), (29, 4), (16, 13), (21, 9), (34, 3), (27, 6), (17, 5), (30, 11), (19, 11), (35, 1), (24, 1), (33, 13), (35, 10), (15, 7), (18, 3), (22, 3), (31, 15), (28, 7), (17, 7), (30, 13), (33, 6), (35, 3), (24, 3), (13, 3), (33, 15), (15, 9), (25, 11), (18, 5), (32, 19), (31, 8), (34, 7), ... (+144 more)]",72,50,122
185,"(33, 19)","(32, 19)",East,"['(33, 20)', '(34, 19)', '(32, 19)']","['(33, 19)', '(33, 17)']","['(33, 17)', '(33, 20)', '(34, 19)']","[(34, 1), (27, 4), (28, 3), (17, 3), (27, 13), (14, 13), (17, 12), (19, 9), (32, 3), (15, 5), (29, 4), (16, 13), (21, 9), (34, 3), (27, 6), (17, 5), (30, 11), (19, 11), (35, 1), (24, 1), (33, 13), (35, 10), (15, 7), (18, 3), (22, 3), (31, 15), (28, 7), (17, 7), (30, 13), (33, 6), (35, 3), (24, 3), (13, 3), (33, 15), (15, 9), (25, 11), (18, 5), (32, 19), (31, 8), (34, 7), ... (+145 more)]",72,50,122
186,"(33, 17)","(33, 16)",North,"['(33, 16)', '(34, 17)']","['(33, 17)', '(33, 20)', '(34, 19)']","['(33, 20)', '(34, 19)', '(34, 17)']","[(34, 1), (27, 4), (28, 3), (17, 3), (27, 13), (14, 13), (17, 12), (19, 9), (32, 3), (15, 5), (29, 4), (16, 13), (21, 9), (34, 3), (27, 6), (17, 5), (30, 11), (19, 11), (35, 1), (24, 1), (33, 13), (35, 10), (15, 7), (18, 3), (22, 3), (31, 15), (28, 7), (17, 7), (30, 13), (33, 6), (35, 3), (24, 3), (13, 3), (33, 15), (15, 9), (25, 11), (18, 5), (32, 19), (31, 8), (34, 7), ... (+146 more)]",74,48,122
187,"(33, 20)","(33, 19)",North,"['(33, 21)', '(33, 19)']","['(33, 20)', '(34, 19)', '(34, 17)']","['(34, 19)', '(34, 17)', '(33, 21)']","[(34, 1), (27, 4), (28, 3), (17, 3), (27, 13), (14, 13), (17, 12), (19, 9), (32, 3), (15, 5), (29, 4), (33, 20), (16, 13), (21, 9), (34, 3), (27, 6), (17, 5), (30, 11), (19, 11), (35, 1), (24, 1), (33, 13), (35, 10), (15, 7), (18, 3), (22, 3), (31, 15), (28, 7), (17, 7), (30, 13), (33, 6), (35, 3), (24, 3), (13, 3), (33, 15), (15, 9), (25, 11), (18, 5), (32, 19), (31, 8), ... (+147 more)]",73,51,124
188,"(34, 19)","(33, 19)",East,"['(35, 19)', '(33, 19)']","['(34, 19)', '(34, 17)', '(33, 21)']","['(34, 17)', '(33, 21)', '(35, 19)']","[(34, 1), (27, 4), (28, 3), (17, 3), (34, 19), (27, 13), (14, 13), (17, 12), (19, 9), (32, 3), (15, 5), (29, 4), (33, 20), (16, 13), (21, 9), (34, 3), (27, 6), (17, 5), (30, 11), (19, 11), (35, 1), (24, 1), (33, 13), (35, 10), (15, 7), (18, 3), (22, 3), (31, 15), (28, 7), (17, 7), (30, 13), (33, 6), (35, 3), (24, 3), (13, 3), (33, 15), (15, 9), (25, 11), (18, 5), (32, 19), ... (+148 more)]",73,51,124
189,"(34, 17)","(33, 17)",East,"['(35, 17)', '(33, 17)']","['(34, 17)', '(33, 21)', '(35, 19)']","['(33, 21)', '(35, 19)', '(35, 17)']","[(34, 1), (27, 4), (28, 3), (17, 3), (34, 19), (27, 13), (14, 13), (17, 12), (19, 9), (32, 3), (15, 5), (29, 4), (33, 20), (16, 13), (21, 9), (34, 3), (27, 6), (17, 5), (30, 11), (19, 11), (35, 1), (24, 1), (33, 13), (35, 10), (15, 7), (18, 3), (22, 3), (31, 15), (28, 7), (17, 7), (30, 13), (33, 6), (35, 3), (24, 3), (13, 3), (33, 15), (15, 9), (25, 11), (18, 5), (32, 19), ... (+149 more)]",75,49,124
190,"(33, 21)","(33, 20)",North,"['(33, 20)']","['(33, 21)', '(35, 19)', '(35, 17)']","['(35, 19)', '(35, 17)']","[(34, 1), (27, 4), (28, 3), (17, 3), (34, 19), (27, 13), (14, 13), (17, 12), (19, 9), (32, 3), (15, 5), (29, 4), (33, 20), (16, 13), (21, 9), (34, 3), (27, 6), (17, 5), (30, 11), (19, 11), (35, 1), (24, 1), (33, 13), (35, 10), (15, 7), (18, 3), (22, 3), (31, 15), (28, 7), (17, 7), (30, 13), (33, 6), (35, 3), (24, 3), (13, 3), (33, 15), (15, 9), (25, 11), (18, 5), (32, 19), ... (+150 more)]",74,52,126
191,"(35, 19)","(34, 19)",East,"['(35, 20)', '(34, 19)']","['(35, 19)', '(35, 17)']","['(35, 17)', '(35, 20)']","[(34, 1), (27, 4), (28, 3), (17, 3), (34, 19), (27, 13), (14, 13), (17, 12), (19, 9), (32, 3), (15, 5), (29, 4), (33, 20), (16, 13), (21, 9), (34, 3), (27, 6), (17, 5), (30, 11), (19, 11), (35, 1), (24, 1), (33, 13), (35, 10), (15, 7), (18, 3), (35, 19), (22, 3), (31, 15), (28, 7), (17, 7), (30, 13), (33, 6), (35, 3), (24, 3), (13, 3), (33, 15), (15, 9), (25, 11), (18, 5), ... (+151 more)]",74,52,126
192,"(35, 17)","(34, 17)",East,"['(34, 17)']","['(35, 17)', '(35, 20)']","['(35, 20)']","[(34, 1), (27, 4), (28, 3), (17, 3), (34, 19), (27, 13), (14, 13), (17, 12), (19, 9), (32, 3), (15, 5), (29, 4), (33, 20), (35, 17), (16, 13), (21, 9), (34, 3), (27, 6), (17, 5), (30, 11), (19, 11), (35, 1), (24, 1), (33, 13), (35, 10), (15, 7), (18, 3), (35, 19), (22, 3), (31, 15), (28, 7), (17, 7), (30, 13), (33, 6), (35, 3), (24, 3), (13, 3), (33, 15), (15, 9), (25, 11), ... (+152 more)]",76,50,126
193,"(35, 20)","(35, 19)",North,"['(35, 21)', '(35, 19)']","['(35, 20)']","['(35, 21)']","[(34, 1), (27, 4), (28, 3), (17, 3), (34, 19), (27, 13), (14, 13), (17, 12), (19, 9), (32, 3), (15, 5), (29, 4), (33, 20), (35, 17), (16, 13), (21, 9), (34, 3), (27, 6), (17, 5), (30, 11), (19, 11), (35, 1), (24, 1), (33, 13), (35, 10), (15, 7), (18, 3), (35, 19), (22, 3), (31, 15), (28, 7), (17, 7), (30, 13), (33, 6), (35, 3), (24, 3), (13, 3), (33, 15), (15, 9), (25, 11), ... (+153 more)]",75,53,128
194,"(35, 21)","(35, 20)",North,"['(35, 22)', '(35, 20)']","['(35, 21)']","['(35, 22)']","[(34, 1), (27, 4), (28, 3), (17, 3), (34, 19), (27, 13), (14, 13), (17, 12), (19, 9), (32, 3), (15, 5), (29, 4), (33, 20), (35, 17), (16, 13), (21, 9), (34, 3), (27, 6), (17, 5), (30, 11), (19, 11), (35, 1), (24, 1), (33, 13), (35, 10), (15, 7), (18, 3), (35, 19), (22, 3), (31, 15), (28, 7), (17, 7), (30, 13), (33, 6), (35, 3), (24, 3), (13, 3), (33, 15), (15, 9), (25, 11), ... (+154 more)]",76,54,130
195,"(35, 22)","(35, 21)",North,"['(35, 23)', '(35, 21)']","['(35, 22)']","['(35, 23)']","[(34, 1), (27, 4), (28, 3), (17, 3), (34, 19), (27, 13), (14, 13), (17, 12), (19, 9), (32, 3), (15, 5), (29, 4), (33, 20), (35, 17), (16, 13), (21, 9), (34, 3), (27, 6), (17, 5), (30, 11), (19, 11), (35, 1), (24, 1), (33, 13), (35, 10), (15, 7), (18, 3), (35, 19), (22, 3), (31, 15), (28, 7), (17, 7), (30, 13), (33, 6), (35, 3), (24, 3), (13, 3), (33, 15), (15, 9), (25, 11), ... (+155 more)]",77,55,132
196,"(35, 23)","(35, 22)",North,"['(35, 24)', '(35, 22)', '(34, 23)']","['(35, 23)']","['(34, 23)', '(35, 24)']","[(34, 1), (27, 4), (28, 3), (17, 3), (34, 19), (27, 13), (14, 13), (17, 12), (19, 9), (32, 3), (15, 5), (29, 4), (33, 20), (35, 17), (16, 13), (21, 9), (34, 3), (27, 6), (17, 5), (30, 11), (19, 11), (35, 1), (24, 1), (33, 13), (35, 10), (15, 7), (18, 3), (35, 19), (22, 3), (31, 15), (28, 7), (17, 7), (30, 13), (33, 6), (35, 3), (24, 3), (13, 3), (33, 15), (15, 9), (25, 11), ... (+156 more)]",78,56,134
197,"(34, 23)","(35, 23)",West,"['(35, 23)', '(33, 23)']","['(34, 23)', '(35, 24)']","['(33, 23)', '(35, 24)']","[(34, 1), (27, 4), (28, 3), (17, 3), (34, 19), (27, 13), (14, 13), (17, 12), (19, 9), (32, 3), (15, 5), (29, 4), (33, 20), (35, 17), (16, 13), (21, 9), (34, 3), (27, 6), (17, 5), (30, 11), (19, 11), (35, 1), (24, 1), (33, 13), (35, 10), (15, 7), (18, 3), (35, 19), (22, 3), (31, 15), (28, 7), (17, 7), (34, 23), (30, 13), (33, 6), (35, 3), (24, 3), (13, 3), (33, 15), (15, 9), ... (+157 more)]",79,55,134
198,"(33, 23)","(34, 23)",West,"['(34, 23)']","['(33, 23)', '(35, 24)']","['(35, 24)']","[(34, 1), (27, 4), (28, 3), (17, 3), (34, 19), (27, 13), (14, 13), (17, 12), (19, 9), (32, 3), (15, 5), (29, 4), (33, 20), (35, 17), (16, 13), (21, 9), (34, 3), (27, 6), (17, 5), (30, 11), (19, 11), (35, 1), (24, 1), (33, 13), (35, 10), (15, 7), (18, 3), (35, 19), (22, 3), (31, 15), (28, 7), (17, 7), (34, 23), (30, 13), (33, 6), (35, 3), (24, 3), (13, 3), (33, 15), (15, 9), ... (+158 more)]",80,54,134
199,"(35, 24)","(35, 23)",North,"['(35, 25)', '(35, 23)']","['(35, 24)']","['(35, 25)']","[(34, 1), (27, 4), (28, 3), (17, 3), (34, 19), (27, 13), (14, 13), (17, 12), (19, 9), (32, 3), (15, 5), (29, 4), (33, 20), (35, 17), (16, 13), (21, 9), (34, 3), (27, 6), (17, 5), (30, 11), (19, 11), (35, 1), (24, 1), (33, 13), (35, 10), (15, 7), (18, 3), (35, 19), (22, 3), (31, 15), (28, 7), (17, 7), (34, 23), (30, 13), (33, 6), (35, 3), (24, 3), (13, 3), (33, 15), (15, 9), ... (+159 more)]",79,57,136
200,"(35, 25)","(35, 24)",North,"['(35, 26)', '(35, 24)']","['(35, 25)']","['(35, 26)']","[(34, 1), (27, 4), (28, 3), (17, 3), (34, 19), (27, 13), (14, 13), (17, 12), (19, 9), (32, 3), (15, 5), (29, 4), (33, 20), (35, 17), (16, 13), (21, 9), (34, 3), (27, 6), (17, 5), (30, 11), (19, 11), (35, 1), (24, 1), (33, 13), (35, 10), (15, 7), (18, 3), (35, 19), (22, 3), (31, 15), (28, 7), (17, 7), (34, 23), (30, 13), (33, 6), (35, 3), (24, 3), (13, 3), (33, 15), (15, 9), ... (+160 more)]",80,58,138
201,"(35, 26)","(35, 25)",North,"['(35, 27)', '(35, 25)']","['(35, 26)']","['(35, 27)']","[(34, 1), (27, 4), (28, 3), (17, 3), (34, 19), (27, 13), (14, 13), (17, 12), (19, 9), (32, 3), (15, 5), (29, 4), (33, 20), (35, 17), (16, 13), (21, 9), (35, 26), (34, 3), (27, 6), (17, 5), (30, 11), (19, 11), (35, 1), (24, 1), (33, 13), (35, 10), (15, 7), (18, 3), (35, 19), (22, 3), (31, 15), (28, 7), (17, 7), (34, 23), (30, 13), (33, 6), (35, 3), (24, 3), (13, 3), (33, 15), ... (+161 more)]",81,59,140
202,"(35, 27)","(35, 26)",North,"['(35, 28)', '(35, 26)']","['(35, 27)']","['(35, 28)']","[(34, 1), (27, 4), (28, 3), (17, 3), (34, 19), (27, 13), (14, 13), (17, 12), (19, 9), (32, 3), (15, 5), (29, 4), (33, 20), (35, 17), (16, 13), (21, 9), (35, 26), (34, 3), (27, 6), (17, 5), (30, 11), (19, 11), (35, 1), (24, 1), (33, 13), (35, 10), (15, 7), (18, 3), (35, 19), (22, 3), (31, 15), (28, 7), (17, 7), (34, 23), (30, 13), (33, 6), (35, 3), (24, 3), (13, 3), (33, 15), ... (+162 more)]",82,60,142
203,"(35, 28)","(35, 27)",North,"['(35, 29)', '(35, 27)']","['(35, 28)']","['(35, 29)']","[(34, 1), (27, 4), (28, 3), (17, 3), (34, 19), (27, 13), (14, 13), (17, 12), (19, 9), (32, 3), (15, 5), (29, 4), (33, 20), (35, 17), (16, 13), (21, 9), (35, 26), (34, 3), (27, 6), (17, 5), (30, 11), (19, 11), (35, 1), (24, 1), (33, 13), (35, 10), (15, 7), (18, 3), (35, 19), (35, 28), (22, 3), (31, 15), (28, 7), (17, 7), (34, 23), (30, 13), (33, 6), (35, 3), (24, 3), (13, 3), ... (+163 more)]",83,61,144
204,"(35, 29)","(35, 28)",North,"['(35, 30)', '(35, 28)', '(34, 29)']","['(35, 29)']","['(34, 29)', '(35, 30)']","[(34, 1), (27, 4), (28, 3), (17, 3), (34, 19), (27, 13), (14, 13), (17, 12), (19, 9), (32, 3), (15, 5), (29, 4), (33, 20), (35, 17), (16, 13), (21, 9), (35, 26), (34, 3), (27, 6), (17, 5), (30, 11), (19, 11), (35, 1), (24, 1), (33, 13), (35, 10), (15, 7), (18, 3), (35, 19), (35, 28), (22, 3), (31, 15), (28, 7), (17, 7), (34, 23), (30, 13), (33, 6), (35, 3), (24, 3), (13, 3), ... (+164 more)]",84,62,146
205,"(34, 29)","(35, 29)",West,"['(35, 29)', '(33, 29)']","['(34, 29)', '(35, 30)']","['(33, 29)', '(35, 30)']","[(34, 1), (27, 4), (28, 3), (17, 3), (34, 19), (27, 13), (14, 13), (17, 12), (19, 9), (32, 3), (15, 5), (29, 4), (33, 20), (35, 17), (16, 13), (21, 9), (35, 26), (34, 3), (27, 6), (17, 5), (30, 11), (19, 11), (35, 1), (24, 1), (33, 13), (35, 10), (15, 7), (18, 3), (35, 19), (35, 28), (22, 3), (31, 15), (28, 7), (17, 7), (34, 23), (30, 13), (33, 6), (35, 3), (24, 3), (13, 3), ... (+165 more)]",85,61,146
206,"(33, 29)","(34, 29)",West,"['(33, 28)', '(34, 29)']","['(33, 29)', '(35, 30)']","['(33, 28)', '(35, 30)']","[(34, 1), (27, 4), (28, 3), (17, 3), (34, 19), (27, 13), (14, 13), (17, 12), (19, 9), (32, 3), (15, 5), (29, 4), (33, 20), (35, 17), (16, 13), (33, 29), (21, 9), (35, 26), (34, 3), (27, 6), (17, 5), (30, 11), (19, 11), (35, 1), (24, 1), (33, 13), (35, 10), (15, 7), (18, 3), (35, 19), (35, 28), (22, 3), (31, 15), (28, 7), (17, 7), (34, 23), (30, 13), (33, 6), (35, 3), (24, 3), ... (+166 more)]",86,60,146
207,"(33, 28)","(33, 29)",South,"['(33, 29)', '(33, 27)']","['(33, 28)', '(35, 30)']","['(33, 27)', '(35, 30)']","[(34, 1), (27, 4), (28, 3), (17, 3), (34, 19), (27, 13), (14, 13), (17, 12), (19, 9), (32, 3), (15, 5), (29, 4), (33, 20), (35, 17), (16, 13), (33, 29), (21, 9), (35, 26), (34, 3), (27, 6), (17, 5), (30, 11), (19, 11), (35, 1), (24, 1), (33, 13), (35, 10), (15, 7), (18, 3), (35, 19), (35, 28), (22, 3), (31, 15), (28, 7), (17, 7), (34, 23), (30, 13), (33, 6), (35, 3), (24, 3), ... (+167 more)]",87,59,146
208,"(33, 27)","(33, 28)",South,"['(33, 28)', '(33, 26)', '(32, 27)']","['(33, 27)', '(35, 30)']","['(33, 26)', '(35, 30)', '(32, 27)']","[(34, 1), (27, 4), (28, 3), (17, 3), (34, 19), (27, 13), (14, 13), (17, 12), (19, 9), (32, 3), (15, 5), (29, 4), (33, 20), (35, 17), (16, 13), (33, 29), (21, 9), (35, 26), (34, 3), (27, 6), (17, 5), (30, 11), (19, 11), (35, 1), (24, 1), (33, 13), (35, 10), (15, 7), (18, 3), (35, 19), (35, 28), (22, 3), (31, 15), (28, 7), (17, 7), (34, 23), (30, 13), (33, 6), (35, 3), (24, 3), ... (+168 more)]",88,58,146
209,"(33, 26)","(33, 27)",South,"['(33, 27)', '(33, 25)']","['(33, 26)', '(35, 30)', '(32, 27)']","['(32, 27)', '(35, 30)', '(33, 25)']","[(34, 1), (27, 4), (28, 3), (17, 3), (34, 19), (27, 13), (14, 13), (17, 12), (19, 9), (32, 3), (15, 5), (29, 4), (33, 20), (35, 17), (16, 13), (33, 29), (21, 9), (35, 26), (34, 3), (27, 6), (17, 5), (30, 11), (19, 11), (35, 1), (24, 1), (33, 13), (35, 10), (15, 7), (18, 3), (35, 19), (35, 28), (22, 3), (31, 15), (28, 7), (17, 7), (34, 23), (30, 13), (33, 6), (35, 3), (24, 3), ... (+169 more)]",89,57,146
210,"(32, 27)","(33, 27)",West,"['(33, 27)', '(31, 27)']","['(32, 27)', '(35, 30)', '(33, 25)']","['(33, 25)', '(35, 30)', '(31, 27)']","[(34, 1), (27, 4), (28, 3), (17, 3), (34, 19), (27, 13), (14, 13), (17, 12), (19, 9), (32, 3), (15, 5), (29, 4), (33, 20), (35, 17), (16, 13), (33, 29), (21, 9), (35, 26), (34, 3), (27, 6), (17, 5), (30, 11), (19, 11), (35, 1), (24, 1), (33, 13), (35, 10), (15, 7), (18, 3), (35, 19), (35, 28), (22, 3), (31, 15), (28, 7), (17, 7), (34, 23), (30, 13), (33, 6), (35, 3), (24, 3), ... (+170 more)]",89,57,146
211,"(33, 25)","(33, 26)",South,"['(33, 26)']","['(33, 25)', '(35, 30)', '(31, 27)']","['(31, 27)', '(35, 30)']","[(34, 1), (27, 4), (28, 3), (17, 3), (34, 19), (27, 13), (14, 13), (17, 12), (19, 9), (32, 3), (15, 5), (29, 4), (33, 20), (35, 17), (16, 13), (33, 29), (21, 9), (35, 26), (34, 3), (27, 6), (17, 5), (30, 11), (19, 11), (35, 1), (24, 1), (33, 13), (35, 10), (15, 7), (18, 3), (35, 19), (35, 28), (22, 3), (31, 15), (28, 7), (17, 7), (34, 23), (30, 13), (33, 6), (35, 3), (24, 3), ... (+171 more)]",90,56,146
212,"(31, 27)","(32, 27)",West,"['(31, 28)', '(32, 27)', '(30, 27)']","['(31, 27)', '(35, 30)']","['(30, 27)', '(31, 28)', '(35, 30)']","[(34, 1), (27, 4), (28, 3), (17, 3), (34, 19), (27, 13), (14, 13), (17, 12), (19, 9), (32, 3), (15, 5), (29, 4), (33, 20), (35, 17), (16, 13), (33, 29), (21, 9), (35, 26), (34, 3), (27, 6), (17, 5), (30, 11), (19, 11), (35, 1), (24, 1), (33, 13), (35, 10), (15, 7), (18, 3), (35, 19), (35, 28), (22, 3), (31, 15), (28, 7), (17, 7), (34, 23), (30, 13), (33, 6), (35, 3), (24, 3), ... (+172 more)]",90,56,146
213,"(30, 27)","(31, 27)",West,"['(31, 27)', '(29, 27)']","['(30, 27)', '(31, 28)', '(35, 30)']","['(29, 27)', '(31, 28)', '(35, 30)']","[(34, 1), (27, 4), (28, 3), (17, 3), (34, 19), (27, 13), (14, 13), (17, 12), (19, 9), (32, 3), (15, 5), (29, 4), (33, 20), (35, 17), (16, 13), (33, 29), (21, 9), (35, 26), (34, 3), (27, 6), (17, 5), (30, 11), (19, 11), (35, 1), (24, 1), (33, 13), (35, 10), (15, 7), (18, 3), (35, 19), (35, 28), (22, 3), (31, 15), (28, 7), (17, 7), (34, 23), (30, 13), (33, 6), (35, 3), (24, 3), ... (+173 more)]",91,55,146
214,"(29, 27)","(30, 27)",West,"['(29, 28)', '(29, 26)', '(30, 27)']","['(29, 27)', '(31, 28)', '(35, 30)']","['(29, 26)', '(35, 30)', '(29, 28)', '(31, 28)']","[(34, 1), (27, 4), (28, 3), (17, 3), (34, 19), (27, 13), (14, 13), (17, 12), (19, 9), (32, 3), (15, 5), (29, 4), (33, 20), (35, 17), (16, 13), (33, 29), (21, 9), (35, 26), (34, 3), (27, 6), (17, 5), (30, 11), (19, 11), (35, 1), (24, 1), (33, 13), (35, 10), (15, 7), (18, 3), (35, 19), (35, 28), (22, 3), (31, 15), (29, 27), (28, 7), (17, 7), (34, 23), (30, 13), (33, 6), (35, 3), ... (+174 more)]",92,54,146
215,"(29, 26)","(29, 27)",South,"['(29, 27)', '(29, 25)']","['(29, 26)', '(35, 30)', '(29, 28)', '(31, 28)']","['(29, 25)', '(35, 30)', '(29, 28)', '(31, 28)']","[(34, 1), (27, 4), (28, 3), (17, 3), (34, 19), (27, 13), (14, 13), (17, 12), (19, 9), (32, 3), (15, 5), (29, 4), (33, 20), (35, 17), (16, 13), (33, 29), (21, 9), (35, 26), (34, 3), (27, 6), (17, 5), (30, 11), (19, 11), (35, 1), (24, 1), (33, 13), (35, 10), (15, 7), (18, 3), (35, 19), (35, 28), (22, 3), (31, 15), (29, 27), (28, 7), (17, 7), (34, 23), (30, 13), (33, 6), (35, 3), ... (+175 more)]",93,53,146
216,"(29, 25)","(29, 26)",South,"['(29, 26)', '(29, 24)']","['(29, 25)', '(35, 30)', '(29, 28)', '(31, 28)']","['(29, 24)', '(35, 30)', '(29, 28)', '(31, 28)']","[(34, 1), (27, 4), (28, 3), (17, 3), (34, 19), (27, 13), (14, 13), (17, 12), (19, 9), (32, 3), (15, 5), (29, 4), (33, 20), (35, 17), (16, 13), (33, 29), (21, 9), (35, 26), (34, 3), (27, 6), (17, 5), (30, 11), (19, 11), (35, 1), (24, 1), (33, 13), (35, 10), (15, 7), (18, 3), (35, 19), (35, 28), (22, 3), (31, 15), (29, 27), (28, 7), (17, 7), (34, 23), (30, 13), (33, 6), (35, 3), ... (+176 more)]",94,52,146
217,"(29, 24)","(29, 25)",South,"['(29, 25)', '(29, 23)']","['(29, 24)', '(35, 30)', '(29, 28)', '(31, 28)']","['(29, 23)', '(35, 30)', '(29, 28)', '(31, 28)']","[(34, 1), (27, 4), (28, 3), (17, 3), (34, 19), (27, 13), (14, 13), (17, 12), (19, 9), (32, 3), (15, 5), (29, 4), (33, 20), (35, 17), (16, 13), (33, 29), (21, 9), (35, 26), (34, 3), (27, 6), (17, 5), (30, 11), (19, 11), (35, 1), (24, 1), (33, 13), (35, 10), (15, 7), (18, 3), (35, 19), (35, 28), (22, 3), (31, 15), (29, 27), (28, 7), (17, 7), (34, 23), (30, 13), (33, 6), (35, 3), ... (+177 more)]",95,51,146
218,"(29, 23)","(29, 24)",South,"['(29, 24)', '(29, 22)', '(30, 23)']","['(29, 23)', '(35, 30)', '(29, 28)', '(31, 28)']","['(29, 22)', '(35, 30)', '(29, 28)', '(31, 28)', '(30, 23)']","[(34, 1), (27, 4), (28, 3), (17, 3), (34, 19), (27, 13), (14, 13), (17, 12), (19, 9), (32, 3), (15, 5), (29, 4), (33, 20), (35, 17), (16, 13), (33, 29), (21, 9), (35, 26), (34, 3), (27, 6), (17, 5), (30, 11), (19, 11), (35, 1), (24, 1), (33, 13), (35, 10), (15, 7), (18, 3), (35, 19), (35, 28), (22, 3), (31, 15), (29, 27), (28, 7), (17, 7), (34, 23), (30, 13), (33, 6), (35, 3), ... (+178 more)]",96,50,146
219,"(29, 22)","(29, 23)",South,"['(29, 23)', '(29, 21)']","['(29, 22)', '(35, 30)', '(29, 28)', '(31, 28)', '(30, 23)']","['(29, 21)', '(35, 30)', '(29, 28)', '(30, 23)', '(31, 28)']","[(34, 1), (27, 4), (28, 3), (17, 3), (34, 19), (27, 13), (14, 13), (17, 12), (19, 9), (32, 3), (15, 5), (29, 4), (33, 20), (35, 17), (16, 13), (33, 29), (21, 9), (35, 26), (34, 3), (27, 6), (17, 5), (30, 11), (19, 11), (35, 1), (24, 1), (33, 13), (35, 10), (15, 7), (18, 3), (35, 19), (35, 28), (22, 3), (31, 15), (29, 27), (28, 7), (17, 7), (34, 23), (30, 13), (33, 6), (35, 3), ... (+179 more)]",97,49,146
220,"(29, 21)","(29, 22)",South,"['(29, 22)', '(29, 20)', '(28, 21)']","['(29, 21)', '(35, 30)', '(29, 28)', '(30, 23)', '(31, 28)']","['(29, 20)', '(35, 30)', '(28, 21)', '(30, 23)', '(31, 28)', '(29, 28)']","[(34, 1), (27, 4), (28, 3), (17, 3), (34, 19), (27, 13), (14, 13), (17, 12), (19, 9), (32, 3), (15, 5), (29, 4), (33, 20), (35, 17), (16, 13), (33, 29), (21, 9), (35, 26), (34, 3), (27, 6), (17, 5), (30, 11), (19, 11), (35, 1), (24, 1), (33, 13), (35, 10), (15, 7), (18, 3), (35, 19), (35, 28), (22, 3), (31, 15), (29, 27), (28, 7), (17, 7), (34, 23), (30, 13), (33, 6), (35, 3), ... (+180 more)]",98,48,146
221,"(29, 20)","(29, 21)",South,"['(29, 21)', '(29, 19)']","['(29, 20)', '(35, 30)', '(28, 21)', '(30, 23)', '(31, 28)', '(29, 28)']","['(28, 21)', '(35, 30)', '(29, 19)', '(30, 23)', '(31, 28)', '(29, 28)']","[(34, 1), (27, 4), (28, 3), (17, 3), (34, 19), (27, 13), (14, 13), (17, 12), (19, 9), (32, 3), (15, 5), (29, 4), (33, 20), (35, 17), (16, 13), (33, 29), (21, 9), (35, 26), (34, 3), (27, 6), (17, 5), (30, 11), (19, 11), (35, 1), (24, 1), (33, 13), (35, 10), (15, 7), (18, 3), (35, 19), (35, 28), (22, 3), (31, 15), (29, 27), (28, 7), (17, 7), (34, 23), (30, 13), (33, 6), (35, 3), ... (+181 more)]",99,47,146
222,"(28, 21)","(29, 21)",West,"['(29, 21)', '(27, 21)']","['(28, 21)', '(35, 30)', '(29, 19)', '(30, 23)', '(31, 28)', '(29, 28)']","['(29, 19)', '(35, 30)', '(27, 21)', '(30, 23)', '(31, 28)', '(29, 28)']","[(34, 1), (27, 4), (28, 3), (17, 3), (34, 19), (27, 13), (14, 13), (17, 12), (19, 9), (28, 21), (32, 3), (15, 5), (29, 4), (33, 20), (35, 17), (16, 13), (33, 29), (21, 9), (35, 26), (34, 3), (27, 6), (17, 5), (30, 11), (19, 11), (35, 1), (24, 1), (33, 13), (35, 10), (15, 7), (18, 3), (35, 19), (35, 28), (22, 3), (31, 15), (29, 27), (28, 7), (17, 7), (34, 23), (30, 13), (33, 6), ... (+182 more)]",99,47,146
223,"(29, 19)","(29, 20)",South,"['(29, 20)']","['(29, 19)', '(35, 30)', '(27, 21)', '(30, 23)', '(31, 28)', '(29, 28)']","['(27, 21)', '(35, 30)', '(29, 28)', '(30, 23)', '(31, 28)']","[(34, 1), (27, 4), (28, 3), (17, 3), (34, 19), (27, 13), (14, 13), (17, 12), (19, 9), (28, 21), (32, 3), (15, 5), (29, 4), (33, 20), (35, 17), (16, 13), (33, 29), (21, 9), (35, 26), (34, 3), (27, 6), (17, 5), (30, 11), (19, 11), (35, 1), (24, 1), (33, 13), (35, 10), (15, 7), (18, 3), (35, 19), (35, 28), (22, 3), (31, 15), (29, 27), (28, 7), (17, 7), (34, 23), (30, 13), (33, 6), ... (+183 more)]",100,46,146
224,"(27, 21)","(28, 21)",West,"['(27, 20)', '(28, 21)']","['(27, 21)', '(35, 30)', '(29, 28)', '(30, 23)', '(31, 28)']","['(27, 20)', '(35, 30)', '(29, 28)', '(30, 23)', '(31, 28)']","[(34, 1), (27, 4), (28, 3), (17, 3), (34, 19), (27, 13), (14, 13), (17, 12), (19, 9), (28, 21), (32, 3), (15, 5), (29, 4), (33, 20), (35, 17), (16, 13), (33, 29), (21, 9), (35, 26), (34, 3), (27, 6), (17, 5), (30, 11), (19, 11), (35, 1), (24, 1), (33, 13), (35, 10), (15, 7), (18, 3), (35, 19), (35, 28), (22, 3), (31, 15), (29, 27), (28, 7), (17, 7), (34, 23), (30, 13), (33, 6), ... (+184 more)]",100,46,146
225,"(27, 20)","(27, 21)",South,"['(27, 21)', '(27, 19)']","['(27, 20)', '(35, 30)', '(29, 28)', '(30, 23)', '(31, 28)']","['(27, 19)', '(35, 30)', '(29, 28)', '(30, 23)', '(31, 28)']","[(34, 1), (27, 4), (28, 3), (17, 3), (34, 19), (27, 13), (14, 13), (17, 12), (19, 9), (28, 21), (32, 3), (15, 5), (29, 4), (33, 20), (35, 17), (16, 13), (33, 29), (21, 9), (35, 26), (34, 3), (27, 6), (17, 5), (30, 11), (19, 11), (35, 1), (24, 1), (33, 13), (35, 10), (15, 7), (18, 3), (35, 19), (35, 28), (22, 3), (31, 15), (29, 27), (28, 7), (17, 7), (34, 23), (30, 13), (33, 6), ... (+185 more)]",101,45,146
226,"(27, 19)","(27, 20)",South,"['(27, 20)', '(27, 18)']","['(27, 19)', '(35, 30)', '(29, 28)', '(30, 23)', '(31, 28)']","['(27, 18)', '(35, 30)', '(29, 28)', '(30, 23)', '(31, 28)']","[(34, 1), (27, 4), (28, 3), (17, 3), (34, 19), (27, 13), (14, 13), (17, 12), (19, 9), (28, 21), (32, 3), (15, 5), (29, 4), (33, 20), (35, 17), (16, 13), (33, 29), (21, 9), (35, 26), (34, 3), (27, 6), (17, 5), (30, 11), (19, 11), (35, 1), (24, 1), (33, 13), (35, 10), (15, 7), (18, 3), (35, 19), (35, 28), (22, 3), (31, 15), (29, 27), (28, 7), (17, 7), (34, 23), (30, 13), (33, 6), ... (+186 more)]",102,44,146
227,"(27, 18)","(27, 19)",South,"['(27, 19)', '(27, 17)']","['(27, 18)', '(35, 30)', '(29, 28)', '(30, 23)', '(31, 28)']","['(27, 17)', '(35, 30)', '(29, 28)', '(30, 23)', '(31, 28)']","[(34, 1), (27, 4), (28, 3), (17, 3), (34, 19), (27, 13), (14, 13), (17, 12), (19, 9), (28, 21), (32, 3), (15, 5), (29, 4), (33, 20), (35, 17), (16, 13), (33, 29), (21, 9), (35, 26), (34, 3), (27, 6), (17, 5), (30, 11), (19, 11), (35, 1), (24, 1), (33, 13), (35, 10), (15, 7), (18, 3), (35, 19), (35, 28), (22, 3), (31, 15), (29, 27), (28, 7), (17, 7), (34, 23), (30, 13), (33, 6), ... (+187 more)]",103,43,146
228,"(27, 17)","(27, 18)",South,"['(27, 18)', '(28, 17)', '(26, 17)']","['(27, 17)', '(35, 30)', '(29, 28)', '(30, 23)', '(31, 28)']","['(26, 17)', '(31, 28)', '(35, 30)', '(30, 23)', '(28, 17)', '(29, 28)']","[(34, 1), (27, 4), (28, 3), (17, 3), (34, 19), (27, 13), (14, 13), (17, 12), (19, 9), (28, 21), (32, 3), (15, 5), (29, 4), (33, 20), (35, 17), (16, 13), (33, 29), (21, 9), (35, 26), (34, 3), (27, 6), (17, 5), (30, 11), (19, 11), (35, 1), (24, 1), (33, 13), (35, 10), (15, 7), (18, 3), (35, 19), (35, 28), (22, 3), (31, 15), (29, 27), (28, 7), (17, 7), (34, 23), (30, 13), (33, 6), ... (+188 more)]",104,42,146
229,"(26, 17)","(27, 17)",West,"['(27, 17)', '(25, 17)']","['(26, 17)', '(31, 28)', '(35, 30)', '(30, 23)', '(28, 17)', '(29, 28)']","['(25, 17)', '(31, 28)', '(35, 30)', '(30, 23)', '(28, 17)', '(29, 28)']","[(34, 1), (27, 4), (28, 3), (17, 3), (34, 19), (27, 13), (14, 13), (17, 12), (19, 9), (28, 21), (32, 3), (15, 5), (29, 4), (33, 20), (35, 17), (16, 13), (33, 29), (21, 9), (35, 26), (34, 3), (27, 6), (17, 5), (30, 11), (19, 11), (35, 1), (24, 1), (33, 13), (35, 10), (15, 7), (18, 3), (35, 19), (35, 28), (22, 3), (31, 15), (29, 27), (28, 7), (17, 7), (34, 23), (30, 13), (33, 6), ... (+189 more)]",105,41,146
230,"(25, 17)","(26, 17)",West,"['(25, 18)', '(26, 17)']","['(25, 17)', '(31, 28)', '(35, 30)', '(30, 23)', '(28, 17)', '(29, 28)']","['(35, 30)', '(31, 28)', '(29, 28)', '(30, 23)', '(28, 17)', '(25, 18)']","[(34, 1), (27, 4), (28, 3), (17, 3), (34, 19), (27, 13), (14, 13), (17, 12), (19, 9), (28, 21), (32, 3), (15, 5), (29, 4), (33, 20), (35, 17), (16, 13), (33, 29), (21, 9), (35, 26), (34, 3), (27, 6), (17, 5), (30, 11), (19, 11), (35, 1), (24, 1), (33, 13), (35, 10), (15, 7), (18, 3), (35, 19), (35, 28), (22, 3), (31, 15), (29, 27), (28, 7), (17, 7), (34, 23), (30, 13), (33, 6), ... (+190 more)]",106,40,146
231,"(35, 30)","(35, 29)",North,"['(35, 31)', '(35, 29)']","['(35, 30)', '(31, 28)', '(29, 28)', '(30, 23)', '(28, 17)', '(25, 18)']","['(31, 28)', '(30, 23)', '(29, 28)', '(25, 18)', '(28, 17)', '(35, 31)']","[(34, 1), (27, 4), (28, 3), (17, 3), (34, 19), (27, 13), (14, 13), (17, 12), (19, 9), (28, 21), (32, 3), (15, 5), (29, 4), (33, 20), (35, 17), (16, 13), (33, 29), (21, 9), (35, 26), (34, 3), (27, 6), (17, 5), (30, 11), (19, 11), (35, 1), (24, 1), (33, 13), (35, 10), (15, 7), (18, 3), (35, 19), (35, 28), (22, 3), (31, 15), (29, 27), (28, 7), (17, 7), (34, 23), (30, 13), (33, 6), ... (+191 more)]",85,63,148
232,"(31, 28)","(31, 27)",North,"['(31, 29)', '(31, 27)']","['(31, 28)', '(30, 23)', '(29, 28)', '(25, 18)', '(28, 17)', '(35, 31)']","['(29, 28)', '(30, 23)', '(35, 31)', '(25, 18)', '(28, 17)', '(31, 29)']","[(34, 1), (27, 4), (28, 3), (17, 3), (34, 19), (27, 13), (14, 13), (17, 12), (19, 9), (28, 21), (32, 3), (15, 5), (29, 4), (33, 20), (35, 17), (16, 13), (33, 29), (21, 9), (35, 26), (34, 3), (27, 6), (17, 5), (30, 11), (19, 11), (35, 1), (24, 1), (33, 13), (35, 10), (15, 7), (18, 3), (35, 19), (35, 28), (22, 3), (31, 15), (29, 27), (28, 7), (17, 7), (34, 23), (30, 13), (33, 6), ... (+192 more)]",91,57,148
233,"(29, 28)","(29, 27)",North,"['(29, 29)', '(29, 27)']","['(29, 28)', '(30, 23)', '(35, 31)', '(25, 18)', '(28, 17)', '(31, 29)']","['(30, 23)', '(28, 17)', '(35, 31)', '(25, 18)', '(31, 29)', '(29, 29)']","[(34, 1), (27, 4), (28, 3), (17, 3), (34, 19), (27, 13), (14, 13), (17, 12), (19, 9), (28, 21), (32, 3), (15, 5), (29, 4), (33, 20), (35, 17), (16, 13), (33, 29), (21, 9), (35, 26), (34, 3), (27, 6), (17, 5), (30, 11), (19, 11), (35, 1), (24, 1), (33, 13), (35, 10), (15, 7), (18, 3), (35, 19), (35, 28), (22, 3), (31, 15), (29, 27), (28, 7), (17, 7), (34, 23), (30, 13), (33, 6), ... (+193 more)]",93,55,148
234,"(30, 23)","(29, 23)",East,"['(31, 23)', '(29, 23)']","['(30, 23)', '(28, 17)', '(35, 31)', '(25, 18)', '(31, 29)', '(29, 29)']","['(28, 17)', '(25, 18)', '(35, 31)', '(29, 29)', '(31, 29)', '(31, 23)']","[(34, 1), (27, 4), (28, 3), (17, 3), (34, 19), (27, 13), (14, 13), (17, 12), (19, 9), (28, 21), (32, 3), (15, 5), (29, 4), (33, 20), (35, 17), (16, 13), (33, 29), (21, 9), (35, 26), (34, 3), (27, 6), (17, 5), (30, 11), (19, 11), (35, 1), (24, 1), (33, 13), (35, 10), (15, 7), (18, 3), (35, 19), (35, 28), (22, 3), (31, 15), (29, 27), (28, 7), (17, 7), (34, 23), (30, 13), (33, 6), ... (+194 more)]",97,51,148
235,"(28, 17)","(27, 17)",East,"['(29, 17)', '(27, 17)']","['(28, 17)', '(25, 18)', '(35, 31)', '(29, 29)', '(31, 29)', '(31, 23)']","['(25, 18)', '(31, 29)', '(35, 31)', '(29, 29)', '(31, 23)', '(29, 17)']","[(34, 1), (27, 4), (28, 3), (17, 3), (34, 19), (27, 13), (14, 13), (17, 12), (19, 9), (28, 21), (32, 3), (15, 5), (29, 4), (33, 20), (35, 17), (16, 13), (33, 29), (21, 9), (35, 26), (34, 3), (27, 6), (17, 5), (30, 11), (19, 11), (35, 1), (24, 1), (33, 13), (35, 10), (15, 7), (18, 3), (35, 19), (35, 28), (22, 3), (31, 15), (29, 27), (28, 7), (17, 7), (34, 23), (30, 13), (33, 6), ... (+195 more)]",105,43,148
236,"(25, 18)","(25, 17)",North,"['(25, 19)', '(25, 17)']","['(25, 18)', '(31, 29)', '(35, 31)', '(29, 29)', '(31, 23)', '(29, 17)']","['(35, 31)', '(31, 29)', '(29, 17)', '(29, 29)', '(31, 23)', '(25, 19)']","[(34, 1), (27, 4), (28, 3), (17, 3), (34, 19), (27, 13), (14, 13), (17, 12), (19, 9), (28, 21), (32, 3), (15, 5), (29, 4), (33, 20), (35, 17), (16, 13), (33, 29), (21, 9), (35, 26), (34, 3), (27, 6), (17, 5), (30, 11), (19, 11), (35, 1), (24, 1), (33, 13), (35, 10), (15, 7), (18, 3), (35, 19), (25, 18), (35, 28), (22, 3), (31, 15), (29, 27), (28, 7), (17, 7), (34, 23), (30, 13), ... (+196 more)]",107,41,148
237,"(35, 31)","(35, 30)",North,"['(35, 30)', '(34, 31)']","['(35, 31)', '(31, 29)', '(29, 17)', '(29, 29)', '(31, 23)', '(25, 19)']","['(31, 29)', '(29, 29)', '(29, 17)', '(25, 19)', '(31, 23)', '(34, 31)']","[(34, 1), (27, 4), (28, 3), (17, 3), (34, 19), (27, 13), (14, 13), (17, 12), (19, 9), (28, 21), (32, 3), (15, 5), (29, 4), (33, 20), (35, 17), (16, 13), (33, 29), (21, 9), (35, 26), (34, 3), (27, 6), (17, 5), (30, 11), (19, 11), (35, 1), (24, 1), (33, 13), (35, 10), (15, 7), (18, 3), (35, 19), (25, 18), (35, 28), (22, 3), (31, 15), (29, 27), (28, 7), (17, 7), (34, 23), (30, 13), ... (+197 more)]",86,64,150
238,"(31, 29)","(31, 28)",North,"['(31, 30)', '(31, 28)']","['(31, 29)', '(29, 29)', '(29, 17)', '(25, 19)', '(31, 23)', '(34, 31)']","['(29, 29)', '(31, 23)', '(29, 17)', '(25, 19)', '(34, 31)', '(31, 30)']","[(34, 1), (27, 4), (28, 3), (17, 3), (34, 19), (27, 13), (14, 13), (17, 12), (19, 9), (31, 29), (28, 21), (32, 3), (15, 5), (29, 4), (33, 20), (35, 17), (16, 13), (33, 29), (21, 9), (35, 26), (34, 3), (27, 6), (17, 5), (30, 11), (19, 11), (35, 1), (24, 1), (33, 13), (35, 10), (15, 7), (18, 3), (35, 19), (25, 18), (35, 28), (22, 3), (31, 15), (29, 27), (28, 7), (17, 7), (34, 23), ... (+198 more)]",92,58,150
239,"(29, 29)","(29, 28)",North,"['(29, 28)']","['(29, 29)', '(31, 23)', '(29, 17)', '(25, 19)', '(34, 31)', '(31, 30)']","['(31, 23)', '(25, 19)', '(29, 17)', '(31, 30)', '(34, 31)']","[(34, 1), (27, 4), (28, 3), (17, 3), (34, 19), (27, 13), (14, 13), (17, 12), (19, 9), (31, 29), (28, 21), (32, 3), (15, 5), (29, 4), (33, 20), (35, 17), (16, 13), (33, 29), (21, 9), (35, 26), (34, 3), (27, 6), (17, 5), (30, 11), (19, 11), (35, 1), (24, 1), (33, 13), (35, 10), (15, 7), (18, 3), (35, 19), (25, 18), (35, 28), (22, 3), (31, 15), (29, 27), (28, 7), (17, 7), (34, 23), ... (+199 more)]",94,56,150
240,"(31, 23)","(30, 23)",East,"['(31, 24)', '(30, 23)']","['(31, 23)', '(25, 19)', '(29, 17)', '(31, 30)', '(34, 31)']","['(29, 17)', '(25, 19)', '(34, 31)', '(31, 30)', '(31, 24)']","[(34, 1), (27, 4), (28, 3), (17, 3), (34, 19), (27, 13), (14, 13), (17, 12), (19, 9), (31, 29), (28, 21), (32, 3), (15, 5), (29, 4), (33, 20), (35, 17), (16, 13), (33, 29), (21, 9), (35, 26), (34, 3), (27, 6), (17, 5), (30, 11), (19, 11), (35, 1), (24, 1), (33, 13), (35, 10), (15, 7), (18, 3), (35, 19), (25, 18), (35, 28), (22, 3), (31, 15), (29, 27), (28, 7), (17, 7), (34, 23), ... (+200 more)]",98,52,150
241,"(29, 17)","(28, 17)",East,"['(28, 17)']","['(29, 17)', '(25, 19)', '(34, 31)', '(31, 30)', '(31, 24)']","['(25, 19)', '(31, 30)', '(34, 31)', '(31, 24)']","[(34, 1), (27, 4), (28, 3), (17, 3), (34, 19), (27, 13), (14, 13), (17, 12), (19, 9), (31, 29), (28, 21), (32, 3), (15, 5), (29, 4), (33, 20), (35, 17), (16, 13), (33, 29), (21, 9), (35, 26), (34, 3), (27, 6), (17, 5), (30, 11), (19, 11), (35, 1), (24, 1), (33, 13), (35, 10), (15, 7), (18, 3), (35, 19), (25, 18), (35, 28), (22, 3), (31, 15), (29, 27), (28, 7), (17, 7), (34, 23), ... (+201 more)]",106,44,150
242,"(25, 19)","(25, 18)",North,"['(25, 20)', '(25, 18)', '(24, 19)']","['(25, 19)', '(31, 30)', '(34, 31)', '(31, 24)']","['(34, 31)', '(24, 19)', '(31, 24)', '(25, 20)', '(31, 30)']","[(34, 1), (27, 4), (28, 3), (17, 3), (34, 19), (27, 13), (14, 13), (17, 12), (19, 9), (31, 29), (28, 21), (32, 3), (15, 5), (29, 4), (33, 20), (35, 17), (16, 13), (33, 29), (21, 9), (35, 26), (34, 3), (27, 6), (17, 5), (30, 11), (19, 11), (35, 1), (24, 1), (33, 13), (35, 10), (15, 7), (18, 3), (35, 19), (25, 18), (35, 28), (22, 3), (31, 15), (29, 27), (28, 7), (17, 7), (34, 23), ... (+202 more)]",108,42,150
243,"(34, 31)","(35, 31)",West,"['(35, 31)', '(33, 31)']","['(34, 31)', '(24, 19)', '(31, 24)', '(25, 20)', '(31, 30)']","['(24, 19)', '(33, 31)', '(31, 24)', '(25, 20)', '(31, 30)']","[(34, 1), (27, 4), (28, 3), (17, 3), (34, 19), (27, 13), (14, 13), (17, 12), (19, 9), (31, 29), (28, 21), (32, 3), (15, 5), (29, 4), (33, 20), (35, 17), (16, 13), (33, 29), (21, 9), (35, 26), (34, 3), (27, 6), (17, 5), (30, 11), (19, 11), (35, 1), (24, 1), (33, 13), (35, 10), (15, 7), (18, 3), (35, 19), (25, 18), (35, 28), (22, 3), (31, 15), (29, 27), (28, 7), (17, 7), (34, 23), ... (+203 more)]",87,63,150
244,"(24, 19)","(25, 19)",West,"['(25, 19)', '(23, 19)']","['(24, 19)', '(33, 31)', '(31, 24)', '(25, 20)', '(31, 30)']","['(33, 31)', '(23, 19)', '(31, 24)', '(25, 20)', '(31, 30)']","[(34, 1), (27, 4), (28, 3), (17, 3), (34, 19), (27, 13), (14, 13), (17, 12), (19, 9), (31, 29), (28, 21), (32, 3), (15, 5), (29, 4), (33, 20), (35, 17), (16, 13), (33, 29), (21, 9), (35, 26), (34, 3), (27, 6), (17, 5), (30, 11), (19, 11), (35, 1), (24, 1), (33, 13), (35, 10), (15, 7), (18, 3), (35, 19), (24, 19), (25, 18), (35, 28), (22, 3), (31, 15), (29, 27), (28, 7), (17, 7), ... (+204 more)]",109,41,150
245,"(33, 31)","(34, 31)",West,"['(33, 32)', '(34, 31)']","['(33, 31)', '(23, 19)', '(31, 24)', '(25, 20)', '(31, 30)']","['(23, 19)', '(31, 30)', '(31, 24)', '(25, 20)', '(33, 32)']","[(34, 1), (27, 4), (28, 3), (17, 3), (34, 19), (27, 13), (14, 13), (17, 12), (19, 9), (31, 29), (28, 21), (32, 3), (15, 5), (29, 4), (33, 20), (35, 17), (16, 13), (33, 29), (21, 9), (35, 26), (34, 3), (27, 6), (17, 5), (30, 11), (19, 11), (35, 1), (24, 1), (33, 13), (35, 10), (15, 7), (18, 3), (35, 19), (24, 19), (25, 18), (33, 31), (35, 28), (22, 3), (31, 15), (29, 27), (28, 7), ... (+205 more)]",88,62,150
246,"(23, 19)","(24, 19)",West,"['(24, 19)', '(22, 19)']","['(23, 19)', '(31, 30)', '(31, 24)', '(25, 20)', '(33, 32)']","['(22, 19)', '(31, 30)', '(31, 24)', '(33, 32)', '(25, 20)']","[(34, 1), (27, 4), (28, 3), (17, 3), (34, 19), (27, 13), (14, 13), (17, 12), (19, 9), (31, 29), (28, 21), (32, 3), (15, 5), (29, 4), (33, 20), (35, 17), (16, 13), (33, 29), (21, 9), (35, 26), (34, 3), (27, 6), (17, 5), (30, 11), (19, 11), (35, 1), (24, 1), (33, 13), (35, 10), (15, 7), (18, 3), (35, 19), (24, 19), (25, 18), (33, 31), (35, 28), (22, 3), (31, 15), (29, 27), (28, 7), ... (+206 more)]",110,40,150
247,"(22, 19)","(23, 19)",West,"['(23, 19)', '(21, 19)']","['(22, 19)', '(31, 30)', '(31, 24)', '(33, 32)', '(25, 20)']","['(21, 19)', '(31, 30)', '(31, 24)', '(33, 32)', '(25, 20)']","[(34, 1), (27, 4), (28, 3), (17, 3), (34, 19), (27, 13), (14, 13), (17, 12), (19, 9), (31, 29), (28, 21), (32, 3), (15, 5), (29, 4), (33, 20), (35, 17), (16, 13), (33, 29), (21, 9), (35, 26), (34, 3), (27, 6), (17, 5), (22, 19), (30, 11), (19, 11), (35, 1), (24, 1), (33, 13), (35, 10), (15, 7), (18, 3), (35, 19), (24, 19), (25, 18), (33, 31), (35, 28), (22, 3), (31, 15), (29, 27), ... (+207 more)]",111,39,150
248,"(21, 19)","(22, 19)",West,"['(21, 20)', '(21, 18)', '(22, 19)', '(20, 19)']","['(21, 19)', '(31, 30)', '(31, 24)', '(33, 32)', '(25, 20)']","['(21, 18)', '(25, 20)', '(20, 19)', '(33, 32)', '(21, 20)', '(31, 24)', '(31, 30)']","[(34, 1), (27, 4), (28, 3), (17, 3), (34, 19), (27, 13), (14, 13), (17, 12), (19, 9), (31, 29), (28, 21), (32, 3), (15, 5), (29, 4), (33, 20), (35, 17), (16, 13), (33, 29), (21, 9), (35, 26), (34, 3), (27, 6), (17, 5), (22, 19), (30, 11), (19, 11), (35, 1), (24, 1), (33, 13), (35, 10), (15, 7), (18, 3), (35, 19), (24, 19), (25, 18), (33, 31), (35, 28), (22, 3), (31, 15), (29, 27), ... (+208 more)]",112,38,150
249,"(21, 18)","(21, 19)",South,"['(21, 19)', '(21, 17)']","['(21, 18)', '(25, 20)', '(20, 19)', '(33, 32)', '(21, 20)', '(31, 24)', '(31, 30)']","['(20, 19)', '(25, 20)', '(21, 17)', '(33, 32)', '(21, 20)', '(31, 24)', '(31, 30)']","[(34, 1), (27, 4), (28, 3), (17, 3), (34, 19), (27, 13), (14, 13), (17, 12), (19, 9), (31, 29), (28, 21), (32, 3), (15, 5), (29, 4), (33, 20), (35, 17), (16, 13), (33, 29), (21, 9), (35, 26), (34, 3), (27, 6), (17, 5), (22, 19), (30, 11), (19, 11), (35, 1), (24, 1), (33, 13), (35, 10), (15, 7), (18, 3), (35, 19), (24, 19), (25, 18), (33, 31), (35, 28), (22, 3), (31, 15), (29, 27), ... (+209 more)]",113,37,150
250,"(20, 19)","(21, 19)",West,"['(21, 19)', '(19, 19)']","['(20, 19)', '(25, 20)', '(21, 17)', '(33, 32)', '(21, 20)', '(31, 24)', '(31, 30)']","['(21, 17)', '(25, 20)', '(19, 19)', '(33, 32)', '(21, 20)', '(31, 24)', '(31, 30)']","[(34, 1), (27, 4), (28, 3), (17, 3), (34, 19), (27, 13), (14, 13), (17, 12), (19, 9), (31, 29), (28, 21), (32, 3), (15, 5), (29, 4), (33, 20), (35, 17), (16, 13), (33, 29), (21, 9), (35, 26), (34, 3), (27, 6), (17, 5), (22, 19), (30, 11), (19, 11), (35, 1), (24, 1), (33, 13), (35, 10), (15, 7), (18, 3), (35, 19), (24, 19), (25, 18), (33, 31), (35, 28), (22, 3), (31, 15), (29, 27), ... (+210 more)]",113,37,150
251,"(21, 17)","(21, 18)",South,"['(21, 18)', '(22, 17)']","['(21, 17)', '(25, 20)', '(19, 19)', '(33, 32)', '(21, 20)', '(31, 24)', '(31, 30)']","['(19, 19)', '(25, 20)', '(31, 30)', '(33, 32)', '(21, 20)', '(31, 24)', '(22, 17)']","[(34, 1), (27, 4), (28, 3), (17, 3), (34, 19), (27, 13), (14, 13), (17, 12), (19, 9), (31, 29), (28, 21), (32, 3), (15, 5), (29, 4), (33, 20), (35, 17), (16, 13), (33, 29), (21, 9), (35, 26), (34, 3), (27, 6), (17, 5), (22, 19), (30, 11), (19, 11), (35, 1), (24, 1), (33, 13), (35, 10), (15, 7), (18, 3), (35, 19), (24, 19), (25, 18), (33, 31), (35, 28), (22, 3), (31, 15), (29, 27), ... (+211 more)]",114,36,150
252,"(19, 19)","(20, 19)",West,"['(20, 19)', '(18, 19)']","['(19, 19)', '(25, 20)', '(31, 30)', '(33, 32)', '(21, 20)', '(31, 24)', '(22, 17)']","['(18, 19)', '(25, 20)', '(31, 30)', '(33, 32)', '(21, 20)', '(22, 17)', '(31, 24)']","[(34, 1), (27, 4), (28, 3), (17, 3), (34, 19), (27, 13), (14, 13), (17, 12), (19, 9), (31, 29), (28, 21), (32, 3), (15, 5), (29, 4), (33, 20), (35, 17), (16, 13), (33, 29), (21, 9), (35, 26), (34, 3), (27, 6), (17, 5), (22, 19), (30, 11), (19, 11), (35, 1), (24, 1), (33, 13), (35, 10), (15, 7), (18, 3), (35, 19), (24, 19), (25, 18), (33, 31), (35, 28), (22, 3), (31, 15), (29, 27), ... (+212 more)]",114,36,150
253,"(18, 19)","(19, 19)",West,"['(19, 19)', '(17, 19)']","['(18, 19)', '(25, 20)', '(31, 30)', '(33, 32)', '(21, 20)', '(22, 17)', '(31, 24)']","['(17, 19)', '(25, 20)', '(31, 30)', '(33, 32)', '(21, 20)', '(22, 17)', '(31, 24)']","[(34, 1), (27, 4), (28, 3), (17, 3), (34, 19), (27, 13), (14, 13), (17, 12), (19, 9), (31, 29), (28, 21), (32, 3), (15, 5), (29, 4), (33, 20), (35, 17), (16, 13), (33, 29), (21, 9), (35, 26), (18, 19), (34, 3), (27, 6), (17, 5), (22, 19), (30, 11), (19, 11), (35, 1), (24, 1), (33, 13), (35, 10), (15, 7), (18, 3), (35, 19), (24, 19), (25, 18), (33, 31), (35, 28), (22, 3), (31, 15), ... (+213 more)]",115,35,150
254,"(17, 19)","(18, 19)",West,"['(17, 20)', '(18, 19)', '(16, 19)']","['(17, 19)', '(25, 20)', '(31, 30)', '(33, 32)', '(21, 20)', '(22, 17)', '(31, 24)']","['(16, 19)', '(31, 30)', '(31, 24)', '(25, 20)', '(21, 20)', '(22, 17)', '(17, 20)', '(33, 32)']","[(34, 1), (27, 4), (28, 3), (17, 3), (34, 19), (27, 13), (14, 13), (17, 12), (19, 9), (31, 29), (28, 21), (32, 3), (15, 5), (29, 4), (33, 20), (35, 17), (16, 13), (33, 29), (21, 9), (35, 26), (18, 19), (34, 3), (27, 6), (17, 5), (22, 19), (30, 11), (19, 11), (35, 1), (24, 1), (33, 13), (35, 10), (15, 7), (18, 3), (35, 19), (24, 19), (25, 18), (33, 31), (35, 28), (22, 3), (31, 15), ... (+214 more)]",116,34,150
255,"(16, 19)","(17, 19)",West,"['(17, 19)', '(15, 19)']","['(16, 19)', '(31, 30)', '(31, 24)', '(25, 20)', '(21, 20)', '(22, 17)', '(17, 20)', '(33, 32)']","['(15, 19)', '(31, 30)', '(31, 24)', '(25, 20)', '(21, 20)', '(22, 17)', '(17, 20)', '(33, 32)']","[(34, 1), (27, 4), (28, 3), (17, 3), (34, 19), (27, 13), (14, 13), (17, 12), (19, 9), (31, 29), (28, 21), (32, 3), (15, 5), (29, 4), (33, 20), (35, 17), (16, 13), (33, 29), (21, 9), (35, 26), (18, 19), (34, 3), (27, 6), (17, 5), (22, 19), (30, 11), (19, 11), (35, 1), (24, 1), (33, 13), (35, 10), (15, 7), (18, 3), (35, 19), (24, 19), (25, 18), (33, 31), (35, 28), (22, 3), (31, 15), ... (+215 more)]",117,33,150
256,"(15, 19)","(16, 19)",West,"['(15, 18)', '(16, 19)', '(14, 19)']","['(15, 19)', '(31, 30)', '(31, 24)', '(25, 20)', '(21, 20)', '(22, 17)', '(17, 20)', '(33, 32)']","['(15, 18)', '(14, 19)', '(31, 24)', '(31, 30)', '(21, 20)', '(22, 17)', '(17, 20)', '(33, 32)', '(25, 20)']","[(34, 1), (27, 4), (28, 3), (17, 3), (34, 19), (27, 13), (14, 13), (17, 12), (19, 9), (31, 29), (28, 21), (32, 3), (15, 5), (29, 4), (33, 20), (35, 17), (16, 13), (33, 29), (21, 9), (35, 26), (18, 19), (34, 3), (27, 6), (17, 5), (22, 19), (30, 11), (19, 11), (35, 1), (24, 1), (33, 13), (35, 10), (15, 7), (18, 3), (35, 19), (24, 19), (25, 18), (33, 31), (35, 28), (22, 3), (31, 15), ... (+216 more)]",118,32,150
257,"(15, 18)","(15, 19)",South,"['(15, 19)', '(15, 17)']","['(15, 18)', '(14, 19)', '(31, 24)', '(31, 30)', '(21, 20)', '(22, 17)', '(17, 20)', '(33, 32)', '(25, 20)']","['(14, 19)', '(15, 17)', '(31, 24)', '(31, 30)', '(21, 20)', '(22, 17)', '(17, 20)', '(33, 32)', '(25, 20)']","[(34, 1), (27, 4), (28, 3), (17, 3), (34, 19), (27, 13), (14, 13), (17, 12), (19, 9), (31, 29), (28, 21), (32, 3), (15, 5), (29, 4), (33, 20), (35, 17), (16, 13), (33, 29), (21, 9), (35, 26), (18, 19), (34, 3), (27, 6), (17, 5), (22, 19), (30, 11), (19, 11), (35, 1), (24, 1), (33, 13), (35, 10), (15, 7), (18, 3), (35, 19), (24, 19), (25, 18), (33, 31), (35, 28), (22, 3), (31, 15), ... (+217 more)]",119,31,150
258,"(14, 19)","(15, 19)",West,"['(15, 19)', '(13, 19)']","['(14, 19)', '(15, 17)', '(31, 24)', '(31, 30)', '(21, 20)', '(22, 17)', '(17, 20)', '(33, 32)', '(25, 20)']","['(15, 17)', '(13, 19)', '(31, 24)', '(31, 30)', '(21, 20)', '(22, 17)', '(17, 20)', '(33, 32)', '(25, 20)']","[(34, 1), (27, 4), (28, 3), (17, 3), (34, 19), (27, 13), (14, 13), (17, 12), (19, 9), (31, 29), (28, 21), (32, 3), (15, 5), (29, 4), (33, 20), (35, 17), (16, 13), (33, 29), (21, 9), (35, 26), (18, 19), (34, 3), (27, 6), (17, 5), (22, 19), (30, 11), (19, 11), (35, 1), (24, 1), (33, 13), (35, 10), (15, 7), (18, 3), (35, 19), (24, 19), (25, 18), (33, 31), (35, 28), (22, 3), (31, 15), ... (+218 more)]",119,31,150
259,"(15, 17)","(15, 18)",South,"['(15, 18)', '(16, 17)']","['(15, 17)', '(13, 19)', '(31, 24)', '(31, 30)', '(21, 20)', '(22, 17)', '(17, 20)', '(33, 32)', '(25, 20)']","['(13, 19)', '(31, 30)', '(31, 24)', '(25, 20)', '(21, 20)', '(22, 17)', '(17, 20)', '(33, 32)', '(16, 17)']","[(34, 1), (27, 4), (28, 3), (17, 3), (34, 19), (27, 13), (14, 13), (17, 12), (19, 9), (31, 29), (28, 21), (32, 3), (15, 5), (29, 4), (33, 20), (35, 17), (16, 13), (33, 29), (21, 9), (35, 26), (18, 19), (34, 3), (27, 6), (17, 5), (22, 19), (30, 11), (19, 11), (35, 1), (24, 1), (33, 13), (35, 10), (15, 7), (18, 3), (35, 19), (24, 19), (25, 18), (33, 31), (35, 28), (22, 3), (31, 15), ... (+219 more)]",120,30,150
260,"(13, 19)","(14, 19)",West,"['(13, 20)', '(13, 18)', '(14, 19)', '(12, 19)']","['(13, 19)', '(31, 30)', '(31, 24)', '(25, 20)', '(21, 20)', '(22, 17)', '(17, 20)', '(33, 32)', '(16, 17)']","['(13, 18)', '(12, 19)', '(31, 24)', '(33, 32)', '(31, 30)', '(22, 17)', '(17, 20)', '(16, 17)', '(13, 20)', '(21, 20)', '(25, 20)']","[(34, 1), (27, 4), (28, 3), (17, 3), (34, 19), (27, 13), (14, 13), (17, 12), (19, 9), (31, 29), (28, 21), (32, 3), (15, 5), (29, 4), (33, 20), (35, 17), (16, 13), (33, 29), (21, 9), (35, 26), (18, 19), (34, 3), (27, 6), (17, 5), (22, 19), (30, 11), (19, 11), (35, 1), (24, 1), (33, 13), (35, 10), (15, 7), (18, 3), (35, 19), (24, 19), (25, 18), (13, 19), (33, 31), (35, 28), (22, 3), ... (+220 more)]",120,30,150
261,"(13, 18)","(13, 19)",South,"['(13, 19)', '(13, 17)']","['(13, 18)', '(12, 19)', '(31, 24)', '(33, 32)', '(31, 30)', '(22, 17)', '(17, 20)', '(16, 17)', '(13, 20)', '(21, 20)', '(25, 20)']","['(12, 19)', '(13, 17)', '(31, 24)', '(33, 32)', '(31, 30)', '(22, 17)', '(17, 20)', '(16, 17)', '(13, 20)', '(21, 20)', '(25, 20)']","[(34, 1), (27, 4), (28, 3), (17, 3), (34, 19), (27, 13), (14, 13), (17, 12), (19, 9), (31, 29), (28, 21), (32, 3), (15, 5), (29, 4), (33, 20), (35, 17), (16, 13), (33, 29), (21, 9), (35, 26), (18, 19), (34, 3), (27, 6), (17, 5), (22, 19), (30, 11), (19, 11), (35, 1), (24, 1), (33, 13), (35, 10), (15, 7), (18, 3), (35, 19), (24, 19), (25, 18), (13, 19), (33, 31), (35, 28), (22, 3), ... (+221 more)]",121,29,150
262,"(12, 19)","(13, 19)",West,"['(13, 19)', '(11, 19)']","['(12, 19)', '(13, 17)', '(31, 24)', '(33, 32)', '(31, 30)', '(22, 17)', '(17, 20)', '(16, 17)', '(13, 20)', '(21, 20)', '(25, 20)']","['(13, 17)', '(11, 19)', '(31, 24)', '(33, 32)', '(31, 30)', '(22, 17)', '(17, 20)', '(16, 17)', '(13, 20)', '(21, 20)', '(25, 20)']","[(34, 1), (27, 4), (28, 3), (17, 3), (34, 19), (27, 13), (14, 13), (17, 12), (19, 9), (31, 29), (28, 21), (32, 3), (15, 5), (29, 4), (33, 20), (35, 17), (16, 13), (33, 29), (21, 9), (35, 26), (18, 19), (34, 3), (27, 6), (17, 5), (22, 19), (30, 11), (19, 11), (35, 1), (24, 1), (33, 13), (35, 10), (15, 7), (18, 3), (35, 19), (24, 19), (25, 18), (13, 19), (33, 31), (35, 28), (22, 3), ... (+222 more)]",121,29,150
263,"(13, 17)","(13, 18)",South,"['(13, 18)']","['(13, 17)', '(11, 19)', '(31, 24)', '(33, 32)', '(31, 30)', '(22, 17)', '(17, 20)', '(16, 17)', '(13, 20)', '(21, 20)', '(25, 20)']","['(11, 19)', '(31, 30)', '(31, 24)', '(33, 32)', '(25, 20)', '(22, 17)', '(17, 20)', '(16, 17)', '(13, 20)', '(21, 20)']","[(34, 1), (27, 4), (28, 3), (17, 3), (34, 19), (27, 13), (14, 13), (17, 12), (19, 9), (31, 29), (28, 21), (32, 3), (15, 5), (29, 4), (33, 20), (35, 17), (13, 17), (16, 13), (33, 29), (21, 9), (35, 26), (18, 19), (34, 3), (27, 6), (17, 5), (22, 19), (30, 11), (19, 11), (35, 1), (24, 1), (33, 13), (35, 10), (15, 7), (18, 3), (35, 19), (24, 19), (25, 18), (13, 19), (33, 31), (35, 28), ... (+223 more)]",122,28,150
264,"(11, 19)","(12, 19)",West,"['(11, 18)', '(12, 19)', '(10, 19)']","['(11, 19)', '(31, 30)', '(31, 24)', '(33, 32)', '(25, 20)', '(22, 17)', '(17, 20)', '(16, 17)', '(13, 20)', '(21, 20)']","['(11, 18)', '(10, 19)', '(31, 24)', '(33, 32)', '(31, 30)', '(22, 17)', '(17, 20)', '(16, 17)', '(13, 20)', '(21, 20)', '(25, 20)']","[(34, 1), (27, 4), (28, 3), (17, 3), (34, 19), (27, 13), (14, 13), (17, 12), (19, 9), (31, 29), (28, 21), (32, 3), (15, 5), (29, 4), (33, 20), (35, 17), (13, 17), (16, 13), (33, 29), (21, 9), (35, 26), (18, 19), (34, 3), (27, 6), (17, 5), (22, 19), (30, 11), (19, 11), (35, 1), (24, 1), (33, 13), (35, 10), (15, 7), (18, 3), (35, 19), (24, 19), (25, 18), (13, 19), (33, 31), (35, 28), ... (+224 more)]",122,28,150
265,"(11, 18)","(11, 19)",South,"['(11, 19)', '(11, 17)']","['(11, 18)', '(10, 19)', '(31, 24)', '(33, 32)', '(31, 30)', '(22, 17)', '(17, 20)', '(16, 17)', '(13, 20)', '(21, 20)', '(25, 20)']","['(10, 19)', '(11, 17)', '(31, 24)', '(33, 32)', '(31, 30)', '(22, 17)', '(17, 20)', '(16, 17)', '(13, 20)', '(21, 20)', '(25, 20)']","[(34, 1), (27, 4), (28, 3), (17, 3), (34, 19), (27, 13), (14, 13), (17, 12), (19, 9), (31, 29), (28, 21), (32, 3), (15, 5), (29, 4), (33, 20), (35, 17), (13, 17), (16, 13), (33, 29), (21, 9), (35, 26), (18, 19), (34, 3), (27, 6), (17, 5), (22, 19), (30, 11), (19, 11), (35, 1), (24, 1), (33, 13), (35, 10), (15, 7), (18, 3), (35, 19), (24, 19), (25, 18), (13, 19), (33, 31), (35, 28), ... (+225 more)]",123,27,150
266,"(10, 19)","(11, 19)",West,"['(11, 19)', '(9, 19)']","['(10, 19)', '(11, 17)', '(31, 24)', '(33, 32)', '(31, 30)', '(22, 17)', '(17, 20)', '(16, 17)', '(13, 20)', '(21, 20)', '(25, 20)']","['(11, 17)', '(9, 19)', '(31, 24)', '(33, 32)', '(31, 30)', '(22, 17)', '(17, 20)', '(16, 17)', '(13, 20)', '(21, 20)', '(25, 20)']","[(34, 1), (27, 4), (28, 3), (17, 3), (34, 19), (27, 13), (14, 13), (17, 12), (19, 9), (31, 29), (28, 21), (32, 3), (15, 5), (29, 4), (33, 20), (35, 17), (13, 17), (16, 13), (33, 29), (21, 9), (35, 26), (18, 19), (34, 3), (27, 6), (17, 5), (22, 19), (30, 11), (19, 11), (35, 1), (24, 1), (33, 13), (35, 10), (15, 7), (18, 3), (35, 19), (24, 19), (25, 18), (13, 19), (33, 31), (35, 28), ... (+226 more)]",123,27,150
267,"(11, 17)","(11, 18)",South,"['(11, 18)']","['(11, 17)', '(9, 19)', '(31, 24)', '(33, 32)', '(31, 30)', '(22, 17)', '(17, 20)', '(16, 17)', '(13, 20)', '(21, 20)', '(25, 20)']","['(9, 19)', '(31, 30)', '(31, 24)', '(33, 32)', '(25, 20)', '(22, 17)', '(17, 20)', '(16, 17)', '(13, 20)', '(21, 20)']","[(34, 1), (27, 4), (28, 3), (17, 3), (34, 19), (27, 13), (14, 13), (17, 12), (19, 9), (31, 29), (28, 21), (32, 3), (15, 5), (29, 4), (33, 20), (35, 17), (13, 17), (16, 13), (33, 29), (21, 9), (35, 26), (18, 19), (34, 3), (27, 6), (17, 5), (22, 19), (30, 11), (19, 11), (35, 1), (24, 1), (33, 13), (35, 10), (15, 7), (18, 3), (35, 19), (24, 19), (25, 18), (13, 19), (33, 31), (35, 28), ... (+227 more)]",124,26,150
268,"(9, 19)","(10, 19)",West,"['(9, 20)', '(10, 19)']","['(9, 19)', '(31, 30)', '(31, 24)', '(33, 32)', '(25, 20)', '(22, 17)', '(17, 20)', '(16, 17)', '(13, 20)', '(21, 20)']","['(31, 30)', '(25, 20)', '(31, 24)', '(33, 32)', '(21, 20)', '(22, 17)', '(17, 20)', '(16, 17)', '(13, 20)', '(9, 20)']","[(34, 1), (27, 4), (28, 3), (17, 3), (34, 19), (27, 13), (14, 13), (17, 12), (19, 9), (31, 29), (28, 21), (32, 3), (15, 5), (29, 4), (33, 20), (35, 17), (13, 17), (16, 13), (33, 29), (21, 9), (35, 26), (18, 19), (34, 3), (27, 6), (17, 5), (22, 19), (30, 11), (19, 11), (9, 19), (35, 1), (24, 1), (33, 13), (35, 10), (15, 7), (18, 3), (35, 19), (24, 19), (25, 18), (13, 19), (33, 31), ... (+228 more)]",124,26,150
269,"(31, 30)","(31, 29)",North,"['(31, 31)', '(31, 29)']","['(31, 30)', '(25, 20)', '(31, 24)', '(33, 32)', '(21, 20)', '(22, 17)', '(17, 20)', '(16, 17)', '(13, 20)', '(9, 20)']","['(31, 24)', '(25, 20)', '(22, 17)', '(33, 32)', '(21, 20)', '(9, 20)', '(17, 20)', '(16, 17)', '(13, 20)', '(31, 31)']","[(34, 1), (27, 4), (28, 3), (17, 3), (34, 19), (27, 13), (14, 13), (17, 12), (19, 9), (31, 29), (28, 21), (32, 3), (15, 5), (29, 4), (33, 20), (35, 17), (13, 17), (16, 13), (33, 29), (21, 9), (35, 26), (18, 19), (34, 3), (27, 6), (17, 5), (22, 19), (30, 11), (19, 11), (9, 19), (35, 1), (24, 1), (33, 13), (35, 10), (15, 7), (18, 3), (35, 19), (24, 19), (25, 18), (13, 19), (33, 31), ... (+229 more)]",93,59,152
270,"(31, 24)","(31, 23)",North,"['(31, 25)', '(31, 23)']","['(31, 24)', '(25, 20)', '(22, 17)', '(33, 32)', '(21, 20)', '(9, 20)', '(17, 20)', '(16, 17)', '(13, 20)', '(31, 31)']","['(25, 20)', '(33, 32)', '(22, 17)', '(16, 17)', '(21, 20)', '(9, 20)', '(17, 20)', '(31, 31)', '(13, 20)', '(31, 25)']","[(34, 1), (27, 4), (28, 3), (17, 3), (34, 19), (27, 13), (14, 13), (17, 12), (19, 9), (31, 29), (28, 21), (32, 3), (15, 5), (29, 4), (33, 20), (35, 17), (13, 17), (16, 13), (33, 29), (21, 9), (35, 26), (18, 19), (34, 3), (27, 6), (17, 5), (22, 19), (30, 11), (19, 11), (9, 19), (35, 1), (24, 1), (33, 13), (35, 10), (15, 7), (18, 3), (35, 19), (24, 19), (25, 18), (13, 19), (33, 31), ... (+230 more)]",99,53,152
271,"(25, 20)","(25, 19)",North,"['(25, 21)', '(25, 19)']","['(25, 20)', '(33, 32)', '(22, 17)', '(16, 17)', '(21, 20)', '(9, 20)', '(17, 20)', '(31, 31)', '(13, 20)', '(31, 25)']","['(33, 32)', '(21, 20)', '(22, 17)', '(16, 17)', '(31, 25)', '(9, 20)', '(17, 20)', '(31, 31)', '(13, 20)', '(25, 21)']","[(34, 1), (27, 4), (28, 3), (17, 3), (34, 19), (27, 13), (14, 13), (17, 12), (19, 9), (31, 29), (28, 21), (32, 3), (15, 5), (29, 4), (33, 20), (35, 17), (13, 17), (16, 13), (33, 29), (21, 9), (35, 26), (18, 19), (34, 3), (27, 6), (17, 5), (22, 19), (30, 11), (19, 11), (9, 19), (35, 1), (24, 1), (33, 13), (35, 10), (15, 7), (18, 3), (35, 19), (24, 19), (25, 18), (13, 19), (33, 31), ... (+231 more)]",109,43,152
272,"(33, 32)","(33, 31)",North,"['(33, 33)', '(33, 31)']","['(33, 32)', '(21, 20)', '(22, 17)', '(16, 17)', '(31, 25)', '(9, 20)', '(17, 20)', '(31, 31)', '(13, 20)', '(25, 21)']","['(21, 20)', '(16, 17)', '(22, 17)', '(13, 20)', '(31, 25)', '(9, 20)', '(17, 20)', '(31, 31)', '(25, 21)', '(33, 33)']","[(34, 1), (27, 4), (28, 3), (17, 3), (34, 19), (27, 13), (14, 13), (17, 12), (19, 9), (31, 29), (28, 21), (32, 3), (15, 5), (29, 4), (33, 20), (35, 17), (13, 17), (16, 13), (33, 29), (21, 9), (35, 26), (18, 19), (34, 3), (27, 6), (17, 5), (22, 19), (30, 11), (19, 11), (9, 19), (35, 1), (24, 1), (33, 13), (35, 10), (15, 7), (18, 3), (35, 19), (24, 19), (25, 18), (13, 19), (33, 31), ... (+232 more)]",89,63,152
273,"(21, 20)","(21, 19)",North,"['(21, 21)', '(21, 19)']","['(21, 20)', '(16, 17)', '(22, 17)', '(13, 20)', '(31, 25)', '(9, 20)', '(17, 20)', '(31, 31)', '(25, 21)', '(33, 33)']","['(22, 17)', '(16, 17)', '(17, 20)', '(13, 20)', '(31, 25)', '(9, 20)', '(33, 33)', '(31, 31)', '(25, 21)', '(21, 21)']","[(34, 1), (27, 4), (28, 3), (17, 3), (34, 19), (27, 13), (14, 13), (17, 12), (19, 9), (31, 29), (28, 21), (32, 3), (15, 5), (29, 4), (33, 20), (35, 17), (13, 17), (16, 13), (33, 29), (21, 9), (35, 26), (18, 19), (34, 3), (27, 6), (17, 5), (22, 19), (30, 11), (19, 11), (9, 19), (35, 1), (24, 1), (33, 13), (35, 10), (15, 7), (18, 3), (35, 19), (24, 19), (25, 18), (13, 19), (33, 31), ... (+233 more)]",113,39,152
274,"(22, 17)","(21, 17)",East,"['(23, 17)', '(21, 17)']","['(22, 17)', '(16, 17)', '(17, 20)', '(13, 20)', '(31, 25)', '(9, 20)', '(33, 33)', '(31, 31)', '(25, 21)', '(21, 21)']","['(17, 20)', '(16, 17)', '(9, 20)', '(13, 20)', '(31, 25)', '(21, 21)', '(33, 33)', '(31, 31)', '(25, 21)', '(23, 17)']","[(34, 1), (27, 4), (28, 3), (17, 3), (34, 19), (27, 13), (14, 13), (17, 12), (19, 9), (31, 29), (22, 17), (28, 21), (32, 3), (15, 5), (29, 4), (33, 20), (35, 17), (13, 17), (16, 13), (33, 29), (21, 9), (35, 26), (18, 19), (34, 3), (27, 6), (17, 5), (22, 19), (30, 11), (19, 11), (9, 19), (35, 1), (24, 1), (33, 13), (35, 10), (15, 7), (18, 3), (35, 19), (24, 19), (25, 18), (13, 19), ... (+234 more)]",115,37,152
275,"(17, 20)","(17, 19)",North,"['(17, 21)', '(17, 19)']","['(17, 20)', '(16, 17)', '(9, 20)', '(13, 20)', '(31, 25)', '(21, 21)', '(33, 33)', '(31, 31)', '(25, 21)', '(23, 17)']","['(16, 17)', '(13, 20)', '(9, 20)', '(31, 31)', '(31, 25)', '(21, 21)', '(33, 33)', '(23, 17)', '(25, 21)', '(17, 21)']","[(34, 1), (27, 4), (28, 3), (17, 3), (34, 19), (27, 13), (14, 13), (17, 12), (19, 9), (31, 29), (22, 17), (28, 21), (32, 3), (15, 5), (29, 4), (33, 20), (35, 17), (13, 17), (16, 13), (33, 29), (21, 9), (35, 26), (18, 19), (34, 3), (27, 6), (17, 5), (22, 19), (30, 11), (19, 11), (9, 19), (35, 1), (24, 1), (33, 13), (35, 10), (15, 7), (18, 3), (35, 19), (24, 19), (25, 18), (13, 19), ... (+235 more)]",117,35,152
276,"(16, 17)","(15, 17)",East,"['(17, 17)', '(15, 17)']","['(16, 17)', '(13, 20)', '(9, 20)', '(31, 31)', '(31, 25)', '(21, 21)', '(33, 33)', '(23, 17)', '(25, 21)', '(17, 21)']","['(13, 20)', '(31, 31)', '(9, 20)', '(25, 21)', '(31, 25)', '(21, 21)', '(33, 33)', '(23, 17)', '(17, 21)', '(17, 17)']","[(34, 1), (27, 4), (28, 3), (17, 3), (34, 19), (27, 13), (14, 13), (17, 12), (19, 9), (31, 29), (22, 17), (28, 21), (32, 3), (15, 5), (29, 4), (33, 20), (35, 17), (13, 17), (16, 13), (33, 29), (21, 9), (35, 26), (18, 19), (34, 3), (27, 6), (17, 5), (22, 19), (30, 11), (19, 11), (9, 19), (35, 1), (24, 1), (33, 13), (35, 10), (15, 7), (18, 3), (35, 19), (24, 19), (25, 18), (13, 19), ... (+236 more)]",121,31,152
277,"(13, 20)","(13, 19)",North,"['(13, 21)', '(13, 19)']","['(13, 20)', '(31, 31)', '(9, 20)', '(25, 21)', '(31, 25)', '(21, 21)', '(33, 33)', '(23, 17)', '(17, 21)', '(17, 17)']","['(9, 20)', '(31, 31)', '(33, 33)', '(25, 21)', '(31, 25)', '(21, 21)', '(17, 17)', '(23, 17)', '(17, 21)', '(13, 21)']","[(34, 1), (27, 4), (28, 3), (17, 3), (34, 19), (27, 13), (14, 13), (17, 12), (19, 9), (31, 29), (22, 17), (28, 21), (32, 3), (15, 5), (29, 4), (33, 20), (35, 17), (13, 17), (16, 13), (33, 29), (21, 9), (35, 26), (18, 19), (34, 3), (27, 6), (17, 5), (22, 19), (13, 20), (30, 11), (19, 11), (9, 19), (35, 1), (24, 1), (33, 13), (35, 10), (15, 7), (18, 3), (35, 19), (24, 19), (25, 18), ... (+237 more)]",121,31,152
278,"(9, 20)","(9, 19)",North,"['(9, 21)', '(9, 19)']","['(9, 20)', '(31, 31)', '(33, 33)', '(25, 21)', '(31, 25)', '(21, 21)', '(17, 17)', '(23, 17)', '(17, 21)', '(13, 21)']","['(31, 31)', '(31, 25)', '(33, 33)', '(25, 21)', '(13, 21)', '(21, 21)', '(17, 17)', '(23, 17)', '(17, 21)', '(9, 21)']","[(34, 1), (27, 4), (28, 3), (17, 3), (34, 19), (27, 13), (14, 13), (17, 12), (19, 9), (31, 29), (22, 17), (28, 21), (32, 3), (15, 5), (29, 4), (33, 20), (35, 17), (13, 17), (16, 13), (33, 29), (21, 9), (35, 26), (18, 19), (34, 3), (27, 6), (17, 5), (22, 19), (13, 20), (30, 11), (19, 11), (9, 19), (35, 1), (24, 1), (33, 13), (35, 10), (15, 7), (18, 3), (35, 19), (24, 19), (25, 18), ... (+238 more)]",125,27,152
279,"(31, 31)","(31, 30)",North,"['(31, 32)', '(31, 30)']","['(31, 31)', '(31, 25)', '(33, 33)', '(25, 21)', '(13, 21)', '(21, 21)', '(17, 17)', '(23, 17)', '(17, 21)', '(9, 21)']","['(31, 25)', '(25, 21)', '(33, 33)', '(23, 17)', '(13, 21)', '(21, 21)', '(17, 17)', '(9, 21)', '(17, 21)', '(31, 32)']","[(34, 1), (27, 4), (28, 3), (17, 3), (34, 19), (27, 13), (14, 13), (17, 12), (19, 9), (31, 29), (22, 17), (28, 21), (32, 3), (15, 5), (29, 4), (33, 20), (35, 17), (13, 17), (16, 13), (33, 29), (21, 9), (35, 26), (18, 19), (34, 3), (27, 6), (17, 5), (22, 19), (13, 20), (31, 31), (30, 11), (19, 11), (9, 19), (35, 1), (24, 1), (33, 13), (35, 10), (15, 7), (18, 3), (35, 19), (24, 19), ... (+239 more)]",94,60,154
280,"(31, 25)","(31, 24)",North,"['(31, 24)']","['(31, 25)', '(25, 21)', '(33, 33)', '(23, 17)', '(13, 21)', '(21, 21)', '(17, 17)', '(9, 21)', '(17, 21)', '(31, 32)']","['(25, 21)', '(23, 17)', '(33, 33)', '(17, 21)', '(13, 21)', '(21, 21)', '(17, 17)', '(9, 21)', '(31, 32)']","[(34, 1), (27, 4), (28, 3), (17, 3), (34, 19), (27, 13), (14, 13), (17, 12), (19, 9), (31, 29), (22, 17), (28, 21), (32, 3), (15, 5), (29, 4), (33, 20), (35, 17), (13, 17), (16, 13), (33, 29), (21, 9), (35, 26), (18, 19), (34, 3), (27, 6), (17, 5), (22, 19), (13, 20), (31, 31), (30, 11), (19, 11), (9, 19), (35, 1), (24, 1), (33, 13), (35, 10), (15, 7), (18, 3), (35, 19), (24, 19), ... (+240 more)]",100,54,154
281,"(25, 21)","(25, 20)",North,"['(25, 22)', '(25, 20)']","['(25, 21)', '(23, 17)', '(33, 33)', '(17, 21)', '(13, 21)', '(21, 21)', '(17, 17)', '(9, 21)', '(31, 32)']","['(33, 33)', '(23, 17)', '(21, 21)', '(17, 21)', '(13, 21)', '(31, 32)', '(17, 17)', '(9, 21)', '(25, 22)']","[(34, 1), (27, 4), (28, 3), (17, 3), (34, 19), (27, 13), (14, 13), (17, 12), (19, 9), (31, 29), (22, 17), (28, 21), (32, 3), (15, 5), (29, 4), (33, 20), (35, 17), (13, 17), (16, 13), (33, 29), (21, 9), (35, 26), (18, 19), (34, 3), (27, 6), (17, 5), (22, 19), (13, 20), (31, 31), (30, 11), (19, 11), (9, 19), (35, 1), (24, 1), (33, 13), (35, 10), (15, 7), (18, 3), (35, 19), (24, 19), ... (+241 more)]",110,44,154
282,"(33, 33)","(33, 32)",North,"['(33, 34)', '(33, 32)', '(34, 33)']","['(33, 33)', '(23, 17)', '(21, 21)', '(17, 21)', '(13, 21)', '(31, 32)', '(17, 17)', '(9, 21)', '(25, 22)']","['(21, 21)', '(23, 17)', '(17, 17)', '(17, 21)', '(13, 21)', '(31, 32)', '(25, 22)', '(9, 21)', '(33, 34)', '(34, 33)']","[(34, 1), (27, 4), (28, 3), (17, 3), (34, 19), (27, 13), (14, 13), (17, 12), (19, 9), (31, 29), (22, 17), (28, 21), (32, 3), (15, 5), (29, 4), (33, 20), (35, 17), (13, 17), (16, 13), (33, 29), (21, 9), (35, 26), (18, 19), (34, 3), (27, 6), (17, 5), (22, 19), (13, 20), (31, 31), (30, 11), (19, 11), (9, 19), (35, 1), (24, 1), (33, 13), (35, 10), (15, 7), (18, 3), (35, 19), (24, 19), ... (+242 more)]",90,64,154
283,"(21, 21)","(21, 20)",North,"['(21, 22)', '(21, 20)', '(22, 21)', '(20, 21)']","['(21, 21)', '(23, 17)', '(17, 17)', '(17, 21)', '(13, 21)', '(31, 32)', '(25, 22)', '(9, 21)', '(33, 34)', '(34, 33)']","['(23, 17)', '(17, 21)', '(17, 17)', '(9, 21)', '(13, 21)', '(20, 21)', '(25, 22)', '(34, 33)', '(33, 34)', '(21, 22)', '(22, 21)', '(31, 32)']","[(34, 1), (27, 4), (28, 3), (17, 3), (34, 19), (27, 13), (14, 13), (17, 12), (19, 9), (31, 29), (22, 17), (28, 21), (32, 3), (15, 5), (29, 4), (33, 20), (35, 17), (13, 17), (16, 13), (33, 29), (21, 9), (35, 26), (18, 19), (34, 3), (27, 6), (17, 5), (22, 19), (13, 20), (31, 31), (30, 11), (19, 11), (9, 19), (35, 1), (24, 1), (33, 13), (35, 10), (15, 7), (18, 3), (35, 19), (24, 19), ... (+243 more)]",114,40,154
284,"(23, 17)","(22, 17)",East,"['(22, 17)']","['(23, 17)', '(17, 21)', '(17, 17)', '(9, 21)', '(13, 21)', '(20, 21)', '(25, 22)', '(34, 33)', '(33, 34)', '(21, 22)', '(22, 21)', '(31, 32)']","['(17, 21)', '(13, 21)', '(17, 17)', '(9, 21)', '(31, 32)', '(20, 21)', '(25, 22)', '(34, 33)', '(33, 34)', '(21, 22)', '(22, 21)']","[(34, 1), (27, 4), (28, 3), (17, 3), (34, 19), (27, 13), (14, 13), (17, 12), (19, 9), (31, 29), (22, 17), (28, 21), (32, 3), (15, 5), (29, 4), (33, 20), (35, 17), (13, 17), (16, 13), (33, 29), (21, 9), (35, 26), (18, 19), (34, 3), (27, 6), (17, 5), (22, 19), (13, 20), (31, 31), (30, 11), (19, 11), (9, 19), (35, 1), (24, 1), (33, 13), (35, 10), (15, 7), (18, 3), (35, 19), (24, 19), ... (+244 more)]",116,38,154
285,"(17, 21)","(17, 20)",North,"['(17, 20)']","['(17, 21)', '(13, 21)', '(17, 17)', '(9, 21)', '(31, 32)', '(20, 21)', '(25, 22)', '(34, 33)', '(33, 34)', '(21, 22)', '(22, 21)']","['(17, 17)', '(13, 21)', '(20, 21)', '(9, 21)', '(31, 32)', '(22, 21)', '(25, 22)', '(34, 33)', '(33, 34)', '(21, 22)']","[(34, 1), (27, 4), (28, 3), (17, 3), (34, 19), (27, 13), (14, 13), (17, 12), (19, 9), (31, 29), (22, 17), (28, 21), (32, 3), (17, 21), (15, 5), (29, 4), (33, 20), (35, 17), (13, 17), (16, 13), (33, 29), (21, 9), (35, 26), (18, 19), (34, 3), (27, 6), (17, 5), (22, 19), (13, 20), (31, 31), (30, 11), (19, 11), (9, 19), (35, 1), (24, 1), (33, 13), (35, 10), (15, 7), (18, 3), (35, 19), ... (+245 more)]",118,36,154
286,"(17, 17)","(16, 17)",East,"['(18, 17)', '(16, 17)']","['(17, 17)', '(13, 21)', '(20, 21)', '(9, 21)', '(31, 32)', '(22, 21)', '(25, 22)', '(34, 33)', '(33, 34)', '(21, 22)']","['(13, 21)', '(9, 21)', '(20, 21)', '(33, 34)', '(31, 32)', '(22, 21)', '(25, 22)', '(34, 33)', '(21, 22)', '(18, 17)']","[(34, 1), (27, 4), (28, 3), (17, 3), (34, 19), (27, 13), (14, 13), (17, 12), (19, 9), (31, 29), (22, 17), (28, 21), (32, 3), (17, 21), (15, 5), (29, 4), (33, 20), (35, 17), (13, 17), (16, 13), (33, 29), (21, 9), (35, 26), (18, 19), (34, 3), (27, 6), (17, 5), (22, 19), (13, 20), (31, 31), (30, 11), (19, 11), (9, 19), (35, 1), (24, 1), (33, 13), (35, 10), (15, 7), (18, 3), (35, 19), ... (+246 more)]",122,32,154
287,"(13, 21)","(13, 20)",North,"['(13, 20)', '(14, 21)', '(12, 21)']","['(13, 21)', '(9, 21)', '(20, 21)', '(33, 34)', '(31, 32)', '(22, 21)', '(25, 22)', '(34, 33)', '(21, 22)', '(18, 17)']","['(9, 21)', '(12, 21)', '(20, 21)', '(33, 34)', '(31, 32)', '(22, 21)', '(25, 22)', '(34, 33)', '(21, 22)', '(14, 21)', '(18, 17)']","[(34, 1), (27, 4), (28, 3), (17, 3), (34, 19), (27, 13), (14, 13), (17, 12), (19, 9), (31, 29), (22, 17), (28, 21), (32, 3), (17, 21), (15, 5), (29, 4), (33, 20), (35, 17), (13, 17), (16, 13), (33, 29), (21, 9), (35, 26), (18, 19), (34, 3), (27, 6), (17, 5), (22, 19), (13, 20), (31, 31), (30, 11), (19, 11), (9, 19), (35, 1), (24, 1), (33, 13), (35, 10), (15, 7), (18, 3), (35, 19), ... (+247 more)]",122,32,154
288,"(9, 21)","(9, 20)",North,"['(9, 22)', '(9, 20)']","['(9, 21)', '(12, 21)', '(20, 21)', '(33, 34)', '(31, 32)', '(22, 21)', '(25, 22)', '(34, 33)', '(21, 22)', '(14, 21)', '(18, 17)']","['(20, 21)', '(12, 21)', '(25, 22)', '(33, 34)', '(31, 32)', '(22, 21)', '(18, 17)', '(34, 33)', '(21, 22)', '(14, 21)', '(9, 22)']","[(34, 1), (27, 4), (28, 3), (17, 3), (34, 19), (27, 13), (14, 13), (17, 12), (19, 9), (31, 29), (22, 17), (28, 21), (32, 3), (17, 21), (15, 5), (29, 4), (33, 20), (35, 17), (13, 17), (16, 13), (33, 29), (21, 9), (35, 26), (18, 19), (34, 3), (27, 6), (17, 5), (22, 19), (13, 20), (31, 31), (30, 11), (19, 11), (9, 19), (35, 1), (24, 1), (33, 13), (35, 10), (15, 7), (18, 3), (35, 19), ... (+248 more)]",126,28,154
289,"(20, 21)","(21, 21)",West,"['(21, 21)', '(19, 21)']","['(20, 21)', '(12, 21)', '(25, 22)', '(33, 34)', '(31, 32)', '(22, 21)', '(18, 17)', '(34, 33)', '(21, 22)', '(14, 21)', '(9, 22)']","['(12, 21)', '(19, 21)', '(25, 22)', '(33, 34)', '(31, 32)', '(22, 21)', '(18, 17)', '(34, 33)', '(21, 22)', '(9, 22)', '(14, 21)']","[(34, 1), (27, 4), (28, 3), (17, 3), (34, 19), (27, 13), (14, 13), (17, 12), (19, 9), (31, 29), (22, 17), (28, 21), (32, 3), (17, 21), (15, 5), (29, 4), (33, 20), (35, 17), (13, 17), (16, 13), (33, 29), (21, 9), (35, 26), (18, 19), (34, 3), (27, 6), (17, 5), (22, 19), (13, 20), (31, 31), (30, 11), (19, 11), (9, 19), (35, 1), (24, 1), (33, 13), (35, 10), (15, 7), (18, 3), (35, 19), ... (+249 more)]",115,39,154
290,"(12, 21)","(13, 21)",West,"['(13, 21)', '(11, 21)']","['(12, 21)', '(19, 21)', '(25, 22)', '(33, 34)', '(31, 32)', '(22, 21)', '(18, 17)', '(34, 33)', '(21, 22)', '(9, 22)', '(14, 21)']","['(19, 21)', '(11, 21)', '(25, 22)', '(33, 34)', '(31, 32)', '(22, 21)', '(18, 17)', '(34, 33)', '(21, 22)', '(9, 22)', '(14, 21)']","[(34, 1), (27, 4), (28, 3), (17, 3), (34, 19), (27, 13), (14, 13), (17, 12), (19, 9), (31, 29), (22, 17), (28, 21), (32, 3), (17, 21), (15, 5), (29, 4), (33, 20), (35, 17), (13, 17), (16, 13), (33, 29), (21, 9), (35, 26), (18, 19), (34, 3), (27, 6), (17, 5), (22, 19), (13, 20), (31, 31), (30, 11), (19, 11), (9, 19), (35, 1), (24, 1), (33, 13), (35, 10), (15, 7), (18, 3), (35, 19), ... (+250 more)]",123,31,154
291,"(19, 21)","(20, 21)",West,"['(20, 21)']","['(19, 21)', '(11, 21)', '(25, 22)', '(33, 34)', '(31, 32)', '(22, 21)', '(18, 17)', '(34, 33)', '(21, 22)', '(9, 22)', '(14, 21)']","['(11, 21)', '(31, 32)', '(25, 22)', '(33, 34)', '(14, 21)', '(22, 21)', '(18, 17)', '(34, 33)', '(21, 22)', '(9, 22)']","[(34, 1), (27, 4), (28, 3), (17, 3), (34, 19), (27, 13), (14, 13), (17, 12), (19, 9), (31, 29), (22, 17), (28, 21), (32, 3), (17, 21), (15, 5), (29, 4), (33, 20), (35, 17), (13, 17), (16, 13), (33, 29), (21, 9), (35, 26), (18, 19), (34, 3), (27, 6), (17, 5), (22, 19), (13, 20), (31, 31), (30, 11), (19, 11), (9, 19), (35, 1), (24, 1), (33, 13), (35, 10), (15, 7), (18, 3), (35, 19), ... (+251 more)]",116,38,154
292,"(11, 21)","(12, 21)",West,"['(12, 21)']","['(11, 21)', '(31, 32)', '(25, 22)', '(33, 34)', '(14, 21)', '(22, 21)', '(18, 17)', '(34, 33)', '(21, 22)', '(9, 22)']","['(31, 32)', '(33, 34)', '(25, 22)', '(34, 33)', '(14, 21)', '(22, 21)', '(18, 17)', '(9, 22)', '(21, 22)']","[(34, 1), (27, 4), (28, 3), (17, 3), (34, 19), (27, 13), (14, 13), (17, 12), (19, 9), (31, 29), (22, 17), (28, 21), (32, 3), (17, 21), (15, 5), (29, 4), (33, 20), (35, 17), (13, 17), (16, 13), (33, 29), (21, 9), (35, 26), (18, 19), (34, 3), (27, 6), (17, 5), (22, 19), (13, 20), (31, 31), (30, 11), (19, 11), (9, 19), (35, 1), (24, 1), (33, 13), (35, 10), (15, 7), (18, 3), (35, 19), ... (+252 more)]",124,30,154
293,"(31, 32)","(31, 31)",North,"['(31, 33)', '(31, 31)']","['(31, 32)', '(33, 34)', '(25, 22)', '(34, 33)', '(14, 21)', '(22, 21)', '(18, 17)', '(9, 22)', '(21, 22)']","['(25, 22)', '(33, 34)', '(21, 22)', '(34, 33)', '(14, 21)', '(22, 21)', '(18, 17)', '(9, 22)', '(31, 33)']","[(34, 1), (27, 4), (28, 3), (17, 3), (34, 19), (27, 13), (14, 13), (17, 12), (19, 9), (31, 29), (22, 17), (28, 21), (32, 3), (17, 21), (15, 5), (29, 4), (33, 20), (35, 17), (13, 17), (16, 13), (33, 29), (21, 9), (35, 26), (18, 19), (34, 3), (27, 6), (17, 5), (22, 19), (13, 20), (31, 31), (30, 11), (19, 11), (9, 19), (35, 1), (24, 1), (33, 13), (35, 10), (15, 7), (18, 3), (35, 19), ... (+253 more)]",95,61,156
294,"(25, 22)","(25, 21)",North,"['(25, 23)', '(25, 21)']","['(25, 22)', '(33, 34)', '(21, 22)', '(34, 33)', '(14, 21)', '(22, 21)', '(18, 17)', '(9, 22)', '(31, 33)']","['(33, 34)', '(34, 33)', '(21, 22)', '(9, 22)', '(14, 21)', '(22, 21)', '(18, 17)', '(31, 33)', '(25, 23)']","[(34, 1), (27, 4), (28, 3), (17, 3), (34, 19), (27, 13), (14, 13), (17, 12), (19, 9), (31, 29), (22, 17), (28, 21), (32, 3), (17, 21), (15, 5), (29, 4), (33, 20), (35, 17), (13, 17), (16, 13), (33, 29), (21, 9), (35, 26), (18, 19), (34, 3), (25, 22), (27, 6), (17, 5), (22, 19), (13, 20), (31, 31), (30, 11), (19, 11), (9, 19), (35, 1), (24, 1), (33, 13), (35, 10), (15, 7), (18, 3), ... (+254 more)]",111,45,156
295,"(33, 34)","(33, 33)",North,"['(33, 35)', '(33, 33)']","['(33, 34)', '(34, 33)', '(21, 22)', '(9, 22)', '(14, 21)', '(22, 21)', '(18, 17)', '(31, 33)', '(25, 23)']","['(34, 33)', '(14, 21)', '(21, 22)', '(9, 22)', '(25, 23)', '(22, 21)', '(18, 17)', '(31, 33)', '(33, 35)']","[(34, 1), (27, 4), (28, 3), (17, 3), (34, 19), (27, 13), (14, 13), (17, 12), (19, 9), (31, 29), (22, 17), (28, 21), (32, 3), (17, 21), (15, 5), (29, 4), (33, 20), (35, 17), (13, 17), (16, 13), (33, 29), (21, 9), (35, 26), (18, 19), (34, 3), (25, 22), (27, 6), (17, 5), (22, 19), (13, 20), (31, 31), (30, 11), (19, 11), (9, 19), (35, 1), (24, 1), (33, 13), (35, 10), (15, 7), (18, 3), ... (+255 more)]",91,65,156
296,"(34, 33)","(33, 33)",East,"['(35, 33)', '(33, 33)']","['(34, 33)', '(14, 21)', '(21, 22)', '(9, 22)', '(25, 23)', '(22, 21)', '(18, 17)', '(31, 33)', '(33, 35)']","['(21, 22)', '(14, 21)', '(22, 21)', '(9, 22)', '(25, 23)', '(33, 35)', '(18, 17)', '(31, 33)', '(35, 33)']","[(34, 1), (27, 4), (28, 3), (17, 3), (34, 19), (27, 13), (14, 13), (17, 12), (19, 9), (31, 29), (22, 17), (28, 21), (32, 3), (17, 21), (15, 5), (29, 4), (33, 20), (35, 17), (13, 17), (16, 13), (33, 29), (21, 9), (35, 26), (18, 19), (34, 3), (25, 22), (27, 6), (17, 5), (22, 19), (13, 20), (31, 31), (30, 11), (19, 11), (9, 19), (35, 1), (24, 1), (33, 13), (35, 10), (15, 7), (18, 3), ... (+256 more)]",91,65,156
297,"(21, 22)","(21, 21)",North,"['(21, 23)', '(21, 21)']","['(21, 22)', '(14, 21)', '(22, 21)', '(9, 22)', '(25, 23)', '(33, 35)', '(18, 17)', '(31, 33)', '(35, 33)']","['(22, 21)', '(14, 21)', '(18, 17)', '(9, 22)', '(25, 23)', '(33, 35)', '(35, 33)', '(31, 33)', '(21, 23)']","[(34, 1), (27, 4), (28, 3), (17, 3), (34, 19), (27, 13), (14, 13), (17, 12), (19, 9), (31, 29), (22, 17), (28, 21), (32, 3), (17, 21), (15, 5), (29, 4), (33, 20), (35, 17), (13, 17), (16, 13), (33, 29), (21, 9), (35, 26), (18, 19), (34, 3), (25, 22), (27, 6), (17, 5), (22, 19), (13, 20), (31, 31), (30, 11), (19, 11), (9, 19), (35, 1), (24, 1), (33, 13), (35, 10), (15, 7), (18, 3), ... (+257 more)]",115,41,156
298,"(22, 21)","(21, 21)",East,"['(23, 21)', '(21, 21)']","['(22, 21)', '(14, 21)', '(18, 17)', '(9, 22)', '(25, 23)', '(33, 35)', '(35, 33)', '(31, 33)', '(21, 23)']","['(18, 17)', '(14, 21)', '(33, 35)', '(9, 22)', '(25, 23)', '(21, 23)', '(35, 33)', '(31, 33)', '(23, 21)']","[(34, 1), (27, 4), (28, 3), (17, 3), (34, 19), (27, 13), (14, 13), (17, 12), (19, 9), (31, 29), (22, 17), (28, 21), (32, 3), (17, 21), (15, 5), (29, 4), (33, 20), (35, 17), (13, 17), (16, 13), (33, 29), (21, 9), (35, 26), (18, 19), (34, 3), (25, 22), (27, 6), (17, 5), (22, 19), (13, 20), (31, 31), (30, 11), (19, 11), (9, 19), (35, 1), (24, 1), (33, 13), (35, 10), (15, 7), (18, 3), ... (+258 more)]",115,41,156
299,"(18, 17)","(17, 17)",East,"['(19, 17)', '(17, 17)']","['(18, 17)', '(14, 21)', '(33, 35)', '(9, 22)', '(25, 23)', '(21, 23)', '(35, 33)', '(31, 33)', '(23, 21)']","['(14, 21)', '(9, 22)', '(33, 35)', '(31, 33)', '(25, 23)', '(21, 23)', '(35, 33)', '(23, 21)', '(19, 17)']","[(18, 17), (34, 1), (27, 4), (28, 3), (17, 3), (34, 19), (27, 13), (14, 13), (17, 12), (19, 9), (31, 29), (22, 17), (28, 21), (32, 3), (17, 21), (15, 5), (29, 4), (33, 20), (35, 17), (13, 17), (16, 13), (33, 29), (21, 9), (35, 26), (18, 19), (34, 3), (25, 22), (27, 6), (17, 5), (22, 19), (13, 20), (31, 31), (30, 11), (19, 11), (9, 19), (35, 1), (24, 1), (33, 13), (35, 10), (15, 7), ... (+259 more)]",123,33,156
300,"(14, 21)","(13, 21)",East,"['(15, 21)', '(13, 21)']","['(14, 21)', '(9, 22)', '(33, 35)', '(31, 33)', '(25, 23)', '(21, 23)', '(35, 33)', '(23, 21)', '(19, 17)']","['(9, 22)', '(31, 33)', '(33, 35)', '(23, 21)', '(25, 23)', '(21, 23)', '(35, 33)', '(19, 17)', '(15, 21)']","[(18, 17), (34, 1), (27, 4), (28, 3), (17, 3), (34, 19), (27, 13), (14, 13), (17, 12), (19, 9), (31, 29), (22, 17), (28, 21), (32, 3), (17, 21), (15, 5), (29, 4), (33, 20), (35, 17), (13, 17), (16, 13), (33, 29), (21, 9), (35, 26), (18, 19), (34, 3), (25, 22), (27, 6), (17, 5), (22, 19), (13, 20), (31, 31), (30, 11), (19, 11), (9, 19), (35, 1), (24, 1), (33, 13), (35, 10), (15, 7), ... (+260 more)]",123,33,156
301,"(9, 22)","(9, 21)",North,"['(9, 23)', '(9, 21)']","['(9, 22)', '(31, 33)', '(33, 35)', '(23, 21)', '(25, 23)', '(21, 23)', '(35, 33)', '(19, 17)', '(15, 21)']","['(31, 33)', '(25, 23)', '(33, 35)', '(23, 21)', '(15, 21)', '(21, 23)', '(35, 33)', '(19, 17)', '(9, 23)']","[(18, 17), (34, 1), (27, 4), (28, 3), (17, 3), (34, 19), (27, 13), (14, 13), (17, 12), (19, 9), (31, 29), (22, 17), (28, 21), (32, 3), (17, 21), (15, 5), (29, 4), (33, 20), (35, 17), (13, 17), (16, 13), (33, 29), (21, 9), (35, 26), (18, 19), (34, 3), (25, 22), (27, 6), (17, 5), (22, 19), (13, 20), (31, 31), (30, 11), (19, 11), (9, 19), (35, 1), (24, 1), (33, 13), (35, 10), (15, 7), ... (+261 more)]",127,29,156
302,"(31, 33)","(31, 32)",North,"['(31, 32)']","['(31, 33)', '(25, 23)', '(33, 35)', '(23, 21)', '(15, 21)', '(21, 23)', '(35, 33)', '(19, 17)', '(9, 23)']","['(25, 23)', '(23, 21)', '(33, 35)', '(19, 17)', '(15, 21)', '(21, 23)', '(35, 33)', '(9, 23)']","[(18, 17), (34, 1), (27, 4), (28, 3), (17, 3), (34, 19), (27, 13), (14, 13), (17, 12), (19, 9), (31, 29), (22, 17), (28, 21), (32, 3), (17, 21), (15, 5), (29, 4), (33, 20), (35, 17), (13, 17), (16, 13), (33, 29), (21, 9), (35, 26), (18, 19), (34, 3), (25, 22), (27, 6), (17, 5), (22, 19), (13, 20), (31, 31), (30, 11), (19, 11), (9, 19), (35, 1), (24, 1), (33, 13), (35, 10), (15, 7), ... (+262 more)]",96,62,158
303,"(25, 23)","(25, 22)",North,"['(25, 24)', '(25, 22)', '(26, 23)', '(24, 23)']","['(25, 23)', '(23, 21)', '(33, 35)', '(19, 17)', '(15, 21)', '(21, 23)', '(35, 33)', '(9, 23)']","['(33, 35)', '(23, 21)', '(35, 33)', '(19, 17)', '(15, 21)', '(21, 23)', '(9, 23)', '(25, 24)', '(26, 23)', '(24, 23)']","[(25, 23), (18, 17), (34, 1), (27, 4), (28, 3), (17, 3), (34, 19), (27, 13), (14, 13), (17, 12), (19, 9), (31, 29), (22, 17), (28, 21), (32, 3), (17, 21), (15, 5), (29, 4), (33, 20), (35, 17), (13, 17), (16, 13), (33, 29), (21, 9), (35, 26), (18, 19), (34, 3), (25, 22), (27, 6), (17, 5), (22, 19), (13, 20), (31, 31), (30, 11), (19, 11), (9, 19), (35, 1), (24, 1), (33, 13), (35, 10), ... (+263 more)]",112,46,158
304,"(33, 35)","(33, 34)",North,"['(33, 34)', '(32, 35)']","['(33, 35)', '(23, 21)', '(35, 33)', '(19, 17)', '(15, 21)', '(21, 23)', '(9, 23)', '(25, 24)', '(26, 23)', '(24, 23)']","['(35, 33)', '(23, 21)', '(21, 23)', '(19, 17)', '(15, 21)', '(24, 23)', '(9, 23)', '(25, 24)', '(26, 23)', '(32, 35)']","[(25, 23), (18, 17), (34, 1), (27, 4), (28, 3), (17, 3), (34, 19), (27, 13), (14, 13), (17, 12), (19, 9), (31, 29), (22, 17), (28, 21), (32, 3), (17, 21), (15, 5), (29, 4), (33, 20), (35, 17), (13, 17), (16, 13), (33, 29), (21, 9), (35, 26), (18, 19), (34, 3), (25, 22), (27, 6), (17, 5), (22, 19), (13, 20), (31, 31), (30, 11), (19, 11), (9, 19), (35, 1), (24, 1), (33, 13), (35, 10), ... (+264 more)]",92,66,158
305,"(35, 33)","(34, 33)",East,"['(35, 34)', '(34, 33)']","['(35, 33)', '(23, 21)', '(21, 23)', '(19, 17)', '(15, 21)', '(24, 23)', '(9, 23)', '(25, 24)', '(26, 23)', '(32, 35)']","['(21, 23)', '(23, 21)', '(9, 23)', '(19, 17)', '(15, 21)', '(24, 23)', '(32, 35)', '(25, 24)', '(26, 23)', '(35, 34)']","[(25, 23), (18, 17), (34, 1), (35, 33), (27, 4), (28, 3), (17, 3), (34, 19), (27, 13), (14, 13), (17, 12), (19, 9), (31, 29), (22, 17), (28, 21), (32, 3), (17, 21), (15, 5), (29, 4), (33, 20), (35, 17), (13, 17), (16, 13), (33, 29), (21, 9), (35, 26), (18, 19), (34, 3), (25, 22), (27, 6), (17, 5), (22, 19), (13, 20), (31, 31), (30, 11), (19, 11), (9, 19), (35, 1), (24, 1), (33, 13), ... (+265 more)]",92,66,158
306,"(21, 23)","(21, 22)",North,"['(21, 22)', '(20, 23)']","['(21, 23)', '(23, 21)', '(9, 23)', '(19, 17)', '(15, 21)', '(24, 23)', '(32, 35)', '(25, 24)', '(26, 23)', '(35, 34)']","['(23, 21)', '(19, 17)', '(9, 23)', '(25, 24)', '(15, 21)', '(24, 23)', '(32, 35)', '(35, 34)', '(26, 23)', '(20, 23)']","[(25, 23), (18, 17), (34, 1), (35, 33), (27, 4), (28, 3), (17, 3), (34, 19), (27, 13), (14, 13), (17, 12), (19, 9), (31, 29), (22, 17), (28, 21), (32, 3), (17, 21), (15, 5), (29, 4), (33, 20), (35, 17), (13, 17), (16, 13), (33, 29), (21, 9), (35, 26), (18, 19), (34, 3), (25, 22), (27, 6), (17, 5), (22, 19), (13, 20), (31, 31), (30, 11), (19, 11), (9, 19), (35, 1), (24, 1), (33, 13), ... (+266 more)]",116,42,158
307,"(23, 21)","(22, 21)",East,"['(22, 21)']","['(23, 21)', '(19, 17)', '(9, 23)', '(25, 24)', '(15, 21)', '(24, 23)', '(32, 35)', '(35, 34)', '(26, 23)', '(20, 23)']","['(19, 17)', '(15, 21)', '(9, 23)', '(25, 24)', '(20, 23)', '(24, 23)', '(32, 35)', '(35, 34)', '(26, 23)']","[(18, 17), (27, 4), (27, 13), (19, 9), (33, 20), (33, 29), (34, 3), (22, 19), (15, 7), (18, 3), (29, 27), (30, 13), (33, 6), (33, 15), (25, 11), (25, 20), (33, 33), (34, 7), (14, 19), (15, 2), (15, 11), (26, 11), (29, 13), (29, 22), (21, 18), (33, 1), (33, 10), (25, 6), (33, 19), (25, 15), (33, 28), (29, 8), (29, 17), (21, 13), (29, 26), (21, 22), (33, 5), (25, 1), (33, 23), (25, 19), ... (+267 more)]",116,42,158
308,"(19, 17)","(18, 17)",East,"['(19, 16)', '(18, 17)']","['(19, 17)', '(15, 21)', '(9, 23)', '(25, 24)', '(20, 23)', '(24, 23)', '(32, 35)', '(35, 34)', '(26, 23)']","['(15, 21)', '(20, 23)', '(9, 23)', '(19, 16)', '(26, 23)', '(24, 23)', '(32, 35)', '(35, 34)', '(25, 24)']","[(18, 17), (27, 4), (27, 13), (19, 9), (33, 20), (33, 29), (34, 3), (22, 19), (15, 7), (18, 3), (29, 27), (30, 13), (33, 6), (33, 15), (25, 11), (25, 20), (33, 33), (34, 7), (14, 19), (15, 2), (15, 11), (26, 11), (29, 13), (29, 22), (21, 18), (33, 1), (33, 10), (25, 6), (33, 19), (25, 15), (33, 28), (29, 8), (29, 17), (21, 13), (29, 26), (21, 22), (33, 5), (25, 1), (33, 23), (25, 19), ... (+268 more)]",124,34,158
309,"(15, 21)","(14, 21)",East,"['(15, 22)', '(14, 21)']","['(15, 21)', '(20, 23)', '(9, 23)', '(19, 16)', '(26, 23)', '(24, 23)', '(32, 35)', '(35, 34)', '(25, 24)']","['(9, 23)', '(20, 23)', '(24, 23)', '(19, 16)', '(26, 23)', '(25, 24)', '(32, 35)', '(35, 34)', '(15, 22)']","[(15, 21), (18, 17), (27, 4), (27, 13), (19, 9), (33, 20), (33, 29), (34, 3), (22, 19), (15, 7), (18, 3), (29, 27), (30, 13), (33, 6), (33, 15), (25, 11), (25, 20), (33, 33), (34, 7), (14, 19), (15, 2), (15, 11), (26, 11), (29, 13), (29, 22), (21, 18), (33, 1), (33, 10), (25, 6), (33, 19), (25, 15), (33, 28), (29, 8), (29, 17), (21, 13), (29, 26), (21, 22), (33, 5), (25, 1), (33, 23), ... (+269 more)]",124,34,158
310,"(9, 23)","(9, 22)",North,"['(9, 22)', '(10, 23)', '(8, 23)']","['(9, 23)', '(20, 23)', '(24, 23)', '(19, 16)', '(26, 23)', '(25, 24)', '(32, 35)', '(35, 34)', '(15, 22)']","['(24, 23)', '(20, 23)', '(32, 35)', '(19, 16)', '(8, 23)', '(25, 24)', '(15, 22)', '(35, 34)', '(10, 23)', '(26, 23)']","[(15, 21), (18, 17), (27, 4), (27, 13), (19, 9), (33, 20), (33, 29), (34, 3), (22, 19), (15, 7), (18, 3), (29, 27), (30, 13), (33, 6), (33, 15), (25, 11), (25, 20), (33, 33), (34, 7), (14, 19), (15, 2), (15, 11), (26, 11), (29, 13), (29, 22), (21, 18), (33, 1), (33, 10), (25, 6), (33, 19), (25, 15), (33, 28), (29, 8), (29, 17), (21, 13), (29, 26), (21, 22), (33, 5), (25, 1), (33, 23), ... (+270 more)]",128,30,158
311,"(24, 23)","(25, 23)",West,"['(25, 23)', '(23, 23)']","['(24, 23)', '(20, 23)', '(32, 35)', '(19, 16)', '(8, 23)', '(25, 24)', '(15, 22)', '(35, 34)', '(10, 23)', '(26, 23)']","['(32, 35)', '(20, 23)', '(25, 24)', '(19, 16)', '(8, 23)', '(26, 23)', '(15, 22)', '(35, 34)', '(10, 23)', '(23, 23)']","[(15, 21), (18, 17), (27, 4), (27, 13), (19, 9), (33, 20), (33, 29), (34, 3), (22, 19), (15, 7), (18, 3), (29, 27), (30, 13), (33, 6), (33, 15), (25, 11), (25, 20), (33, 33), (34, 7), (14, 19), (15, 2), (15, 11), (26, 11), (29, 13), (29, 22), (21, 18), (33, 1), (33, 10), (25, 6), (33, 19), (25, 15), (33, 28), (29, 8), (29, 17), (21, 13), (29, 26), (21, 22), (33, 5), (25, 1), (33, 23), ... (+271 more)]",113,45,158
312,"(32, 35)","(33, 35)",West,"['(33, 35)', '(31, 35)']","['(32, 35)', '(20, 23)', '(25, 24)', '(19, 16)', '(8, 23)', '(26, 23)', '(15, 22)', '(35, 34)', '(10, 23)', '(23, 23)']","['(20, 23)', '(19, 16)', '(25, 24)', '(23, 23)', '(8, 23)', '(26, 23)', '(15, 22)', '(35, 34)', '(10, 23)', '(31, 35)']","[(15, 21), (18, 17), (27, 4), (27, 13), (19, 9), (33, 20), (33, 29), (34, 3), (22, 19), (15, 7), (18, 3), (29, 27), (30, 13), (33, 6), (33, 15), (25, 11), (25, 20), (33, 33), (34, 7), (14, 19), (15, 2), (15, 11), (26, 11), (29, 13), (29, 22), (21, 18), (33, 1), (33, 10), (25, 6), (33, 19), (25, 15), (33, 28), (29, 8), (29, 17), (21, 13), (29, 26), (21, 22), (33, 5), (25, 1), (33, 23), ... (+272 more)]",93,65,158
313,"(20, 23)","(21, 23)",West,"['(21, 23)', '(19, 23)']","['(20, 23)', '(19, 16)', '(25, 24)', '(23, 23)', '(8, 23)', '(26, 23)', '(15, 22)', '(35, 34)', '(10, 23)', '(31, 35)']","['(19, 16)', '(8, 23)', '(25, 24)', '(23, 23)', '(31, 35)', '(26, 23)', '(15, 22)', '(35, 34)', '(10, 23)', '(19, 23)']","[(15, 21), (18, 17), (27, 4), (27, 13), (19, 9), (33, 20), (33, 29), (34, 3), (22, 19), (15, 7), (18, 3), (29, 27), (30, 13), (33, 6), (33, 15), (25, 11), (25, 20), (33, 33), (34, 7), (14, 19), (15, 2), (15, 11), (26, 11), (29, 13), (29, 22), (21, 18), (33, 1), (33, 10), (25, 6), (33, 19), (25, 15), (33, 28), (29, 8), (29, 17), (21, 13), (29, 26), (21, 22), (33, 5), (25, 1), (33, 23), ... (+273 more)]",117,41,158
314,"(19, 16)","(19, 17)",South,"['(19, 17)', '(19, 15)']","['(19, 16)', '(8, 23)', '(25, 24)', '(23, 23)', '(31, 35)', '(26, 23)', '(15, 22)', '(35, 34)', '(10, 23)', '(19, 23)']","['(8, 23)', '(23, 23)', '(25, 24)', '(19, 23)', '(31, 35)', '(26, 23)', '(15, 22)', '(35, 34)', '(10, 23)', '(19, 15)']","[(15, 21), (18, 17), (27, 4), (27, 13), (19, 9), (33, 20), (33, 29), (34, 3), (22, 19), (15, 7), (18, 3), (29, 27), (30, 13), (33, 6), (33, 15), (25, 11), (25, 20), (33, 33), (34, 7), (14, 19), (15, 2), (15, 11), (26, 11), (29, 13), (29, 22), (21, 18), (33, 1), (33, 10), (25, 6), (33, 19), (25, 15), (33, 28), (29, 8), (29, 17), (21, 13), (29, 26), (21, 22), (33, 5), (25, 1), (33, 23), ... (+274 more)]",125,33,158
315,"(8, 23)","(9, 23)",West,"['(9, 23)', '(7, 23)']","['(8, 23)', '(23, 23)', '(25, 24)', '(19, 23)', '(31, 35)', '(26, 23)', '(15, 22)', '(35, 34)', '(10, 23)', '(19, 15)']","['(23, 23)', '(31, 35)', '(25, 24)', '(19, 23)', '(19, 15)', '(26, 23)', '(15, 22)', '(35, 34)', '(10, 23)', '(7, 23)']","[(15, 21), (18, 17), (27, 4), (27, 13), (19, 9), (33, 20), (33, 29), (34, 3), (22, 19), (15, 7), (18, 3), (29, 27), (30, 13), (33, 6), (33, 15), (25, 11), (25, 20), (33, 33), (34, 7), (14, 19), (15, 2), (15, 11), (26, 11), (29, 13), (29, 22), (21, 18), (33, 1), (33, 10), (25, 6), (33, 19), (25, 15), (33, 28), (29, 8), (29, 17), (21, 13), (29, 26), (21, 22), (33, 5), (25, 1), (33, 23), ... (+275 more)]",129,29,158
316,"(23, 23)","(24, 23)",West,"['(24, 23)']","['(23, 23)', '(31, 35)', '(25, 24)', '(19, 23)', '(19, 15)', '(26, 23)', '(15, 22)', '(35, 34)', '(10, 23)', '(7, 23)']","['(31, 35)', '(19, 23)', '(25, 24)', '(7, 23)', '(19, 15)', '(26, 23)', '(15, 22)', '(35, 34)', '(10, 23)']","[(15, 21), (18, 17), (27, 4), (27, 13), (19, 9), (33, 20), (33, 29), (34, 3), (22, 19), (15, 7), (18, 3), (29, 27), (30, 13), (33, 6), (33, 15), (25, 11), (25, 20), (33, 33), (34, 7), (14, 19), (15, 2), (15, 11), (26, 11), (29, 13), (29, 22), (21, 18), (33, 1), (33, 10), (25, 6), (33, 19), (25, 15), (33, 28), (29, 8), (29, 17), (21, 13), (29, 26), (21, 22), (33, 5), (25, 1), (33, 23), ... (+276 more)]",114,44,158
317,"(31, 35)","(32, 35)",West,"['(32, 35)', '(30, 35)']","['(31, 35)', '(19, 23)', '(25, 24)', '(7, 23)', '(19, 15)', '(26, 23)', '(15, 22)', '(35, 34)', '(10, 23)']","['(19, 23)', '(19, 15)', '(25, 24)', '(7, 23)', '(10, 23)', '(26, 23)', '(15, 22)', '(35, 34)', '(30, 35)']","[(15, 21), (18, 17), (27, 4), (27, 13), (19, 9), (33, 20), (33, 29), (34, 3), (22, 19), (15, 7), (18, 3), (29, 27), (30, 13), (33, 6), (33, 15), (25, 11), (25, 20), (33, 33), (34, 7), (14, 19), (15, 2), (15, 11), (26, 11), (29, 13), (29, 22), (21, 18), (33, 1), (33, 10), (25, 6), (33, 19), (25, 15), (33, 28), (29, 8), (29, 17), (21, 13), (29, 26), (21, 22), (33, 5), (25, 1), (33, 23), ... (+277 more)]",94,64,158
318,"(19, 23)","(20, 23)",West,"['(20, 23)', '(18, 23)']","['(19, 23)', '(19, 15)', '(25, 24)', '(7, 23)', '(10, 23)', '(26, 23)', '(15, 22)', '(35, 34)', '(30, 35)']","['(19, 15)', '(7, 23)', '(25, 24)', '(30, 35)', '(10, 23)', '(26, 23)', '(15, 22)', '(35, 34)', '(18, 23)']","[(15, 21), (18, 17), (27, 4), (27, 13), (19, 9), (33, 20), (33, 29), (34, 3), (22, 19), (15, 7), (18, 3), (29, 27), (30, 13), (33, 6), (33, 15), (25, 11), (25, 20), (33, 33), (34, 7), (14, 19), (15, 2), (15, 11), (26, 11), (29, 13), (29, 22), (21, 18), (33, 1), (33, 10), (25, 6), (33, 19), (25, 15), (33, 28), (29, 8), (29, 17), (21, 13), (29, 26), (21, 22), (33, 5), (25, 1), (33, 23), ... (+278 more)]",118,40,158
319,"(19, 15)","(19, 16)",South,"['(19, 16)']","['(19, 15)', '(7, 23)', '(25, 24)', '(30, 35)', '(10, 23)', '(26, 23)', '(15, 22)', '(35, 34)', '(18, 23)']","['(7, 23)', '(30, 35)', '(25, 24)', '(18, 23)', '(10, 23)', '(26, 23)', '(15, 22)', '(35, 34)']","[(15, 21), (18, 17), (27, 4), (27, 13), (19, 9), (33, 20), (33, 29), (34, 3), (22, 19), (15, 7), (18, 3), (29, 27), (30, 13), (33, 6), (33, 15), (25, 11), (25, 20), (33, 33), (34, 7), (14, 19), (15, 2), (15, 11), (26, 11), (29, 13), (29, 22), (21, 18), (33, 1), (33, 10), (25, 6), (33, 19), (25, 15), (33, 28), (29, 8), (29, 17), (21, 13), (29, 26), (21, 22), (33, 5), (25, 1), (33, 23), ... (+279 more)]",126,32,158
320,"(7, 23)","(8, 23)",West,"['(7, 22)', '(8, 23)']","['(7, 23)', '(30, 35)', '(25, 24)', '(18, 23)', '(10, 23)', '(26, 23)', '(15, 22)', '(35, 34)']","['(30, 35)', '(18, 23)', '(25, 24)', '(7, 22)', '(10, 23)', '(26, 23)', '(15, 22)', '(35, 34)']","[(15, 21), (18, 17), (27, 4), (27, 13), (19, 9), (33, 20), (33, 29), (34, 3), (22, 19), (15, 7), (18, 3), (29, 27), (30, 13), (33, 6), (33, 15), (25, 11), (25, 20), (33, 33), (34, 7), (14, 19), (15, 2), (15, 11), (26, 11), (29, 13), (29, 22), (21, 18), (33, 1), (33, 10), (25, 6), (33, 19), (25, 15), (33, 28), (29, 8), (29, 17), (21, 13), (29, 26), (21, 22), (33, 5), (25, 1), (33, 23), ... (+280 more)]",130,28,158
321,"(30, 35)","(31, 35)",West,"['(31, 35)', '(29, 35)']","['(30, 35)', '(18, 23)', '(25, 24)', '(7, 22)', '(10, 23)', '(26, 23)', '(15, 22)', '(35, 34)']","['(18, 23)', '(7, 22)', '(25, 24)', '(29, 35)', '(10, 23)', '(26, 23)', '(15, 22)', '(35, 34)']","[(15, 21), (18, 17), (27, 4), (27, 13), (19, 9), (33, 20), (33, 29), (34, 3), (22, 19), (15, 7), (18, 3), (29, 27), (30, 13), (33, 6), (33, 15), (25, 11), (25, 20), (33, 33), (34, 7), (14, 19), (15, 2), (15, 11), (26, 11), (29, 13), (29, 22), (21, 18), (33, 1), (33, 10), (25, 6), (33, 19), (25, 15), (33, 28), (29, 8), (29, 17), (21, 13), (29, 26), (21, 22), (33, 5), (25, 1), (33, 23), ... (+281 more)]",95,63,158
322,"(18, 23)","(19, 23)",West,"['(19, 23)', '(17, 23)']","['(18, 23)', '(7, 22)', '(25, 24)', '(29, 35)', '(10, 23)', '(26, 23)', '(15, 22)', '(35, 34)']","['(7, 22)', '(29, 35)', '(25, 24)', '(17, 23)', '(10, 23)', '(26, 23)', '(15, 22)', '(35, 34)']","[(15, 21), (18, 17), (27, 4), (27, 13), (19, 9), (33, 20), (33, 29), (34, 3), (22, 19), (15, 7), (18, 3), (29, 27), (30, 13), (33, 6), (33, 15), (25, 11), (25, 20), (33, 33), (34, 7), (14, 19), (15, 2), (15, 11), (26, 11), (29, 13), (29, 22), (21, 18), (33, 1), (33, 10), (25, 6), (33, 19), (25, 15), (33, 28), (29, 8), (29, 17), (21, 13), (29, 26), (21, 22), (33, 5), (25, 1), (33, 23), ... (+282 more)]",119,39,158
323,"(7, 22)","(7, 23)",South,"['(7, 23)', '(7, 21)']","['(7, 22)', '(29, 35)', '(25, 24)', '(17, 23)', '(10, 23)', '(26, 23)', '(15, 22)', '(35, 34)']","['(29, 35)', '(17, 23)', '(25, 24)', '(7, 21)', '(10, 23)', '(26, 23)', '(15, 22)', '(35, 34)']","[(15, 21), (18, 17), (27, 4), (27, 13), (19, 9), (33, 20), (33, 29), (34, 3), (22, 19), (15, 7), (18, 3), (29, 27), (30, 13), (33, 6), (33, 15), (25, 11), (25, 20), (33, 33), (34, 7), (14, 19), (15, 2), (15, 11), (26, 11), (29, 13), (29, 22), (21, 18), (33, 1), (33, 10), (25, 6), (33, 19), (25, 15), (33, 28), (29, 8), (29, 17), (21, 13), (29, 26), (21, 22), (33, 5), (25, 1), (33, 23), ... (+283 more)]",131,27,158
324,"(29, 35)","(30, 35)",West,"['(30, 35)']","['(29, 35)', '(17, 23)', '(25, 24)', '(7, 21)', '(10, 23)', '(26, 23)', '(15, 22)', '(35, 34)']","['(17, 23)', '(7, 21)', '(25, 24)', '(35, 34)', '(10, 23)', '(26, 23)', '(15, 22)']","[(15, 21), (18, 17), (27, 4), (27, 13), (19, 9), (33, 20), (33, 29), (34, 3), (22, 19), (15, 7), (18, 3), (29, 27), (30, 13), (33, 6), (33, 15), (25, 11), (25, 20), (33, 33), (34, 7), (14, 19), (15, 2), (15, 11), (26, 11), (29, 13), (29, 22), (21, 18), (33, 1), (33, 10), (25, 6), (33, 19), (25, 15), (33, 28), (29, 8), (29, 17), (21, 13), (29, 26), (21, 22), (29, 35), (33, 5), (25, 1), ... (+284 more)]",96,62,158
325,"(17, 23)","(18, 23)",West,"['(18, 23)']","['(17, 23)', '(7, 21)', '(25, 24)', '(35, 34)', '(10, 23)', '(26, 23)', '(15, 22)']","['(7, 21)', '(35, 34)', '(25, 24)', '(15, 22)', '(10, 23)', '(26, 23)']","[(15, 21), (18, 17), (27, 4), (27, 13), (19, 9), (33, 20), (33, 29), (34, 3), (22, 19), (15, 7), (18, 3), (29, 27), (30, 13), (33, 6), (33, 15), (25, 11), (25, 20), (33, 33), (34, 7), (14, 19), (15, 2), (15, 11), (26, 11), (29, 13), (29, 22), (21, 18), (33, 1), (33, 10), (25, 6), (33, 19), (25, 15), (33, 28), (29, 8), (29, 17), (21, 13), (29, 26), (21, 22), (29, 35), (33, 5), (25, 1), ... (+285 more)]",120,38,158
326,"(7, 21)","(7, 22)",South,"['(7, 22)', '(7, 20)']","['(7, 21)', '(35, 34)', '(25, 24)', '(15, 22)', '(10, 23)', '(26, 23)']","['(7, 20)', '(35, 34)', '(25, 24)', '(15, 22)', '(10, 23)', '(26, 23)']","[(15, 21), (18, 17), (27, 4), (27, 13), (19, 9), (33, 20), (33, 29), (34, 3), (22, 19), (15, 7), (18, 3), (7, 21), (29, 27), (30, 13), (33, 6), (33, 15), (25, 11), (25, 20), (33, 33), (34, 7), (14, 19), (15, 2), (15, 11), (26, 11), (29, 13), (29, 22), (21, 18), (33, 1), (33, 10), (25, 6), (33, 19), (25, 15), (33, 28), (29, 8), (29, 17), (21, 13), (29, 26), (21, 22), (29, 35), (33, 5), ... (+286 more)]",132,26,158
327,"(7, 20)","(7, 21)",South,"['(7, 21)', '(7, 19)']","['(7, 20)', '(35, 34)', '(25, 24)', '(15, 22)', '(10, 23)', '(26, 23)']","['(7, 19)', '(35, 34)', '(25, 24)', '(15, 22)', '(10, 23)', '(26, 23)']","[(15, 21), (18, 17), (27, 4), (27, 13), (19, 9), (33, 20), (33, 29), (34, 3), (22, 19), (15, 7), (18, 3), (7, 21), (29, 27), (30, 13), (33, 6), (33, 15), (25, 11), (25, 20), (33, 33), (34, 7), (14, 19), (15, 2), (15, 11), (26, 11), (29, 13), (29, 22), (21, 18), (33, 1), (33, 10), (25, 6), (33, 19), (25, 15), (33, 28), (29, 8), (29, 17), (21, 13), (29, 26), (21, 22), (29, 35), (33, 5), ... (+287 more)]",133,25,158
328,"(7, 19)","(7, 20)",South,"['(7, 20)']","['(7, 19)', '(35, 34)', '(25, 24)', '(15, 22)', '(10, 23)', '(26, 23)']","['(25, 24)', '(35, 34)', '(26, 23)', '(15, 22)', '(10, 23)']","[(15, 21), (18, 17), (27, 4), (27, 13), (19, 9), (33, 20), (33, 29), (34, 3), (22, 19), (15, 7), (18, 3), (7, 21), (29, 27), (30, 13), (33, 6), (33, 15), (25, 11), (25, 20), (33, 33), (34, 7), (14, 19), (15, 2), (15, 11), (26, 11), (29, 13), (29, 22), (21, 18), (33, 1), (33, 10), (25, 6), (33, 19), (25, 15), (33, 28), (29, 8), (29, 17), (21, 13), (29, 26), (21, 22), (29, 35), (33, 5), ... (+288 more)]",134,24,158
329,"(25, 24)","(25, 23)",North,"['(25, 25)', '(25, 23)']","['(25, 24)', '(35, 34)', '(26, 23)', '(15, 22)', '(10, 23)']","['(26, 23)', '(35, 34)', '(10, 23)', '(15, 22)', '(25, 25)']","[(15, 21), (18, 17), (27, 4), (27, 13), (19, 9), (33, 20), (33, 29), (34, 3), (22, 19), (15, 7), (18, 3), (7, 21), (29, 27), (30, 13), (33, 6), (33, 15), (25, 11), (25, 20), (33, 33), (34, 7), (14, 19), (15, 2), (15, 11), (26, 11), (29, 13), (29, 22), (21, 18), (33, 1), (33, 10), (25, 6), (33, 19), (25, 15), (33, 28), (25, 24), (29, 8), (29, 17), (21, 13), (29, 26), (21, 22), (29, 35), ... (+289 more)]",113,47,160
330,"(26, 23)","(25, 23)",East,"['(27, 23)', '(25, 23)']","['(26, 23)', '(35, 34)', '(10, 23)', '(15, 22)', '(25, 25)']","['(35, 34)', '(15, 22)', '(10, 23)', '(25, 25)', '(27, 23)']","[(15, 21), (18, 17), (27, 4), (27, 13), (19, 9), (33, 20), (33, 29), (34, 3), (22, 19), (15, 7), (18, 3), (7, 21), (29, 27), (30, 13), (33, 6), (33, 15), (25, 11), (25, 20), (33, 33), (34, 7), (14, 19), (15, 2), (15, 11), (26, 11), (29, 13), (29, 22), (21, 18), (33, 1), (33, 10), (25, 6), (33, 19), (25, 15), (33, 28), (25, 24), (29, 8), (29, 17), (21, 13), (29, 26), (21, 22), (29, 35), ... (+290 more)]",113,47,160
331,"(35, 34)","(35, 33)",North,"['(35, 35)', '(35, 33)']","['(35, 34)', '(15, 22)', '(10, 23)', '(25, 25)', '(27, 23)']","['(15, 22)', '(25, 25)', '(10, 23)', '(27, 23)', '(35, 35)']","[(15, 21), (18, 17), (27, 4), (27, 13), (19, 9), (33, 20), (33, 29), (34, 3), (22, 19), (15, 7), (18, 3), (7, 21), (29, 27), (30, 13), (33, 6), (33, 15), (25, 11), (25, 20), (33, 33), (34, 7), (14, 19), (15, 2), (15, 11), (26, 11), (29, 13), (29, 22), (21, 18), (33, 1), (33, 10), (25, 6), (33, 19), (25, 15), (33, 28), (25, 24), (29, 8), (29, 17), (21, 13), (29, 26), (21, 22), (29, 35), ... (+291 more)]",93,67,160
332,"(15, 22)","(15, 21)",North,"['(15, 23)', '(15, 21)']","['(15, 22)', '(25, 25)', '(10, 23)', '(27, 23)', '(35, 35)']","['(10, 23)', '(25, 25)', '(35, 35)', '(27, 23)', '(15, 23)']","[(15, 21), (18, 17), (27, 4), (27, 13), (19, 9), (33, 20), (33, 29), (34, 3), (22, 19), (15, 7), (18, 3), (7, 21), (29, 27), (30, 13), (33, 6), (33, 15), (25, 11), (25, 20), (33, 33), (34, 7), (14, 19), (15, 2), (15, 11), (26, 11), (29, 13), (29, 22), (21, 18), (33, 1), (33, 10), (25, 6), (33, 19), (25, 15), (33, 28), (25, 24), (29, 8), (29, 17), (21, 13), (29, 26), (21, 22), (29, 35), ... (+292 more)]",125,35,160
333,"(10, 23)","(9, 23)",East,"['(11, 23)', '(9, 23)']","['(10, 23)', '(25, 25)', '(35, 35)', '(27, 23)', '(15, 23)']","['(25, 25)', '(27, 23)', '(35, 35)', '(15, 23)', '(11, 23)']","[(15, 21), (18, 17), (27, 4), (27, 13), (19, 9), (33, 20), (33, 29), (34, 3), (22, 19), (15, 7), (18, 3), (7, 21), (29, 27), (30, 13), (33, 6), (33, 15), (25, 11), (25, 20), (33, 33), (34, 7), (14, 19), (15, 2), (15, 11), (26, 11), (29, 13), (29, 22), (21, 18), (33, 1), (33, 10), (25, 6), (33, 19), (25, 15), (33, 28), (25, 24), (29, 8), (29, 17), (21, 13), (29, 26), (21, 22), (29, 35), ... (+293 more)]",129,31,160
334,"(25, 25)","(25, 24)",North,"['(25, 26)', '(25, 24)', '(26, 25)']","['(25, 25)', '(27, 23)', '(35, 35)', '(15, 23)', '(11, 23)']","['(27, 23)', '(15, 23)', '(35, 35)', '(11, 23)', '(25, 26)', '(26, 25)']","[(15, 21), (18, 17), (27, 4), (27, 13), (19, 9), (33, 20), (33, 29), (25, 25), (34, 3), (22, 19), (15, 7), (18, 3), (7, 21), (29, 27), (30, 13), (33, 6), (33, 15), (25, 11), (25, 20), (33, 33), (34, 7), (14, 19), (15, 2), (15, 11), (26, 11), (29, 13), (29, 22), (21, 18), (33, 1), (33, 10), (25, 6), (33, 19), (25, 15), (33, 28), (25, 24), (29, 8), (29, 17), (21, 13), (29, 26), (21, 22), ... (+294 more)]",114,48,162
335,"(27, 23)","(26, 23)",East,"['(26, 23)']","['(27, 23)', '(15, 23)', '(35, 35)', '(11, 23)', '(25, 26)', '(26, 25)']","['(35, 35)', '(15, 23)', '(26, 25)', '(11, 23)', '(25, 26)']","[(15, 21), (18, 17), (27, 4), (27, 13), (19, 9), (33, 20), (33, 29), (25, 25), (34, 3), (22, 19), (15, 7), (18, 3), (7, 21), (29, 27), (30, 13), (33, 6), (33, 15), (25, 11), (25, 20), (33, 33), (34, 7), (14, 19), (15, 2), (15, 11), (26, 11), (29, 13), (29, 22), (21, 18), (33, 1), (33, 10), (25, 6), (33, 19), (25, 15), (33, 28), (25, 24), (29, 8), (29, 17), (21, 13), (29, 26), (21, 22), ... (+295 more)]",114,48,162
336,"(35, 35)","(35, 34)",North,"['(35, 34)']","['(35, 35)', '(15, 23)', '(26, 25)', '(11, 23)', '(25, 26)']","['(15, 23)', '(11, 23)', '(26, 25)', '(25, 26)']","[(15, 21), (18, 17), (27, 4), (27, 13), (19, 9), (33, 20), (33, 29), (25, 25), (34, 3), (22, 19), (15, 7), (18, 3), (7, 21), (29, 27), (30, 13), (33, 6), (33, 15), (25, 11), (25, 20), (33, 33), (34, 7), (14, 19), (15, 2), (15, 11), (26, 11), (29, 13), (29, 22), (21, 18), (33, 1), (33, 10), (25, 6), (33, 19), (25, 15), (33, 28), (25, 24), (29, 8), (29, 17), (21, 13), (29, 26), (21, 22), ... (+296 more)]",94,68,162
337,"(15, 23)","(15, 22)",North,"['(15, 24)', '(15, 22)', '(14, 23)']","['(15, 23)', '(11, 23)', '(26, 25)', '(25, 26)']","['(11, 23)', '(14, 23)', '(26, 25)', '(15, 24)', '(25, 26)']","[(15, 21), (18, 17), (27, 4), (27, 13), (19, 9), (33, 20), (33, 29), (25, 25), (34, 3), (22, 19), (15, 7), (18, 3), (7, 21), (29, 27), (30, 13), (33, 6), (33, 15), (25, 11), (25, 20), (33, 33), (34, 7), (14, 19), (15, 2), (15, 11), (26, 11), (29, 13), (29, 22), (21, 18), (33, 1), (33, 10), (25, 6), (33, 19), (25, 15), (33, 28), (25, 24), (29, 8), (29, 17), (21, 13), (29, 26), (21, 22), ... (+297 more)]",126,36,162
338,"(11, 23)","(10, 23)",East,"['(10, 23)']","['(11, 23)', '(14, 23)', '(26, 25)', '(15, 24)', '(25, 26)']","['(14, 23)', '(25, 26)', '(26, 25)', '(15, 24)']","[(15, 21), (18, 17), (27, 4), (27, 13), (19, 9), (11, 23), (33, 20), (33, 29), (25, 25), (34, 3), (22, 19), (15, 7), (18, 3), (7, 21), (29, 27), (30, 13), (33, 6), (33, 15), (25, 11), (25, 20), (33, 33), (34, 7), (14, 19), (15, 2), (15, 11), (26, 11), (29, 13), (29, 22), (21, 18), (33, 1), (33, 10), (25, 6), (33, 19), (25, 15), (33, 28), (25, 24), (29, 8), (29, 17), (21, 13), (29, 26), ... (+298 more)]",130,32,162
339,"(14, 23)","(15, 23)",West,"['(15, 23)', '(13, 23)']","['(14, 23)', '(25, 26)', '(26, 25)', '(15, 24)']","['(13, 23)', '(25, 26)', '(26, 25)', '(15, 24)']","[(15, 21), (18, 17), (27, 4), (27, 13), (19, 9), (11, 23), (33, 20), (33, 29), (25, 25), (34, 3), (22, 19), (15, 7), (18, 3), (7, 21), (29, 27), (30, 13), (33, 6), (33, 15), (25, 11), (25, 20), (33, 33), (34, 7), (14, 19), (15, 2), (15, 11), (26, 11), (29, 13), (29, 22), (21, 18), (33, 1), (33, 10), (25, 6), (33, 19), (25, 15), (33, 28), (25, 24), (14, 23), (29, 8), (29, 17), (21, 13), ... (+299 more)]",127,35,162
340,"(13, 23)","(14, 23)",West,"['(13, 24)', '(14, 23)']","['(13, 23)', '(25, 26)', '(26, 25)', '(15, 24)']","['(25, 26)', '(15, 24)', '(26, 25)', '(13, 24)']","[(15, 21), (18, 17), (27, 4), (27, 13), (19, 9), (11, 23), (33, 20), (33, 29), (25, 25), (34, 3), (22, 19), (15, 7), (18, 3), (7, 21), (29, 27), (30, 13), (33, 6), (33, 15), (25, 11), (25, 20), (33, 33), (34, 7), (14, 19), (15, 2), (15, 11), (26, 11), (29, 13), (29, 22), (21, 18), (33, 1), (33, 10), (25, 6), (33, 19), (25, 15), (33, 28), (25, 24), (14, 23), (29, 8), (29, 17), (21, 13), ... (+300 more)]",128,34,162
341,"(25, 26)","(25, 25)",North,"['(25, 27)', '(25, 25)']","['(25, 26)', '(15, 24)', '(26, 25)', '(13, 24)']","['(26, 25)', '(15, 24)', '(13, 24)', '(25, 27)']","[(15, 21), (18, 17), (27, 4), (27, 13), (19, 9), (11, 23), (33, 20), (33, 29), (25, 25), (34, 3), (22, 19), (15, 7), (18, 3), (7, 21), (29, 27), (30, 13), (33, 6), (33, 15), (25, 11), (25, 20), (33, 33), (34, 7), (14, 19), (15, 2), (15, 11), (26, 11), (29, 13), (29, 22), (21, 18), (33, 1), (33, 10), (25, 6), (33, 19), (25, 15), (33, 28), (25, 24), (14, 23), (29, 8), (29, 17), (21, 13), ... (+301 more)]",115,49,164
342,"(26, 25)","(25, 25)",East,"['(27, 25)', '(25, 25)']","['(26, 25)', '(15, 24)', '(13, 24)', '(25, 27)']","['(15, 24)', '(25, 27)', '(13, 24)', '(27, 25)']","[(15, 21), (18, 17), (27, 4), (27, 13), (19, 9), (11, 23), (33, 20), (33, 29), (25, 25), (34, 3), (22, 19), (15, 7), (18, 3), (26, 25), (7, 21), (29, 27), (30, 13), (33, 6), (33, 15), (25, 11), (25, 20), (33, 33), (34, 7), (14, 19), (15, 2), (15, 11), (26, 11), (29, 13), (29, 22), (21, 18), (33, 1), (33, 10), (25, 6), (33, 19), (25, 15), (33, 28), (25, 24), (14, 23), (29, 8), (29, 17), ... (+302 more)]",115,49,164
343,"(15, 24)","(15, 23)",North,"['(15, 25)', '(15, 23)']","['(15, 24)', '(25, 27)', '(13, 24)', '(27, 25)']","['(13, 24)', '(25, 27)', '(27, 25)', '(15, 25)']","[(15, 21), (18, 17), (27, 4), (27, 13), (19, 9), (11, 23), (33, 20), (33, 29), (25, 25), (34, 3), (22, 19), (15, 7), (18, 3), (26, 25), (7, 21), (29, 27), (30, 13), (33, 6), (33, 15), (25, 11), (25, 20), (33, 33), (34, 7), (14, 19), (15, 2), (15, 11), (26, 11), (29, 13), (29, 22), (21, 18), (33, 1), (33, 10), (25, 6), (33, 19), (25, 15), (33, 28), (25, 24), (14, 23), (29, 8), (29, 17), ... (+303 more)]",127,37,164
344,"(13, 24)","(13, 23)",North,"['(13, 25)', '(13, 23)']","['(13, 24)', '(25, 27)', '(27, 25)', '(15, 25)']","['(25, 27)', '(15, 25)', '(27, 25)', '(13, 25)']","[(15, 21), (18, 17), (27, 4), (27, 13), (19, 9), (11, 23), (33, 20), (33, 29), (25, 25), (34, 3), (22, 19), (15, 7), (18, 3), (26, 25), (7, 21), (29, 27), (30, 13), (33, 6), (33, 15), (25, 11), (25, 20), (33, 33), (34, 7), (14, 19), (15, 2), (15, 11), (26, 11), (29, 13), (29, 22), (21, 18), (33, 1), (33, 10), (25, 6), (33, 19), (25, 15), (33, 28), (25, 24), (14, 23), (29, 8), (29, 17), ... (+304 more)]",129,35,164
345,"(25, 27)","(25, 26)",North,"['(25, 28)', '(25, 26)', '(26, 27)']","['(25, 27)', '(15, 25)', '(27, 25)', '(13, 25)']","['(27, 25)', '(15, 25)', '(13, 25)', '(25, 28)', '(26, 27)']","[(15, 21), (18, 17), (27, 4), (27, 13), (19, 9), (11, 23), (33, 20), (33, 29), (25, 25), (34, 3), (22, 19), (15, 7), (18, 3), (26, 25), (7, 21), (29, 27), (30, 13), (33, 6), (33, 15), (25, 11), (25, 20), (33, 33), (34, 7), (14, 19), (15, 2), (15, 11), (26, 11), (29, 13), (29, 22), (21, 18), (33, 1), (33, 10), (25, 6), (33, 19), (25, 15), (33, 28), (25, 24), (14, 23), (29, 8), (29, 17), ... (+305 more)]",116,50,166
346,"(27, 25)","(26, 25)",East,"['(26, 25)']","['(27, 25)', '(15, 25)', '(13, 25)', '(25, 28)', '(26, 27)']","['(15, 25)', '(25, 28)', '(13, 25)', '(26, 27)']","[(15, 21), (18, 17), (27, 4), (27, 13), (19, 9), (11, 23), (33, 20), (33, 29), (25, 25), (34, 3), (22, 19), (15, 7), (18, 3), (26, 25), (7, 21), (29, 27), (30, 13), (33, 6), (33, 15), (25, 11), (25, 20), (33, 33), (34, 7), (14, 19), (15, 2), (15, 11), (26, 11), (29, 13), (29, 22), (21, 18), (33, 1), (33, 10), (25, 6), (33, 19), (25, 15), (33, 28), (25, 24), (14, 23), (29, 8), (29, 17), ... (+306 more)]",116,50,166
347,"(15, 25)","(15, 24)",North,"['(15, 26)', '(15, 24)']","['(15, 25)', '(25, 28)', '(13, 25)', '(26, 27)']","['(13, 25)', '(25, 28)', '(26, 27)', '(15, 26)']","[(15, 21), (18, 17), (27, 4), (27, 13), (19, 9), (11, 23), (33, 20), (33, 29), (25, 25), (34, 3), (22, 19), (15, 7), (18, 3), (26, 25), (15, 25), (7, 21), (29, 27), (30, 13), (33, 6), (33, 15), (25, 11), (25, 20), (33, 33), (34, 7), (14, 19), (15, 2), (15, 11), (26, 11), (29, 13), (29, 22), (21, 18), (33, 1), (33, 10), (25, 6), (33, 19), (25, 15), (33, 28), (25, 24), (14, 23), (29, 8), ... (+307 more)]",128,38,166
348,"(13, 25)","(13, 24)",North,"['(13, 24)']","['(13, 25)', '(25, 28)', '(26, 27)', '(15, 26)']","['(25, 28)', '(15, 26)', '(26, 27)']","[(15, 21), (18, 17), (27, 4), (27, 13), (19, 9), (11, 23), (33, 20), (33, 29), (25, 25), (34, 3), (22, 19), (15, 7), (18, 3), (26, 25), (15, 25), (7, 21), (29, 27), (30, 13), (33, 6), (33, 15), (25, 11), (25, 20), (33, 33), (34, 7), (14, 19), (15, 2), (15, 11), (26, 11), (29, 13), (29, 22), (21, 18), (33, 1), (33, 10), (25, 6), (33, 19), (25, 15), (33, 28), (25, 24), (14, 23), (29, 8), ... (+308 more)]",130,36,166
349,"(25, 28)","(25, 27)",North,"['(25, 29)', '(25, 27)']","['(25, 28)', '(15, 26)', '(26, 27)']","['(26, 27)', '(15, 26)', '(25, 29)']","[(15, 21), (18, 17), (27, 4), (27, 13), (19, 9), (11, 23), (33, 20), (33, 29), (25, 25), (34, 3), (22, 19), (15, 7), (18, 3), (26, 25), (15, 25), (7, 21), (29, 27), (30, 13), (33, 6), (33, 15), (25, 11), (25, 20), (33, 33), (34, 7), (14, 19), (15, 2), (15, 11), (26, 11), (29, 13), (29, 22), (21, 18), (33, 1), (33, 10), (25, 6), (33, 19), (25, 15), (33, 28), (25, 24), (14, 23), (29, 8), ... (+309 more)]",117,51,168
350,"(26, 27)","(25, 27)",East,"['(27, 27)', '(25, 27)']","['(26, 27)', '(15, 26)', '(25, 29)']","['(15, 26)', '(25, 29)', '(27, 27)']","[(15, 21), (18, 17), (27, 4), (27, 13), (19, 9), (11, 23), (33, 20), (33, 29), (25, 25), (34, 3), (22, 19), (15, 7), (18, 3), (26, 25), (15, 25), (7, 21), (29, 27), (30, 13), (33, 6), (33, 15), (25, 11), (25, 20), (33, 33), (34, 7), (14, 19), (15, 2), (15, 11), (26, 11), (29, 13), (29, 22), (21, 18), (33, 1), (33, 10), (25, 6), (33, 19), (25, 15), (33, 28), (25, 24), (14, 23), (29, 8), ... (+310 more)]",117,51,168
351,"(15, 26)","(15, 25)",North,"['(15, 27)', '(15, 25)']","['(15, 26)', '(25, 29)', '(27, 27)']","['(25, 29)', '(27, 27)', '(15, 27)']","[(15, 21), (18, 17), (27, 4), (27, 13), (19, 9), (11, 23), (33, 20), (33, 29), (25, 25), (34, 3), (22, 19), (15, 7), (18, 3), (26, 25), (15, 25), (7, 21), (29, 27), (30, 13), (33, 6), (33, 15), (25, 11), (25, 20), (33, 33), (34, 7), (14, 19), (15, 2), (15, 11), (26, 11), (29, 13), (29, 22), (21, 18), (33, 1), (33, 10), (25, 6), (33, 19), (25, 15), (33, 28), (25, 24), (14, 23), (29, 8), ... (+311 more)]",129,39,168
352,"(25, 29)","(25, 28)",North,"['(25, 30)', '(25, 28)', '(26, 29)', '(24, 29)']","['(25, 29)', '(27, 27)', '(15, 27)']","['(27, 27)', '(15, 27)', '(25, 30)', '(26, 29)', '(24, 29)']","[(15, 21), (18, 17), (27, 4), (27, 13), (19, 9), (11, 23), (33, 20), (33, 29), (25, 25), (34, 3), (22, 19), (15, 7), (18, 3), (26, 25), (15, 25), (7, 21), (29, 27), (30, 13), (33, 6), (33, 15), (25, 11), (25, 20), (33, 33), (25, 29), (34, 7), (14, 19), (15, 2), (15, 11), (26, 11), (29, 13), (29, 22), (21, 18), (33, 1), (33, 10), (25, 6), (33, 19), (25, 15), (33, 28), (25, 24), (14, 23), ... (+312 more)]",118,52,170
353,"(27, 27)","(26, 27)",East,"['(26, 27)']","['(27, 27)', '(15, 27)', '(25, 30)', '(26, 29)', '(24, 29)']","['(15, 27)', '(24, 29)', '(25, 30)', '(26, 29)']","[(15, 21), (18, 17), (27, 4), (27, 13), (19, 9), (11, 23), (33, 20), (33, 29), (25, 25), (34, 3), (22, 19), (15, 7), (18, 3), (26, 25), (15, 25), (7, 21), (29, 27), (30, 13), (33, 6), (33, 15), (25, 11), (25, 20), (33, 33), (25, 29), (34, 7), (14, 19), (15, 2), (15, 11), (26, 11), (29, 13), (29, 22), (21, 18), (33, 1), (33, 10), (25, 6), (33, 19), (25, 15), (33, 28), (25, 24), (14, 23), ... (+313 more)]",118,52,170
354,"(15, 27)","(15, 26)",North,"['(15, 26)', '(16, 27)']","['(15, 27)', '(24, 29)', '(25, 30)', '(26, 29)']","['(24, 29)', '(26, 29)', '(25, 30)', '(16, 27)']","[(15, 21), (18, 17), (27, 4), (27, 13), (19, 9), (11, 23), (33, 20), (33, 29), (25, 25), (34, 3), (22, 19), (15, 7), (18, 3), (26, 25), (15, 25), (7, 21), (29, 27), (30, 13), (33, 6), (33, 15), (25, 11), (25, 20), (33, 33), (25, 29), (34, 7), (14, 19), (15, 2), (15, 11), (26, 11), (29, 13), (29, 22), (21, 18), (33, 1), (33, 10), (25, 6), (33, 19), (25, 15), (33, 28), (25, 24), (14, 23), ... (+314 more)]",130,40,170
355,"(24, 29)","(25, 29)",West,"['(25, 29)', '(23, 29)']","['(24, 29)', '(26, 29)', '(25, 30)', '(16, 27)']","['(23, 29)', '(25, 30)', '(16, 27)', '(26, 29)']","[(15, 21), (18, 17), (27, 4), (27, 13), (19, 9), (11, 23), (33, 20), (33, 29), (25, 25), (34, 3), (22, 19), (15, 7), (18, 3), (26, 25), (15, 25), (7, 21), (29, 27), (30, 13), (33, 6), (33, 15), (25, 11), (25, 20), (33, 33), (25, 29), (34, 7), (14, 19), (15, 2), (15, 11), (26, 11), (29, 13), (29, 22), (21, 18), (33, 1), (33, 10), (25, 6), (33, 19), (25, 15), (33, 28), (25, 24), (14, 23), ... (+315 more)]",119,51,170
356,"(23, 29)","(24, 29)",West,"['(24, 29)']","['(23, 29)', '(25, 30)', '(16, 27)', '(26, 29)']","['(25, 30)', '(26, 29)', '(16, 27)']","[(15, 21), (18, 17), (27, 4), (27, 13), (19, 9), (11, 23), (33, 20), (33, 29), (25, 25), (34, 3), (22, 19), (15, 7), (18, 3), (26, 25), (15, 25), (7, 21), (29, 27), (30, 13), (33, 6), (33, 15), (25, 11), (25, 20), (33, 33), (25, 29), (34, 7), (14, 19), (15, 2), (15, 11), (26, 11), (29, 13), (29, 22), (21, 18), (33, 1), (33, 10), (25, 6), (33, 19), (25, 15), (33, 28), (25, 24), (14, 23), ... (+316 more)]",120,50,170
357,"(25, 30)","(25, 29)",North,"['(25, 31)', '(25, 29)']","['(25, 30)', '(26, 29)', '(16, 27)']","['(26, 29)', '(16, 27)', '(25, 31)']","[(15, 21), (18, 17), (27, 4), (27, 13), (19, 9), (11, 23), (33, 20), (33, 29), (25, 25), (34, 3), (22, 19), (15, 7), (18, 3), (26, 25), (15, 25), (7, 21), (29, 27), (30, 13), (33, 6), (33, 15), (25, 11), (25, 20), (33, 33), (25, 29), (34, 7), (14, 19), (15, 2), (15, 11), (26, 11), (29, 13), (29, 22), (21, 18), (33, 1), (33, 10), (25, 6), (33, 19), (25, 15), (33, 28), (25, 24), (14, 23), ... (+317 more)]",119,53,172
358,"(26, 29)","(25, 29)",East,"['(27, 29)', '(25, 29)']","['(26, 29)', '(16, 27)', '(25, 31)']","['(16, 27)', '(25, 31)', '(27, 29)']","[(15, 21), (18, 17), (27, 4), (27, 13), (19, 9), (11, 23), (33, 20), (33, 29), (25, 25), (34, 3), (22, 19), (15, 7), (18, 3), (26, 25), (15, 25), (7, 21), (29, 27), (30, 13), (33, 6), (33, 15), (25, 11), (25, 20), (33, 33), (25, 29), (34, 7), (14, 19), (15, 2), (15, 11), (26, 11), (29, 13), (29, 22), (21, 18), (33, 1), (33, 10), (25, 6), (33, 19), (25, 15), (33, 28), (25, 24), (14, 23), ... (+318 more)]",119,53,172
359,"(16, 27)","(15, 27)",East,"['(17, 27)', '(15, 27)']","['(16, 27)', '(25, 31)', '(27, 29)']","['(25, 31)', '(27, 29)', '(17, 27)']","[(15, 21), (18, 17), (27, 4), (27, 13), (19, 9), (11, 23), (33, 20), (33, 29), (25, 25), (34, 3), (22, 19), (15, 7), (18, 3), (26, 25), (15, 25), (7, 21), (29, 27), (30, 13), (33, 6), (33, 15), (25, 11), (25, 20), (33, 33), (25, 29), (34, 7), (14, 19), (15, 2), (15, 11), (26, 11), (29, 13), (29, 22), (21, 18), (33, 1), (33, 10), (25, 6), (33, 19), (25, 15), (33, 28), (25, 24), (14, 23), ... (+319 more)]",131,41,172
360,"(25, 31)","(25, 30)",North,"['(25, 32)', '(25, 30)']","['(25, 31)', '(27, 29)', '(17, 27)']","['(27, 29)', '(17, 27)', '(25, 32)']","[(15, 21), (18, 17), (27, 4), (27, 13), (19, 9), (11, 23), (33, 20), (33, 29), (25, 25), (34, 3), (22, 19), (15, 7), (18, 3), (26, 25), (15, 25), (7, 21), (29, 27), (30, 13), (33, 6), (33, 15), (25, 11), (25, 20), (33, 33), (25, 29), (34, 7), (14, 19), (15, 2), (15, 11), (26, 11), (29, 13), (29, 22), (21, 18), (33, 1), (33, 10), (25, 6), (33, 19), (25, 15), (33, 28), (25, 24), (14, 23), ... (+320 more)]",120,54,174
361,"(27, 29)","(26, 29)",East,"['(27, 30)', '(26, 29)']","['(27, 29)', '(17, 27)', '(25, 32)']","['(17, 27)', '(25, 32)', '(27, 30)']","[(15, 21), (18, 17), (27, 4), (27, 13), (19, 9), (11, 23), (33, 20), (33, 29), (25, 25), (34, 3), (22, 19), (15, 7), (18, 3), (26, 25), (15, 25), (7, 21), (29, 27), (30, 13), (33, 6), (33, 15), (25, 11), (25, 20), (33, 33), (25, 29), (34, 7), (14, 19), (15, 2), (15, 11), (26, 11), (29, 13), (29, 22), (21, 18), (33, 1), (33, 10), (25, 6), (33, 19), (25, 15), (33, 28), (25, 24), (14, 23), ... (+321 more)]",120,54,174
362,"(17, 27)","(16, 27)",East,"['(17, 26)', '(18, 27)', '(16, 27)']","['(17, 27)', '(25, 32)', '(27, 30)']","['(17, 26)', '(27, 30)', '(25, 32)', '(18, 27)']","[(15, 21), (18, 17), (27, 4), (27, 13), (19, 9), (11, 23), (33, 20), (33, 29), (25, 25), (34, 3), (22, 19), (15, 7), (18, 3), (26, 25), (15, 25), (7, 21), (29, 27), (30, 13), (33, 6), (33, 15), (25, 11), (25, 20), (33, 33), (25, 29), (34, 7), (14, 19), (15, 2), (15, 11), (26, 11), (29, 13), (29, 22), (21, 18), (33, 1), (33, 10), (25, 6), (33, 19), (25, 15), (33, 28), (25, 24), (14, 23), ... (+322 more)]",132,42,174
363,"(17, 26)","(17, 27)",South,"['(17, 27)', '(17, 25)']","['(17, 26)', '(27, 30)', '(25, 32)', '(18, 27)']","['(17, 25)', '(25, 32)', '(18, 27)', '(27, 30)']","[(15, 21), (18, 17), (27, 4), (27, 13), (19, 9), (11, 23), (33, 20), (33, 29), (25, 25), (34, 3), (22, 19), (15, 7), (18, 3), (26, 25), (15, 25), (7, 21), (29, 27), (30, 13), (33, 6), (33, 15), (25, 11), (25, 20), (33, 33), (25, 29), (34, 7), (14, 19), (15, 2), (15, 11), (26, 11), (29, 13), (29, 22), (21, 18), (33, 1), (33, 10), (25, 6), (33, 19), (25, 15), (33, 28), (25, 24), (14, 23), ... (+323 more)]",133,41,174
364,"(17, 25)","(17, 26)",South,"['(17, 26)']","['(17, 25)', '(25, 32)', '(18, 27)', '(27, 30)']","['(25, 32)', '(27, 30)', '(18, 27)']","[(15, 21), (18, 17), (27, 4), (27, 13), (19, 9), (11, 23), (33, 20), (33, 29), (25, 25), (34, 3), (22, 19), (15, 7), (18, 3), (26, 25), (15, 25), (7, 21), (29, 27), (30, 13), (33, 6), (33, 15), (25, 11), (25, 20), (33, 33), (25, 29), (34, 7), (14, 19), (15, 2), (15, 11), (26, 11), (29, 13), (29, 22), (21, 18), (33, 1), (33, 10), (25, 6), (33, 19), (25, 15), (33, 28), (25, 24), (14, 23), ... (+324 more)]",134,40,174
365,"(25, 32)","(25, 31)",North,"['(25, 33)', '(25, 31)']","['(25, 32)', '(27, 30)', '(18, 27)']","['(27, 30)', '(18, 27)', '(25, 33)']","[(15, 21), (18, 17), (27, 4), (27, 13), (19, 9), (11, 23), (33, 20), (33, 29), (25, 25), (34, 3), (22, 19), (15, 7), (18, 3), (26, 25), (15, 25), (7, 21), (29, 27), (30, 13), (33, 6), (33, 15), (25, 11), (25, 20), (33, 33), (25, 29), (34, 7), (14, 19), (15, 2), (15, 11), (26, 11), (29, 13), (29, 22), (21, 18), (33, 1), (33, 10), (25, 6), (33, 19), (25, 15), (33, 28), (25, 24), (14, 23), ... (+325 more)]",121,55,176
366,"(27, 30)","(27, 29)",North,"['(27, 31)', '(27, 29)']","['(27, 30)', '(18, 27)', '(25, 33)']","['(18, 27)', '(25, 33)', '(27, 31)']","[(15, 21), (18, 17), (27, 4), (27, 13), (19, 9), (11, 23), (33, 20), (33, 29), (25, 25), (34, 3), (22, 19), (15, 7), (18, 3), (26, 25), (15, 25), (7, 21), (29, 27), (30, 13), (33, 6), (33, 15), (25, 11), (25, 20), (33, 33), (25, 29), (34, 7), (14, 19), (15, 2), (15, 11), (26, 11), (29, 13), (29, 22), (21, 18), (33, 1), (33, 10), (25, 6), (33, 19), (25, 15), (33, 28), (25, 24), (14, 23), ... (+326 more)]",121,55,176
367,"(18, 27)","(17, 27)",East,"['(19, 27)', '(17, 27)']","['(18, 27)', '(25, 33)', '(27, 31)']","['(25, 33)', '(27, 31)', '(19, 27)']","[(15, 21), (18, 17), (27, 4), (27, 13), (19, 9), (11, 23), (33, 20), (33, 29), (25, 25), (34, 3), (22, 19), (15, 7), (18, 3), (26, 25), (15, 25), (7, 21), (29, 27), (30, 13), (33, 6), (33, 15), (25, 11), (25, 20), (33, 33), (25, 29), (34, 7), (14, 19), (15, 2), (15, 11), (26, 11), (29, 13), (29, 22), (21, 18), (33, 1), (33, 10), (25, 6), (33, 19), (25, 15), (33, 28), (25, 24), (14, 23), ... (+327 more)]",133,43,176
368,"(25, 33)","(25, 32)",North,"['(25, 34)', '(25, 32)', '(26, 33)']","['(25, 33)', '(27, 31)', '(19, 27)']","['(27, 31)', '(19, 27)', '(25, 34)', '(26, 33)']","[(15, 21), (18, 17), (27, 4), (27, 13), (19, 9), (11, 23), (33, 20), (33, 29), (25, 25), (34, 3), (22, 19), (15, 7), (18, 3), (26, 25), (15, 25), (7, 21), (29, 27), (30, 13), (33, 6), (33, 15), (25, 11), (25, 20), (33, 33), (25, 29), (34, 7), (14, 19), (15, 2), (15, 11), (26, 11), (29, 13), (29, 22), (21, 18), (33, 1), (33, 10), (25, 6), (33, 19), (25, 15), (33, 28), (25, 24), (25, 33), ... (+328 more)]",122,56,178
369,"(27, 31)","(27, 30)",North,"['(27, 30)', '(28, 31)']","['(27, 31)', '(19, 27)', '(25, 34)', '(26, 33)']","['(19, 27)', '(26, 33)', '(25, 34)', '(28, 31)']","[(15, 21), (18, 17), (27, 4), (27, 13), (19, 9), (11, 23), (33, 20), (33, 29), (25, 25), (34, 3), (22, 19), (15, 7), (18, 3), (26, 25), (15, 25), (7, 21), (29, 27), (30, 13), (33, 6), (33, 15), (25, 11), (25, 20), (33, 33), (25, 29), (34, 7), (14, 19), (15, 2), (15, 11), (26, 11), (29, 13), (29, 22), (21, 18), (33, 1), (33, 10), (25, 6), (33, 19), (25, 15), (33, 28), (25, 24), (25, 33), ... (+329 more)]",122,56,178
370,"(19, 27)","(18, 27)",East,"['(19, 26)', '(20, 27)', '(18, 27)']","['(19, 27)', '(26, 33)', '(25, 34)', '(28, 31)']","['(19, 26)', '(25, 34)', '(28, 31)', '(26, 33)', '(20, 27)']","[(15, 21), (18, 17), (27, 4), (27, 13), (19, 9), (11, 23), (33, 20), (33, 29), (25, 25), (34, 3), (22, 19), (15, 7), (18, 3), (26, 25), (15, 25), (7, 21), (29, 27), (30, 13), (33, 6), (33, 15), (25, 11), (25, 20), (33, 33), (25, 29), (34, 7), (14, 19), (15, 2), (15, 11), (26, 11), (29, 13), (29, 22), (21, 18), (33, 1), (33, 10), (25, 6), (33, 19), (25, 15), (33, 28), (25, 24), (25, 33), ... (+330 more)]",134,44,178
371,"(19, 26)","(19, 27)",South,"['(19, 27)', '(19, 25)']","['(19, 26)', '(25, 34)', '(28, 31)', '(26, 33)', '(20, 27)']","['(19, 25)', '(25, 34)', '(28, 31)', '(20, 27)', '(26, 33)']","[(15, 21), (18, 17), (27, 4), (27, 13), (19, 9), (11, 23), (33, 20), (33, 29), (25, 25), (34, 3), (22, 19), (15, 7), (18, 3), (26, 25), (15, 25), (7, 21), (29, 27), (30, 13), (33, 6), (33, 15), (25, 11), (25, 20), (33, 33), (25, 29), (34, 7), (14, 19), (15, 2), (15, 11), (26, 11), (29, 13), (29, 22), (21, 18), (33, 1), (33, 10), (25, 6), (33, 19), (25, 15), (33, 28), (25, 24), (25, 33), ... (+331 more)]",135,43,178
372,"(19, 25)","(19, 26)",South,"['(19, 26)', '(20, 25)']","['(19, 25)', '(25, 34)', '(28, 31)', '(20, 27)', '(26, 33)']","['(25, 34)', '(26, 33)', '(28, 31)', '(20, 27)', '(20, 25)']","[(15, 21), (18, 17), (27, 4), (27, 13), (19, 9), (11, 23), (33, 20), (33, 29), (25, 25), (34, 3), (22, 19), (15, 7), (18, 3), (26, 25), (15, 25), (7, 21), (29, 27), (30, 13), (33, 6), (33, 15), (25, 11), (25, 20), (33, 33), (25, 29), (34, 7), (14, 19), (15, 2), (15, 11), (26, 11), (29, 13), (29, 22), (21, 18), (33, 1), (33, 10), (25, 6), (33, 19), (25, 15), (33, 28), (25, 24), (25, 33), ... (+332 more)]",136,42,178
373,"(25, 34)","(25, 33)",North,"['(25, 35)', '(25, 33)']","['(25, 34)', '(26, 33)', '(28, 31)', '(20, 27)', '(20, 25)']","['(26, 33)', '(20, 27)', '(28, 31)', '(20, 25)', '(25, 35)']","[(15, 21), (18, 17), (27, 4), (27, 13), (19, 9), (11, 23), (33, 20), (33, 29), (25, 25), (34, 3), (25, 34), (22, 19), (15, 7), (18, 3), (26, 25), (15, 25), (7, 21), (29, 27), (30, 13), (33, 6), (33, 15), (25, 11), (25, 20), (33, 33), (25, 29), (34, 7), (14, 19), (15, 2), (15, 11), (26, 11), (29, 13), (29, 22), (21, 18), (33, 1), (33, 10), (25, 6), (33, 19), (25, 15), (33, 28), (25, 24), ... (+333 more)]",123,57,180
374,"(26, 33)","(25, 33)",East,"['(27, 33)', '(25, 33)']","['(26, 33)', '(20, 27)', '(28, 31)', '(20, 25)', '(25, 35)']","['(28, 31)', '(20, 27)', '(25, 35)', '(20, 25)', '(27, 33)']","[(15, 21), (18, 17), (27, 4), (27, 13), (19, 9), (11, 23), (33, 20), (33, 29), (25, 25), (34, 3), (25, 34), (22, 19), (15, 7), (18, 3), (26, 25), (15, 25), (7, 21), (29, 27), (30, 13), (33, 6), (33, 15), (25, 11), (25, 20), (33, 33), (25, 29), (34, 7), (14, 19), (15, 2), (15, 11), (26, 11), (29, 13), (29, 22), (21, 18), (33, 1), (33, 10), (25, 6), (33, 19), (25, 15), (33, 28), (25, 24), ... (+334 more)]",123,57,180
375,"(28, 31)","(27, 31)",East,"['(29, 31)', '(27, 31)']","['(28, 31)', '(20, 27)', '(25, 35)', '(20, 25)', '(27, 33)']","['(20, 27)', '(20, 25)', '(25, 35)', '(27, 33)', '(29, 31)']","[(15, 21), (18, 17), (27, 4), (27, 13), (19, 9), (11, 23), (33, 20), (33, 29), (25, 25), (34, 3), (25, 34), (22, 19), (15, 7), (18, 3), (26, 25), (15, 25), (7, 21), (29, 27), (30, 13), (33, 6), (33, 15), (25, 11), (25, 20), (33, 33), (25, 29), (34, 7), (14, 19), (15, 2), (15, 11), (26, 11), (29, 13), (29, 22), (21, 18), (33, 1), (33, 10), (25, 6), (33, 19), (25, 15), (33, 28), (25, 24), ... (+335 more)]",123,57,180
376,"(20, 27)","(19, 27)",East,"['(21, 27)', '(19, 27)']","['(20, 27)', '(20, 25)', '(25, 35)', '(27, 33)', '(29, 31)']","['(20, 25)', '(27, 33)', '(25, 35)', '(29, 31)', '(21, 27)']","[(15, 21), (18, 17), (27, 4), (27, 13), (19, 9), (11, 23), (33, 20), (33, 29), (25, 25), (34, 3), (25, 34), (22, 19), (15, 7), (18, 3), (26, 25), (15, 25), (7, 21), (29, 27), (30, 13), (33, 6), (33, 15), (25, 11), (25, 20), (33, 33), (25, 29), (34, 7), (14, 19), (15, 2), (15, 11), (26, 11), (29, 13), (29, 22), (21, 18), (33, 1), (33, 10), (25, 6), (33, 19), (25, 15), (33, 28), (25, 24), ... (+336 more)]",135,45,180
377,"(20, 25)","(19, 25)",East,"['(21, 25)', '(19, 25)']","['(20, 25)', '(27, 33)', '(25, 35)', '(29, 31)', '(21, 27)']","['(25, 35)', '(27, 33)', '(21, 27)', '(29, 31)', '(21, 25)']","[(15, 21), (18, 17), (27, 4), (27, 13), (19, 9), (11, 23), (33, 20), (33, 29), (25, 25), (34, 3), (25, 34), (22, 19), (15, 7), (18, 3), (26, 25), (15, 25), (7, 21), (29, 27), (30, 13), (33, 6), (33, 15), (25, 11), (25, 20), (33, 33), (25, 29), (34, 7), (14, 19), (15, 2), (15, 11), (26, 11), (29, 13), (29, 22), (21, 18), (33, 1), (33, 10), (25, 6), (33, 19), (25, 15), (33, 28), (25, 24), ... (+337 more)]",137,43,180
378,"(25, 35)","(25, 34)",North,"['(25, 34)', '(26, 35)']","['(25, 35)', '(27, 33)', '(21, 27)', '(29, 31)', '(21, 25)']","['(27, 33)', '(29, 31)', '(21, 27)', '(21, 25)', '(26, 35)']","[(15, 21), (18, 17), (27, 4), (27, 13), (19, 9), (11, 23), (33, 20), (33, 29), (25, 25), (34, 3), (25, 34), (22, 19), (15, 7), (18, 3), (26, 25), (15, 25), (7, 21), (29, 27), (30, 13), (33, 6), (33, 15), (25, 11), (25, 20), (33, 33), (25, 29), (34, 7), (14, 19), (15, 2), (15, 11), (26, 11), (29, 13), (29, 22), (21, 18), (33, 1), (33, 10), (25, 6), (33, 19), (25, 15), (33, 28), (25, 24), ... (+338 more)]",124,58,182
379,"(27, 33)","(26, 33)",East,"['(28, 33)', '(26, 33)']","['(27, 33)', '(29, 31)', '(21, 27)', '(21, 25)', '(26, 35)']","['(29, 31)', '(21, 25)', '(21, 27)', '(26, 35)', '(28, 33)']","[(15, 21), (18, 17), (27, 4), (27, 13), (19, 9), (11, 23), (33, 20), (33, 29), (25, 25), (34, 3), (25, 34), (22, 19), (15, 7), (18, 3), (26, 25), (15, 25), (7, 21), (29, 27), (30, 13), (33, 6), (33, 15), (25, 11), (25, 20), (33, 33), (25, 29), (34, 7), (14, 19), (15, 2), (15, 11), (26, 11), (29, 13), (29, 22), (21, 18), (33, 1), (33, 10), (25, 6), (33, 19), (25, 15), (33, 28), (25, 24), ... (+339 more)]",124,58,182
380,"(29, 31)","(28, 31)",East,"['(28, 31)']","['(29, 31)', '(21, 25)', '(21, 27)', '(26, 35)', '(28, 33)']","['(21, 27)', '(21, 25)', '(28, 33)', '(26, 35)']","[(15, 21), (18, 17), (27, 4), (27, 13), (19, 9), (11, 23), (33, 20), (33, 29), (25, 25), (34, 3), (25, 34), (22, 19), (15, 7), (18, 3), (26, 25), (15, 25), (7, 21), (29, 27), (30, 13), (33, 6), (33, 15), (25, 11), (25, 20), (33, 33), (25, 29), (34, 7), (14, 19), (15, 2), (15, 11), (26, 11), (29, 13), (29, 22), (21, 18), (29, 31), (33, 1), (33, 10), (25, 6), (33, 19), (25, 15), (33, 28), ... (+340 more)]",124,58,182
381,"(21, 27)","(20, 27)",East,"['(21, 28)', '(20, 27)']","['(21, 27)', '(21, 25)', '(28, 33)', '(26, 35)']","['(21, 25)', '(26, 35)', '(28, 33)', '(21, 28)']","[(15, 21), (18, 17), (27, 4), (27, 13), (19, 9), (11, 23), (33, 20), (33, 29), (25, 25), (34, 3), (25, 34), (22, 19), (15, 7), (18, 3), (26, 25), (15, 25), (7, 21), (29, 27), (30, 13), (33, 6), (33, 15), (25, 11), (25, 20), (33, 33), (25, 29), (34, 7), (14, 19), (15, 2), (15, 11), (26, 11), (29, 13), (29, 22), (21, 18), (29, 31), (21, 27), (33, 1), (33, 10), (25, 6), (33, 19), (25, 15), ... (+341 more)]",136,46,182
382,"(21, 25)","(20, 25)",East,"['(22, 25)', '(20, 25)']","['(21, 25)', '(26, 35)', '(28, 33)', '(21, 28)']","['(26, 35)', '(21, 28)', '(28, 33)', '(22, 25)']","[(15, 21), (18, 17), (27, 4), (27, 13), (19, 9), (11, 23), (33, 20), (33, 29), (25, 25), (34, 3), (25, 34), (22, 19), (15, 7), (18, 3), (26, 25), (15, 25), (7, 21), (29, 27), (30, 13), (33, 6), (33, 15), (25, 11), (25, 20), (33, 33), (25, 29), (34, 7), (14, 19), (15, 2), (15, 11), (26, 11), (29, 13), (29, 22), (21, 18), (29, 31), (21, 27), (33, 1), (33, 10), (25, 6), (33, 19), (25, 15), ... (+342 more)]",138,44,182
383,"(26, 35)","(25, 35)",East,"['(27, 35)', '(25, 35)']","['(26, 35)', '(21, 28)', '(28, 33)', '(22, 25)']","['(28, 33)', '(21, 28)', '(22, 25)', '(27, 35)']","[(15, 21), (18, 17), (27, 4), (27, 13), (19, 9), (11, 23), (33, 20), (33, 29), (25, 25), (34, 3), (25, 34), (22, 19), (15, 7), (18, 3), (26, 25), (15, 25), (7, 21), (29, 27), (30, 13), (33, 6), (33, 15), (25, 11), (25, 20), (33, 33), (25, 29), (34, 7), (14, 19), (15, 2), (15, 11), (26, 11), (29, 13), (29, 22), (21, 18), (29, 31), (21, 27), (33, 1), (33, 10), (25, 6), (33, 19), (25, 15), ... (+343 more)]",125,59,184
384,"(28, 33)","(27, 33)",East,"['(29, 33)', '(27, 33)']","['(28, 33)', '(21, 28)', '(22, 25)', '(27, 35)']","['(21, 28)', '(27, 35)', '(22, 25)', '(29, 33)']","[(15, 21), (18, 17), (27, 4), (27, 13), (19, 9), (11, 23), (33, 20), (33, 29), (25, 25), (34, 3), (25, 34), (22, 19), (15, 7), (18, 3), (26, 25), (15, 25), (7, 21), (29, 27), (30, 13), (33, 6), (33, 15), (25, 11), (25, 20), (33, 33), (25, 29), (34, 7), (14, 19), (15, 2), (15, 11), (26, 11), (29, 13), (29, 22), (21, 18), (29, 31), (21, 27), (33, 1), (33, 10), (25, 6), (33, 19), (25, 15), ... (+344 more)]",125,59,184
385,"(21, 28)","(21, 27)",North,"['(21, 29)', '(21, 27)']","['(21, 28)', '(27, 35)', '(22, 25)', '(29, 33)']","['(22, 25)', '(27, 35)', '(29, 33)', '(21, 29)']","[(15, 21), (18, 17), (27, 4), (27, 13), (19, 9), (11, 23), (33, 20), (33, 29), (25, 25), (34, 3), (25, 34), (22, 19), (15, 7), (18, 3), (26, 25), (15, 25), (7, 21), (29, 27), (30, 13), (33, 6), (33, 15), (25, 11), (25, 20), (33, 33), (25, 29), (34, 7), (14, 19), (15, 2), (15, 11), (26, 11), (29, 13), (29, 22), (21, 18), (29, 31), (21, 27), (33, 1), (33, 10), (25, 6), (33, 19), (25, 15), ... (+345 more)]",137,47,184
386,"(22, 25)","(21, 25)",East,"['(23, 25)', '(21, 25)']","['(22, 25)', '(27, 35)', '(29, 33)', '(21, 29)']","['(27, 35)', '(21, 29)', '(29, 33)', '(23, 25)']","[(15, 21), (18, 17), (27, 4), (27, 13), (19, 9), (11, 23), (33, 20), (33, 29), (25, 25), (34, 3), (25, 34), (22, 19), (15, 7), (18, 3), (26, 25), (15, 25), (7, 21), (29, 27), (30, 13), (33, 6), (33, 15), (25, 11), (25, 20), (33, 33), (25, 29), (34, 7), (14, 19), (15, 2), (15, 11), (26, 11), (29, 13), (29, 22), (21, 18), (29, 31), (21, 27), (33, 1), (33, 10), (25, 6), (33, 19), (25, 15), ... (+346 more)]",139,45,184
387,"(27, 35)","(26, 35)",East,"['(26, 35)']","['(27, 35)', '(21, 29)', '(29, 33)', '(23, 25)']","['(29, 33)', '(21, 29)', '(23, 25)']","[(15, 21), (18, 17), (27, 4), (27, 13), (19, 9), (11, 23), (33, 20), (33, 29), (25, 25), (34, 3), (25, 34), (22, 19), (15, 7), (18, 3), (26, 25), (15, 25), (7, 21), (29, 27), (30, 13), (33, 6), (33, 15), (25, 11), (25, 20), (33, 33), (25, 29), (34, 7), (14, 19), (15, 2), (15, 11), (26, 11), (29, 13), (29, 22), (21, 18), (29, 31), (21, 27), (33, 1), (33, 10), (25, 6), (33, 19), (25, 15), ... (+347 more)]",126,60,186
388,"(29, 33)","(28, 33)",East,"['(28, 33)']","['(29, 33)', '(21, 29)', '(23, 25)']","['(21, 29)', '(23, 25)']","[(15, 21), (18, 17), (27, 4), (27, 13), (19, 9), (11, 23), (33, 20), (33, 29), (25, 25), (34, 3), (25, 34), (22, 19), (15, 7), (18, 3), (26, 25), (15, 25), (7, 21), (29, 27), (30, 13), (33, 6), (33, 15), (25, 11), (25, 20), (33, 33), (25, 29), (34, 7), (14, 19), (15, 2), (15, 11), (26, 11), (29, 13), (29, 22), (21, 18), (29, 31), (21, 27), (33, 1), (33, 10), (25, 6), (33, 19), (25, 15), ... (+348 more)]",126,60,186
389,"(21, 29)","(21, 28)",North,"['(21, 30)', '(21, 28)', '(20, 29)']","['(21, 29)', '(23, 25)']","['(23, 25)', '(21, 30)', '(20, 29)']","[(15, 21), (18, 17), (27, 4), (27, 13), (19, 9), (11, 23), (33, 20), (33, 29), (25, 25), (34, 3), (25, 34), (22, 19), (15, 7), (18, 3), (26, 25), (15, 25), (7, 21), (29, 27), (30, 13), (33, 6), (33, 15), (25, 11), (25, 20), (33, 33), (25, 29), (34, 7), (14, 19), (15, 2), (15, 11), (26, 11), (29, 13), (29, 22), (21, 18), (29, 31), (21, 27), (33, 1), (33, 10), (25, 6), (33, 19), (25, 15), ... (+349 more)]",138,48,186
390,"(23, 25)","(22, 25)",East,"['(23, 26)', '(22, 25)']","['(23, 25)', '(21, 30)', '(20, 29)']","['(20, 29)', '(21, 30)', '(23, 26)']","[(15, 21), (18, 17), (27, 4), (27, 13), (19, 9), (11, 23), (33, 20), (33, 29), (25, 25), (34, 3), (25, 34), (22, 19), (15, 7), (18, 3), (26, 25), (15, 25), (7, 21), (29, 27), (30, 13), (33, 6), (33, 15), (25, 11), (25, 20), (33, 33), (25, 29), (34, 7), (14, 19), (15, 2), (15, 11), (26, 11), (29, 13), (29, 22), (21, 18), (29, 31), (21, 27), (33, 1), (33, 10), (25, 6), (33, 19), (25, 15), ... (+350 more)]",140,46,186
391,"(20, 29)","(21, 29)",West,"['(21, 29)', '(19, 29)']","['(20, 29)', '(21, 30)', '(23, 26)']","['(19, 29)', '(23, 26)', '(21, 30)']","[(15, 21), (18, 17), (27, 4), (27, 13), (19, 9), (11, 23), (33, 20), (33, 29), (25, 25), (34, 3), (25, 34), (22, 19), (15, 7), (18, 3), (26, 25), (15, 25), (7, 21), (29, 27), (30, 13), (33, 6), (33, 15), (25, 11), (25, 20), (33, 33), (25, 29), (34, 7), (14, 19), (15, 2), (15, 11), (26, 11), (29, 13), (29, 22), (21, 18), (29, 31), (21, 27), (33, 1), (33, 10), (25, 6), (33, 19), (25, 15), ... (+351 more)]",139,47,186
392,"(19, 29)","(20, 29)",West,"['(20, 29)']","['(19, 29)', '(23, 26)', '(21, 30)']","['(21, 30)', '(23, 26)']","[(15, 21), (18, 17), (27, 4), (27, 13), (19, 9), (11, 23), (33, 20), (33, 29), (25, 25), (34, 3), (25, 34), (22, 19), (15, 7), (18, 3), (26, 25), (15, 25), (7, 21), (29, 27), (30, 13), (33, 6), (33, 15), (25, 11), (25, 20), (33, 33), (25, 29), (34, 7), (14, 19), (15, 2), (15, 11), (26, 11), (29, 13), (29, 22), (21, 18), (29, 31), (21, 27), (33, 1), (33, 10), (25, 6), (33, 19), (25, 15), ... (+352 more)]",140,46,186
393,"(21, 30)","(21, 29)",North,"['(21, 31)', '(21, 29)']","['(21, 30)', '(23, 26)']","['(23, 26)', '(21, 31)']","[(15, 21), (18, 17), (27, 4), (27, 13), (19, 9), (11, 23), (33, 20), (33, 29), (25, 25), (34, 3), (25, 34), (22, 19), (15, 7), (18, 3), (26, 25), (15, 25), (7, 21), (29, 27), (30, 13), (33, 6), (33, 15), (25, 11), (25, 20), (33, 33), (25, 29), (34, 7), (14, 19), (15, 2), (15, 11), (26, 11), (29, 13), (29, 22), (21, 18), (29, 31), (21, 27), (33, 1), (33, 10), (25, 6), (33, 19), (25, 15), ... (+353 more)]",139,49,188
394,"(23, 26)","(23, 25)",North,"['(23, 27)', '(23, 25)']","['(23, 26)', '(21, 31)']","['(21, 31)', '(23, 27)']","[(15, 21), (18, 17), (27, 4), (27, 13), (19, 9), (11, 23), (33, 20), (33, 29), (25, 25), (34, 3), (25, 34), (22, 19), (15, 7), (18, 3), (26, 25), (15, 25), (7, 21), (29, 27), (30, 13), (33, 6), (33, 15), (25, 11), (25, 20), (33, 33), (25, 29), (34, 7), (14, 19), (15, 2), (15, 11), (26, 11), (29, 13), (29, 22), (21, 18), (29, 31), (21, 27), (33, 1), (33, 10), (25, 6), (33, 19), (25, 15), ... (+354 more)]",141,47,188
395,"(21, 31)","(21, 30)",North,"['(21, 32)', '(21, 30)', '(22, 31)']","['(21, 31)', '(23, 27)']","['(23, 27)', '(21, 32)', '(22, 31)']","[(15, 21), (18, 17), (27, 4), (27, 13), (19, 9), (11, 23), (33, 20), (33, 29), (25, 25), (34, 3), (25, 34), (22, 19), (15, 7), (18, 3), (26, 25), (15, 25), (7, 21), (29, 27), (30, 13), (33, 6), (33, 15), (25, 11), (25, 20), (33, 33), (25, 29), (34, 7), (14, 19), (15, 2), (15, 11), (26, 11), (29, 13), (29, 22), (21, 18), (29, 31), (21, 27), (33, 1), (33, 10), (25, 6), (33, 19), (25, 15), ... (+355 more)]",140,50,190
396,"(23, 27)","(23, 26)",North,"['(23, 26)']","['(23, 27)', '(21, 32)', '(22, 31)']","['(21, 32)', '(22, 31)']","[(15, 21), (18, 17), (27, 4), (27, 13), (19, 9), (11, 23), (33, 20), (33, 29), (25, 25), (34, 3), (25, 34), (22, 19), (15, 7), (18, 3), (26, 25), (15, 25), (7, 21), (29, 27), (30, 13), (33, 6), (33, 15), (25, 11), (25, 20), (33, 33), (25, 29), (34, 7), (14, 19), (15, 2), (15, 11), (26, 11), (29, 13), (29, 22), (21, 18), (29, 31), (21, 27), (33, 1), (33, 10), (25, 6), (33, 19), (25, 15), ... (+356 more)]",142,48,190
397,"(21, 32)","(21, 31)",North,"['(21, 33)', '(21, 31)']","['(21, 32)', '(22, 31)']","['(22, 31)', '(21, 33)']","[(15, 21), (18, 17), (27, 4), (27, 13), (19, 9), (11, 23), (33, 20), (33, 29), (25, 25), (34, 3), (25, 34), (22, 19), (15, 7), (18, 3), (26, 25), (15, 25), (7, 21), (29, 27), (30, 13), (21, 32), (33, 6), (33, 15), (25, 11), (25, 20), (33, 33), (25, 29), (34, 7), (14, 19), (15, 2), (15, 11), (26, 11), (29, 13), (29, 22), (21, 18), (29, 31), (21, 27), (33, 1), (33, 10), (25, 6), (33, 19), ... (+357 more)]",141,51,192
398,"(22, 31)","(21, 31)",East,"['(23, 31)', '(21, 31)']","['(22, 31)', '(21, 33)']","['(21, 33)', '(23, 31)']","[(15, 21), (18, 17), (27, 4), (27, 13), (19, 9), (11, 23), (33, 20), (33, 29), (25, 25), (34, 3), (25, 34), (22, 19), (15, 7), (18, 3), (26, 25), (15, 25), (7, 21), (29, 27), (30, 13), (21, 32), (33, 6), (33, 15), (25, 11), (25, 20), (33, 33), (25, 29), (34, 7), (14, 19), (15, 2), (15, 11), (26, 11), (29, 13), (29, 22), (21, 18), (29, 31), (21, 27), (33, 1), (33, 10), (25, 6), (33, 19), ... (+358 more)]",141,51,192
399,"(21, 33)","(21, 32)",North,"['(21, 34)', '(21, 32)', '(22, 33)', '(20, 33)']","['(21, 33)', '(23, 31)']","['(23, 31)', '(20, 33)', '(22, 33)', '(21, 34)']","[(15, 21), (18, 17), (27, 4), (27, 13), (19, 9), (11, 23), (33, 20), (33, 29), (25, 25), (34, 3), (25, 34), (22, 19), (15, 7), (18, 3), (26, 25), (15, 25), (7, 21), (29, 27), (30, 13), (21, 32), (33, 6), (33, 15), (25, 11), (25, 20), (33, 33), (25, 29), (34, 7), (14, 19), (15, 2), (15, 11), (26, 11), (29, 13), (29, 22), (21, 18), (29, 31), (21, 27), (33, 1), (33, 10), (25, 6), (33, 19), ... (+359 more)]",142,52,194
400,"(23, 31)","(22, 31)",East,"['(22, 31)']","['(23, 31)', '(20, 33)', '(22, 33)', '(21, 34)']","['(20, 33)', '(21, 34)', '(22, 33)']","[(15, 21), (18, 17), (27, 4), (27, 13), (19, 9), (11, 23), (33, 20), (33, 29), (25, 25), (34, 3), (25, 34), (22, 19), (15, 7), (18, 3), (26, 25), (15, 25), (7, 21), (29, 27), (30, 13), (21, 32), (33, 6), (33, 15), (25, 11), (25, 20), (33, 33), (25, 29), (34, 7), (14, 19), (15, 2), (15, 11), (26, 11), (29, 13), (29, 22), (21, 18), (29, 31), (21, 27), (33, 1), (33, 10), (25, 6), (33, 19), ... (+360 more)]",142,52,194
401,"(20, 33)","(21, 33)",West,"['(21, 33)', '(19, 33)']","['(20, 33)', '(21, 34)', '(22, 33)']","['(19, 33)', '(22, 33)', '(21, 34)']","[(15, 21), (18, 17), (27, 4), (27, 13), (19, 9), (11, 23), (33, 20), (33, 29), (25, 25), (34, 3), (25, 34), (22, 19), (15, 7), (18, 3), (26, 25), (15, 25), (7, 21), (29, 27), (30, 13), (21, 32), (33, 6), (33, 15), (25, 11), (25, 20), (33, 33), (25, 29), (34, 7), (14, 19), (15, 2), (15, 11), (26, 11), (29, 13), (29, 22), (21, 18), (29, 31), (21, 27), (33, 1), (33, 10), (25, 6), (33, 19), ... (+361 more)]",143,51,194
402,"(19, 33)","(20, 33)",West,"['(19, 32)', '(20, 33)']","['(19, 33)', '(22, 33)', '(21, 34)']","['(19, 32)', '(22, 33)', '(21, 34)']","[(15, 21), (18, 17), (27, 4), (27, 13), (19, 9), (11, 23), (33, 20), (33, 29), (25, 25), (34, 3), (25, 34), (22, 19), (15, 7), (18, 3), (26, 25), (15, 25), (7, 21), (29, 27), (30, 13), (21, 32), (33, 6), (33, 15), (25, 11), (25, 20), (33, 33), (25, 29), (34, 7), (14, 19), (15, 2), (15, 11), (26, 11), (29, 13), (29, 22), (21, 18), (29, 31), (21, 27), (33, 1), (33, 10), (25, 6), (33, 19), ... (+362 more)]",144,50,194
403,"(19, 32)","(19, 33)",South,"['(19, 33)', '(19, 31)']","['(19, 32)', '(22, 33)', '(21, 34)']","['(19, 31)', '(22, 33)', '(21, 34)']","[(15, 21), (18, 17), (27, 4), (27, 13), (19, 9), (11, 23), (33, 20), (33, 29), (25, 25), (34, 3), (25, 34), (22, 19), (15, 7), (18, 3), (26, 25), (15, 25), (7, 21), (29, 27), (30, 13), (21, 32), (33, 6), (33, 15), (25, 11), (25, 20), (33, 33), (25, 29), (34, 7), (14, 19), (15, 2), (15, 11), (26, 11), (29, 13), (29, 22), (21, 18), (29, 31), (21, 27), (33, 1), (33, 10), (25, 6), (33, 19), ... (+363 more)]",145,49,194
404,"(19, 31)","(19, 32)",South,"['(19, 32)']","['(19, 31)', '(22, 33)', '(21, 34)']","['(21, 34)', '(22, 33)']","[(15, 21), (18, 17), (27, 4), (27, 13), (19, 9), (11, 23), (33, 20), (33, 29), (25, 25), (34, 3), (25, 34), (22, 19), (15, 7), (18, 3), (26, 25), (15, 25), (7, 21), (29, 27), (30, 13), (21, 32), (33, 6), (33, 15), (25, 11), (25, 20), (33, 33), (25, 29), (34, 7), (14, 19), (15, 2), (15, 11), (26, 11), (29, 13), (29, 22), (21, 18), (29, 31), (21, 27), (33, 1), (33, 10), (25, 6), (33, 19), ... (+364 more)]",146,48,194
405,"(21, 34)","(21, 33)",North,"['(21, 35)', '(21, 33)']","['(21, 34)', '(22, 33)']","['(22, 33)', '(21, 35)']","[(15, 21), (18, 17), (27, 4), (27, 13), (19, 9), (11, 23), (33, 20), (33, 29), (25, 25), (34, 3), (25, 34), (22, 19), (15, 7), (18, 3), (26, 25), (15, 25), (7, 21), (29, 27), (30, 13), (21, 32), (33, 6), (33, 15), (25, 11), (25, 20), (33, 33), (25, 29), (34, 7), (14, 19), (15, 2), (15, 11), (26, 11), (29, 13), (29, 22), (21, 18), (29, 31), (21, 27), (33, 1), (33, 10), (25, 6), (33, 19), ... (+365 more)]",143,53,196
406,"(22, 33)","(21, 33)",East,"['(23, 33)', '(21, 33)']","['(22, 33)', '(21, 35)']","['(21, 35)', '(23, 33)']","[(15, 21), (18, 17), (27, 4), (27, 13), (19, 9), (11, 23), (33, 20), (33, 29), (25, 25), (34, 3), (25, 34), (22, 19), (15, 7), (18, 3), (26, 25), (15, 25), (7, 21), (29, 27), (30, 13), (21, 32), (33, 6), (33, 15), (25, 11), (25, 20), (33, 33), (25, 29), (34, 7), (14, 19), (15, 2), (15, 11), (26, 11), (29, 13), (29, 22), (21, 18), (29, 31), (21, 27), (33, 1), (33, 10), (25, 6), (33, 19), ... (+366 more)]",143,53,196
407,"(21, 35)","(21, 34)",North,"['(21, 34)', '(22, 35)', '(20, 35)']","['(21, 35)', '(23, 33)']","['(23, 33)', '(22, 35)', '(20, 35)']","[(15, 21), (18, 17), (27, 4), (27, 13), (19, 9), (11, 23), (33, 20), (33, 29), (25, 25), (34, 3), (25, 34), (22, 19), (15, 7), (18, 3), (26, 25), (15, 25), (7, 21), (29, 27), (30, 13), (21, 32), (33, 6), (33, 15), (25, 11), (25, 20), (33, 33), (25, 29), (34, 7), (14, 19), (15, 2), (15, 11), (26, 11), (29, 13), (29, 22), (21, 18), (29, 31), (21, 27), (33, 1), (33, 10), (25, 6), (33, 19), ... (+367 more)]",144,54,198
408,"(23, 33)","(22, 33)",East,"['(22, 33)']","['(23, 33)', '(22, 35)', '(20, 35)']","['(20, 35)', '(22, 35)']","[(15, 21), (18, 17), (27, 4), (27, 13), (19, 9), (11, 23), (33, 20), (33, 29), (25, 25), (34, 3), (25, 34), (22, 19), (15, 7), (18, 3), (26, 25), (15, 25), (7, 21), (29, 27), (30, 13), (21, 32), (33, 6), (33, 15), (25, 11), (25, 20), (33, 33), (25, 29), (34, 7), (14, 19), (15, 2), (15, 11), (26, 11), (29, 13), (29, 22), (21, 18), (29, 31), (21, 27), (33, 1), (33, 10), (25, 6), (33, 19), ... (+368 more)]",144,54,198
409,"(20, 35)","(21, 35)",West,"['(21, 35)', '(19, 35)']","['(20, 35)', '(22, 35)']","['(19, 35)', '(22, 35)']","[(15, 21), (18, 17), (27, 4), (27, 13), (19, 9), (11, 23), (33, 20), (33, 29), (25, 25), (34, 3), (25, 34), (22, 19), (15, 7), (18, 3), (26, 25), (15, 25), (7, 21), (29, 27), (30, 13), (21, 32), (33, 6), (33, 15), (25, 11), (25, 20), (33, 33), (25, 29), (34, 7), (14, 19), (15, 2), (15, 11), (26, 11), (29, 13), (29, 22), (21, 18), (29, 31), (21, 27), (33, 1), (33, 10), (25, 6), (33, 19), ... (+369 more)]",145,53,198
410,"(19, 35)","(20, 35)",West,"['(20, 35)', '(18, 35)']","['(19, 35)', '(22, 35)']","['(18, 35)', '(22, 35)']","[(15, 21), (18, 17), (27, 4), (27, 13), (19, 9), (11, 23), (33, 20), (33, 29), (25, 25), (34, 3), (25, 34), (22, 19), (15, 7), (18, 3), (26, 25), (15, 25), (7, 21), (29, 27), (30, 13), (21, 32), (33, 6), (33, 15), (25, 11), (25, 20), (33, 33), (25, 29), (34, 7), (14, 19), (15, 2), (15, 11), (26, 11), (29, 13), (29, 22), (21, 18), (29, 31), (21, 27), (33, 1), (33, 10), (25, 6), (33, 19), ... (+370 more)]",146,52,198
411,"(18, 35)","(19, 35)",West,"['(19, 35)', '(17, 35)']","['(18, 35)', '(22, 35)']","['(17, 35)', '(22, 35)']","[(15, 21), (18, 17), (27, 4), (18, 35), (27, 13), (19, 9), (11, 23), (33, 20), (33, 29), (25, 25), (34, 3), (25, 34), (22, 19), (15, 7), (18, 3), (26, 25), (15, 25), (7, 21), (29, 27), (30, 13), (21, 32), (33, 6), (33, 15), (25, 11), (25, 20), (33, 33), (25, 29), (34, 7), (14, 19), (15, 2), (15, 11), (26, 11), (29, 13), (29, 22), (21, 18), (29, 31), (21, 27), (33, 1), (33, 10), (25, 6), ... (+371 more)]",147,51,198
412,"(17, 35)","(18, 35)",West,"['(17, 34)', '(18, 35)', '(16, 35)']","['(17, 35)', '(22, 35)']","['(17, 34)', '(22, 35)', '(16, 35)']","[(15, 21), (18, 17), (27, 4), (18, 35), (27, 13), (19, 9), (11, 23), (33, 20), (33, 29), (25, 25), (34, 3), (25, 34), (22, 19), (15, 7), (18, 3), (26, 25), (15, 25), (7, 21), (29, 27), (30, 13), (21, 32), (33, 6), (33, 15), (25, 11), (25, 20), (33, 33), (25, 29), (34, 7), (14, 19), (15, 2), (15, 11), (26, 11), (29, 13), (29, 22), (21, 18), (29, 31), (21, 27), (33, 1), (33, 10), (25, 6), ... (+372 more)]",148,50,198
413,"(17, 34)","(17, 35)",South,"['(17, 35)', '(17, 33)']","['(17, 34)', '(22, 35)', '(16, 35)']","['(16, 35)', '(22, 35)', '(17, 33)']","[(15, 21), (18, 17), (27, 4), (18, 35), (27, 13), (19, 9), (11, 23), (33, 20), (33, 29), (25, 25), (34, 3), (25, 34), (22, 19), (15, 7), (18, 3), (26, 25), (15, 25), (7, 21), (29, 27), (30, 13), (21, 32), (33, 6), (33, 15), (25, 11), (25, 20), (33, 33), (25, 29), (34, 7), (14, 19), (15, 2), (15, 11), (26, 11), (29, 13), (29, 22), (21, 18), (29, 31), (21, 27), (33, 1), (33, 10), (25, 6), ... (+373 more)]",149,49,198
414,"(16, 35)","(17, 35)",West,"['(17, 35)', '(15, 35)']","['(16, 35)', '(22, 35)', '(17, 33)']","['(17, 33)', '(22, 35)', '(15, 35)']","[(15, 21), (18, 17), (27, 4), (18, 35), (27, 13), (19, 9), (11, 23), (33, 20), (33, 29), (25, 25), (34, 3), (25, 34), (22, 19), (15, 7), (18, 3), (26, 25), (15, 25), (7, 21), (29, 27), (30, 13), (21, 32), (33, 6), (33, 15), (25, 11), (25, 20), (33, 33), (25, 29), (34, 7), (14, 19), (15, 2), (15, 11), (26, 11), (29, 13), (29, 22), (21, 18), (29, 31), (21, 27), (33, 1), (33, 10), (25, 6), ... (+374 more)]",149,49,198
415,"(17, 33)","(17, 34)",South,"['(17, 34)', '(17, 32)']","['(17, 33)', '(22, 35)', '(15, 35)']","['(15, 35)', '(22, 35)', '(17, 32)']","[(15, 21), (18, 17), (27, 4), (18, 35), (27, 13), (19, 9), (11, 23), (33, 20), (33, 29), (25, 25), (34, 3), (25, 34), (22, 19), (15, 7), (18, 3), (26, 25), (15, 25), (7, 21), (29, 27), (30, 13), (21, 32), (33, 6), (33, 15), (25, 11), (25, 20), (33, 33), (25, 29), (34, 7), (14, 19), (15, 2), (15, 11), (26, 11), (29, 13), (29, 22), (21, 18), (29, 31), (21, 27), (33, 1), (33, 10), (25, 6), ... (+375 more)]",150,48,198
416,"(15, 35)","(16, 35)",West,"['(15, 34)', '(16, 35)', '(14, 35)']","['(15, 35)', '(22, 35)', '(17, 32)']","['(17, 32)', '(14, 35)', '(15, 34)', '(22, 35)']","[(15, 21), (18, 17), (27, 4), (18, 35), (27, 13), (19, 9), (11, 23), (33, 20), (33, 29), (25, 25), (34, 3), (25, 34), (22, 19), (15, 7), (18, 3), (26, 25), (15, 25), (7, 21), (29, 27), (30, 13), (21, 32), (33, 6), (33, 15), (25, 11), (25, 20), (33, 33), (25, 29), (34, 7), (14, 19), (15, 2), (15, 11), (26, 11), (29, 13), (29, 22), (21, 18), (29, 31), (21, 27), (33, 1), (33, 10), (25, 6), ... (+376 more)]",150,48,198
417,"(17, 32)","(17, 33)",South,"['(17, 33)', '(17, 31)']","['(17, 32)', '(14, 35)', '(15, 34)', '(22, 35)']","['(15, 34)', '(14, 35)', '(22, 35)', '(17, 31)']","[(15, 21), (18, 17), (27, 4), (18, 35), (27, 13), (19, 9), (11, 23), (33, 20), (33, 29), (25, 25), (34, 3), (25, 34), (22, 19), (15, 7), (18, 3), (26, 25), (15, 25), (7, 21), (29, 27), (30, 13), (21, 32), (33, 6), (33, 15), (25, 11), (25, 20), (33, 33), (25, 29), (34, 7), (14, 19), (15, 2), (15, 11), (26, 11), (29, 13), (29, 22), (21, 18), (29, 31), (21, 27), (33, 1), (33, 10), (25, 6), ... (+377 more)]",151,47,198
418,"(15, 34)","(15, 35)",South,"['(15, 35)', '(15, 33)']","['(15, 34)', '(14, 35)', '(22, 35)', '(17, 31)']","['(14, 35)', '(17, 31)', '(22, 35)', '(15, 33)']","[(15, 21), (18, 17), (27, 4), (18, 35), (27, 13), (19, 9), (11, 23), (33, 20), (33, 29), (25, 25), (34, 3), (25, 34), (22, 19), (15, 7), (18, 3), (26, 25), (15, 25), (7, 21), (29, 27), (30, 13), (21, 32), (33, 6), (33, 15), (25, 11), (25, 20), (33, 33), (25, 29), (34, 7), (14, 19), (15, 2), (15, 11), (26, 11), (29, 13), (29, 22), (21, 18), (29, 31), (21, 27), (33, 1), (33, 10), (25, 6), ... (+378 more)]",151,47,198
419,"(14, 35)","(15, 35)",West,"['(15, 35)', '(13, 35)']","['(14, 35)', '(17, 31)', '(22, 35)', '(15, 33)']","['(17, 31)', '(15, 33)', '(22, 35)', '(13, 35)']","[(15, 21), (18, 17), (27, 4), (18, 35), (27, 13), (19, 9), (11, 23), (33, 20), (33, 29), (25, 25), (34, 3), (25, 34), (22, 19), (15, 7), (18, 3), (26, 25), (15, 25), (7, 21), (29, 27), (30, 13), (21, 32), (33, 6), (33, 15), (25, 11), (25, 20), (33, 33), (25, 29), (34, 7), (14, 19), (15, 2), (15, 11), (26, 11), (29, 13), (29, 22), (21, 18), (29, 31), (21, 27), (33, 1), (33, 10), (25, 6), ... (+379 more)]",151,47,198
420,"(17, 31)","(17, 32)",South,"['(17, 32)']","['(17, 31)', '(15, 33)', '(22, 35)', '(13, 35)']","['(15, 33)', '(13, 35)', '(22, 35)']","[(15, 21), (18, 17), (27, 4), (18, 35), (27, 13), (19, 9), (11, 23), (33, 20), (33, 29), (25, 25), (34, 3), (25, 34), (22, 19), (15, 7), (18, 3), (26, 25), (15, 25), (7, 21), (29, 27), (30, 13), (21, 32), (33, 6), (33, 15), (25, 11), (25, 20), (33, 33), (25, 29), (34, 7), (14, 19), (15, 2), (15, 11), (26, 11), (29, 13), (29, 22), (21, 18), (29, 31), (21, 27), (33, 1), (33, 10), (25, 6), ... (+380 more)]",152,46,198
421,"(15, 33)","(15, 34)",South,"['(15, 34)', '(15, 32)', '(14, 33)']","['(15, 33)', '(13, 35)', '(22, 35)']","['(13, 35)', '(14, 33)', '(15, 32)', '(22, 35)']","[(15, 21), (18, 17), (27, 4), (18, 35), (27, 13), (19, 9), (11, 23), (33, 20), (33, 29), (25, 25), (34, 3), (25, 34), (22, 19), (15, 7), (18, 3), (26, 25), (15, 25), (7, 21), (29, 27), (30, 13), (21, 32), (33, 6), (33, 15), (25, 11), (25, 20), (33, 33), (25, 29), (34, 7), (14, 19), (15, 2), (15, 11), (26, 11), (29, 13), (29, 22), (21, 18), (29, 31), (21, 27), (33, 1), (33, 10), (25, 6), ... (+381 more)]",152,46,198
422,"(13, 35)","(14, 35)",West,"['(14, 35)']","['(13, 35)', '(14, 33)', '(15, 32)', '(22, 35)']","['(15, 32)', '(14, 33)', '(22, 35)']","[(15, 21), (18, 17), (27, 4), (18, 35), (27, 13), (19, 9), (11, 23), (33, 20), (33, 29), (25, 25), (34, 3), (25, 34), (22, 19), (15, 7), (18, 3), (26, 25), (15, 25), (7, 21), (29, 27), (30, 13), (21, 32), (33, 6), (33, 15), (25, 11), (25, 20), (33, 33), (25, 29), (34, 7), (14, 19), (15, 2), (15, 11), (26, 11), (29, 13), (29, 22), (21, 18), (29, 31), (21, 27), (33, 1), (33, 10), (25, 6), ... (+382 more)]",152,46,198
423,"(15, 32)","(15, 33)",South,"['(15, 33)', '(15, 31)']","['(15, 32)', '(14, 33)', '(22, 35)']","['(14, 33)', '(22, 35)', '(15, 31)']","[(15, 21), (18, 17), (27, 4), (18, 35), (27, 13), (19, 9), (11, 23), (33, 20), (33, 29), (25, 25), (34, 3), (25, 34), (22, 19), (15, 7), (18, 3), (26, 25), (15, 25), (7, 21), (29, 27), (30, 13), (21, 32), (33, 6), (33, 15), (25, 11), (25, 20), (33, 33), (25, 29), (34, 7), (14, 19), (15, 2), (15, 11), (26, 11), (29, 13), (29, 22), (21, 18), (29, 31), (21, 27), (33, 1), (33, 10), (25, 6), ... (+383 more)]",153,45,198
424,"(14, 33)","(15, 33)",West,"['(15, 33)', '(13, 33)']","['(14, 33)', '(22, 35)', '(15, 31)']","['(15, 31)', '(22, 35)', '(13, 33)']","[(15, 21), (18, 17), (27, 4), (18, 35), (27, 13), (19, 9), (11, 23), (33, 20), (33, 29), (25, 25), (34, 3), (25, 34), (22, 19), (14, 33), (15, 7), (18, 3), (26, 25), (15, 25), (7, 21), (29, 27), (30, 13), (21, 32), (33, 6), (33, 15), (25, 11), (25, 20), (33, 33), (25, 29), (34, 7), (14, 19), (15, 2), (15, 11), (26, 11), (29, 13), (29, 22), (21, 18), (29, 31), (21, 27), (33, 1), (33, 10), ... (+384 more)]",153,45,198
425,"(15, 31)","(15, 32)",South,"['(15, 32)', '(15, 30)']","['(15, 31)', '(22, 35)', '(13, 33)']","['(13, 33)', '(22, 35)', '(15, 30)']","[(15, 21), (18, 17), (27, 4), (18, 35), (27, 13), (19, 9), (11, 23), (33, 20), (33, 29), (25, 25), (34, 3), (25, 34), (22, 19), (14, 33), (15, 7), (18, 3), (26, 25), (15, 25), (7, 21), (29, 27), (30, 13), (21, 32), (33, 6), (33, 15), (25, 11), (25, 20), (33, 33), (25, 29), (34, 7), (14, 19), (15, 2), (15, 11), (26, 11), (29, 13), (29, 22), (21, 18), (29, 31), (21, 27), (33, 1), (33, 10), ... (+385 more)]",154,44,198
426,"(13, 33)","(14, 33)",West,"['(14, 33)', '(12, 33)']","['(13, 33)', '(22, 35)', '(15, 30)']","['(15, 30)', '(22, 35)', '(12, 33)']","[(15, 21), (18, 17), (27, 4), (18, 35), (27, 13), (19, 9), (11, 23), (33, 20), (33, 29), (25, 25), (34, 3), (25, 34), (22, 19), (14, 33), (15, 7), (18, 3), (26, 25), (15, 25), (7, 21), (29, 27), (30, 13), (21, 32), (33, 6), (33, 15), (25, 11), (25, 20), (33, 33), (25, 29), (34, 7), (14, 19), (15, 2), (15, 11), (26, 11), (29, 13), (29, 22), (21, 18), (29, 31), (21, 27), (33, 1), (33, 10), ... (+386 more)]",154,44,198
427,"(15, 30)","(15, 31)",South,"['(15, 31)', '(15, 29)']","['(15, 30)', '(22, 35)', '(12, 33)']","['(12, 33)', '(22, 35)', '(15, 29)']","[(15, 21), (18, 17), (15, 30), (27, 4), (18, 35), (27, 13), (19, 9), (11, 23), (33, 20), (33, 29), (25, 25), (34, 3), (25, 34), (22, 19), (14, 33), (15, 7), (18, 3), (26, 25), (15, 25), (7, 21), (29, 27), (30, 13), (21, 32), (33, 6), (33, 15), (25, 11), (25, 20), (33, 33), (25, 29), (34, 7), (14, 19), (15, 2), (15, 11), (26, 11), (29, 13), (29, 22), (21, 18), (29, 31), (21, 27), (33, 1), ... (+387 more)]",155,43,198
428,"(12, 33)","(13, 33)",West,"['(13, 33)', '(11, 33)']","['(12, 33)', '(22, 35)', '(15, 29)']","['(15, 29)', '(22, 35)', '(11, 33)']","[(15, 21), (18, 17), (15, 30), (27, 4), (18, 35), (27, 13), (19, 9), (11, 23), (33, 20), (33, 29), (25, 25), (34, 3), (25, 34), (22, 19), (14, 33), (15, 7), (18, 3), (26, 25), (15, 25), (7, 21), (29, 27), (30, 13), (21, 32), (33, 6), (33, 15), (25, 11), (25, 20), (33, 33), (25, 29), (34, 7), (14, 19), (15, 2), (15, 11), (26, 11), (29, 13), (29, 22), (21, 18), (29, 31), (21, 27), (33, 1), ... (+388 more)]",155,43,198
429,"(15, 29)","(15, 30)",South,"['(15, 30)', '(16, 29)']","['(15, 29)', '(22, 35)', '(11, 33)']","['(11, 33)', '(22, 35)', '(16, 29)']","[(15, 21), (18, 17), (15, 30), (27, 4), (18, 35), (27, 13), (19, 9), (11, 23), (33, 20), (33, 29), (25, 25), (34, 3), (25, 34), (22, 19), (14, 33), (15, 7), (18, 3), (26, 25), (15, 25), (7, 21), (29, 27), (30, 13), (21, 32), (33, 6), (33, 15), (25, 11), (25, 20), (33, 33), (25, 29), (34, 7), (14, 19), (15, 2), (15, 11), (26, 11), (29, 13), (29, 22), (21, 18), (29, 31), (21, 27), (33, 1), ... (+389 more)]",156,42,198
430,"(11, 33)","(12, 33)",West,"['(11, 34)', '(11, 32)', '(12, 33)', '(10, 33)']","['(11, 33)', '(22, 35)', '(16, 29)']","['(11, 32)', '(10, 33)', '(11, 34)', '(16, 29)', '(22, 35)']","[(15, 21), (18, 17), (15, 30), (27, 4), (18, 35), (27, 13), (19, 9), (11, 23), (33, 20), (33, 29), (25, 25), (34, 3), (25, 34), (22, 19), (14, 33), (15, 7), (18, 3), (26, 25), (15, 25), (7, 21), (29, 27), (30, 13), (21, 32), (33, 6), (33, 15), (25, 11), (25, 20), (33, 33), (25, 29), (34, 7), (14, 19), (15, 2), (15, 11), (26, 11), (29, 13), (29, 22), (21, 18), (29, 31), (21, 27), (33, 1), ... (+390 more)]",156,42,198
431,"(11, 32)","(11, 33)",South,"['(11, 33)', '(11, 31)']","['(11, 32)', '(10, 33)', '(11, 34)', '(16, 29)', '(22, 35)']","['(10, 33)', '(11, 31)', '(11, 34)', '(16, 29)', '(22, 35)']","[(15, 21), (18, 17), (15, 30), (27, 4), (18, 35), (27, 13), (19, 9), (11, 23), (33, 20), (33, 29), (25, 25), (34, 3), (25, 34), (22, 19), (14, 33), (15, 7), (18, 3), (26, 25), (15, 25), (7, 21), (29, 27), (30, 13), (21, 32), (33, 6), (33, 15), (25, 11), (25, 20), (33, 33), (25, 29), (34, 7), (14, 19), (15, 2), (15, 11), (26, 11), (29, 13), (29, 22), (21, 18), (29, 31), (21, 27), (33, 1), ... (+391 more)]",157,41,198
432,"(10, 33)","(11, 33)",West,"['(11, 33)', '(9, 33)']","['(10, 33)', '(11, 31)', '(11, 34)', '(16, 29)', '(22, 35)']","['(11, 31)', '(9, 33)', '(11, 34)', '(16, 29)', '(22, 35)']","[(15, 21), (18, 17), (15, 30), (27, 4), (18, 35), (27, 13), (19, 9), (11, 23), (33, 20), (33, 29), (25, 25), (34, 3), (25, 34), (22, 19), (14, 33), (15, 7), (18, 3), (26, 25), (15, 25), (7, 21), (29, 27), (30, 13), (21, 32), (33, 6), (33, 15), (25, 11), (25, 20), (33, 33), (25, 29), (34, 7), (14, 19), (15, 2), (15, 11), (26, 11), (29, 13), (29, 22), (21, 18), (29, 31), (21, 27), (33, 1), ... (+392 more)]",157,41,198
433,"(11, 31)","(11, 32)",South,"['(11, 32)', '(11, 30)', '(12, 31)']","['(11, 31)', '(9, 33)', '(11, 34)', '(16, 29)', '(22, 35)']","['(9, 33)', '(11, 30)', '(11, 34)', '(16, 29)', '(22, 35)', '(12, 31)']","[(15, 21), (18, 17), (15, 30), (27, 4), (18, 35), (27, 13), (19, 9), (11, 23), (33, 20), (33, 29), (25, 25), (34, 3), (25, 34), (22, 19), (14, 33), (15, 7), (18, 3), (26, 25), (15, 25), (7, 21), (29, 27), (30, 13), (21, 32), (33, 6), (33, 15), (25, 11), (25, 20), (33, 33), (25, 29), (34, 7), (14, 19), (15, 2), (15, 11), (26, 11), (29, 13), (29, 22), (21, 18), (29, 31), (21, 27), (33, 1), ... (+393 more)]",158,40,198
434,"(9, 33)","(10, 33)",West,"['(9, 34)', '(10, 33)']","['(9, 33)', '(11, 30)', '(11, 34)', '(16, 29)', '(22, 35)', '(12, 31)']","['(11, 30)', '(22, 35)', '(11, 34)', '(16, 29)', '(12, 31)', '(9, 34)']","[(15, 21), (18, 17), (15, 30), (27, 4), (18, 35), (27, 13), (19, 9), (11, 23), (33, 20), (33, 29), (25, 25), (34, 3), (25, 34), (22, 19), (14, 33), (15, 7), (18, 3), (26, 25), (15, 25), (7, 21), (29, 27), (30, 13), (21, 32), (33, 6), (33, 15), (25, 11), (25, 20), (33, 33), (25, 29), (34, 7), (14, 19), (15, 2), (15, 11), (26, 11), (29, 13), (29, 22), (21, 18), (29, 31), (21, 27), (33, 1), ... (+394 more)]",158,40,198
435,"(11, 30)","(11, 31)",South,"['(11, 31)', '(11, 29)']","['(11, 30)', '(22, 35)', '(11, 34)', '(16, 29)', '(12, 31)', '(9, 34)']","['(11, 29)', '(16, 29)', '(22, 35)', '(9, 34)', '(12, 31)', '(11, 34)']","[(15, 21), (18, 17), (15, 30), (27, 4), (18, 35), (27, 13), (19, 9), (11, 23), (33, 20), (33, 29), (25, 25), (34, 3), (25, 34), (22, 19), (14, 33), (15, 7), (18, 3), (26, 25), (15, 25), (7, 21), (29, 27), (30, 13), (21, 32), (33, 6), (33, 15), (25, 11), (25, 20), (33, 33), (25, 29), (34, 7), (14, 19), (15, 2), (15, 11), (26, 11), (29, 13), (29, 22), (21, 18), (29, 31), (21, 27), (33, 1), ... (+395 more)]",159,39,198
436,"(11, 29)","(11, 30)",South,"['(11, 30)', '(12, 29)', '(10, 29)']","['(11, 29)', '(16, 29)', '(22, 35)', '(9, 34)', '(12, 31)', '(11, 34)']","['(10, 29)', '(16, 29)', '(22, 35)', '(9, 34)', '(12, 31)', '(12, 29)', '(11, 34)']","[(15, 21), (18, 17), (15, 30), (27, 4), (18, 35), (27, 13), (19, 9), (11, 23), (33, 20), (33, 29), (25, 25), (34, 3), (25, 34), (22, 19), (14, 33), (15, 7), (18, 3), (26, 25), (15, 25), (7, 21), (29, 27), (30, 13), (21, 32), (33, 6), (33, 15), (25, 11), (25, 20), (33, 33), (25, 29), (34, 7), (14, 19), (15, 2), (15, 11), (26, 11), (29, 13), (29, 22), (21, 18), (29, 31), (21, 27), (33, 1), ... (+396 more)]",160,38,198
437,"(10, 29)","(11, 29)",West,"['(11, 29)', '(9, 29)']","['(10, 29)', '(16, 29)', '(22, 35)', '(9, 34)', '(12, 31)', '(12, 29)', '(11, 34)']","['(9, 29)', '(16, 29)', '(22, 35)', '(9, 34)', '(12, 31)', '(12, 29)', '(11, 34)']","[(15, 21), (18, 17), (15, 30), (27, 4), (18, 35), (27, 13), (19, 9), (11, 23), (33, 20), (33, 29), (25, 25), (34, 3), (25, 34), (22, 19), (14, 33), (15, 7), (18, 3), (26, 25), (15, 25), (7, 21), (29, 27), (30, 13), (21, 32), (33, 6), (33, 15), (25, 11), (25, 20), (33, 33), (25, 29), (34, 7), (14, 19), (15, 2), (15, 11), (26, 11), (29, 13), (29, 22), (21, 18), (29, 31), (21, 27), (33, 1), ... (+397 more)]",161,37,198
438,"(9, 29)","(10, 29)",West,"['(9, 30)', '(10, 29)']","['(9, 29)', '(16, 29)', '(22, 35)', '(9, 34)', '(12, 31)', '(12, 29)', '(11, 34)']","['(22, 35)', '(16, 29)', '(11, 34)', '(9, 34)', '(12, 31)', '(12, 29)', '(9, 30)']","[(15, 21), (18, 17), (15, 30), (27, 4), (18, 35), (27, 13), (19, 9), (11, 23), (33, 20), (33, 29), (25, 25), (34, 3), (25, 34), (22, 19), (14, 33), (15, 7), (18, 3), (26, 25), (15, 25), (7, 21), (29, 27), (30, 13), (21, 32), (33, 6), (33, 15), (25, 11), (25, 20), (33, 33), (25, 29), (34, 7), (14, 19), (15, 2), (15, 11), (26, 11), (29, 13), (29, 22), (21, 18), (29, 31), (21, 27), (33, 1), ... (+398 more)]",162,36,198
439,"(22, 35)","(21, 35)",East,"['(23, 35)', '(21, 35)']","['(22, 35)', '(16, 29)', '(11, 34)', '(9, 34)', '(12, 31)', '(12, 29)', '(9, 30)']","['(16, 29)', '(12, 31)', '(11, 34)', '(9, 34)', '(9, 30)', '(12, 29)', '(23, 35)']","[(15, 21), (18, 17), (15, 30), (27, 4), (18, 35), (27, 13), (19, 9), (11, 23), (33, 20), (33, 29), (25, 25), (34, 3), (25, 34), (22, 19), (14, 33), (15, 7), (18, 3), (26, 25), (15, 25), (7, 21), (29, 27), (30, 13), (21, 32), (33, 6), (33, 15), (25, 11), (25, 20), (33, 33), (25, 29), (34, 7), (14, 19), (15, 2), (15, 11), (26, 11), (29, 13), (29, 22), (21, 18), (29, 31), (21, 27), (33, 1), ... (+399 more)]",145,55,200
440,"(16, 29)","(15, 29)",East,"['(17, 29)', '(15, 29)']","['(16, 29)', '(12, 31)', '(11, 34)', '(9, 34)', '(9, 30)', '(12, 29)', '(23, 35)']","['(11, 34)', '(12, 31)', '(12, 29)', '(9, 34)', '(9, 30)', '(23, 35)', '(17, 29)']","[(15, 21), (18, 17), (15, 30), (27, 4), (18, 35), (27, 13), (19, 9), (11, 23), (33, 20), (33, 29), (25, 25), (34, 3), (25, 34), (22, 19), (14, 33), (15, 7), (18, 3), (26, 25), (15, 25), (7, 21), (29, 27), (30, 13), (21, 32), (33, 6), (33, 15), (25, 11), (25, 20), (33, 33), (25, 29), (34, 7), (14, 19), (15, 2), (15, 11), (26, 11), (29, 13), (29, 22), (21, 18), (29, 31), (21, 27), (33, 1), ... (+400 more)]",157,43,200
441,"(11, 34)","(11, 33)",North,"['(11, 35)', '(11, 33)']","['(11, 34)', '(12, 31)', '(12, 29)', '(9, 34)', '(9, 30)', '(23, 35)', '(17, 29)']","['(12, 31)', '(9, 34)', '(12, 29)', '(17, 29)', '(9, 30)', '(23, 35)', '(11, 35)']","[(15, 21), (18, 17), (15, 30), (27, 4), (18, 35), (27, 13), (19, 9), (11, 23), (33, 20), (33, 29), (25, 25), (34, 3), (25, 34), (22, 19), (14, 33), (15, 7), (18, 3), (26, 25), (15, 25), (7, 21), (29, 27), (30, 13), (21, 32), (33, 6), (33, 15), (25, 11), (25, 20), (33, 33), (25, 29), (34, 7), (14, 19), (15, 2), (15, 11), (26, 11), (29, 13), (29, 22), (21, 18), (29, 31), (21, 27), (33, 1), ... (+401 more)]",157,43,200
442,"(12, 31)","(11, 31)",East,"['(13, 31)', '(11, 31)']","['(12, 31)', '(9, 34)', '(12, 29)', '(17, 29)', '(9, 30)', '(23, 35)', '(11, 35)']","['(9, 34)', '(9, 30)', '(12, 29)', '(17, 29)', '(11, 35)', '(23, 35)', '(13, 31)']","[(15, 21), (18, 17), (15, 30), (27, 4), (18, 35), (27, 13), (19, 9), (11, 23), (33, 20), (33, 29), (25, 25), (34, 3), (25, 34), (22, 19), (14, 33), (15, 7), (18, 3), (26, 25), (15, 25), (7, 21), (29, 27), (30, 13), (21, 32), (33, 6), (33, 15), (25, 11), (25, 20), (33, 33), (25, 29), (34, 7), (14, 19), (15, 2), (15, 11), (26, 11), (29, 13), (29, 22), (21, 18), (29, 31), (21, 27), (33, 1), ... (+402 more)]",159,41,200
443,"(9, 34)","(9, 33)",North,"['(9, 35)', '(9, 33)']","['(9, 34)', '(9, 30)', '(12, 29)', '(17, 29)', '(11, 35)', '(23, 35)', '(13, 31)']","['(12, 29)', '(9, 30)', '(23, 35)', '(17, 29)', '(11, 35)', '(13, 31)', '(9, 35)']","[(15, 21), (18, 17), (15, 30), (27, 4), (18, 35), (27, 13), (19, 9), (11, 23), (33, 20), (33, 29), (25, 25), (34, 3), (25, 34), (22, 19), (14, 33), (15, 7), (18, 3), (26, 25), (15, 25), (7, 21), (29, 27), (30, 13), (21, 32), (33, 6), (33, 15), (25, 11), (25, 20), (33, 33), (25, 29), (34, 7), (14, 19), (15, 2), (15, 11), (26, 11), (29, 13), (29, 22), (21, 18), (29, 31), (21, 27), (33, 1), ... (+403 more)]",159,41,200
444,"(12, 29)","(11, 29)",East,"['(13, 29)', '(11, 29)']","['(12, 29)', '(9, 30)', '(23, 35)', '(17, 29)', '(11, 35)', '(13, 31)', '(9, 35)']","['(9, 30)', '(17, 29)', '(23, 35)', '(9, 35)', '(11, 35)', '(13, 31)', '(13, 29)']","[(15, 21), (18, 17), (15, 30), (27, 4), (18, 35), (27, 13), (19, 9), (11, 23), (33, 20), (33, 29), (25, 25), (34, 3), (25, 34), (22, 19), (14, 33), (15, 7), (18, 3), (26, 25), (15, 25), (7, 21), (29, 27), (30, 13), (21, 32), (33, 6), (33, 15), (25, 11), (25, 20), (33, 33), (25, 29), (34, 7), (14, 19), (15, 2), (15, 11), (26, 11), (29, 13), (29, 22), (21, 18), (29, 31), (21, 27), (33, 1), ... (+404 more)]",161,39,200
445,"(9, 30)","(9, 29)",North,"['(9, 31)', '(9, 29)']","['(9, 30)', '(17, 29)', '(23, 35)', '(9, 35)', '(11, 35)', '(13, 31)', '(13, 29)']","['(23, 35)', '(17, 29)', '(13, 31)', '(9, 35)', '(11, 35)', '(13, 29)', '(9, 31)']","[(15, 21), (18, 17), (15, 30), (27, 4), (18, 35), (27, 13), (19, 9), (11, 23), (33, 20), (33, 29), (25, 25), (34, 3), (25, 34), (22, 19), (14, 33), (15, 7), (18, 3), (26, 25), (15, 25), (7, 21), (29, 27), (30, 13), (21, 32), (33, 6), (33, 15), (25, 11), (25, 20), (33, 33), (25, 29), (34, 7), (14, 19), (15, 2), (15, 11), (26, 11), (29, 13), (29, 22), (21, 18), (29, 31), (21, 27), (33, 1), ... (+405 more)]",163,37,200
446,"(23, 35)","(22, 35)",East,"['(22, 35)']","['(23, 35)', '(17, 29)', '(13, 31)', '(9, 35)', '(11, 35)', '(13, 29)', '(9, 31)']","['(17, 29)', '(11, 35)', '(13, 31)', '(9, 35)', '(9, 31)', '(13, 29)']","[(15, 21), (18, 17), (15, 30), (27, 4), (18, 35), (27, 13), (19, 9), (11, 23), (33, 20), (33, 29), (25, 25), (34, 3), (25, 34), (22, 19), (14, 33), (15, 7), (18, 3), (26, 25), (15, 25), (7, 21), (29, 27), (30, 13), (21, 32), (33, 6), (33, 15), (25, 11), (25, 20), (33, 33), (25, 29), (34, 7), (14, 19), (15, 2), (15, 11), (26, 11), (29, 13), (29, 22), (21, 18), (29, 31), (21, 27), (33, 1), ... (+406 more)]",146,56,202
447,"(17, 29)","(16, 29)",East,"['(16, 29)']","['(17, 29)', '(11, 35)', '(13, 31)', '(9, 35)', '(9, 31)', '(13, 29)']","['(11, 35)', '(9, 35)', '(13, 31)', '(13, 29)', '(9, 31)']","[(15, 21), (18, 17), (15, 30), (27, 4), (18, 35), (27, 13), (19, 9), (11, 23), (33, 20), (33, 29), (25, 25), (34, 3), (25, 34), (22, 19), (14, 33), (15, 7), (18, 3), (26, 25), (15, 25), (7, 21), (29, 27), (30, 13), (21, 32), (33, 6), (33, 15), (25, 11), (25, 20), (33, 33), (25, 29), (34, 7), (14, 19), (15, 2), (15, 11), (26, 11), (29, 13), (29, 22), (21, 18), (29, 31), (21, 27), (33, 1), ... (+407 more)]",158,44,202
448,"(11, 35)","(11, 34)",North,"['(11, 34)']","['(11, 35)', '(9, 35)', '(13, 31)', '(13, 29)', '(9, 31)']","['(13, 31)', '(9, 35)', '(9, 31)', '(13, 29)']","[(15, 21), (18, 17), (15, 30), (27, 4), (18, 35), (27, 13), (19, 9), (11, 23), (33, 20), (33, 29), (25, 25), (34, 3), (25, 34), (22, 19), (14, 33), (15, 7), (18, 3), (26, 25), (15, 25), (7, 21), (29, 27), (30, 13), (21, 32), (33, 6), (33, 15), (25, 11), (25, 20), (33, 33), (25, 29), (34, 7), (14, 19), (15, 2), (15, 11), (26, 11), (29, 13), (29, 22), (21, 18), (29, 31), (21, 27), (33, 1), ... (+408 more)]",158,44,202
449,"(13, 31)","(12, 31)",East,"['(12, 31)']","['(13, 31)', '(9, 35)', '(9, 31)', '(13, 29)']","['(9, 35)', '(13, 29)', '(9, 31)']","[(15, 21), (18, 17), (15, 30), (27, 4), (18, 35), (27, 13), (19, 9), (11, 23), (33, 20), (33, 29), (25, 25), (34, 3), (25, 34), (22, 19), (14, 33), (15, 7), (18, 3), (26, 25), (15, 25), (7, 21), (29, 27), (30, 13), (21, 32), (33, 6), (33, 15), (25, 11), (25, 20), (33, 33), (25, 29), (34, 7), (14, 19), (15, 2), (15, 11), (26, 11), (29, 13), (29, 22), (21, 18), (29, 31), (21, 27), (33, 1), ... (+409 more)]",160,42,202
450,"(9, 35)","(9, 34)",North,"['(9, 34)']","['(9, 35)', '(13, 29)', '(9, 31)']","['(13, 29)', '(9, 31)']","[(15, 21), (18, 17), (15, 30), (27, 4), (18, 35), (27, 13), (19, 9), (11, 23), (33, 20), (33, 29), (25, 25), (34, 3), (25, 34), (22, 19), (14, 33), (15, 7), (18, 3), (26, 25), (15, 25), (7, 21), (29, 27), (30, 13), (21, 32), (33, 6), (33, 15), (25, 11), (25, 20), (33, 33), (25, 29), (34, 7), (14, 19), (15, 2), (15, 11), (26, 11), (29, 13), (29, 22), (21, 18), (29, 31), (21, 27), (33, 1), ... (+410 more)]",160,42,202
451,"(13, 29)","(12, 29)",East,"['(13, 28)', '(12, 29)']","['(13, 29)', '(9, 31)']","['(9, 31)', '(13, 28)']","[(15, 21), (18, 17), (15, 30), (27, 4), (18, 35), (27, 13), (19, 9), (11, 23), (33, 20), (33, 29), (25, 25), (34, 3), (25, 34), (22, 19), (14, 33), (15, 7), (18, 3), (26, 25), (15, 25), (7, 21), (29, 27), (30, 13), (21, 32), (33, 6), (33, 15), (25, 11), (25, 20), (33, 33), (25, 29), (34, 7), (14, 19), (15, 2), (15, 11), (26, 11), (29, 13), (29, 22), (21, 18), (29, 31), (21, 27), (33, 1), ... (+411 more)]",162,40,202
452,"(9, 31)","(9, 30)",North,"['(9, 30)']","['(9, 31)', '(13, 28)']","['(13, 28)']","[(15, 21), (18, 17), (15, 30), (27, 4), (18, 35), (27, 13), (19, 9), (11, 23), (33, 20), (33, 29), (25, 25), (34, 3), (25, 34), (22, 19), (14, 33), (15, 7), (18, 3), (26, 25), (15, 25), (7, 21), (29, 27), (30, 13), (21, 32), (33, 6), (33, 15), (25, 11), (25, 20), (33, 33), (25, 29), (34, 7), (14, 19), (15, 2), (15, 11), (26, 11), (29, 13), (29, 22), (21, 18), (29, 31), (21, 27), (33, 1), ... (+412 more)]",164,38,202
453,"(13, 28)","(13, 29)",South,"['(13, 29)', '(13, 27)']","['(13, 28)']","['(13, 27)']","[(15, 21), (18, 17), (15, 30), (27, 4), (18, 35), (27, 13), (19, 9), (11, 23), (33, 20), (33, 29), (25, 25), (34, 3), (25, 34), (22, 19), (14, 33), (15, 7), (18, 3), (26, 25), (15, 25), (7, 21), (29, 27), (30, 13), (21, 32), (33, 6), (33, 15), (25, 11), (25, 20), (33, 33), (25, 29), (34, 7), (14, 19), (15, 2), (15, 11), (26, 11), (29, 13), (29, 22), (21, 18), (29, 31), (21, 27), (33, 1), ... (+413 more)]",163,39,202
454,"(13, 27)","(13, 28)",South,"['(13, 28)', '(12, 27)']","['(13, 27)']","['(12, 27)']","[(15, 21), (18, 17), (15, 30), (27, 4), (18, 35), (27, 13), (19, 9), (11, 23), (33, 20), (33, 29), (25, 25), (34, 3), (25, 34), (22, 19), (14, 33), (15, 7), (18, 3), (26, 25), (15, 25), (7, 21), (29, 27), (30, 13), (21, 32), (33, 6), (33, 15), (25, 11), (25, 20), (33, 33), (25, 29), (34, 7), (14, 19), (15, 2), (15, 11), (26, 11), (29, 13), (29, 22), (21, 18), (29, 31), (21, 27), (33, 1), ... (+414 more)]",164,38,202
455,"(12, 27)","(13, 27)",West,"['(13, 27)', '(11, 27)']","['(12, 27)']","['(11, 27)']","[(15, 21), (18, 17), (15, 30), (27, 4), (18, 35), (27, 13), (19, 9), (11, 23), (33, 20), (33, 29), (25, 25), (34, 3), (25, 34), (22, 19), (14, 33), (15, 7), (18, 3), (26, 25), (15, 25), (7, 21), (29, 27), (30, 13), (21, 32), (33, 6), (33, 15), (25, 11), (25, 20), (33, 33), (25, 29), (34, 7), (14, 19), (15, 2), (15, 11), (26, 11), (29, 13), (29, 22), (21, 18), (29, 31), (21, 27), (33, 1), ... (+415 more)]",165,37,202
456,"(11, 27)","(12, 27)",West,"['(11, 26)', '(12, 27)', '(10, 27)']","['(11, 27)']","['(11, 26)', '(10, 27)']","[(15, 21), (18, 17), (15, 30), (27, 4), (18, 35), (27, 13), (19, 9), (11, 23), (33, 20), (33, 29), (25, 25), (34, 3), (25, 34), (22, 19), (14, 33), (15, 7), (18, 3), (26, 25), (15, 25), (7, 21), (29, 27), (30, 13), (21, 32), (33, 6), (33, 15), (25, 11), (25, 20), (33, 33), (25, 29), (34, 7), (14, 19), (15, 2), (15, 11), (26, 11), (29, 13), (29, 22), (21, 18), (29, 31), (21, 27), (33, 1), ... (+416 more)]",166,36,202
457,"(11, 26)","(11, 27)",South,"['(11, 27)', '(11, 25)']","['(11, 26)', '(10, 27)']","['(10, 27)', '(11, 25)']","[(15, 21), (18, 17), (15, 30), (27, 4), (18, 35), (27, 13), (19, 9), (11, 23), (33, 20), (33, 29), (25, 25), (34, 3), (25, 34), (22, 19), (14, 33), (15, 7), (18, 3), (26, 25), (15, 25), (7, 21), (29, 27), (30, 13), (21, 32), (33, 6), (33, 15), (25, 11), (25, 20), (33, 33), (25, 29), (34, 7), (14, 19), (15, 2), (15, 11), (26, 11), (29, 13), (29, 22), (21, 18), (29, 31), (21, 27), (33, 1), ... (+417 more)]",167,35,202
458,"(10, 27)","(11, 27)",West,"['(11, 27)', '(9, 27)']","['(10, 27)', '(11, 25)']","['(11, 25)', '(9, 27)']","[(15, 21), (18, 17), (15, 30), (27, 4), (18, 35), (27, 13), (19, 9), (11, 23), (33, 20), (33, 29), (10, 27), (25, 25), (34, 3), (25, 34), (22, 19), (14, 33), (15, 7), (18, 3), (26, 25), (15, 25), (7, 21), (29, 27), (30, 13), (21, 32), (33, 6), (33, 15), (25, 11), (25, 20), (33, 33), (25, 29), (34, 7), (14, 19), (15, 2), (15, 11), (26, 11), (29, 13), (29, 22), (21, 18), (29, 31), (21, 27), ... (+418 more)]",167,35,202
459,"(11, 25)","(11, 26)",South,"['(11, 26)']","['(11, 25)', '(9, 27)']","['(9, 27)']","[(15, 21), (18, 17), (15, 30), (27, 4), (18, 35), (27, 13), (19, 9), (11, 23), (33, 20), (33, 29), (10, 27), (25, 25), (34, 3), (25, 34), (22, 19), (14, 33), (15, 7), (18, 3), (26, 25), (15, 25), (7, 21), (29, 27), (30, 13), (21, 32), (33, 6), (33, 15), (25, 11), (25, 20), (33, 33), (25, 29), (34, 7), (14, 19), (15, 2), (15, 11), (26, 11), (29, 13), (29, 22), (21, 18), (29, 31), (21, 27), ... (+419 more)]",168,34,202
460,"(9, 27)","(10, 27)",West,"['(9, 26)', '(10, 27)', '(8, 27)']","['(9, 27)']","['(9, 26)', '(8, 27)']","[(15, 21), (18, 17), (15, 30), (27, 4), (18, 35), (27, 13), (19, 9), (11, 23), (33, 20), (33, 29), (10, 27), (25, 25), (34, 3), (25, 34), (22, 19), (14, 33), (15, 7), (18, 3), (26, 25), (15, 25), (7, 21), (29, 27), (30, 13), (21, 32), (33, 6), (33, 15), (25, 11), (25, 20), (33, 33), (25, 29), (34, 7), (14, 19), (15, 2), (15, 11), (26, 11), (29, 13), (29, 22), (21, 18), (29, 31), (21, 27), ... (+420 more)]",168,34,202
461,"(9, 26)","(9, 27)",South,"['(9, 27)', '(9, 25)']","['(9, 26)', '(8, 27)']","['(8, 27)', '(9, 25)']","[(15, 21), (18, 17), (15, 30), (27, 4), (18, 35), (27, 13), (19, 9), (11, 23), (33, 20), (33, 29), (10, 27), (25, 25), (34, 3), (25, 34), (22, 19), (14, 33), (15, 7), (18, 3), (26, 25), (15, 25), (7, 21), (29, 27), (30, 13), (21, 32), (33, 6), (33, 15), (25, 11), (25, 20), (33, 33), (25, 29), (34, 7), (14, 19), (15, 2), (15, 11), (26, 11), (29, 13), (29, 22), (21, 18), (29, 31), (21, 27), ... (+421 more)]",169,33,202
462,"(8, 27)","(9, 27)",West,"['(9, 27)', '(7, 27)']","['(8, 27)', '(9, 25)']","['(9, 25)', '(7, 27)']","[(15, 21), (18, 17), (15, 30), (27, 4), (18, 35), (27, 13), (19, 9), (11, 23), (33, 20), (33, 29), (10, 27), (25, 25), (34, 3), (25, 34), (22, 19), (14, 33), (15, 7), (18, 3), (26, 25), (15, 25), (7, 21), (29, 27), (30, 13), (21, 32), (33, 6), (33, 15), (25, 11), (25, 20), (33, 33), (25, 29), (34, 7), (14, 19), (15, 2), (15, 11), (26, 11), (29, 13), (29, 22), (21, 18), (29, 31), (21, 27), ... (+422 more)]",169,33,202
463,"(9, 25)","(9, 26)",South,"['(9, 26)', '(8, 25)']","['(9, 25)', '(7, 27)']","['(7, 27)', '(8, 25)']","[(15, 21), (18, 17), (15, 30), (27, 4), (18, 35), (27, 13), (19, 9), (11, 23), (33, 20), (33, 29), (10, 27), (25, 25), (34, 3), (25, 34), (22, 19), (14, 33), (15, 7), (18, 3), (26, 25), (15, 25), (7, 21), (29, 27), (30, 13), (21, 32), (33, 6), (33, 15), (25, 11), (25, 20), (33, 33), (25, 29), (34, 7), (14, 19), (15, 2), (15, 11), (26, 11), (29, 13), (29, 22), (21, 18), (29, 31), (21, 27), ... (+423 more)]",170,32,202
464,"(7, 27)","(8, 27)",West,"['(8, 27)', '(6, 27)']","['(7, 27)', '(8, 25)']","['(8, 25)', '(6, 27)']","[(15, 21), (18, 17), (15, 30), (27, 4), (18, 35), (27, 13), (19, 9), (11, 23), (33, 20), (33, 29), (10, 27), (25, 25), (34, 3), (25, 34), (22, 19), (14, 33), (15, 7), (18, 3), (26, 25), (15, 25), (7, 21), (29, 27), (30, 13), (21, 32), (33, 6), (33, 15), (25, 11), (25, 20), (33, 33), (25, 29), (34, 7), (14, 19), (15, 2), (15, 11), (26, 11), (29, 13), (29, 22), (21, 18), (29, 31), (21, 27), ... (+424 more)]",170,32,202
465,"(8, 25)","(9, 25)",West,"['(9, 25)', '(7, 25)']","['(8, 25)', '(6, 27)']","['(6, 27)', '(7, 25)']","[(15, 21), (18, 17), (15, 30), (27, 4), (18, 35), (27, 13), (19, 9), (11, 23), (33, 20), (33, 29), (10, 27), (25, 25), (34, 3), (25, 34), (22, 19), (14, 33), (15, 7), (18, 3), (26, 25), (15, 25), (7, 21), (29, 27), (30, 13), (21, 32), (33, 6), (33, 15), (25, 11), (25, 20), (33, 33), (25, 29), (34, 7), (14, 19), (15, 2), (15, 11), (26, 11), (29, 13), (29, 22), (21, 18), (29, 31), (21, 27), ... (+425 more)]",171,31,202
466,"(6, 27)","(7, 27)",West,"['(7, 27)', '(5, 27)']","['(6, 27)', '(7, 25)']","['(7, 25)', '(5, 27)']","[(15, 21), (18, 17), (15, 30), (27, 4), (18, 35), (27, 13), (19, 9), (11, 23), (33, 20), (33, 29), (10, 27), (25, 25), (34, 3), (25, 34), (22, 19), (14, 33), (15, 7), (18, 3), (26, 25), (15, 25), (7, 21), (29, 27), (30, 13), (21, 32), (33, 6), (33, 15), (25, 11), (25, 20), (33, 33), (25, 29), (34, 7), (14, 19), (15, 2), (15, 11), (26, 11), (29, 13), (29, 22), (21, 18), (29, 31), (21, 27), ... (+426 more)]",171,31,202
467,"(7, 25)","(8, 25)",West,"['(8, 25)', '(6, 25)']","['(7, 25)', '(5, 27)']","['(5, 27)', '(6, 25)']","[(15, 21), (18, 17), (15, 30), (27, 4), (18, 35), (27, 13), (19, 9), (11, 23), (33, 20), (33, 29), (10, 27), (25, 25), (34, 3), (25, 34), (22, 19), (14, 33), (15, 7), (18, 3), (26, 25), (15, 25), (7, 21), (29, 27), (30, 13), (21, 32), (33, 6), (33, 15), (25, 11), (25, 20), (33, 33), (25, 29), (34, 7), (14, 19), (15, 2), (15, 11), (26, 11), (29, 13), (29, 22), (21, 18), (29, 31), (21, 27), ... (+427 more)]",172,30,202
468,"(5, 27)","(6, 27)",West,"['(6, 27)', '(4, 27)']","['(5, 27)', '(6, 25)']","['(6, 25)', '(4, 27)']","[(15, 21), (18, 17), (15, 30), (27, 4), (18, 35), (27, 13), (19, 9), (11, 23), (33, 20), (33, 29), (10, 27), (25, 25), (34, 3), (25, 34), (22, 19), (14, 33), (15, 7), (18, 3), (26, 25), (15, 25), (7, 21), (29, 27), (30, 13), (21, 32), (33, 6), (33, 15), (25, 11), (25, 20), (33, 33), (25, 29), (34, 7), (14, 19), (15, 2), (15, 11), (26, 11), (29, 13), (29, 22), (21, 18), (29, 31), (21, 27), ... (+428 more)]",172,30,202
469,"(6, 25)","(7, 25)",West,"['(7, 25)', '(5, 25)']","['(6, 25)', '(4, 27)']","['(4, 27)', '(5, 25)']","[(15, 21), (18, 17), (15, 30), (27, 4), (18, 35), (27, 13), (19, 9), (11, 23), (33, 20), (33, 29), (10, 27), (25, 25), (34, 3), (25, 34), (22, 19), (14, 33), (15, 7), (18, 3), (26, 25), (15, 25), (7, 21), (29, 27), (30, 13), (21, 32), (33, 6), (33, 15), (25, 11), (25, 20), (33, 33), (25, 29), (34, 7), (14, 19), (15, 2), (15, 11), (26, 11), (29, 13), (29, 22), (21, 18), (29, 31), (21, 27), ... (+429 more)]",173,29,202
470,"(4, 27)","(5, 27)",West,"['(5, 27)', '(3, 27)']","['(4, 27)', '(5, 25)']","['(5, 25)', '(3, 27)']","[(15, 21), (18, 17), (15, 30), (27, 4), (18, 35), (27, 13), (19, 9), (11, 23), (33, 20), (33, 29), (10, 27), (25, 25), (34, 3), (25, 34), (22, 19), (14, 33), (15, 7), (18, 3), (26, 25), (15, 25), (7, 21), (29, 27), (30, 13), (21, 32), (33, 6), (33, 15), (25, 11), (25, 20), (33, 33), (25, 29), (34, 7), (14, 19), (15, 2), (15, 11), (26, 11), (29, 13), (29, 22), (21, 18), (29, 31), (21, 27), ... (+430 more)]",173,29,202
471,"(5, 25)","(6, 25)",West,"['(5, 24)', '(6, 25)']","['(5, 25)', '(3, 27)']","['(3, 27)', '(5, 24)']","[(15, 21), (18, 17), (15, 30), (27, 4), (18, 35), (27, 13), (19, 9), (11, 23), (33, 20), (33, 29), (10, 27), (25, 25), (34, 3), (25, 34), (22, 19), (14, 33), (15, 7), (18, 3), (26, 25), (15, 25), (7, 21), (29, 27), (30, 13), (21, 32), (33, 6), (33, 15), (25, 11), (25, 20), (33, 33), (25, 29), (34, 7), (14, 19), (15, 2), (15, 11), (26, 11), (29, 13), (29, 22), (21, 18), (29, 31), (21, 27), ... (+431 more)]",174,28,202
472,"(3, 27)","(4, 27)",West,"['(3, 28)', '(3, 26)', '(4, 27)', '(2, 27)']","['(3, 27)', '(5, 24)']","['(5, 24)', '(2, 27)', '(3, 26)', '(3, 28)']","[(15, 21), (18, 17), (15, 30), (27, 4), (18, 35), (27, 13), (19, 9), (11, 23), (33, 20), (33, 29), (10, 27), (25, 25), (34, 3), (25, 34), (22, 19), (14, 33), (15, 7), (18, 3), (26, 25), (15, 25), (7, 21), (29, 27), (30, 13), (21, 32), (33, 6), (33, 15), (25, 11), (25, 20), (33, 33), (25, 29), (34, 7), (14, 19), (15, 2), (15, 11), (26, 11), (29, 13), (29, 22), (21, 18), (29, 31), (21, 27), ... (+432 more)]",174,28,202
473,"(5, 24)","(5, 25)",South,"['(5, 25)', '(5, 23)']","['(5, 24)', '(2, 27)', '(3, 26)', '(3, 28)']","['(3, 26)', '(2, 27)', '(3, 28)', '(5, 23)']","[(15, 21), (18, 17), (15, 30), (27, 4), (18, 35), (27, 13), (19, 9), (11, 23), (33, 20), (33, 29), (10, 27), (25, 25), (34, 3), (25, 34), (22, 19), (14, 33), (15, 7), (18, 3), (26, 25), (15, 25), (7, 21), (29, 27), (30, 13), (21, 32), (33, 6), (33, 15), (25, 11), (25, 20), (33, 33), (25, 29), (34, 7), (14, 19), (15, 2), (15, 11), (26, 11), (29, 13), (29, 22), (21, 18), (29, 31), (21, 27), ... (+433 more)]",175,27,202
474,"(3, 26)","(3, 27)",South,"['(3, 27)', '(3, 25)']","['(3, 26)', '(2, 27)', '(3, 28)', '(5, 23)']","['(2, 27)', '(5, 23)', '(3, 28)', '(3, 25)']","[(15, 21), (18, 17), (15, 30), (27, 4), (18, 35), (27, 13), (19, 9), (11, 23), (33, 20), (33, 29), (10, 27), (25, 25), (34, 3), (25, 34), (22, 19), (14, 33), (15, 7), (18, 3), (26, 25), (15, 25), (7, 21), (29, 27), (30, 13), (21, 32), (33, 6), (33, 15), (25, 11), (25, 20), (33, 33), (25, 29), (34, 7), (14, 19), (15, 2), (15, 11), (26, 11), (29, 13), (29, 22), (21, 18), (29, 31), (21, 27), ... (+434 more)]",175,27,202
475,"(2, 27)","(3, 27)",West,"['(3, 27)', '(1, 27)']","['(2, 27)', '(5, 23)', '(3, 28)', '(3, 25)']","['(5, 23)', '(3, 25)', '(3, 28)', '(1, 27)']","[(15, 21), (18, 17), (15, 30), (27, 4), (18, 35), (27, 13), (19, 9), (11, 23), (33, 20), (33, 29), (10, 27), (25, 25), (34, 3), (25, 34), (22, 19), (14, 33), (15, 7), (18, 3), (26, 25), (15, 25), (7, 21), (29, 27), (30, 13), (21, 32), (33, 6), (33, 15), (25, 11), (25, 20), (33, 33), (25, 29), (2, 27), (34, 7), (14, 19), (15, 2), (15, 11), (26, 11), (29, 13), (29, 22), (21, 18), (29, 31), ... (+435 more)]",175,27,202
476,"(5, 23)","(5, 24)",South,"['(5, 24)']","['(5, 23)', '(3, 25)', '(3, 28)', '(1, 27)']","['(3, 25)', '(1, 27)', '(3, 28)']","[(15, 21), (18, 17), (15, 30), (27, 4), (18, 35), (27, 13), (19, 9), (11, 23), (33, 20), (33, 29), (10, 27), (25, 25), (34, 3), (25, 34), (22, 19), (14, 33), (15, 7), (18, 3), (26, 25), (15, 25), (7, 21), (29, 27), (30, 13), (21, 32), (33, 6), (33, 15), (25, 11), (25, 20), (33, 33), (25, 29), (2, 27), (34, 7), (14, 19), (15, 2), (15, 11), (26, 11), (29, 13), (29, 22), (21, 18), (29, 31), ... (+436 more)]",176,26,202
477,"(3, 25)","(3, 26)",South,"['(3, 26)', '(3, 24)']","['(3, 25)', '(1, 27)', '(3, 28)']","['(1, 27)', '(3, 28)', '(3, 24)']","[(15, 21), (18, 17), (15, 30), (27, 4), (18, 35), (27, 13), (19, 9), (11, 23), (33, 20), (33, 29), (10, 27), (25, 25), (34, 3), (25, 34), (22, 19), (14, 33), (15, 7), (18, 3), (26, 25), (15, 25), (7, 21), (29, 27), (30, 13), (21, 32), (33, 6), (33, 15), (25, 11), (25, 20), (33, 33), (25, 29), (2, 27), (34, 7), (14, 19), (15, 2), (15, 11), (26, 11), (29, 13), (29, 22), (21, 18), (29, 31), ... (+437 more)]",176,26,202
478,"(1, 27)","(2, 27)",West,"['(1, 26)', '(2, 27)']","['(1, 27)', '(3, 28)', '(3, 24)']","['(3, 24)', '(3, 28)', '(1, 26)']","[(15, 21), (18, 17), (15, 30), (27, 4), (18, 35), (27, 13), (19, 9), (11, 23), (33, 20), (33, 29), (10, 27), (25, 25), (34, 3), (25, 34), (22, 19), (14, 33), (15, 7), (18, 3), (26, 25), (15, 25), (7, 21), (29, 27), (30, 13), (21, 32), (33, 6), (33, 15), (25, 11), (25, 20), (33, 33), (25, 29), (2, 27), (34, 7), (14, 19), (15, 2), (15, 11), (26, 11), (29, 13), (29, 22), (21, 18), (29, 31), ... (+438 more)]",176,26,202
479,"(3, 24)","(3, 25)",South,"['(3, 25)', '(3, 23)']","['(3, 24)', '(3, 28)', '(1, 26)']","['(1, 26)', '(3, 28)', '(3, 23)']","[(15, 21), (18, 17), (15, 30), (27, 4), (18, 35), (27, 13), (19, 9), (11, 23), (33, 20), (33, 29), (10, 27), (25, 25), (34, 3), (25, 34), (22, 19), (3, 24), (14, 33), (15, 7), (18, 3), (26, 25), (15, 25), (7, 21), (29, 27), (30, 13), (21, 32), (33, 6), (33, 15), (25, 11), (25, 20), (33, 33), (25, 29), (2, 27), (34, 7), (14, 19), (15, 2), (15, 11), (26, 11), (29, 13), (29, 22), (21, 18), ... (+439 more)]",177,25,202
480,"(1, 26)","(1, 27)",South,"['(1, 27)', '(1, 25)']","['(1, 26)', '(3, 28)', '(3, 23)']","['(3, 23)', '(3, 28)', '(1, 25)']","[(15, 21), (18, 17), (15, 30), (27, 4), (18, 35), (27, 13), (19, 9), (11, 23), (33, 20), (33, 29), (10, 27), (25, 25), (34, 3), (25, 34), (22, 19), (3, 24), (14, 33), (15, 7), (18, 3), (26, 25), (15, 25), (7, 21), (29, 27), (30, 13), (21, 32), (33, 6), (33, 15), (25, 11), (25, 20), (33, 33), (25, 29), (2, 27), (34, 7), (14, 19), (15, 2), (15, 11), (26, 11), (29, 13), (29, 22), (21, 18), ... (+440 more)]",177,25,202
481,"(3, 23)","(3, 24)",South,"['(3, 24)', '(3, 22)']","['(3, 23)', '(3, 28)', '(1, 25)']","['(1, 25)', '(3, 28)', '(3, 22)']","[(15, 21), (18, 17), (15, 30), (27, 4), (18, 35), (27, 13), (19, 9), (11, 23), (33, 20), (33, 29), (10, 27), (25, 25), (34, 3), (25, 34), (22, 19), (3, 24), (14, 33), (15, 7), (18, 3), (26, 25), (15, 25), (7, 21), (29, 27), (30, 13), (21, 32), (33, 6), (33, 15), (25, 11), (25, 20), (33, 33), (25, 29), (2, 27), (34, 7), (14, 19), (15, 2), (15, 11), (26, 11), (29, 13), (29, 22), (21, 18), ... (+441 more)]",178,24,202
482,"(1, 25)","(1, 26)",South,"['(1, 26)', '(1, 24)']","['(1, 25)', '(3, 28)', '(3, 22)']","['(3, 22)', '(3, 28)', '(1, 24)']","[(15, 21), (18, 17), (15, 30), (27, 4), (18, 35), (27, 13), (19, 9), (11, 23), (33, 20), (33, 29), (10, 27), (25, 25), (34, 3), (25, 34), (22, 19), (3, 24), (14, 33), (15, 7), (18, 3), (26, 25), (15, 25), (7, 21), (29, 27), (30, 13), (21, 32), (33, 6), (33, 15), (25, 11), (25, 20), (33, 33), (25, 29), (2, 27), (34, 7), (14, 19), (15, 2), (15, 11), (26, 11), (29, 13), (29, 22), (21, 18), ... (+442 more)]",178,24,202
483,"(3, 22)","(3, 23)",South,"['(3, 23)', '(3, 21)']","['(3, 22)', '(3, 28)', '(1, 24)']","['(1, 24)', '(3, 28)', '(3, 21)']","[(15, 21), (18, 17), (15, 30), (27, 4), (18, 35), (27, 13), (19, 9), (11, 23), (33, 20), (33, 29), (10, 27), (25, 25), (34, 3), (25, 34), (22, 19), (3, 24), (14, 33), (15, 7), (18, 3), (26, 25), (15, 25), (7, 21), (29, 27), (30, 13), (21, 32), (33, 6), (33, 15), (25, 11), (25, 20), (33, 33), (25, 29), (2, 27), (34, 7), (14, 19), (15, 2), (15, 11), (26, 11), (29, 13), (29, 22), (21, 18), ... (+443 more)]",179,23,202
484,"(1, 24)","(1, 25)",South,"['(1, 25)', '(1, 23)']","['(1, 24)', '(3, 28)', '(3, 21)']","['(3, 21)', '(3, 28)', '(1, 23)']","[(15, 21), (18, 17), (15, 30), (27, 4), (18, 35), (27, 13), (19, 9), (11, 23), (33, 20), (33, 29), (10, 27), (25, 25), (34, 3), (25, 34), (22, 19), (3, 24), (14, 33), (15, 7), (18, 3), (26, 25), (15, 25), (7, 21), (29, 27), (30, 13), (21, 32), (33, 6), (33, 15), (25, 11), (25, 20), (33, 33), (25, 29), (2, 27), (34, 7), (14, 19), (15, 2), (15, 11), (26, 11), (29, 13), (29, 22), (21, 18), ... (+444 more)]",179,23,202
485,"(3, 21)","(3, 22)",South,"['(3, 22)', '(3, 20)', '(4, 21)', '(2, 21)']","['(3, 21)', '(3, 28)', '(1, 23)']","['(1, 23)', '(2, 21)', '(3, 20)', '(4, 21)', '(3, 28)']","[(15, 21), (18, 17), (15, 30), (27, 4), (18, 35), (27, 13), (19, 9), (11, 23), (33, 20), (33, 29), (10, 27), (25, 25), (34, 3), (25, 34), (22, 19), (3, 24), (14, 33), (15, 7), (18, 3), (26, 25), (15, 25), (7, 21), (29, 27), (30, 13), (21, 32), (33, 6), (33, 15), (25, 11), (25, 20), (33, 33), (25, 29), (2, 27), (34, 7), (14, 19), (15, 2), (15, 11), (26, 11), (29, 13), (29, 22), (21, 18), ... (+445 more)]",180,22,202
486,"(1, 23)","(1, 24)",South,"['(1, 24)']","['(1, 23)', '(2, 21)', '(3, 20)', '(4, 21)', '(3, 28)']","['(3, 20)', '(2, 21)', '(3, 28)', '(4, 21)']","[(15, 21), (18, 17), (15, 30), (27, 4), (18, 35), (27, 13), (19, 9), (11, 23), (33, 20), (33, 29), (10, 27), (25, 25), (34, 3), (25, 34), (22, 19), (3, 24), (14, 33), (15, 7), (18, 3), (26, 25), (15, 25), (7, 21), (29, 27), (30, 13), (21, 32), (33, 6), (33, 15), (25, 11), (25, 20), (33, 33), (25, 29), (2, 27), (34, 7), (14, 19), (15, 2), (15, 11), (26, 11), (29, 13), (29, 22), (21, 18), ... (+446 more)]",180,22,202
487,"(3, 20)","(3, 21)",South,"['(3, 21)', '(3, 19)']","['(3, 20)', '(2, 21)', '(3, 28)', '(4, 21)']","['(2, 21)', '(3, 19)', '(3, 28)', '(4, 21)']","[(15, 21), (18, 17), (15, 30), (27, 4), (18, 35), (27, 13), (19, 9), (11, 23), (33, 20), (33, 29), (10, 27), (25, 25), (34, 3), (25, 34), (22, 19), (3, 24), (14, 33), (15, 7), (18, 3), (26, 25), (15, 25), (7, 21), (29, 27), (30, 13), (21, 32), (33, 6), (33, 15), (25, 11), (25, 20), (33, 33), (25, 29), (2, 27), (34, 7), (14, 19), (15, 2), (15, 11), (26, 11), (29, 13), (29, 22), (21, 18), ... (+447 more)]",181,21,202
488,"(2, 21)","(3, 21)",West,"['(3, 21)', '(1, 21)']","['(2, 21)', '(3, 19)', '(3, 28)', '(4, 21)']","['(3, 19)', '(1, 21)', '(3, 28)', '(4, 21)']","[(15, 21), (18, 17), (15, 30), (27, 4), (18, 35), (27, 13), (19, 9), (11, 23), (33, 20), (33, 29), (10, 27), (25, 25), (34, 3), (25, 34), (22, 19), (3, 24), (14, 33), (15, 7), (18, 3), (26, 25), (15, 25), (7, 21), (29, 27), (30, 13), (21, 32), (33, 6), (33, 15), (25, 11), (25, 20), (33, 33), (25, 29), (2, 27), (34, 7), (14, 19), (15, 2), (15, 11), (26, 11), (29, 13), (29, 22), (21, 18), ... (+448 more)]",181,21,202
489,"(3, 19)","(3, 20)",South,"['(3, 20)', '(3, 18)']","['(3, 19)', '(1, 21)', '(3, 28)', '(4, 21)']","['(1, 21)', '(3, 18)', '(3, 28)', '(4, 21)']","[(15, 21), (18, 17), (15, 30), (27, 4), (18, 35), (27, 13), (19, 9), (11, 23), (33, 20), (33, 29), (10, 27), (25, 25), (34, 3), (25, 34), (22, 19), (3, 24), (14, 33), (15, 7), (18, 3), (26, 25), (15, 25), (7, 21), (29, 27), (30, 13), (21, 32), (33, 6), (33, 15), (25, 11), (25, 20), (33, 33), (25, 29), (2, 27), (34, 7), (14, 19), (3, 19), (15, 2), (15, 11), (26, 11), (29, 13), (29, 22), ... (+449 more)]",182,20,202
490,"(1, 21)","(2, 21)",West,"['(1, 20)', '(2, 21)']","['(1, 21)', '(3, 18)', '(3, 28)', '(4, 21)']","['(3, 18)', '(1, 20)', '(3, 28)', '(4, 21)']","[(15, 21), (18, 17), (15, 30), (27, 4), (18, 35), (27, 13), (19, 9), (11, 23), (33, 20), (33, 29), (10, 27), (25, 25), (34, 3), (25, 34), (22, 19), (3, 24), (14, 33), (15, 7), (18, 3), (26, 25), (15, 25), (7, 21), (29, 27), (30, 13), (21, 32), (33, 6), (33, 15), (25, 11), (25, 20), (33, 33), (25, 29), (2, 27), (34, 7), (14, 19), (3, 19), (15, 2), (15, 11), (26, 11), (29, 13), (29, 22), ... (+450 more)]",182,20,202
491,"(3, 18)","(3, 19)",South,"['(3, 19)', '(3, 17)']","['(3, 18)', '(1, 20)', '(3, 28)', '(4, 21)']","['(1, 20)', '(3, 17)', '(3, 28)', '(4, 21)']","[(15, 21), (18, 17), (15, 30), (27, 4), (18, 35), (27, 13), (19, 9), (11, 23), (33, 20), (33, 29), (10, 27), (25, 25), (34, 3), (25, 34), (22, 19), (3, 24), (14, 33), (15, 7), (18, 3), (26, 25), (15, 25), (7, 21), (29, 27), (30, 13), (21, 32), (33, 6), (33, 15), (25, 11), (25, 20), (33, 33), (25, 29), (2, 27), (34, 7), (14, 19), (3, 19), (15, 2), (15, 11), (26, 11), (29, 13), (29, 22), ... (+451 more)]",183,19,202
492,"(1, 20)","(1, 21)",South,"['(1, 21)', '(1, 19)']","['(1, 20)', '(3, 17)', '(3, 28)', '(4, 21)']","['(3, 17)', '(1, 19)', '(3, 28)', '(4, 21)']","[(15, 21), (18, 17), (15, 30), (27, 4), (18, 35), (27, 13), (19, 9), (11, 23), (33, 20), (33, 29), (10, 27), (25, 25), (34, 3), (25, 34), (22, 19), (3, 24), (14, 33), (15, 7), (18, 3), (26, 25), (15, 25), (7, 21), (29, 27), (30, 13), (21, 32), (33, 6), (33, 15), (25, 11), (25, 20), (33, 33), (25, 29), (2, 27), (34, 7), (14, 19), (3, 19), (15, 2), (15, 11), (26, 11), (29, 13), (29, 22), ... (+452 more)]",183,19,202
493,"(3, 17)","(3, 18)",South,"['(3, 18)', '(4, 17)', '(2, 17)']","['(3, 17)', '(1, 19)', '(3, 28)', '(4, 21)']","['(1, 19)', '(2, 17)', '(3, 28)', '(4, 17)', '(4, 21)']","[(15, 21), (18, 17), (15, 30), (27, 4), (18, 35), (27, 13), (19, 9), (11, 23), (33, 20), (33, 29), (10, 27), (25, 25), (34, 3), (25, 34), (22, 19), (3, 24), (14, 33), (15, 7), (18, 3), (26, 25), (15, 25), (7, 21), (29, 27), (30, 13), (21, 32), (33, 6), (33, 15), (25, 11), (25, 20), (33, 33), (25, 29), (2, 27), (34, 7), (14, 19), (3, 19), (15, 2), (15, 11), (26, 11), (29, 13), (29, 22), ... (+453 more)]",184,18,202
494,"(1, 19)","(1, 20)",South,"['(1, 20)']","['(1, 19)', '(2, 17)', '(3, 28)', '(4, 17)', '(4, 21)']","['(2, 17)', '(4, 21)', '(3, 28)', '(4, 17)']","[(15, 21), (18, 17), (15, 30), (27, 4), (18, 35), (27, 13), (19, 9), (11, 23), (33, 20), (33, 29), (10, 27), (25, 25), (34, 3), (25, 34), (22, 19), (3, 24), (14, 33), (15, 7), (18, 3), (26, 25), (15, 25), (7, 21), (29, 27), (30, 13), (21, 32), (33, 6), (33, 15), (25, 11), (25, 20), (33, 33), (25, 29), (2, 27), (34, 7), (14, 19), (3, 19), (15, 2), (15, 11), (26, 11), (29, 13), (29, 22), ... (+454 more)]",184,18,202
495,"(2, 17)","(3, 17)",West,"['(3, 17)', '(1, 17)']","['(2, 17)', '(4, 21)', '(3, 28)', '(4, 17)']","['(1, 17)', '(3, 28)', '(4, 17)', '(4, 21)']","[(15, 21), (18, 17), (15, 30), (27, 4), (18, 35), (27, 13), (19, 9), (11, 23), (33, 20), (33, 29), (10, 27), (25, 25), (34, 3), (25, 34), (22, 19), (3, 24), (14, 33), (15, 7), (18, 3), (26, 25), (15, 25), (7, 21), (29, 27), (30, 13), (21, 32), (33, 6), (33, 15), (25, 11), (25, 20), (33, 33), (25, 29), (2, 27), (34, 7), (14, 19), (3, 19), (15, 2), (15, 11), (26, 11), (29, 13), (29, 22), ... (+455 more)]",185,17,202
496,"(1, 17)","(2, 17)",West,"['(2, 17)']","['(1, 17)', '(3, 28)', '(4, 17)', '(4, 21)']","['(3, 28)', '(4, 21)', '(4, 17)']","[(15, 21), (18, 17), (15, 30), (27, 4), (18, 35), (27, 13), (19, 9), (11, 23), (33, 20), (33, 29), (10, 27), (25, 25), (34, 3), (25, 34), (22, 19), (3, 24), (14, 33), (15, 7), (18, 3), (26, 25), (15, 25), (7, 21), (29, 27), (30, 13), (21, 32), (33, 6), (33, 15), (25, 11), (25, 20), (33, 33), (25, 29), (2, 27), (34, 7), (14, 19), (3, 19), (15, 2), (15, 11), (26, 11), (29, 13), (29, 22), ... (+456 more)]",186,16,202
497,"(3, 28)","(3, 27)",North,"['(3, 29)', '(3, 27)']","['(3, 28)', '(4, 21)', '(4, 17)']","['(4, 21)', '(4, 17)', '(3, 29)']","[(15, 21), (18, 17), (15, 30), (27, 4), (18, 35), (27, 13), (19, 9), (11, 23), (33, 20), (33, 29), (10, 27), (25, 25), (34, 3), (25, 34), (22, 19), (3, 24), (14, 33), (15, 7), (18, 3), (26, 25), (15, 25), (7, 21), (29, 27), (30, 13), (21, 32), (33, 6), (33, 15), (25, 11), (25, 20), (33, 33), (25, 29), (2, 27), (34, 7), (14, 19), (3, 19), (3, 28), (15, 2), (15, 11), (26, 11), (29, 13), ... (+457 more)]",175,29,204
498,"(4, 21)","(3, 21)",East,"['(5, 21)', '(3, 21)']","['(4, 21)', '(4, 17)', '(3, 29)']","['(4, 17)', '(3, 29)', '(5, 21)']","[(15, 21), (18, 17), (15, 30), (27, 4), (18, 35), (27, 13), (19, 9), (11, 23), (33, 20), (33, 29), (10, 27), (25, 25), (34, 3), (25, 34), (22, 19), (3, 24), (14, 33), (15, 7), (18, 3), (26, 25), (15, 25), (7, 21), (29, 27), (30, 13), (21, 32), (33, 6), (33, 15), (25, 11), (25, 20), (33, 33), (25, 29), (2, 27), (34, 7), (14, 19), (3, 19), (3, 28), (15, 2), (15, 11), (26, 11), (29, 13), ... (+458 more)]",181,23,204
499,"(4, 17)","(3, 17)",East,"['(5, 17)', '(3, 17)']","['(4, 17)', '(3, 29)', '(5, 21)']","['(3, 29)', '(5, 21)', '(5, 17)']","[(15, 21), (18, 17), (15, 30), (27, 4), (18, 35), (27, 13), (19, 9), (11, 23), (33, 20), (33, 29), (10, 27), (25, 25), (34, 3), (25, 34), (22, 19), (3, 24), (14, 33), (15, 7), (18, 3), (26, 25), (15, 25), (7, 21), (29, 27), (30, 13), (21, 32), (33, 6), (33, 15), (25, 11), (25, 20), (33, 33), (25, 29), (2, 27), (34, 7), (14, 19), (3, 19), (3, 28), (15, 2), (15, 11), (26, 11), (29, 13), ... (+459 more)]",185,19,204
500,"(3, 29)","(3, 28)",North,"['(3, 28)', '(4, 29)', '(2, 29)']","['(3, 29)', '(5, 21)', '(5, 17)']","['(5, 21)', '(5, 17)', '(4, 29)', '(2, 29)']","[(15, 21), (18, 17), (15, 30), (27, 4), (18, 35), (27, 13), (19, 9), (11, 23), (33, 20), (33, 29), (10, 27), (25, 25), (34, 3), (25, 34), (22, 19), (3, 24), (14, 33), (15, 7), (18, 3), (26, 25), (15, 25), (7, 21), (29, 27), (30, 13), (21, 32), (33, 6), (33, 15), (25, 11), (25, 20), (33, 33), (25, 29), (2, 27), (34, 7), (14, 19), (3, 19), (3, 28), (15, 2), (15, 11), (26, 11), (29, 13), ... (+460 more)]",176,30,206
501,"(5, 21)","(4, 21)",East,"['(5, 20)', '(4, 21)']","['(5, 21)', '(5, 17)', '(4, 29)', '(2, 29)']","['(5, 17)', '(2, 29)', '(4, 29)', '(5, 20)']","[(15, 21), (18, 17), (15, 30), (27, 4), (18, 35), (27, 13), (19, 9), (11, 23), (33, 20), (33, 29), (10, 27), (25, 25), (34, 3), (25, 34), (22, 19), (3, 24), (14, 33), (15, 7), (18, 3), (26, 25), (15, 25), (7, 21), (29, 27), (30, 13), (21, 32), (33, 6), (33, 15), (25, 11), (25, 20), (33, 33), (25, 29), (2, 27), (34, 7), (14, 19), (3, 19), (3, 28), (15, 2), (15, 11), (26, 11), (29, 13), ... (+461 more)]",182,24,206
502,"(5, 17)","(4, 17)",East,"['(5, 16)', '(6, 17)', '(4, 17)']","['(5, 17)', '(2, 29)', '(4, 29)', '(5, 20)']","['(2, 29)', '(5, 20)', '(4, 29)', '(5, 16)', '(6, 17)']","[(15, 21), (18, 17), (15, 30), (27, 4), (18, 35), (27, 13), (19, 9), (11, 23), (33, 20), (33, 29), (10, 27), (25, 25), (34, 3), (25, 34), (22, 19), (3, 24), (14, 33), (15, 7), (18, 3), (26, 25), (15, 25), (7, 21), (29, 27), (30, 13), (21, 32), (33, 6), (33, 15), (25, 11), (25, 20), (33, 33), (25, 29), (2, 27), (34, 7), (14, 19), (3, 19), (3, 28), (15, 2), (15, 11), (26, 11), (29, 13), ... (+462 more)]",186,20,206
503,"(2, 29)","(3, 29)",West,"['(3, 29)', '(1, 29)']","['(2, 29)', '(5, 20)', '(4, 29)', '(5, 16)', '(6, 17)']","['(5, 20)', '(5, 16)', '(4, 29)', '(6, 17)', '(1, 29)']","[(15, 21), (18, 17), (15, 30), (27, 4), (18, 35), (27, 13), (19, 9), (11, 23), (33, 20), (33, 29), (10, 27), (25, 25), (34, 3), (25, 34), (22, 19), (3, 24), (14, 33), (15, 7), (18, 3), (26, 25), (15, 25), (7, 21), (29, 27), (30, 13), (21, 32), (33, 6), (33, 15), (25, 11), (25, 20), (33, 33), (25, 29), (2, 27), (34, 7), (14, 19), (3, 19), (3, 28), (15, 2), (15, 11), (26, 11), (29, 13), ... (+463 more)]",177,29,206
504,"(5, 20)","(5, 21)",South,"['(5, 21)', '(5, 19)']","['(5, 20)', '(5, 16)', '(4, 29)', '(6, 17)', '(1, 29)']","['(5, 16)', '(1, 29)', '(4, 29)', '(6, 17)', '(5, 19)']","[(15, 21), (18, 17), (15, 30), (27, 4), (18, 35), (27, 13), (19, 9), (11, 23), (33, 20), (33, 29), (10, 27), (25, 25), (34, 3), (25, 34), (22, 19), (3, 24), (14, 33), (15, 7), (18, 3), (26, 25), (15, 25), (7, 21), (29, 27), (30, 13), (21, 32), (33, 6), (33, 15), (25, 11), (25, 20), (33, 33), (25, 29), (2, 27), (34, 7), (14, 19), (3, 19), (3, 28), (15, 2), (15, 11), (26, 11), (29, 13), ... (+464 more)]",183,23,206
505,"(5, 16)","(5, 17)",South,"['(5, 17)', '(5, 15)']","['(5, 16)', '(1, 29)', '(4, 29)', '(6, 17)', '(5, 19)']","['(1, 29)', '(5, 19)', '(4, 29)', '(6, 17)', '(5, 15)']","[(15, 21), (18, 17), (15, 30), (27, 4), (18, 35), (27, 13), (19, 9), (11, 23), (33, 20), (33, 29), (10, 27), (25, 25), (34, 3), (25, 34), (22, 19), (3, 24), (14, 33), (15, 7), (18, 3), (26, 25), (15, 25), (7, 21), (29, 27), (30, 13), (21, 32), (33, 6), (33, 15), (25, 11), (25, 20), (33, 33), (25, 29), (2, 27), (34, 7), (14, 19), (3, 19), (3, 28), (15, 2), (15, 11), (26, 11), (29, 13), ... (+465 more)]",187,19,206
506,"(1, 29)","(2, 29)",West,"['(1, 30)', '(2, 29)']","['(1, 29)', '(5, 19)', '(4, 29)', '(6, 17)', '(5, 15)']","['(5, 19)', '(5, 15)', '(4, 29)', '(6, 17)', '(1, 30)']","[(15, 21), (18, 17), (15, 30), (27, 4), (18, 35), (27, 13), (19, 9), (11, 23), (33, 20), (33, 29), (10, 27), (25, 25), (34, 3), (25, 34), (22, 19), (3, 24), (14, 33), (15, 7), (18, 3), (26, 25), (15, 25), (7, 21), (29, 27), (30, 13), (21, 32), (33, 6), (33, 15), (25, 11), (25, 20), (33, 33), (25, 29), (2, 27), (34, 7), (14, 19), (3, 19), (3, 28), (15, 2), (15, 11), (26, 11), (29, 13), ... (+466 more)]",178,28,206
507,"(5, 19)","(5, 20)",South,"['(5, 20)']","['(5, 19)', '(5, 15)', '(4, 29)', '(6, 17)', '(1, 30)']","['(5, 15)', '(6, 17)', '(4, 29)', '(1, 30)']","[(15, 21), (18, 17), (15, 30), (27, 4), (18, 35), (27, 13), (19, 9), (11, 23), (33, 20), (33, 29), (10, 27), (25, 25), (34, 3), (25, 34), (22, 19), (3, 24), (14, 33), (15, 7), (18, 3), (26, 25), (15, 25), (7, 21), (29, 27), (30, 13), (21, 32), (33, 6), (33, 15), (25, 11), (25, 20), (33, 33), (25, 29), (2, 27), (34, 7), (14, 19), (3, 19), (3, 28), (15, 2), (15, 11), (26, 11), (29, 13), ... (+467 more)]",184,22,206
508,"(5, 15)","(5, 16)",South,"['(5, 16)', '(5, 14)']","['(5, 15)', '(6, 17)', '(4, 29)', '(1, 30)']","['(5, 14)', '(4, 29)', '(1, 30)', '(6, 17)']","[(15, 21), (18, 17), (15, 30), (27, 4), (18, 35), (27, 13), (19, 9), (11, 23), (33, 20), (33, 29), (10, 27), (25, 25), (34, 3), (25, 34), (22, 19), (3, 24), (14, 33), (15, 7), (18, 3), (26, 25), (15, 25), (7, 21), (29, 27), (30, 13), (21, 32), (33, 6), (33, 15), (25, 11), (25, 20), (33, 33), (25, 29), (2, 27), (34, 7), (14, 19), (3, 19), (3, 28), (15, 2), (15, 11), (26, 11), (29, 13), ... (+468 more)]",188,18,206
509,"(5, 14)","(5, 15)",South,"['(5, 15)', '(5, 13)']","['(5, 14)', '(4, 29)', '(1, 30)', '(6, 17)']","['(5, 13)', '(4, 29)', '(1, 30)', '(6, 17)']","[(15, 21), (18, 17), (15, 30), (27, 4), (18, 35), (27, 13), (19, 9), (11, 23), (33, 20), (33, 29), (10, 27), (25, 25), (34, 3), (25, 34), (22, 19), (3, 24), (14, 33), (15, 7), (18, 3), (26, 25), (15, 25), (7, 21), (29, 27), (30, 13), (21, 32), (33, 6), (33, 15), (25, 11), (25, 20), (33, 33), (25, 29), (2, 27), (34, 7), (14, 19), (3, 19), (3, 28), (15, 2), (15, 11), (26, 11), (29, 13), ... (+469 more)]",189,17,206
510,"(5, 13)","(5, 14)",South,"['(5, 14)', '(5, 12)', '(4, 13)']","['(5, 13)', '(4, 29)', '(1, 30)', '(6, 17)']","['(5, 12)', '(4, 13)', '(1, 30)', '(6, 17)', '(4, 29)']","[(15, 21), (18, 17), (15, 30), (27, 4), (18, 35), (27, 13), (19, 9), (11, 23), (33, 20), (33, 29), (10, 27), (25, 25), (34, 3), (25, 34), (22, 19), (3, 24), (14, 33), (15, 7), (18, 3), (26, 25), (15, 25), (7, 21), (29, 27), (30, 13), (21, 32), (33, 6), (33, 15), (25, 11), (25, 20), (33, 33), (25, 29), (2, 27), (34, 7), (14, 19), (3, 19), (3, 28), (15, 2), (15, 11), (26, 11), (29, 13), ... (+470 more)]",190,16,206
511,"(5, 12)","(5, 13)",South,"['(5, 13)', '(5, 11)']","['(5, 12)', '(4, 13)', '(1, 30)', '(6, 17)', '(4, 29)']","['(4, 13)', '(5, 11)', '(1, 30)', '(6, 17)', '(4, 29)']","[(15, 21), (18, 17), (15, 30), (27, 4), (18, 35), (27, 13), (19, 9), (11, 23), (33, 20), (33, 29), (10, 27), (25, 25), (34, 3), (25, 34), (22, 19), (3, 24), (14, 33), (15, 7), (18, 3), (26, 25), (15, 25), (7, 21), (29, 27), (30, 13), (21, 32), (33, 6), (33, 15), (25, 11), (25, 20), (33, 33), (25, 29), (2, 27), (34, 7), (14, 19), (3, 19), (3, 28), (15, 2), (15, 11), (26, 11), (29, 13), ... (+471 more)]",191,15,206
512,"(4, 13)","(5, 13)",West,"['(5, 13)', '(3, 13)']","['(4, 13)', '(5, 11)', '(1, 30)', '(6, 17)', '(4, 29)']","['(5, 11)', '(3, 13)', '(1, 30)', '(6, 17)', '(4, 29)']","[(15, 21), (18, 17), (15, 30), (27, 4), (18, 35), (27, 13), (19, 9), (11, 23), (33, 20), (33, 29), (10, 27), (25, 25), (34, 3), (25, 34), (22, 19), (3, 24), (14, 33), (15, 7), (18, 3), (26, 25), (15, 25), (7, 21), (29, 27), (30, 13), (21, 32), (33, 6), (33, 15), (25, 11), (25, 20), (33, 33), (25, 29), (2, 27), (34, 7), (14, 19), (3, 19), (3, 28), (15, 2), (15, 11), (26, 11), (29, 13), ... (+472 more)]",191,15,206
513,"(5, 11)","(5, 12)",South,"['(5, 12)', '(6, 11)']","['(5, 11)', '(3, 13)', '(1, 30)', '(6, 17)', '(4, 29)']","['(3, 13)', '(4, 29)', '(1, 30)', '(6, 17)', '(6, 11)']","[(15, 21), (18, 17), (15, 30), (27, 4), (18, 35), (27, 13), (19, 9), (11, 23), (33, 20), (33, 29), (10, 27), (25, 25), (34, 3), (25, 34), (22, 19), (3, 24), (14, 33), (15, 7), (18, 3), (26, 25), (15, 25), (7, 21), (29, 27), (30, 13), (21, 32), (33, 6), (33, 15), (25, 11), (25, 20), (33, 33), (25, 29), (2, 27), (34, 7), (14, 19), (3, 19), (3, 28), (15, 2), (15, 11), (26, 11), (29, 13), ... (+473 more)]",192,14,206
514,"(3, 13)","(4, 13)",West,"['(3, 12)', '(4, 13)']","['(3, 13)', '(4, 29)', '(1, 30)', '(6, 17)', '(6, 11)']","['(3, 12)', '(4, 29)', '(1, 30)', '(6, 11)', '(6, 17)']","[(15, 21), (18, 17), (15, 30), (27, 4), (18, 35), (27, 13), (19, 9), (11, 23), (33, 20), (33, 29), (10, 27), (25, 25), (34, 3), (25, 34), (22, 19), (3, 24), (14, 33), (15, 7), (18, 3), (26, 25), (15, 25), (7, 21), (29, 27), (30, 13), (21, 32), (33, 6), (33, 15), (25, 11), (25, 20), (33, 33), (25, 29), (2, 27), (34, 7), (14, 19), (3, 19), (3, 28), (15, 2), (15, 11), (26, 11), (29, 13), ... (+474 more)]",192,14,206
515,"(3, 12)","(3, 13)",South,"['(3, 13)', '(3, 11)']","['(3, 12)', '(4, 29)', '(1, 30)', '(6, 11)', '(6, 17)']","['(3, 11)', '(4, 29)', '(1, 30)', '(6, 11)', '(6, 17)']","[(15, 21), (18, 17), (15, 30), (27, 4), (18, 35), (27, 13), (19, 9), (11, 23), (33, 20), (33, 29), (10, 27), (25, 25), (34, 3), (25, 34), (22, 19), (3, 24), (14, 33), (15, 7), (18, 3), (26, 25), (15, 25), (7, 21), (29, 27), (30, 13), (21, 32), (33, 6), (33, 15), (25, 11), (25, 20), (33, 33), (25, 29), (2, 27), (34, 7), (14, 19), (3, 19), (3, 28), (15, 2), (15, 11), (26, 11), (29, 13), ... (+475 more)]",193,13,206
516,"(3, 11)","(3, 12)",South,"['(3, 12)', '(3, 10)']","['(3, 11)', '(4, 29)', '(1, 30)', '(6, 11)', '(6, 17)']","['(3, 10)', '(4, 29)', '(1, 30)', '(6, 11)', '(6, 17)']","[(15, 21), (18, 17), (15, 30), (27, 4), (18, 35), (27, 13), (19, 9), (11, 23), (33, 20), (33, 29), (10, 27), (25, 25), (34, 3), (25, 34), (22, 19), (3, 24), (14, 33), (15, 7), (18, 3), (26, 25), (15, 25), (7, 21), (29, 27), (30, 13), (21, 32), (33, 6), (33, 15), (25, 11), (25, 20), (33, 33), (25, 29), (2, 27), (34, 7), (14, 19), (3, 19), (3, 28), (15, 2), (15, 11), (26, 11), (29, 13), ... (+476 more)]",194,12,206
517,"(3, 10)","(3, 11)",South,"['(3, 11)', '(3, 9)']","['(3, 10)', '(4, 29)', '(1, 30)', '(6, 11)', '(6, 17)']","['(3, 9)', '(4, 29)', '(1, 30)', '(6, 11)', '(6, 17)']","[(15, 21), (18, 17), (15, 30), (27, 4), (18, 35), (27, 13), (19, 9), (11, 23), (33, 20), (33, 29), (10, 27), (25, 25), (34, 3), (25, 34), (22, 19), (3, 24), (14, 33), (15, 7), (18, 3), (26, 25), (15, 25), (7, 21), (29, 27), (30, 13), (21, 32), (33, 6), (33, 15), (25, 11), (25, 20), (33, 33), (25, 29), (2, 27), (34, 7), (3, 10), (14, 19), (3, 19), (3, 28), (15, 2), (15, 11), (26, 11), ... (+477 more)]",195,11,206
518,"(3, 9)","(3, 10)",South,"['(3, 10)', '(4, 9)']","['(3, 9)', '(4, 29)', '(1, 30)', '(6, 11)', '(6, 17)']","['(4, 29)', '(6, 17)', '(1, 30)', '(6, 11)', '(4, 9)']","[(15, 21), (18, 17), (15, 30), (27, 4), (18, 35), (27, 13), (19, 9), (11, 23), (33, 20), (33, 29), (10, 27), (25, 25), (34, 3), (25, 34), (22, 19), (3, 24), (14, 33), (15, 7), (18, 3), (26, 25), (15, 25), (7, 21), (29, 27), (30, 13), (21, 32), (33, 6), (33, 15), (25, 11), (25, 20), (33, 33), (25, 29), (2, 27), (34, 7), (3, 10), (14, 19), (3, 19), (3, 28), (15, 2), (15, 11), (26, 11), ... (+478 more)]",196,10,206
519,"(4, 29)","(3, 29)",East,"['(5, 29)', '(3, 29)']","['(4, 29)', '(6, 17)', '(1, 30)', '(6, 11)', '(4, 9)']","['(6, 17)', '(6, 11)', '(1, 30)', '(4, 9)', '(5, 29)']","[(15, 21), (18, 17), (15, 30), (27, 4), (18, 35), (27, 13), (19, 9), (11, 23), (33, 20), (33, 29), (10, 27), (25, 25), (34, 3), (25, 34), (22, 19), (3, 24), (14, 33), (15, 7), (18, 3), (26, 25), (15, 25), (7, 21), (29, 27), (30, 13), (21, 32), (33, 6), (33, 15), (25, 11), (25, 20), (33, 33), (25, 29), (2, 27), (34, 7), (3, 10), (14, 19), (3, 19), (3, 28), (15, 2), (15, 11), (26, 11), ... (+479 more)]",177,31,208
520,"(6, 17)","(5, 17)",East,"['(7, 17)', '(5, 17)']","['(6, 17)', '(6, 11)', '(1, 30)', '(4, 9)', '(5, 29)']","['(1, 30)', '(6, 11)', '(5, 29)', '(4, 9)', '(7, 17)']","[(15, 21), (18, 17), (15, 30), (27, 4), (18, 35), (27, 13), (19, 9), (11, 23), (33, 20), (33, 29), (10, 27), (25, 25), (34, 3), (25, 34), (22, 19), (3, 24), (14, 33), (15, 7), (18, 3), (26, 25), (15, 25), (7, 21), (29, 27), (30, 13), (21, 32), (33, 6), (33, 15), (25, 11), (25, 20), (33, 33), (25, 29), (2, 27), (34, 7), (3, 10), (14, 19), (3, 19), (3, 28), (15, 2), (15, 11), (26, 11), ... (+480 more)]",187,21,208
521,"(1, 30)","(1, 29)",North,"['(1, 31)', '(1, 29)']","['(1, 30)', '(6, 11)', '(5, 29)', '(4, 9)', '(7, 17)']","['(6, 11)', '(4, 9)', '(5, 29)', '(7, 17)', '(1, 31)']","[(15, 21), (18, 17), (15, 30), (27, 4), (18, 35), (27, 13), (19, 9), (11, 23), (33, 20), (33, 29), (10, 27), (25, 25), (34, 3), (25, 34), (22, 19), (3, 24), (14, 33), (15, 7), (18, 3), (26, 25), (15, 25), (7, 21), (29, 27), (30, 13), (21, 32), (33, 6), (33, 15), (25, 11), (25, 20), (33, 33), (25, 29), (2, 27), (34, 7), (3, 10), (14, 19), (3, 19), (3, 28), (15, 2), (15, 11), (26, 11), ... (+481 more)]",179,29,208
522,"(6, 11)","(5, 11)",East,"['(7, 11)', '(5, 11)']","['(6, 11)', '(4, 9)', '(5, 29)', '(7, 17)', '(1, 31)']","['(4, 9)', '(7, 17)', '(5, 29)', '(1, 31)', '(7, 11)']","[(15, 21), (18, 17), (15, 30), (27, 4), (18, 35), (27, 13), (19, 9), (11, 23), (33, 20), (33, 29), (10, 27), (25, 25), (34, 3), (25, 34), (22, 19), (3, 24), (14, 33), (15, 7), (18, 3), (26, 25), (15, 25), (7, 21), (29, 27), (30, 13), (21, 32), (33, 6), (33, 15), (25, 11), (25, 20), (33, 33), (25, 29), (2, 27), (34, 7), (3, 10), (14, 19), (3, 19), (3, 28), (15, 2), (15, 11), (26, 11), ... (+482 more)]",193,15,208
523,"(4, 9)","(3, 9)",East,"['(5, 9)', '(3, 9)']","['(4, 9)', '(7, 17)', '(5, 29)', '(1, 31)', '(7, 11)']","['(5, 29)', '(7, 17)', '(7, 11)', '(1, 31)', '(5, 9)']","[(15, 21), (18, 17), (15, 30), (27, 4), (18, 35), (27, 13), (19, 9), (11, 23), (33, 20), (33, 29), (10, 27), (25, 25), (34, 3), (25, 34), (22, 19), (3, 24), (14, 33), (15, 7), (18, 3), (26, 25), (15, 25), (7, 21), (29, 27), (30, 13), (21, 32), (33, 6), (33, 15), (25, 11), (25, 20), (33, 33), (25, 29), (2, 27), (34, 7), (3, 10), (14, 19), (3, 19), (3, 28), (15, 2), (15, 11), (26, 11), ... (+483 more)]",197,11,208
524,"(5, 29)","(4, 29)",East,"['(5, 30)', '(6, 29)', '(4, 29)']","['(5, 29)', '(7, 17)', '(7, 11)', '(1, 31)', '(5, 9)']","['(7, 17)', '(1, 31)', '(7, 11)', '(5, 9)', '(5, 30)', '(6, 29)']","[(15, 21), (18, 17), (15, 30), (27, 4), (18, 35), (27, 13), (19, 9), (11, 23), (33, 20), (33, 29), (10, 27), (25, 25), (34, 3), (25, 34), (22, 19), (3, 24), (14, 33), (15, 7), (18, 3), (26, 25), (15, 25), (7, 21), (29, 27), (30, 13), (21, 32), (33, 6), (33, 15), (25, 11), (25, 20), (33, 33), (25, 29), (2, 27), (34, 7), (3, 10), (14, 19), (3, 19), (3, 28), (15, 2), (15, 11), (26, 11), ... (+484 more)]",178,32,210
525,"(7, 17)","(6, 17)",East,"['(7, 16)', '(6, 17)']","['(7, 17)', '(1, 31)', '(7, 11)', '(5, 9)', '(5, 30)', '(6, 29)']","['(1, 31)', '(5, 9)', '(7, 11)', '(6, 29)', '(5, 30)', '(7, 16)']","[(15, 21), (18, 17), (7, 17), (15, 30), (27, 4), (18, 35), (27, 13), (19, 9), (11, 23), (33, 20), (33, 29), (10, 27), (25, 25), (34, 3), (25, 34), (22, 19), (3, 24), (14, 33), (15, 7), (18, 3), (26, 25), (15, 25), (7, 21), (29, 27), (30, 13), (21, 32), (33, 6), (33, 15), (25, 11), (25, 20), (33, 33), (25, 29), (2, 27), (34, 7), (3, 10), (14, 19), (3, 19), (3, 28), (15, 2), (15, 11), ... (+485 more)]",188,22,210
526,"(1, 31)","(1, 30)",North,"['(1, 30)', '(2, 31)']","['(1, 31)', '(5, 9)', '(7, 11)', '(6, 29)', '(5, 30)', '(7, 16)']","['(7, 11)', '(5, 9)', '(7, 16)', '(6, 29)', '(5, 30)', '(2, 31)']","[(15, 21), (18, 17), (7, 17), (15, 30), (27, 4), (18, 35), (27, 13), (19, 9), (11, 23), (33, 20), (33, 29), (10, 27), (25, 25), (34, 3), (25, 34), (22, 19), (3, 24), (14, 33), (15, 7), (18, 3), (26, 25), (15, 25), (7, 21), (29, 27), (30, 13), (21, 32), (33, 6), (33, 15), (25, 11), (25, 20), (33, 33), (25, 29), (2, 27), (34, 7), (3, 10), (14, 19), (3, 19), (3, 28), (15, 2), (15, 11), ... (+486 more)]",180,30,210
527,"(7, 11)","(6, 11)",East,"['(7, 10)', '(6, 11)']","['(7, 11)', '(5, 9)', '(7, 16)', '(6, 29)', '(5, 30)', '(2, 31)']","['(5, 9)', '(5, 30)', '(7, 16)', '(6, 29)', '(2, 31)', '(7, 10)']","[(15, 21), (18, 17), (7, 17), (15, 30), (27, 4), (18, 35), (27, 13), (19, 9), (11, 23), (33, 20), (33, 29), (10, 27), (25, 25), (34, 3), (25, 34), (22, 19), (3, 24), (14, 33), (15, 7), (18, 3), (26, 25), (15, 25), (7, 21), (29, 27), (30, 13), (21, 32), (33, 6), (33, 15), (25, 11), (25, 20), (33, 33), (25, 29), (2, 27), (34, 7), (3, 10), (14, 19), (3, 19), (3, 28), (15, 2), (15, 11), ... (+487 more)]",194,16,210
528,"(5, 9)","(4, 9)",East,"['(5, 8)', '(4, 9)']","['(5, 9)', '(5, 30)', '(7, 16)', '(6, 29)', '(2, 31)', '(7, 10)']","['(7, 16)', '(5, 30)', '(7, 10)', '(6, 29)', '(2, 31)', '(5, 8)']","[(15, 21), (18, 17), (7, 17), (15, 30), (27, 4), (18, 35), (27, 13), (19, 9), (11, 23), (33, 20), (33, 29), (10, 27), (25, 25), (34, 3), (25, 34), (22, 19), (3, 24), (14, 33), (15, 7), (18, 3), (26, 25), (15, 25), (7, 21), (29, 27), (30, 13), (21, 32), (33, 6), (33, 15), (25, 11), (25, 20), (33, 33), (25, 29), (2, 27), (34, 7), (3, 10), (14, 19), (3, 19), (3, 28), (15, 2), (15, 11), ... (+488 more)]",198,12,210
529,"(7, 16)","(7, 17)",South,"['(7, 17)', '(7, 15)']","['(7, 16)', '(5, 30)', '(7, 10)', '(6, 29)', '(2, 31)', '(5, 8)']","['(7, 10)', '(5, 30)', '(5, 8)', '(6, 29)', '(2, 31)', '(7, 15)']","[(15, 21), (18, 17), (7, 17), (15, 30), (27, 4), (18, 35), (27, 13), (19, 9), (11, 23), (33, 20), (33, 29), (10, 27), (25, 25), (34, 3), (25, 34), (22, 19), (3, 24), (14, 33), (15, 7), (18, 3), (26, 25), (15, 25), (7, 21), (29, 27), (30, 13), (21, 32), (33, 6), (33, 15), (25, 11), (25, 20), (33, 33), (25, 29), (2, 27), (34, 7), (3, 10), (14, 19), (3, 19), (3, 28), (15, 2), (15, 11), ... (+489 more)]",189,21,210
530,"(7, 10)","(7, 11)",South,"['(7, 11)', '(7, 9)']","['(7, 10)', '(5, 30)', '(5, 8)', '(6, 29)', '(2, 31)', '(7, 15)']","['(5, 8)', '(5, 30)', '(7, 15)', '(6, 29)', '(2, 31)', '(7, 9)']","[(15, 21), (18, 17), (7, 17), (15, 30), (27, 4), (18, 35), (27, 13), (19, 9), (11, 23), (33, 20), (33, 29), (10, 27), (25, 25), (34, 3), (25, 34), (22, 19), (3, 24), (14, 33), (15, 7), (18, 3), (26, 25), (15, 25), (7, 21), (29, 27), (30, 13), (21, 32), (33, 6), (33, 15), (25, 11), (25, 20), (33, 33), (25, 29), (2, 27), (34, 7), (3, 10), (14, 19), (3, 19), (3, 28), (15, 2), (15, 11), ... (+490 more)]",195,15,210
531,"(5, 8)","(5, 9)",South,"['(5, 9)', '(5, 7)']","['(5, 8)', '(5, 30)', '(7, 15)', '(6, 29)', '(2, 31)', '(7, 9)']","['(7, 15)', '(5, 30)', '(7, 9)', '(6, 29)', '(2, 31)', '(5, 7)']","[(15, 21), (18, 17), (7, 17), (15, 30), (27, 4), (18, 35), (27, 13), (19, 9), (11, 23), (33, 20), (33, 29), (10, 27), (25, 25), (34, 3), (25, 34), (22, 19), (3, 24), (14, 33), (15, 7), (18, 3), (26, 25), (15, 25), (7, 21), (29, 27), (30, 13), (21, 32), (33, 6), (33, 15), (25, 11), (25, 20), (33, 33), (25, 29), (2, 27), (34, 7), (3, 10), (14, 19), (3, 19), (3, 28), (15, 2), (15, 11), ... (+491 more)]",199,11,210
532,"(7, 15)","(7, 16)",South,"['(7, 16)', '(8, 15)']","['(7, 15)', '(5, 30)', '(7, 9)', '(6, 29)', '(2, 31)', '(5, 7)']","['(7, 9)', '(5, 30)', '(5, 7)', '(6, 29)', '(2, 31)', '(8, 15)']","[(15, 21), (18, 17), (7, 17), (15, 30), (27, 4), (18, 35), (27, 13), (19, 9), (11, 23), (33, 20), (33, 29), (10, 27), (25, 25), (34, 3), (25, 34), (22, 19), (3, 24), (14, 33), (15, 7), (18, 3), (26, 25), (15, 25), (7, 21), (29, 27), (30, 13), (21, 32), (33, 6), (33, 15), (25, 11), (25, 20), (33, 33), (25, 29), (2, 27), (34, 7), (3, 10), (14, 19), (3, 19), (3, 28), (15, 2), (15, 11), ... (+492 more)]",190,20,210
533,"(7, 9)","(7, 10)",South,"['(7, 10)']","['(7, 9)', '(5, 30)', '(5, 7)', '(6, 29)', '(2, 31)', '(8, 15)']","['(5, 7)', '(5, 30)', '(8, 15)', '(6, 29)', '(2, 31)']","[(15, 21), (18, 17), (7, 17), (15, 30), (27, 4), (18, 35), (27, 13), (19, 9), (11, 23), (33, 20), (33, 29), (10, 27), (25, 25), (34, 3), (25, 34), (22, 19), (3, 24), (14, 33), (15, 7), (18, 3), (26, 25), (15, 25), (7, 21), (29, 27), (30, 13), (21, 32), (33, 6), (33, 15), (25, 11), (25, 20), (33, 33), (25, 29), (2, 27), (34, 7), (3, 10), (14, 19), (3, 19), (3, 28), (15, 2), (15, 11), ... (+493 more)]",196,14,210
534,"(5, 7)","(5, 8)",South,"['(5, 8)', '(5, 6)', '(6, 7)', '(4, 7)']","['(5, 7)', '(5, 30)', '(8, 15)', '(6, 29)', '(2, 31)']","['(5, 6)', '(5, 30)', '(4, 7)', '(2, 31)', '(6, 29)', '(6, 7)', '(8, 15)']","[(15, 21), (18, 17), (7, 17), (15, 30), (27, 4), (18, 35), (27, 13), (19, 9), (11, 23), (33, 20), (33, 29), (10, 27), (25, 25), (34, 3), (25, 34), (22, 19), (3, 24), (14, 33), (15, 7), (18, 3), (26, 25), (15, 25), (7, 21), (29, 27), (30, 13), (21, 32), (33, 6), (33, 15), (25, 11), (25, 20), (33, 33), (25, 29), (2, 27), (34, 7), (3, 10), (14, 19), (3, 19), (3, 28), (15, 2), (15, 11), ... (+494 more)]",200,10,210
535,"(5, 6)","(5, 7)",South,"['(5, 7)', '(5, 5)']","['(5, 6)', '(5, 30)', '(4, 7)', '(2, 31)', '(6, 29)', '(6, 7)', '(8, 15)']","['(4, 7)', '(5, 30)', '(5, 5)', '(2, 31)', '(6, 29)', '(6, 7)', '(8, 15)']","[(15, 21), (18, 17), (7, 17), (15, 30), (27, 4), (18, 35), (27, 13), (19, 9), (11, 23), (33, 20), (33, 29), (10, 27), (25, 25), (34, 3), (25, 34), (22, 19), (3, 24), (14, 33), (15, 7), (18, 3), (26, 25), (15, 25), (7, 21), (29, 27), (30, 13), (21, 32), (33, 6), (33, 15), (25, 11), (25, 20), (33, 33), (25, 29), (2, 27), (34, 7), (3, 10), (14, 19), (3, 19), (3, 28), (15, 2), (15, 11), ... (+495 more)]",201,9,210
536,"(4, 7)","(5, 7)",West,"['(5, 7)', '(3, 7)']","['(4, 7)', '(5, 30)', '(5, 5)', '(2, 31)', '(6, 29)', '(6, 7)', '(8, 15)']","['(5, 5)', '(5, 30)', '(3, 7)', '(2, 31)', '(6, 29)', '(6, 7)', '(8, 15)']","[(15, 21), (18, 17), (7, 17), (15, 30), (27, 4), (18, 35), (27, 13), (19, 9), (11, 23), (33, 20), (33, 29), (10, 27), (25, 25), (34, 3), (25, 34), (22, 19), (3, 24), (14, 33), (15, 7), (18, 3), (26, 25), (15, 25), (7, 21), (29, 27), (30, 13), (21, 32), (33, 6), (33, 15), (25, 11), (25, 20), (33, 33), (25, 29), (2, 27), (34, 7), (3, 10), (14, 19), (3, 19), (3, 28), (15, 2), (15, 11), ... (+496 more)]",201,9,210
537,"(5, 5)","(5, 6)",South,"['(5, 6)']","['(5, 5)', '(5, 30)', '(3, 7)', '(2, 31)', '(6, 29)', '(6, 7)', '(8, 15)']","['(3, 7)', '(5, 30)', '(8, 15)', '(2, 31)', '(6, 29)', '(6, 7)']","[(15, 21), (18, 17), (7, 17), (15, 30), (27, 4), (18, 35), (27, 13), (19, 9), (11, 23), (33, 20), (33, 29), (10, 27), (25, 25), (34, 3), (25, 34), (22, 19), (3, 24), (14, 33), (15, 7), (18, 3), (26, 25), (15, 25), (7, 21), (29, 27), (30, 13), (21, 32), (33, 6), (33, 15), (25, 11), (25, 20), (33, 33), (25, 29), (2, 27), (34, 7), (3, 10), (14, 19), (3, 19), (3, 28), (15, 2), (15, 11), ... (+497 more)]",202,8,210
538,"(3, 7)","(4, 7)",West,"['(3, 6)', '(4, 7)', '(2, 7)']","['(3, 7)', '(5, 30)', '(8, 15)', '(2, 31)', '(6, 29)', '(6, 7)']","['(3, 6)', '(6, 29)', '(2, 7)', '(2, 31)', '(6, 7)', '(8, 15)', '(5, 30)']","[(15, 21), (18, 17), (7, 17), (15, 30), (27, 4), (18, 35), (27, 13), (19, 9), (11, 23), (33, 20), (33, 29), (10, 27), (25, 25), (34, 3), (25, 34), (22, 19), (3, 24), (14, 33), (15, 7), (18, 3), (26, 25), (15, 25), (7, 21), (29, 27), (30, 13), (21, 32), (33, 6), (33, 15), (25, 11), (25, 20), (33, 33), (25, 29), (2, 27), (34, 7), (3, 10), (14, 19), (3, 19), (3, 28), (15, 2), (15, 11), ... (+498 more)]",202,8,210
539,"(3, 6)","(3, 7)",South,"['(3, 7)', '(3, 5)']","['(3, 6)', '(6, 29)', '(2, 7)', '(2, 31)', '(6, 7)', '(8, 15)', '(5, 30)']","['(2, 7)', '(6, 29)', '(3, 5)', '(2, 31)', '(6, 7)', '(8, 15)', '(5, 30)']","[(15, 21), (18, 17), (7, 17), (15, 30), (27, 4), (18, 35), (27, 13), (19, 9), (11, 23), (33, 20), (33, 29), (10, 27), (25, 25), (34, 3), (25, 34), (3, 6), (22, 19), (3, 24), (14, 33), (15, 7), (18, 3), (26, 25), (15, 25), (7, 21), (29, 27), (30, 13), (21, 32), (33, 6), (33, 15), (25, 11), (25, 20), (33, 33), (25, 29), (2, 27), (34, 7), (3, 10), (14, 19), (3, 19), (3, 28), (15, 2), ... (+499 more)]",203,7,210
540,"(2, 7)","(3, 7)",West,"['(3, 7)', '(1, 7)']","['(2, 7)', '(6, 29)', '(3, 5)', '(2, 31)', '(6, 7)', '(8, 15)', '(5, 30)']","['(3, 5)', '(6, 29)', '(1, 7)', '(2, 31)', '(6, 7)', '(8, 15)', '(5, 30)']","[(15, 21), (18, 17), (7, 17), (15, 30), (27, 4), (18, 35), (27, 13), (19, 9), (11, 23), (33, 20), (33, 29), (10, 27), (25, 25), (34, 3), (25, 34), (3, 6), (22, 19), (3, 24), (14, 33), (15, 7), (18, 3), (26, 25), (15, 25), (7, 21), (29, 27), (30, 13), (21, 32), (33, 6), (33, 15), (25, 11), (25, 20), (33, 33), (25, 29), (2, 27), (34, 7), (3, 10), (14, 19), (3, 19), (3, 28), (15, 2), ... (+500 more)]",203,7,210
541,"(3, 5)","(3, 6)",South,"['(3, 6)', '(3, 4)']","['(3, 5)', '(6, 29)', '(1, 7)', '(2, 31)', '(6, 7)', '(8, 15)', '(5, 30)']","['(1, 7)', '(6, 29)', '(3, 4)', '(2, 31)', '(6, 7)', '(8, 15)', '(5, 30)']","[(15, 21), (18, 17), (7, 17), (15, 30), (27, 4), (18, 35), (27, 13), (19, 9), (11, 23), (33, 20), (33, 29), (10, 27), (25, 25), (34, 3), (25, 34), (3, 6), (22, 19), (3, 24), (14, 33), (15, 7), (18, 3), (26, 25), (15, 25), (7, 21), (29, 27), (30, 13), (21, 32), (33, 6), (33, 15), (25, 11), (25, 20), (33, 33), (25, 29), (2, 27), (34, 7), (3, 10), (14, 19), (3, 19), (3, 28), (15, 2), ... (+501 more)]",204,6,210
542,"(1, 7)","(2, 7)",West,"['(1, 8)', '(2, 7)']","['(1, 7)', '(6, 29)', '(3, 4)', '(2, 31)', '(6, 7)', '(8, 15)', '(5, 30)']","['(3, 4)', '(6, 29)', '(5, 30)', '(2, 31)', '(6, 7)', '(8, 15)', '(1, 8)']","[(15, 21), (18, 17), (7, 17), (15, 30), (27, 4), (18, 35), (27, 13), (19, 9), (11, 23), (33, 20), (33, 29), (10, 27), (25, 25), (34, 3), (25, 34), (3, 6), (22, 19), (3, 24), (14, 33), (15, 7), (18, 3), (26, 25), (15, 25), (7, 21), (29, 27), (30, 13), (21, 32), (33, 6), (33, 15), (25, 11), (25, 20), (33, 33), (25, 29), (2, 27), (34, 7), (3, 10), (14, 19), (3, 19), (3, 28), (15, 2), ... (+502 more)]",204,6,210
543,"(3, 4)","(3, 5)",South,"['(3, 5)', '(3, 3)']","['(3, 4)', '(6, 29)', '(5, 30)', '(2, 31)', '(6, 7)', '(8, 15)', '(1, 8)']","['(3, 3)', '(6, 29)', '(5, 30)', '(2, 31)', '(6, 7)', '(1, 8)', '(8, 15)']","[(15, 21), (18, 17), (7, 17), (15, 30), (27, 4), (18, 35), (27, 13), (19, 9), (11, 23), (33, 20), (33, 29), (10, 27), (25, 25), (34, 3), (25, 34), (3, 6), (22, 19), (3, 24), (14, 33), (15, 7), (18, 3), (26, 25), (15, 25), (7, 21), (29, 27), (30, 13), (21, 32), (33, 6), (33, 15), (25, 11), (25, 20), (33, 33), (25, 29), (2, 27), (34, 7), (3, 10), (14, 19), (3, 19), (3, 28), (15, 2), ... (+503 more)]",205,5,210
544,"(3, 3)","(3, 4)",South,"['(3, 4)', '(3, 2)', '(2, 3)']","['(3, 3)', '(6, 29)', '(5, 30)', '(2, 31)', '(6, 7)', '(1, 8)', '(8, 15)']","['(3, 2)', '(2, 3)', '(5, 30)', '(6, 29)', '(6, 7)', '(1, 8)', '(8, 15)', '(2, 31)']","[(15, 21), (18, 17), (7, 17), (15, 30), (27, 4), (18, 35), (27, 13), (19, 9), (11, 23), (33, 20), (33, 29), (10, 27), (25, 25), (34, 3), (25, 34), (3, 6), (22, 19), (3, 24), (14, 33), (15, 7), (18, 3), (26, 25), (15, 25), (7, 21), (29, 27), (30, 13), (21, 32), (33, 6), (33, 15), (25, 11), (25, 20), (33, 33), (25, 29), (2, 27), (34, 7), (3, 10), (14, 19), (3, 19), (3, 28), (15, 2), ... (+504 more)]",206,4,210
545,"(3, 2)","(3, 3)",South,"['(3, 3)', '(3, 1)']","['(3, 2)', '(2, 3)', '(5, 30)', '(6, 29)', '(6, 7)', '(1, 8)', '(8, 15)', '(2, 31)']","['(2, 3)', '(3, 1)', '(5, 30)', '(6, 29)', '(6, 7)', '(1, 8)', '(8, 15)', '(2, 31)']","[(15, 21), (18, 17), (7, 17), (15, 30), (27, 4), (18, 35), (27, 13), (19, 9), (11, 23), (33, 20), (33, 29), (10, 27), (25, 25), (34, 3), (25, 34), (3, 6), (22, 19), (3, 24), (14, 33), (15, 7), (18, 3), (26, 25), (15, 25), (7, 21), (29, 27), (30, 13), (21, 32), (33, 6), (33, 15), (25, 11), (25, 20), (33, 33), (25, 29), (2, 27), (34, 7), (3, 10), (14, 19), (3, 19), (3, 28), (15, 2), ... (+505 more)]",207,3,210
546,"(2, 3)","(3, 3)",West,"['(3, 3)', '(1, 3)']","['(2, 3)', '(3, 1)', '(5, 30)', '(6, 29)', '(6, 7)', '(1, 8)', '(8, 15)', '(2, 31)']","['(3, 1)', '(1, 3)', '(5, 30)', '(6, 29)', '(6, 7)', '(1, 8)', '(8, 15)', '(2, 31)']","[(15, 21), (18, 17), (7, 17), (15, 30), (27, 4), (18, 35), (27, 13), (19, 9), (11, 23), (33, 20), (33, 29), (10, 27), (25, 25), (34, 3), (25, 34), (3, 6), (22, 19), (3, 24), (14, 33), (15, 7), (18, 3), (26, 25), (15, 25), (7, 21), (29, 27), (30, 13), (21, 32), (33, 6), (33, 15), (25, 11), (25, 20), (33, 33), (25, 29), (2, 27), (34, 7), (3, 10), (14, 19), (3, 19), (3, 28), (15, 2), ... (+506 more)]",207,3,210
547,"(3, 1)","(3, 2)",South,"['(3, 2)']","['(3, 1)', '(1, 3)', '(5, 30)', '(6, 29)', '(6, 7)', '(1, 8)', '(8, 15)', '(2, 31)']","['(1, 3)', '(6, 29)', '(5, 30)', '(2, 31)', '(6, 7)', '(1, 8)', '(8, 15)']","[(15, 21), (18, 17), (7, 17), (15, 30), (27, 4), (18, 35), (27, 13), (19, 9), (11, 23), (33, 20), (33, 29), (10, 27), (25, 25), (34, 3), (25, 34), (3, 6), (22, 19), (3, 24), (14, 33), (15, 7), (18, 3), (26, 25), (15, 25), (7, 21), (29, 27), (30, 13), (21, 32), (33, 6), (33, 15), (25, 11), (25, 20), (33, 33), (25, 29), (2, 27), (34, 7), (3, 1), (3, 10), (14, 19), (3, 19), (3, 28), ... (+507 more)]",208,2,210
548,"(1, 3)","(2, 3)",West,"['(1, 4)', '(1, 2)', '(2, 3)']","['(1, 3)', '(6, 29)', '(5, 30)', '(2, 31)', '(6, 7)', '(1, 8)', '(8, 15)']","['(1, 2)', '(5, 30)', '(8, 15)', '(6, 29)', '(6, 7)', '(1, 8)', '(1, 4)', '(2, 31)']","[(15, 21), (18, 17), (7, 17), (15, 30), (27, 4), (18, 35), (27, 13), (19, 9), (11, 23), (33, 20), (33, 29), (10, 27), (25, 25), (34, 3), (25, 34), (3, 6), (22, 19), (3, 24), (14, 33), (15, 7), (18, 3), (26, 25), (15, 25), (7, 21), (29, 27), (30, 13), (21, 32), (33, 6), (33, 15), (25, 11), (25, 20), (33, 33), (25, 29), (2, 27), (34, 7), (3, 1), (3, 10), (14, 19), (3, 19), (3, 28), ... (+508 more)]",208,2,210
549,"(1, 2)","(1, 3)",South,"['(1, 3)', '(1, 1)']","['(1, 2)', '(5, 30)', '(8, 15)', '(6, 29)', '(6, 7)', '(1, 8)', '(1, 4)', '(2, 31)']","['(1, 1)', '(5, 30)', '(8, 15)', '(6, 29)', '(6, 7)', '(1, 8)', '(1, 4)', '(2, 31)']","[(15, 21), (18, 17), (7, 17), (15, 30), (27, 4), (18, 35), (27, 13), (19, 9), (11, 23), (33, 20), (33, 29), (10, 27), (25, 25), (34, 3), (25, 34), (3, 6), (22, 19), (3, 24), (14, 33), (15, 7), (18, 3), (26, 25), (15, 25), (7, 21), (29, 27), (30, 13), (21, 32), (33, 6), (33, 15), (25, 11), (25, 20), (33, 33), (25, 29), (2, 27), (34, 7), (3, 1), (3, 10), (14, 19), (3, 19), (3, 28), ... (+509 more)]",209,1,210
550,"(1, 1)","(1, 2)",South,[],"['(1, 1)', '(5, 30)', '(8, 15)', '(6, 29)', '(6, 7)', '(1, 8)', '(1, 4)', '(2, 31)']","['(5, 30)', '(6, 29)', '(8, 15)', '(2, 31)', '(6, 7)', '(1, 8)', '(1, 4)']","[(15, 21), (18, 17), (7, 17), (15, 30), (27, 4), (18, 35), (27, 13), (19, 9), (11, 23), (33, 20), (33, 29), (10, 27), (25, 25), (34, 3), (25, 34), (3, 6), (22, 19), (3, 24), (14, 33), (15, 7), (18, 3), (26, 25), (15, 25), (7, 21), (29, 27), (30, 13), (21, 32), (33, 6), (33, 15), (25, 11), (25, 20), (33, 33), (25, 29), (2, 27), (34, 7), (3, 1), (3, 10), (14, 19), (3, 19), (3, 28), ... (+510 more)]",210,0,210
