iteration,expanded_state,parent,action,generated_successors,frontier_before,frontier_after,explored,g,h,f
1,"((9, 3), food_remaining=13)",START,START,"['((10, 3), food_remaining=13)', '((8, 3), food_remaining=13)']","['((9, 3), food_remaining=13)']","['((10, 3), food_remaining=13)', '((8, 3), food_remaining=13)']","['((9, 3), food_remaining=13)']",0,52,52
2,"((10, 3), food_remaining=13)","((9, 3), food_remaining=13)",East,"['((10, 4), food_remaining=12)', '((11, 3), food_remaining=13)', '((9, 3), food_remaining=13)']","['((10, 3), food_remaining=13)', '((8, 3), food_remaining=13)']","['((8, 3), food_remaining=13)', '((10, 4), food_remaining=12)', '((11, 3), food_remaining=13)']","['((10, 3), food_remaining=13)', '((9, 3), food_remaining=13)']",1,51,52
3,"((8, 3), food_remaining=13)","((9, 3), food_remaining=13)",West,"['((9, 3), food_remaining=13)', '((7, 3), food_remaining=13)']","['((8, 3), food_remaining=13)', '((10, 4), food_remaining=12)', '((11, 3), food_remaining=13)']","['((7, 3), food_remaining=13)', '((11, 3), food_remaining=13)', '((10, 4), food_remaining=12)']","['((8, 3), food_remaining=13)', '((10, 3), food_remaining=13)', '((9, 3), food_remaining=13)']",1,52,53
4,"((7, 3), food_remaining=13)","((8, 3), food_remaining=13)",West,"['((7, 4), food_remaining=12)', '((8, 3), food_remaining=13)', '((6, 3), food_remaining=13)']","['((7, 3), food_remaining=13)', '((11, 3), food_remaining=13)', '((10, 4), food_remaining=12)']","['((10, 4), food_remaining=12)', '((11, 3), food_remaining=13)', '((7, 4), food_remaining=12)', '((6, 3), food_remaining=13)']","['((7, 3), food_remaining=13)', '((8, 3), food_remaining=13)', '((10, 3), food_remaining=13)', '((9, 3), food_remaining=13)']",2,51,53
5,"((10, 4), food_remaining=12)","((10, 3), food_remaining=13)",North,"['((10, 5), food_remaining=12)', '((10, 3), food_remaining=12)']","['((10, 4), food_remaining=12)', '((11, 3), food_remaining=13)', '((7, 4), food_remaining=12)', '((6, 3), food_remaining=13)']","['((11, 3), food_remaining=13)', '((10, 5), food_remaining=12)', '((7, 4), food_remaining=12)', '((6, 3), food_remaining=13)', '((10, 3), food_remaining=12)']","['((10, 3), food_remaining=13)', '((10, 4), food_remaining=12)', '((7, 3), food_remaining=13)', '((8, 3), food_remaining=13)', '((9, 3), food_remaining=13)']",2,52,54
6,"((11, 3), food_remaining=13)","((10, 3), food_remaining=13)",East,"['((12, 3), food_remaining=13)', '((10, 3), food_remaining=13)']","['((11, 3), food_remaining=13)', '((10, 5), food_remaining=12)', '((7, 4), food_remaining=12)', '((6, 3), food_remaining=13)', '((10, 3), food_remaining=12)']","['((10, 5), food_remaining=12)', '((6, 3), food_remaining=13)', '((7, 4), food_remaining=12)', '((10, 3), food_remaining=12)', '((12, 3), food_remaining=13)']","['((11, 3), food_remaining=13)', '((10, 3), food_remaining=13)', '((10, 4), food_remaining=12)', '((7, 3), food_remaining=13)', '((8, 3), food_remaining=13)', '((9, 3), food_remaining=13)']",2,52,54
7,"((10, 5), food_remaining=12)","((10, 4), food_remaining=12)",North,"['((10, 4), food_remaining=12)', '((11, 5), food_remaining=12)', '((9, 5), food_remaining=12)']","['((10, 5), food_remaining=12)', '((6, 3), food_remaining=13)', '((7, 4), food_remaining=12)', '((10, 3), food_remaining=12)', '((12, 3), food_remaining=13)']","['((11, 5), food_remaining=12)', '((6, 3), food_remaining=13)', '((9, 5), food_remaining=12)', '((12, 3), food_remaining=13)', '((10, 3), food_remaining=12)', '((7, 4), food_remaining=12)']","['((11, 3), food_remaining=13)', '((10, 3), food_remaining=13)', '((10, 4), food_remaining=12)', '((7, 3), food_remaining=13)', '((8, 3), food_remaining=13)', '((10, 5), food_remaining=12)', '((9, 3), food_remaining=13)']",3,51,54
8,"((11, 5), food_remaining=12)","((10, 5), food_remaining=12)",East,"['((12, 5), food_remaining=12)', '((10, 5), food_remaining=12)']","['((11, 5), food_remaining=12)', '((6, 3), food_remaining=13)', '((9, 5), food_remaining=12)', '((12, 3), food_remaining=13)', '((10, 3), food_remaining=12)', '((7, 4), food_remaining=12)']","['((12, 5), food_remaining=12)', '((10, 3), food_remaining=12)', '((6, 3), food_remaining=13)', '((12, 3), food_remaining=13)', '((7, 4), food_remaining=12)', '((9, 5), food_remaining=12)']","['((11, 3), food_remaining=13)', '((10, 3), food_remaining=13)', '((10, 4), food_remaining=12)', '((7, 3), food_remaining=13)', '((8, 3), food_remaining=13)', '((11, 5), food_remaining=12)', '((10, 5), food_remaining=12)', '((9, 3), food_remaining=13)']",4,50,54
9,"((12, 5), food_remaining=12)","((11, 5), food_remaining=12)",East,"['((13, 5), food_remaining=11)', '((11, 5), food_remaining=12)']","['((12, 5), food_remaining=12)', '((10, 3), food_remaining=12)', '((6, 3), food_remaining=13)', '((12, 3), food_remaining=13)', '((7, 4), food_remaining=12)', '((9, 5), food_remaining=12)']","['((6, 3), food_remaining=13)', '((10, 3), food_remaining=12)', '((9, 5), food_remaining=12)', '((12, 3), food_remaining=13)', '((7, 4), food_remaining=12)', '((13, 5), food_remaining=11)']","['((11, 3), food_remaining=13)', '((10, 3), food_remaining=13)', '((10, 4), food_remaining=12)', '((7, 3), food_remaining=13)', '((8, 3), food_remaining=13)', '((12, 5), food_remaining=12)', '((11, 5), food_remaining=12)', '((10, 5), food_remaining=12)', '((9, 3), food_remaining=13)']",5,49,54
10,"((6, 3), food_remaining=13)","((7, 3), food_remaining=13)",West,"['((7, 3), food_remaining=13)', '((5, 3), food_remaining=13)']","['((6, 3), food_remaining=13)', '((10, 3), food_remaining=12)', '((9, 5), food_remaining=12)', '((12, 3), food_remaining=13)', '((7, 4), food_remaining=12)', '((13, 5), food_remaining=11)']","['((10, 3), food_remaining=12)', '((12, 3), food_remaining=13)', '((9, 5), food_remaining=12)', '((13, 5), food_remaining=11)', '((7, 4), food_remaining=12)', '((5, 3), food_remaining=13)']","['((6, 3), food_remaining=13)', '((11, 3), food_remaining=13)', '((10, 3), food_remaining=13)', '((10, 4), food_remaining=12)', '((7, 3), food_remaining=13)', '((8, 3), food_remaining=13)', '((12, 5), food_remaining=12)', '((11, 5), food_remaining=12)', '((10, 5), food_remaining=12)', '((9, 3), food_remaining=13)']",3,52,55
11,"((10, 3), food_remaining=12)","((10, 4), food_remaining=12)",South,"['((10, 4), food_remaining=12)', '((11, 3), food_remaining=12)', '((9, 3), food_remaining=12)']","['((10, 3), food_remaining=12)', '((12, 3), food_remaining=13)', '((9, 5), food_remaining=12)', '((13, 5), food_remaining=11)', '((7, 4), food_remaining=12)', '((5, 3), food_remaining=13)']","['((12, 3), food_remaining=13)', '((7, 4), food_remaining=12)', '((9, 5), food_remaining=12)', '((13, 5), food_remaining=11)', '((5, 3), food_remaining=13)', '((11, 3), food_remaining=12)', '((9, 3), food_remaining=12)']","['((6, 3), food_remaining=13)', '((11, 3), food_remaining=13)', '((10, 3), food_remaining=13)', '((10, 4), food_remaining=12)', '((7, 3), food_remaining=13)', '((8, 3), food_remaining=13)', '((12, 5), food_remaining=12)', '((11, 5), food_remaining=12)', '((10, 5), food_remaining=12)', '((9, 3), food_remaining=13)', '((10, 3), food_remaining=12)']",3,52,55
12,"((12, 3), food_remaining=13)","((11, 3), food_remaining=13)",East,"['((13, 3), food_remaining=13)', '((11, 3), food_remaining=13)']","['((12, 3), food_remaining=13)', '((7, 4), food_remaining=12)', '((9, 5), food_remaining=12)', '((13, 5), food_remaining=11)', '((5, 3), food_remaining=13)', '((11, 3), food_remaining=12)', '((9, 3), food_remaining=12)']","['((9, 5), food_remaining=12)', '((7, 4), food_remaining=12)', '((11, 3), food_remaining=12)', '((13, 5), food_remaining=11)', '((5, 3), food_remaining=13)', '((9, 3), food_remaining=12)', '((13, 3), food_remaining=13)']","['((6, 3), food_remaining=13)', '((11, 3), food_remaining=13)', '((10, 3), food_remaining=13)', '((10, 4), food_remaining=12)', '((7, 3), food_remaining=13)', '((8, 3), food_remaining=13)', '((12, 5), food_remaining=12)', '((11, 5), food_remaining=12)', '((12, 3), food_remaining=13)', '((10, 5), food_remaining=12)', '((9, 3), food_remaining=13)', '((10, 3), food_remaining=12)']",3,52,55
13,"((9, 5), food_remaining=12)","((10, 5), food_remaining=12)",West,"['((10, 5), food_remaining=12)', '((8, 5), food_remaining=12)']","['((9, 5), food_remaining=12)', '((7, 4), food_remaining=12)', '((11, 3), food_remaining=12)', '((13, 5), food_remaining=11)', '((5, 3), food_remaining=13)', '((9, 3), food_remaining=12)', '((13, 3), food_remaining=13)']","['((11, 3), food_remaining=12)', '((7, 4), food_remaining=12)', '((9, 3), food_remaining=12)', '((13, 5), food_remaining=11)', '((5, 3), food_remaining=13)', '((13, 3), food_remaining=13)', '((8, 5), food_remaining=12)']","['((6, 3), food_remaining=13)', '((11, 3), food_remaining=13)', '((10, 3), food_remaining=13)', '((10, 4), food_remaining=12)', '((7, 3), food_remaining=13)', '((8, 3), food_remaining=13)', '((12, 5), food_remaining=12)', '((9, 5), food_remaining=12)', '((11, 5), food_remaining=12)', '((12, 3), food_remaining=13)', '((10, 5), food_remaining=12)', '((9, 3), food_remaining=13)', '((10, 3), food_remaining=12)']",4,51,55
14,"((11, 3), food_remaining=12)","((10, 3), food_remaining=12)",East,"['((12, 3), food_remaining=12)', '((10, 3), food_remaining=12)']","['((11, 3), food_remaining=12)', '((7, 4), food_remaining=12)', '((9, 3), food_remaining=12)', '((13, 5), food_remaining=11)', '((5, 3), food_remaining=13)', '((13, 3), food_remaining=13)', '((8, 5), food_remaining=12)']","['((9, 3), food_remaining=12)', '((7, 4), food_remaining=12)', '((13, 3), food_remaining=13)', '((13, 5), food_remaining=11)', '((5, 3), food_remaining=13)', '((8, 5), food_remaining=12)', '((12, 3), food_remaining=12)']","['((11, 3), food_remaining=12)', '((6, 3), food_remaining=13)', '((11, 3), food_remaining=13)', '((10, 3), food_remaining=13)', '((10, 4), food_remaining=12)', '((7, 3), food_remaining=13)', '((8, 3), food_remaining=13)', '((12, 5), food_remaining=12)', '((9, 5), food_remaining=12)', '((11, 5), food_remaining=12)', '((12, 3), food_remaining=13)', '((10, 5), food_remaining=12)', '((9, 3), food_remaining=13)', '((10, 3), food_remaining=12)']",4,51,55
15,"((9, 3), food_remaining=12)","((10, 3), food_remaining=12)",West,"['((10, 3), food_remaining=12)', '((8, 3), food_remaining=12)']","['((9, 3), food_remaining=12)', '((7, 4), food_remaining=12)', '((13, 3), food_remaining=13)', '((13, 5), food_remaining=11)', '((5, 3), food_remaining=13)', '((8, 5), food_remaining=12)', '((12, 3), food_remaining=12)']","['((13, 3), food_remaining=13)', '((7, 4), food_remaining=12)', '((8, 5), food_remaining=12)', '((13, 5), food_remaining=11)', '((5, 3), food_remaining=13)', '((12, 3), food_remaining=12)', '((8, 3), food_remaining=12)']","['((11, 3), food_remaining=12)', '((6, 3), food_remaining=13)', '((11, 3), food_remaining=13)', '((10, 3), food_remaining=13)', '((10, 4), food_remaining=12)', '((7, 3), food_remaining=13)', '((8, 3), food_remaining=13)', '((12, 5), food_remaining=12)', '((9, 5), food_remaining=12)', '((9, 3), food_remaining=12)', '((11, 5), food_remaining=12)', '((12, 3), food_remaining=13)', '((10, 5), food_remaining=12)', '((9, 3), food_remaining=13)', '((10, 3), food_remaining=12)']",4,51,55
16,"((13, 3), food_remaining=13)","((12, 3), food_remaining=13)",East,"['((13, 4), food_remaining=12)', '((14, 3), food_remaining=13)', '((12, 3), food_remaining=13)']","['((13, 3), food_remaining=13)', '((7, 4), food_remaining=12)', '((8, 5), food_remaining=12)', '((13, 5), food_remaining=11)', '((5, 3), food_remaining=13)', '((12, 3), food_remaining=12)', '((8, 3), food_remaining=12)']","['((8, 5), food_remaining=12)', '((7, 4), food_remaining=12)', '((12, 3), food_remaining=12)', '((13, 5), food_remaining=11)', '((5, 3), food_remaining=13)', '((8, 3), food_remaining=12)', '((13, 4), food_remaining=12)', '((14, 3), food_remaining=13)']","['((11, 3), food_remaining=12)', '((6, 3), food_remaining=13)', '((11, 3), food_remaining=13)', '((10, 3), food_remaining=13)', '((10, 4), food_remaining=12)', '((7, 3), food_remaining=13)', '((8, 3), food_remaining=13)', '((12, 5), food_remaining=12)', '((9, 5), food_remaining=12)', '((9, 3), food_remaining=12)', '((13, 3), food_remaining=13)', '((11, 5), food_remaining=12)', '((12, 3), food_remaining=13)', '((10, 5), food_remaining=12)', '((9, 3), food_remaining=13)', '((10, 3), food_remaining=12)']",4,51,55
17,"((8, 5), food_remaining=12)","((9, 5), food_remaining=12)",West,"['((9, 5), food_remaining=12)', '((7, 5), food_remaining=12)']","['((8, 5), food_remaining=12)', '((7, 4), food_remaining=12)', '((12, 3), food_remaining=12)', '((13, 5), food_remaining=11)', '((5, 3), food_remaining=13)', '((8, 3), food_remaining=12)', '((13, 4), food_remaining=12)', '((14, 3), food_remaining=13)']","['((12, 3), food_remaining=12)', '((7, 5), food_remaining=12)', '((8, 3), food_remaining=12)', '((7, 4), food_remaining=12)', '((5, 3), food_remaining=13)', '((14, 3), food_remaining=13)', '((13, 4), food_remaining=12)', '((13, 5), food_remaining=11)']","['((11, 3), food_remaining=12)', '((6, 3), food_remaining=13)', '((11, 3), food_remaining=13)', '((10, 3), food_remaining=13)', '((10, 4), food_remaining=12)', '((7, 3), food_remaining=13)', '((8, 3), food_remaining=13)', '((12, 5), food_remaining=12)', '((9, 5), food_remaining=12)', '((9, 3), food_remaining=12)', '((13, 3), food_remaining=13)', '((8, 5), food_remaining=12)', '((11, 5), food_remaining=12)', '((12, 3), food_remaining=13)', '((10, 5), food_remaining=12)', '((9, 3), food_remaining=13)', '((10, 3), food_remaining=12)']",5,50,55
18,"((12, 3), food_remaining=12)","((11, 3), food_remaining=12)",East,"['((13, 3), food_remaining=12)', '((11, 3), food_remaining=12)']","['((12, 3), food_remaining=12)', '((7, 5), food_remaining=12)', '((8, 3), food_remaining=12)', '((7, 4), food_remaining=12)', '((5, 3), food_remaining=13)', '((14, 3), food_remaining=13)', '((13, 4), food_remaining=12)', '((13, 5), food_remaining=11)']","['((8, 3), food_remaining=12)', '((7, 5), food_remaining=12)', '((13, 5), food_remaining=11)', '((13, 3), food_remaining=12)', '((5, 3), food_remaining=13)', '((14, 3), food_remaining=13)', '((13, 4), food_remaining=12)', '((7, 4), food_remaining=12)']","['((11, 3), food_remaining=12)', '((6, 3), food_remaining=13)', '((11, 3), food_remaining=13)', '((12, 3), food_remaining=12)', '((10, 3), food_remaining=13)', '((10, 4), food_remaining=12)', '((7, 3), food_remaining=13)', '((8, 3), food_remaining=13)', '((12, 5), food_remaining=12)', '((9, 5), food_remaining=12)', '((9, 3), food_remaining=12)', '((13, 3), food_remaining=13)', '((8, 5), food_remaining=12)', '((11, 5), food_remaining=12)', '((12, 3), food_remaining=13)', '((10, 5), food_remaining=12)', '((9, 3), food_remaining=13)', '((10, 3), food_remaining=12)']",5,50,55
19,"((8, 3), food_remaining=12)","((9, 3), food_remaining=12)",West,"['((9, 3), food_remaining=12)', '((7, 3), food_remaining=12)']","['((8, 3), food_remaining=12)', '((7, 5), food_remaining=12)', '((13, 5), food_remaining=11)', '((13, 3), food_remaining=12)', '((5, 3), food_remaining=13)', '((14, 3), food_remaining=13)', '((13, 4), food_remaining=12)', '((7, 4), food_remaining=12)']","['((7, 5), food_remaining=12)', '((13, 3), food_remaining=12)', '((13, 5), food_remaining=11)', '((7, 3), food_remaining=12)', '((5, 3), food_remaining=13)', '((14, 3), food_remaining=13)', '((13, 4), food_remaining=12)', '((7, 4), food_remaining=12)']","['((8, 3), food_remaining=12)', '((10, 4), food_remaining=12)', '((9, 5), food_remaining=12)', '((8, 5), food_remaining=12)', '((10, 5), food_remaining=12)', '((9, 3), food_remaining=13)', '((11, 3), food_remaining=13)', '((9, 3), food_remaining=12)', '((12, 3), food_remaining=13)', '((11, 3), food_remaining=12)', '((6, 3), food_remaining=13)', '((12, 3), food_remaining=12)', '((10, 3), food_remaining=13)', '((12, 5), food_remaining=12)', '((10, 3), food_remaining=12)', '((7, 3), food_remaining=13)', '((8, 3), food_remaining=13)', '((13, 3), food_remaining=13)', '((11, 5), food_remaining=12)']",5,50,55
20,"((7, 5), food_remaining=12)","((8, 5), food_remaining=12)",West,"['((7, 4), food_remaining=11)', '((8, 5), food_remaining=12)', '((6, 5), food_remaining=12)']","['((7, 5), food_remaining=12)', '((13, 3), food_remaining=12)', '((13, 5), food_remaining=11)', '((7, 3), food_remaining=12)', '((5, 3), food_remaining=13)', '((14, 3), food_remaining=13)', '((13, 4), food_remaining=12)', '((7, 4), food_remaining=12)']","['((13, 3), food_remaining=12)', '((7, 3), food_remaining=12)', '((13, 5), food_remaining=11)', '((7, 4), food_remaining=12)', '((5, 3), food_remaining=13)', '((14, 3), food_remaining=13)', '((13, 4), food_remaining=12)', '((7, 4), food_remaining=11)', '((6, 5), food_remaining=12)']","['((8, 3), food_remaining=12)', '((10, 4), food_remaining=12)', '((9, 5), food_remaining=12)', '((8, 5), food_remaining=12)', '((10, 5), food_remaining=12)', '((9, 3), food_remaining=13)', '((11, 3), food_remaining=13)', '((9, 3), food_remaining=12)', '((12, 3), food_remaining=13)', '((11, 3), food_remaining=12)', '((6, 3), food_remaining=13)', '((12, 3), food_remaining=12)', '((10, 3), food_remaining=13)', '((12, 5), food_remaining=12)', '((7, 5), food_remaining=12)', '((10, 3), food_remaining=12)', '((7, 3), food_remaining=13)', '((8, 3), food_remaining=13)', '((13, 3), food_remaining=13)', '((11, 5), food_remaining=12)']",6,49,55
21,"((13, 3), food_remaining=12)","((12, 3), food_remaining=12)",East,"['((13, 4), food_remaining=11)', '((14, 3), food_remaining=12)', '((12, 3), food_remaining=12)']","['((13, 3), food_remaining=12)', '((7, 3), food_remaining=12)', '((13, 5), food_remaining=11)', '((7, 4), food_remaining=12)', '((5, 3), food_remaining=13)', '((14, 3), food_remaining=13)', '((13, 4), food_remaining=12)', '((7, 4), food_remaining=11)', '((6, 5), food_remaining=12)']","['((7, 3), food_remaining=12)', '((7, 4), food_remaining=12)', '((13, 5), food_remaining=11)', '((13, 4), food_remaining=11)', '((5, 3), food_remaining=13)', '((14, 3), food_remaining=13)', '((13, 4), food_remaining=12)', '((7, 4), food_remaining=11)', '((6, 5), food_remaining=12)', '((14, 3), food_remaining=12)']","['((8, 3), food_remaining=12)', '((13, 3), food_remaining=12)', '((10, 4), food_remaining=12)', '((9, 5), food_remaining=12)', '((8, 5), food_remaining=12)', '((10, 5), food_remaining=12)', '((9, 3), food_remaining=13)', '((11, 3), food_remaining=13)', '((9, 3), food_remaining=12)', '((12, 3), food_remaining=13)', '((11, 3), food_remaining=12)', '((6, 3), food_remaining=13)', '((12, 3), food_remaining=12)', '((10, 3), food_remaining=13)', '((12, 5), food_remaining=12)', '((7, 5), food_remaining=12)', '((10, 3), food_remaining=12)', '((7, 3), food_remaining=13)', '((8, 3), food_remaining=13)', '((13, 3), food_remaining=13)', '((11, 5), food_remaining=12)']",6,49,55
22,"((7, 3), food_remaining=12)","((8, 3), food_remaining=12)",West,"['((7, 4), food_remaining=11)', '((8, 3), food_remaining=12)', '((6, 3), food_remaining=12)']","['((7, 3), food_remaining=12)', '((7, 4), food_remaining=12)', '((13, 5), food_remaining=11)', '((13, 4), food_remaining=11)', '((5, 3), food_remaining=13)', '((14, 3), food_remaining=13)', '((13, 4), food_remaining=12)', '((7, 4), food_remaining=11)', '((6, 5), food_remaining=12)', '((14, 3), food_remaining=12)']","['((7, 4), food_remaining=12)', '((5, 3), food_remaining=13)', '((13, 5), food_remaining=11)', '((13, 4), food_remaining=11)', '((14, 3), food_remaining=12)', '((14, 3), food_remaining=13)', '((13, 4), food_remaining=12)', '((7, 4), food_remaining=11)', '((6, 5), food_remaining=12)', '((6, 3), food_remaining=12)']","['((7, 3), food_remaining=12)', '((8, 3), food_remaining=12)', '((13, 3), food_remaining=12)', '((10, 4), food_remaining=12)', '((9, 5), food_remaining=12)', '((8, 5), food_remaining=12)', '((10, 5), food_remaining=12)', '((9, 3), food_remaining=13)', '((11, 3), food_remaining=13)', '((9, 3), food_remaining=12)', '((12, 3), food_remaining=13)', '((11, 3), food_remaining=12)', '((6, 3), food_remaining=13)', '((12, 3), food_remaining=12)', '((10, 3), food_remaining=13)', '((12, 5), food_remaining=12)', '((7, 5), food_remaining=12)', '((10, 3), food_remaining=12)', '((7, 3), food_remaining=13)', '((8, 3), food_remaining=13)', '((13, 3), food_remaining=13)', '((11, 5), food_remaining=12)']",6,49,55
23,"((7, 4), food_remaining=12)","((7, 3), food_remaining=13)",North,"['((7, 5), food_remaining=12)', '((7, 3), food_remaining=12)']","['((7, 4), food_remaining=12)', '((5, 3), food_remaining=13)', '((13, 5), food_remaining=11)', '((13, 4), food_remaining=11)', '((14, 3), food_remaining=12)', '((14, 3), food_remaining=13)', '((13, 4), food_remaining=12)', '((7, 4), food_remaining=11)', '((6, 5), food_remaining=12)', '((6, 3), food_remaining=12)']","['((13, 5), food_remaining=11)', '((5, 3), food_remaining=13)', '((13, 4), food_remaining=12)', '((13, 4), food_remaining=11)', '((7, 5), food_remaining=12)', '((14, 3), food_remaining=13)', '((6, 3), food_remaining=12)', '((7, 4), food_remaining=11)', '((6, 5), food_remaining=12)', '((14, 3), food_remaining=12)', '((7, 3), food_remaining=12)']","['((7, 3), food_remaining=12)', '((8, 3), food_remaining=12)', '((13, 3), food_remaining=12)', '((10, 4), food_remaining=12)', '((9, 5), food_remaining=12)', '((8, 5), food_remaining=12)', '((10, 5), food_remaining=12)', '((9, 3), food_remaining=13)', '((7, 4), food_remaining=12)', '((11, 3), food_remaining=13)', '((9, 3), food_remaining=12)', '((12, 3), food_remaining=13)', '((11, 3), food_remaining=12)', '((6, 3), food_remaining=13)', '((12, 3), food_remaining=12)', '((10, 3), food_remaining=13)', '((12, 5), food_remaining=12)', '((7, 5), food_remaining=12)', '((10, 3), food_remaining=12)', '((7, 3), food_remaining=13)', '((8, 3), food_remaining=13)', '((13, 3), food_remaining=13)', '((11, 5), food_remaining=12)']",3,53,56
24,"((13, 5), food_remaining=11)","((12, 5), food_remaining=12)",East,"['((13, 4), food_remaining=10)', '((14, 5), food_remaining=10)', '((12, 5), food_remaining=11)']","['((13, 5), food_remaining=11)', '((5, 3), food_remaining=13)', '((13, 4), food_remaining=12)', '((13, 4), food_remaining=11)', '((7, 5), food_remaining=12)', '((14, 3), food_remaining=13)', '((6, 3), food_remaining=12)', '((7, 4), food_remaining=11)', '((6, 5), food_remaining=12)', '((14, 3), food_remaining=12)', '((7, 3), food_remaining=12)']","['((5, 3), food_remaining=13)', '((13, 4), food_remaining=11)', '((13, 4), food_remaining=12)', '((7, 3), food_remaining=12)', '((7, 5), food_remaining=12)', '((14, 5), food_remaining=10)', '((6, 3), food_remaining=12)', '((7, 4), food_remaining=11)', '((6, 5), food_remaining=12)', '((14, 3), food_remaining=12)', '((13, 4), food_remaining=10)', '((14, 3), food_remaining=13)', '((12, 5), food_remaining=11)']","['((7, 3), food_remaining=12)', '((8, 3), food_remaining=12)', '((13, 3), food_remaining=12)', '((10, 4), food_remaining=12)', '((9, 5), food_remaining=12)', '((8, 5), food_remaining=12)', '((10, 5), food_remaining=12)', '((9, 3), food_remaining=13)', '((7, 4), food_remaining=12)', '((11, 3), food_remaining=13)', '((9, 3), food_remaining=12)', '((12, 3), food_remaining=13)', '((11, 3), food_remaining=12)', '((6, 3), food_remaining=13)', '((12, 3), food_remaining=12)', '((10, 3), food_remaining=13)', '((12, 5), food_remaining=12)', '((7, 5), food_remaining=12)', '((10, 3), food_remaining=12)', '((13, 5), food_remaining=11)', '((7, 3), food_remaining=13)', '((8, 3), food_remaining=13)', '((13, 3), food_remaining=13)', '((11, 5), food_remaining=12)']",6,50,56
25,"((5, 3), food_remaining=13)","((6, 3), food_remaining=13)",West,"['((6, 3), food_remaining=13)', '((4, 3), food_remaining=13)']","['((5, 3), food_remaining=13)', '((13, 4), food_remaining=11)', '((13, 4), food_remaining=12)', '((7, 3), food_remaining=12)', '((7, 5), food_remaining=12)', '((14, 5), food_remaining=10)', '((6, 3), food_remaining=12)', '((7, 4), food_remaining=11)', '((6, 5), food_remaining=12)', '((14, 3), food_remaining=12)', '((13, 4), food_remaining=10)', '((14, 3), food_remaining=13)', '((12, 5), food_remaining=11)']","['((13, 4), food_remaining=12)', '((13, 4), food_remaining=11)', '((14, 5), food_remaining=10)', '((7, 3), food_remaining=12)', '((7, 5), food_remaining=12)', '((4, 3), food_remaining=13)', '((6, 3), food_remaining=12)', '((7, 4), food_remaining=11)', '((6, 5), food_remaining=12)', '((14, 3), food_remaining=12)', '((13, 4), food_remaining=10)', '((12, 5), food_remaining=11)', '((14, 3), food_remaining=13)']","['((7, 3), food_remaining=12)', '((8, 3), food_remaining=12)', '((13, 3), food_remaining=12)', '((10, 4), food_remaining=12)', '((9, 5), food_remaining=12)', '((8, 5), food_remaining=12)', '((10, 5), food_remaining=12)', '((9, 3), food_remaining=13)', '((7, 4), food_remaining=12)', '((11, 3), food_remaining=13)', '((9, 3), food_remaining=12)', '((12, 3), food_remaining=13)', '((11, 3), food_remaining=12)', '((6, 3), food_remaining=13)', '((12, 3), food_remaining=12)', '((10, 3), food_remaining=13)', '((5, 3), food_remaining=13)', '((12, 5), food_remaining=12)', '((7, 5), food_remaining=12)', '((10, 3), food_remaining=12)', '((13, 5), food_remaining=11)', '((7, 3), food_remaining=13)', '((8, 3), food_remaining=13)', '((13, 3), food_remaining=13)', '((11, 5), food_remaining=12)']",4,52,56
26,"((13, 4), food_remaining=12)","((13, 3), food_remaining=13)",North,"['((13, 5), food_remaining=11)', '((13, 3), food_remaining=12)']","['((13, 4), food_remaining=12)', '((13, 4), food_remaining=11)', '((14, 5), food_remaining=10)', '((7, 3), food_remaining=12)', '((7, 5), food_remaining=12)', '((4, 3), food_remaining=13)', '((6, 3), food_remaining=12)', '((7, 4), food_remaining=11)', '((6, 5), food_remaining=12)', '((14, 3), food_remaining=12)', '((13, 4), food_remaining=10)', '((12, 5), food_remaining=11)', '((14, 3), food_remaining=13)']","['((13, 4), food_remaining=11)', '((7, 5), food_remaining=12)', '((14, 5), food_remaining=10)', '((7, 3), food_remaining=12)', '((14, 3), food_remaining=13)', '((4, 3), food_remaining=13)', '((6, 3), food_remaining=12)', '((7, 4), food_remaining=11)', '((6, 5), food_remaining=12)', '((14, 3), food_remaining=12)', '((13, 4), food_remaining=10)', '((12, 5), food_remaining=11)', '((13, 5), food_remaining=11)', '((13, 3), food_remaining=12)']","['((7, 3), food_remaining=12)', '((8, 3), food_remaining=12)', '((13, 3), food_remaining=12)', '((10, 4), food_remaining=12)', '((9, 5), food_remaining=12)', '((8, 5), food_remaining=12)', '((10, 5), food_remaining=12)', '((9, 3), food_remaining=13)', '((7, 4), food_remaining=12)', '((11, 3), food_remaining=13)', '((9, 3), food_remaining=12)', '((12, 3), food_remaining=13)', '((11, 3), food_remaining=12)', '((6, 3), food_remaining=13)', '((12, 3), food_remaining=12)', '((10, 3), food_remaining=13)', '((5, 3), food_remaining=13)', '((12, 5), food_remaining=12)', '((7, 5), food_remaining=12)', '((10, 3), food_remaining=12)', '((13, 4), food_remaining=12)', '((13, 5), food_remaining=11)', '((7, 3), food_remaining=13)', '((8, 3), food_remaining=13)', '((13, 3), food_remaining=13)', '((11, 5), food_remaining=12)']",5,51,56
27,"((13, 4), food_remaining=11)","((13, 3), food_remaining=12)",North,"['((13, 5), food_remaining=10)', '((13, 3), food_remaining=11)']","['((13, 4), food_remaining=11)', '((7, 5), food_remaining=12)', '((14, 5), food_remaining=10)', '((7, 3), food_remaining=12)', '((14, 3), food_remaining=13)', '((4, 3), food_remaining=13)', '((6, 3), food_remaining=12)', '((7, 4), food_remaining=11)', '((6, 5), food_remaining=12)', '((14, 3), food_remaining=12)', '((13, 4), food_remaining=10)', '((12, 5), food_remaining=11)', '((13, 5), food_remaining=11)', '((13, 3), food_remaining=12)']","['((7, 5), food_remaining=12)', '((7, 3), food_remaining=12)', '((14, 5), food_remaining=10)', '((6, 5), food_remaining=12)', '((14, 3), food_remaining=13)', '((4, 3), food_remaining=13)', '((6, 3), food_remaining=12)', '((7, 4), food_remaining=11)', '((13, 3), food_remaining=12)', '((14, 3), food_remaining=12)', '((13, 4), food_remaining=10)', '((12, 5), food_remaining=11)', '((13, 5), food_remaining=11)', '((13, 5), food_remaining=10)', '((13, 3), food_remaining=11)']","['((7, 3), food_remaining=12)', '((8, 3), food_remaining=12)', '((13, 3), food_remaining=12)', '((10, 4), food_remaining=12)', '((9, 5), food_remaining=12)', '((8, 5), food_remaining=12)', '((10, 5), food_remaining=12)', '((9, 3), food_remaining=13)', '((7, 4), food_remaining=12)', '((11, 3), food_remaining=13)', '((9, 3), food_remaining=12)', '((12, 3), food_remaining=13)', '((11, 3), food_remaining=12)', '((6, 3), food_remaining=13)', '((12, 3), food_remaining=12)', '((10, 3), food_remaining=13)', '((5, 3), food_remaining=13)', '((12, 5), food_remaining=12)', '((7, 5), food_remaining=12)', '((10, 3), food_remaining=12)', '((13, 4), food_remaining=12)', '((13, 5), food_remaining=11)', '((7, 3), food_remaining=13)', '((8, 3), food_remaining=13)', '((13, 3), food_remaining=13)', '((13, 4), food_remaining=11)', '((11, 5), food_remaining=12)']",7,49,56
28,"((7, 5), food_remaining=12)","((7, 4), food_remaining=12)",North,"['((7, 4), food_remaining=12)', '((8, 5), food_remaining=12)', '((6, 5), food_remaining=12)']","['((7, 5), food_remaining=12)', '((7, 3), food_remaining=12)', '((14, 5), food_remaining=10)', '((6, 5), food_remaining=12)', '((14, 3), food_remaining=13)', '((4, 3), food_remaining=13)', '((6, 3), food_remaining=12)', '((7, 4), food_remaining=11)', '((13, 3), food_remaining=12)', '((14, 3), food_remaining=12)', '((13, 4), food_remaining=10)', '((12, 5), food_remaining=11)', '((13, 5), food_remaining=11)', '((13, 5), food_remaining=10)', '((13, 3), food_remaining=11)']","['((7, 3), food_remaining=12)', '((6, 5), food_remaining=12)', '((14, 5), food_remaining=10)', '((14, 3), food_remaining=13)', '((14, 3), food_remaining=12)', '((4, 3), food_remaining=13)', '((8, 5), food_remaining=12)', '((6, 5), food_remaining=12)', '((13, 3), food_remaining=12)', '((13, 3), food_remaining=11)', '((13, 4), food_remaining=10)', '((12, 5), food_remaining=11)', '((13, 5), food_remaining=11)', '((13, 5), food_remaining=10)', '((6, 3), food_remaining=12)', '((7, 4), food_remaining=11)']","['((7, 3), food_remaining=12)', '((8, 3), food_remaining=12)', '((13, 3), food_remaining=12)', '((10, 4), food_remaining=12)', '((9, 5), food_remaining=12)', '((8, 5), food_remaining=12)', '((10, 5), food_remaining=12)', '((9, 3), food_remaining=13)', '((7, 4), food_remaining=12)', '((11, 3), food_remaining=13)', '((9, 3), food_remaining=12)', '((12, 3), food_remaining=13)', '((11, 3), food_remaining=12)', '((7, 5), food_remaining=12)', '((6, 3), food_remaining=13)', '((12, 3), food_remaining=12)', '((10, 3), food_remaining=13)', '((5, 3), food_remaining=13)', '((12, 5), food_remaining=12)', '((7, 5), food_remaining=12)', '((10, 3), food_remaining=12)', '((13, 4), food_remaining=12)', '((13, 5), food_remaining=11)', '((7, 3), food_remaining=13)', '((8, 3), food_remaining=13)', '((13, 3), food_remaining=13)', '((13, 4), food_remaining=11)', '((11, 5), food_remaining=12)']",4,52,56
29,"((7, 3), food_remaining=12)","((7, 4), food_remaining=12)",South,"['((7, 4), food_remaining=12)', '((8, 3), food_remaining=12)', '((6, 3), food_remaining=12)']","['((7, 3), food_remaining=12)', '((6, 5), food_remaining=12)', '((14, 5), food_remaining=10)', '((14, 3), food_remaining=13)', '((14, 3), food_remaining=12)', '((4, 3), food_remaining=13)', '((8, 5), food_remaining=12)', '((6, 5), food_remaining=12)', '((13, 3), food_remaining=12)', '((13, 3), food_remaining=11)', '((13, 4), food_remaining=10)', '((12, 5), food_remaining=11)', '((13, 5), food_remaining=11)', '((13, 5), food_remaining=10)', '((6, 3), food_remaining=12)', '((7, 4), food_remaining=11)']","['((14, 5), food_remaining=10)', '((6, 5), food_remaining=12)', '((4, 3), food_remaining=13)', '((8, 3), food_remaining=12)', '((14, 3), food_remaining=12)', '((7, 4), food_remaining=11)', '((8, 5), food_remaining=12)', '((6, 3), food_remaining=12)', '((13, 3), food_remaining=12)', '((13, 3), food_remaining=11)', '((13, 4), food_remaining=10)', '((12, 5), food_remaining=11)', '((13, 5), food_remaining=11)', '((13, 5), food_remaining=10)', '((6, 3), food_remaining=12)', '((6, 5), food_remaining=12)', '((14, 3), food_remaining=13)']","['((7, 3), food_remaining=12)', '((8, 3), food_remaining=12)', '((13, 3), food_remaining=12)', '((10, 4), food_remaining=12)', '((9, 5), food_remaining=12)', '((8, 5), food_remaining=12)', '((10, 5), food_remaining=12)', '((9, 3), food_remaining=13)', '((7, 4), food_remaining=12)', '((11, 3), food_remaining=13)', '((9, 3), food_remaining=12)', '((12, 3), food_remaining=13)', '((11, 3), food_remaining=12)', '((7, 5), food_remaining=12)', '((6, 3), food_remaining=13)', '((12, 3), food_remaining=12)', '((10, 3), food_remaining=13)', '((5, 3), food_remaining=13)', '((12, 5), food_remaining=12)', '((7, 5), food_remaining=12)', '((10, 3), food_remaining=12)', '((13, 4), food_remaining=12)', '((13, 5), food_remaining=11)', '((7, 3), food_remaining=13)', '((8, 3), food_remaining=13)', '((13, 3), food_remaining=13)', '((7, 3), food_remaining=12)', '((13, 4), food_remaining=11)', '((11, 5), food_remaining=12)']",4,52,56
30,"((14, 5), food_remaining=10)","((13, 5), food_remaining=11)",East,"['((13, 5), food_remaining=10)']","['((14, 5), food_remaining=10)', '((6, 5), food_remaining=12)', '((4, 3), food_remaining=13)', '((8, 3), food_remaining=12)', '((14, 3), food_remaining=12)', '((7, 4), food_remaining=11)', '((8, 5), food_remaining=12)', '((6, 3), food_remaining=12)', '((13, 3), food_remaining=12)', '((13, 3), food_remaining=11)', '((13, 4), food_remaining=10)', '((12, 5), food_remaining=11)', '((13, 5), food_remaining=11)', '((13, 5), food_remaining=10)', '((6, 3), food_remaining=12)', '((6, 5), food_remaining=12)', '((14, 3), food_remaining=13)']","['((4, 3), food_remaining=13)', '((6, 5), food_remaining=12)', '((8, 5), food_remaining=12)', '((8, 3), food_remaining=12)', '((14, 3), food_remaining=12)', '((7, 4), food_remaining=11)', '((14, 3), food_remaining=13)', '((6, 3), food_remaining=12)', '((13, 3), food_remaining=12)', '((13, 3), food_remaining=11)', '((13, 4), food_remaining=10)', '((12, 5), food_remaining=11)', '((13, 5), food_remaining=11)', '((13, 5), food_remaining=10)', '((6, 3), food_remaining=12)', '((6, 5), food_remaining=12)', '((13, 5), food_remaining=10)']","['((7, 3), food_remaining=12)', '((8, 3), food_remaining=12)', '((13, 3), food_remaining=12)', '((10, 4), food_remaining=12)', '((9, 5), food_remaining=12)', '((8, 5), food_remaining=12)', '((10, 5), food_remaining=12)', '((9, 3), food_remaining=13)', '((7, 4), food_remaining=12)', '((11, 3), food_remaining=13)', '((14, 5), food_remaining=10)', '((9, 3), food_remaining=12)', '((12, 3), food_remaining=13)', '((11, 3), food_remaining=12)', '((7, 5), food_remaining=12)', '((6, 3), food_remaining=13)', '((12, 3), food_remaining=12)', '((10, 3), food_remaining=13)', '((5, 3), food_remaining=13)', '((12, 5), food_remaining=12)', '((7, 5), food_remaining=12)', '((10, 3), food_remaining=12)', '((13, 4), food_remaining=12)', '((13, 5), food_remaining=11)', '((7, 3), food_remaining=13)', '((8, 3), food_remaining=13)', '((13, 3), food_remaining=13)', '((7, 3), food_remaining=12)', '((13, 4), food_remaining=11)', '((11, 5), food_remaining=12)']",7,49,56
31,"((4, 3), food_remaining=13)","((5, 3), food_remaining=13)",West,"['((4, 4), food_remaining=12)', '((5, 3), food_remaining=13)', '((3, 3), food_remaining=13)']","['((4, 3), food_remaining=13)', '((6, 5), food_remaining=12)', '((8, 5), food_remaining=12)', '((8, 3), food_remaining=12)', '((14, 3), food_remaining=12)', '((7, 4), food_remaining=11)', '((14, 3), food_remaining=13)', '((6, 3), food_remaining=12)', '((13, 3), food_remaining=12)', '((13, 3), food_remaining=11)', '((13, 4), food_remaining=10)', '((12, 5), food_remaining=11)', '((13, 5), food_remaining=11)', '((13, 5), food_remaining=10)', '((6, 3), food_remaining=12)', '((6, 5), food_remaining=12)', '((13, 5), food_remaining=10)']","['((8, 5), food_remaining=12)', '((6, 5), food_remaining=12)', '((13, 5), food_remaining=10)', '((8, 3), food_remaining=12)', '((14, 3), food_remaining=12)', '((7, 4), food_remaining=11)', '((14, 3), food_remaining=13)', '((6, 3), food_remaining=12)', '((13, 3), food_remaining=12)', '((13, 3), food_remaining=11)', '((13, 4), food_remaining=10)', '((12, 5), food_remaining=11)', '((13, 5), food_remaining=11)', '((13, 5), food_remaining=10)', '((6, 3), food_remaining=12)', '((6, 5), food_remaining=12)', '((4, 4), food_remaining=12)', '((3, 3), food_remaining=13)']","['((7, 3), food_remaining=12)', '((8, 3), food_remaining=12)', '((13, 3), food_remaining=12)', '((10, 4), food_remaining=12)', '((9, 5), food_remaining=12)', '((8, 5), food_remaining=12)', '((10, 5), food_remaining=12)', '((9, 3), food_remaining=13)', '((7, 4), food_remaining=12)', '((11, 3), food_remaining=13)', '((14, 5), food_remaining=10)', '((4, 3), food_remaining=13)', '((9, 3), food_remaining=12)', '((12, 3), food_remaining=13)', '((11, 3), food_remaining=12)', '((7, 5), food_remaining=12)', '((6, 3), food_remaining=13)', '((12, 3), food_remaining=12)', '((10, 3), food_remaining=13)', '((5, 3), food_remaining=13)', '((12, 5), food_remaining=12)', '((7, 5), food_remaining=12)', '((10, 3), food_remaining=12)', '((13, 4), food_remaining=12)', '((13, 5), food_remaining=11)', '((7, 3), food_remaining=13)', '((8, 3), food_remaining=13)', '((13, 3), food_remaining=13)', '((7, 3), food_remaining=12)', '((13, 4), food_remaining=11)', '((11, 5), food_remaining=12)']",5,51,56
32,"((8, 5), food_remaining=12)","((7, 5), food_remaining=12)",East,"['((9, 5), food_remaining=12)', '((7, 5), food_remaining=12)']","['((8, 5), food_remaining=12)', '((6, 5), food_remaining=12)', '((13, 5), food_remaining=10)', '((8, 3), food_remaining=12)', '((14, 3), food_remaining=12)', '((7, 4), food_remaining=11)', '((14, 3), food_remaining=13)', '((6, 3), food_remaining=12)', '((13, 3), food_remaining=12)', '((13, 3), food_remaining=11)', '((13, 4), food_remaining=10)', '((12, 5), food_remaining=11)', '((13, 5), food_remaining=11)', '((13, 5), food_remaining=10)', '((6, 3), food_remaining=12)', '((6, 5), food_remaining=12)', '((4, 4), food_remaining=12)', '((3, 3), food_remaining=13)']","['((6, 5), food_remaining=12)', '((8, 3), food_remaining=12)', '((13, 5), food_remaining=10)', '((6, 3), food_remaining=12)', '((14, 3), food_remaining=12)', '((7, 4), food_remaining=11)', '((14, 3), food_remaining=13)', '((6, 5), food_remaining=12)', '((9, 5), food_remaining=12)', '((13, 3), food_remaining=11)', '((13, 4), food_remaining=10)', '((12, 5), food_remaining=11)', '((13, 5), food_remaining=11)', '((13, 5), food_remaining=10)', '((6, 3), food_remaining=12)', '((3, 3), food_remaining=13)', '((4, 4), food_remaining=12)', '((13, 3), food_remaining=12)']","['((7, 3), food_remaining=12)', '((8, 3), food_remaining=12)', '((13, 3), food_remaining=12)', '((10, 4), food_remaining=12)', '((9, 5), food_remaining=12)', '((8, 5), food_remaining=12)', '((10, 5), food_remaining=12)', '((9, 3), food_remaining=13)', '((7, 4), food_remaining=12)', '((11, 3), food_remaining=13)', '((14, 5), food_remaining=10)', '((4, 3), food_remaining=13)', '((9, 3), food_remaining=12)', '((12, 3), food_remaining=13)', '((11, 3), food_remaining=12)', '((7, 5), food_remaining=12)', '((6, 3), food_remaining=13)', '((12, 3), food_remaining=12)', '((10, 3), food_remaining=13)', '((5, 3), food_remaining=13)', '((12, 5), food_remaining=12)', '((7, 5), food_remaining=12)', '((10, 3), food_remaining=12)', '((13, 4), food_remaining=12)', '((13, 5), food_remaining=11)', '((7, 3), food_remaining=13)', '((8, 3), food_remaining=13)', '((13, 3), food_remaining=13)', '((7, 3), food_remaining=12)', '((13, 4), food_remaining=11)', '((11, 5), food_remaining=12)', '((8, 5), food_remaining=12)']",5,51,56
33,"((6, 5), food_remaining=12)","((7, 5), food_remaining=12)",West,"['((7, 5), food_remaining=12)', '((5, 5), food_remaining=12)']","['((6, 5), food_remaining=12)', '((8, 3), food_remaining=12)', '((13, 5), food_remaining=10)', '((6, 3), food_remaining=12)', '((14, 3), food_remaining=12)', '((7, 4), food_remaining=11)', '((14, 3), food_remaining=13)', '((6, 5), food_remaining=12)', '((9, 5), food_remaining=12)', '((13, 3), food_remaining=11)', '((13, 4), food_remaining=10)', '((12, 5), food_remaining=11)', '((13, 5), food_remaining=11)', '((13, 5), food_remaining=10)', '((6, 3), food_remaining=12)', '((3, 3), food_remaining=13)', '((4, 4), food_remaining=12)', '((13, 3), food_remaining=12)']","['((8, 3), food_remaining=12)', '((6, 3), food_remaining=12)', '((13, 5), food_remaining=10)', '((9, 5), food_remaining=12)', '((14, 3), food_remaining=12)', '((7, 4), food_remaining=11)', '((14, 3), food_remaining=13)', '((6, 5), food_remaining=12)', '((5, 5), food_remaining=12)', '((13, 3), food_remaining=11)', '((13, 4), food_remaining=10)', '((12, 5), food_remaining=11)', '((13, 5), food_remaining=11)', '((13, 5), food_remaining=10)', '((6, 3), food_remaining=12)', '((3, 3), food_remaining=13)', '((4, 4), food_remaining=12)', '((13, 3), food_remaining=12)']","['((7, 3), food_remaining=12)', '((8, 3), food_remaining=12)', '((13, 3), food_remaining=12)', '((10, 4), food_remaining=12)', '((9, 5), food_remaining=12)', '((8, 5), food_remaining=12)', '((10, 5), food_remaining=12)', '((9, 3), food_remaining=13)', '((7, 4), food_remaining=12)', '((11, 3), food_remaining=13)', '((14, 5), food_remaining=10)', '((4, 3), food_remaining=13)', '((9, 3), food_remaining=12)', '((12, 3), food_remaining=13)', '((11, 3), food_remaining=12)', '((7, 5), food_remaining=12)', '((6, 3), food_remaining=13)', '((12, 3), food_remaining=12)', '((10, 3), food_remaining=13)', '((5, 3), food_remaining=13)', '((12, 5), food_remaining=12)', '((7, 5), food_remaining=12)', '((10, 3), food_remaining=12)', '((13, 4), food_remaining=12)', '((6, 5), food_remaining=12)', '((13, 5), food_remaining=11)', '((7, 3), food_remaining=13)', '((8, 3), food_remaining=13)', '((13, 3), food_remaining=13)', '((7, 3), food_remaining=12)', '((13, 4), food_remaining=11)', '((11, 5), food_remaining=12)', '((8, 5), food_remaining=12)']",5,51,56
34,"((8, 3), food_remaining=12)","((7, 3), food_remaining=12)",East,"['((9, 3), food_remaining=12)', '((7, 3), food_remaining=12)']","['((8, 3), food_remaining=12)', '((6, 3), food_remaining=12)', '((13, 5), food_remaining=10)', '((9, 5), food_remaining=12)', '((14, 3), food_remaining=12)', '((7, 4), food_remaining=11)', '((14, 3), food_remaining=13)', '((6, 5), food_remaining=12)', '((5, 5), food_remaining=12)', '((13, 3), food_remaining=11)', '((13, 4), food_remaining=10)', '((12, 5), food_remaining=11)', '((13, 5), food_remaining=11)', '((13, 5), food_remaining=10)', '((6, 3), food_remaining=12)', '((3, 3), food_remaining=13)', '((4, 4), food_remaining=12)', '((13, 3), food_remaining=12)']","['((6, 3), food_remaining=12)', '((9, 5), food_remaining=12)', '((13, 5), food_remaining=10)', '((5, 5), food_remaining=12)', '((14, 3), food_remaining=12)', '((7, 4), food_remaining=11)', '((14, 3), food_remaining=13)', '((6, 5), food_remaining=12)', '((9, 3), food_remaining=12)', '((13, 3), food_remaining=11)', '((13, 4), food_remaining=10)', '((12, 5), food_remaining=11)', '((13, 5), food_remaining=11)', '((13, 5), food_remaining=10)', '((6, 3), food_remaining=12)', '((3, 3), food_remaining=13)', '((4, 4), food_remaining=12)', '((13, 3), food_remaining=12)']","['((7, 3), food_remaining=12)', '((8, 3), food_remaining=12)', '((13, 3), food_remaining=12)', '((10, 4), food_remaining=12)', '((9, 5), food_remaining=12)', '((8, 5), food_remaining=12)', '((10, 5), food_remaining=12)', '((9, 3), food_remaining=13)', '((7, 4), food_remaining=12)', '((11, 3), food_remaining=13)', '((14, 5), food_remaining=10)', '((4, 3), food_remaining=13)', '((9, 3), food_remaining=12)', '((12, 3), food_remaining=13)', '((11, 3), food_remaining=12)', '((7, 5), food_remaining=12)', '((6, 3), food_remaining=13)', '((12, 3), food_remaining=12)', '((10, 3), food_remaining=13)', '((5, 3), food_remaining=13)', '((12, 5), food_remaining=12)', '((7, 5), food_remaining=12)', '((10, 3), food_remaining=12)', '((13, 4), food_remaining=12)', '((6, 5), food_remaining=12)', '((13, 5), food_remaining=11)', '((7, 3), food_remaining=13)', '((8, 3), food_remaining=13)', '((13, 3), food_remaining=13)', '((7, 3), food_remaining=12)', '((13, 4), food_remaining=11)', '((8, 3), food_remaining=12)', '((11, 5), food_remaining=12)', '((8, 5), food_remaining=12)']",5,51,56
35,"((6, 3), food_remaining=12)","((7, 3), food_remaining=12)",West,"['((7, 3), food_remaining=12)', '((5, 3), food_remaining=12)']","['((6, 3), food_remaining=12)', '((9, 5), food_remaining=12)', '((13, 5), food_remaining=10)', '((5, 5), food_remaining=12)', '((14, 3), food_remaining=12)', '((7, 4), food_remaining=11)', '((14, 3), food_remaining=13)', '((6, 5), food_remaining=12)', '((9, 3), food_remaining=12)', '((13, 3), food_remaining=11)', '((13, 4), food_remaining=10)', '((12, 5), food_remaining=11)', '((13, 5), food_remaining=11)', '((13, 5), food_remaining=10)', '((6, 3), food_remaining=12)', '((3, 3), food_remaining=13)', '((4, 4), food_remaining=12)', '((13, 3), food_remaining=12)']","['((13, 5), food_remaining=10)', '((9, 5), food_remaining=12)', '((14, 3), food_remaining=13)', '((5, 5), food_remaining=12)', '((14, 3), food_remaining=12)', '((7, 4), food_remaining=11)', '((6, 3), food_remaining=12)', '((6, 5), food_remaining=12)', '((9, 3), food_remaining=12)', '((13, 3), food_remaining=11)', '((13, 4), food_remaining=10)', '((12, 5), food_remaining=11)', '((13, 5), food_remaining=11)', '((13, 5), food_remaining=10)', '((13, 3), food_remaining=12)', '((3, 3), food_remaining=13)', '((4, 4), food_remaining=12)', '((5, 3), food_remaining=12)']","['((7, 3), food_remaining=12)', '((8, 3), food_remaining=12)', '((13, 3), food_remaining=12)', '((10, 4), food_remaining=12)', '((9, 5), food_remaining=12)', '((8, 5), food_remaining=12)', '((10, 5), food_remaining=12)', '((9, 3), food_remaining=13)', '((7, 4), food_remaining=12)', '((11, 3), food_remaining=13)', '((14, 5), food_remaining=10)', '((4, 3), food_remaining=13)', '((9, 3), food_remaining=12)', '((12, 3), food_remaining=13)', '((11, 3), food_remaining=12)', '((7, 5), food_remaining=12)', '((6, 3), food_remaining=13)', '((6, 3), food_remaining=12)', '((12, 3), food_remaining=12)', '((10, 3), food_remaining=13)', '((5, 3), food_remaining=13)', '((12, 5), food_remaining=12)', '((7, 5), food_remaining=12)', '((10, 3), food_remaining=12)', '((13, 4), food_remaining=12)', '((6, 5), food_remaining=12)', '((13, 5), food_remaining=11)', '((7, 3), food_remaining=13)', '((8, 3), food_remaining=13)', '((13, 3), food_remaining=13)', '((7, 3), food_remaining=12)', '((13, 4), food_remaining=11)', '((8, 3), food_remaining=12)', '((11, 5), food_remaining=12)', '((8, 5), food_remaining=12)']",5,51,56
36,"((13, 5), food_remaining=10)","((14, 5), food_remaining=10)",West,"['((13, 4), food_remaining=9)', '((14, 5), food_remaining=10)', '((12, 5), food_remaining=10)']","['((13, 5), food_remaining=10)', '((9, 5), food_remaining=12)', '((14, 3), food_remaining=13)', '((5, 5), food_remaining=12)', '((14, 3), food_remaining=12)', '((7, 4), food_remaining=11)', '((6, 3), food_remaining=12)', '((6, 5), food_remaining=12)', '((9, 3), food_remaining=12)', '((13, 3), food_remaining=11)', '((13, 4), food_remaining=10)', '((12, 5), food_remaining=11)', '((13, 5), food_remaining=11)', '((13, 5), food_remaining=10)', '((13, 3), food_remaining=12)', '((3, 3), food_remaining=13)', '((4, 4), food_remaining=12)', '((5, 3), food_remaining=12)']","['((9, 5), food_remaining=12)', '((5, 5), food_remaining=12)', '((14, 3), food_remaining=13)', '((9, 3), food_remaining=12)', '((14, 3), food_remaining=12)', '((7, 4), food_remaining=11)', '((6, 3), food_remaining=12)', '((6, 5), food_remaining=12)', '((5, 3), food_remaining=12)', '((13, 3), food_remaining=11)', '((13, 4), food_remaining=10)', '((12, 5), food_remaining=11)', '((13, 5), food_remaining=11)', '((13, 5), food_remaining=10)', '((13, 3), food_remaining=12)', '((3, 3), food_remaining=13)', '((4, 4), food_remaining=12)', '((13, 4), food_remaining=9)', '((12, 5), food_remaining=10)']","['((7, 3), food_remaining=12)', '((8, 3), food_remaining=12)', '((13, 3), food_remaining=12)', '((10, 4), food_remaining=12)', '((9, 5), food_remaining=12)', '((8, 5), food_remaining=12)', '((10, 5), food_remaining=12)', '((9, 3), food_remaining=13)', '((7, 4), food_remaining=12)', '((11, 3), food_remaining=13)', '((14, 5), food_remaining=10)', '((4, 3), food_remaining=13)', '((9, 3), food_remaining=12)', '((12, 3), food_remaining=13)', '((11, 3), food_remaining=12)', '((7, 5), food_remaining=12)', '((6, 3), food_remaining=13)', '((6, 3), food_remaining=12)', '((12, 3), food_remaining=12)', '((10, 3), food_remaining=13)', '((5, 3), food_remaining=13)', '((12, 5), food_remaining=12)', '((7, 5), food_remaining=12)', '((10, 3), food_remaining=12)', '((13, 4), food_remaining=12)', '((6, 5), food_remaining=12)', '((13, 5), food_remaining=11)', '((13, 5), food_remaining=10)', '((7, 3), food_remaining=13)', '((8, 3), food_remaining=13)', '((13, 3), food_remaining=13)', '((7, 3), food_remaining=12)', '((13, 4), food_remaining=11)', '((8, 3), food_remaining=12)', '((11, 5), food_remaining=12)', '((8, 5), food_remaining=12)']",8,48,56
37,"((9, 5), food_remaining=12)","((8, 5), food_remaining=12)",East,"['((10, 5), food_remaining=12)', '((8, 5), food_remaining=12)']","['((9, 5), food_remaining=12)', '((5, 5), food_remaining=12)', '((14, 3), food_remaining=13)', '((9, 3), food_remaining=12)', '((14, 3), food_remaining=12)', '((7, 4), food_remaining=11)', '((6, 3), food_remaining=12)', '((6, 5), food_remaining=12)', '((5, 3), food_remaining=12)', '((13, 3), food_remaining=11)', '((13, 4), food_remaining=10)', '((12, 5), food_remaining=11)', '((13, 5), food_remaining=11)', '((13, 5), food_remaining=10)', '((13, 3), food_remaining=12)', '((3, 3), food_remaining=13)', '((4, 4), food_remaining=12)', '((13, 4), food_remaining=9)', '((12, 5), food_remaining=10)']","['((5, 5), food_remaining=12)', '((9, 3), food_remaining=12)', '((14, 3), food_remaining=13)', '((5, 3), food_remaining=12)', '((14, 3), food_remaining=12)', '((7, 4), food_remaining=11)', '((6, 3), food_remaining=12)', '((6, 5), food_remaining=12)', '((10, 5), food_remaining=12)', '((13, 3), food_remaining=11)', '((13, 4), food_remaining=10)', '((12, 5), food_remaining=11)', '((13, 5), food_remaining=11)', '((13, 5), food_remaining=10)', '((13, 3), food_remaining=12)', '((3, 3), food_remaining=13)', '((4, 4), food_remaining=12)', '((13, 4), food_remaining=9)', '((12, 5), food_remaining=10)']","['((7, 3), food_remaining=12)', '((8, 3), food_remaining=12)', '((13, 3), food_remaining=12)', '((10, 4), food_remaining=12)', '((9, 5), food_remaining=12)', '((8, 5), food_remaining=12)', '((10, 5), food_remaining=12)', '((9, 3), food_remaining=13)', '((7, 4), food_remaining=12)', '((11, 3), food_remaining=13)', '((14, 5), food_remaining=10)', '((4, 3), food_remaining=13)', '((9, 3), food_remaining=12)', '((12, 3), food_remaining=13)', '((11, 3), food_remaining=12)', '((7, 5), food_remaining=12)', '((6, 3), food_remaining=13)', '((6, 3), food_remaining=12)', '((12, 3), food_remaining=12)', '((10, 3), food_remaining=13)', '((5, 3), food_remaining=13)', '((12, 5), food_remaining=12)', '((7, 5), food_remaining=12)', '((10, 3), food_remaining=12)', '((13, 4), food_remaining=12)', '((6, 5), food_remaining=12)', '((13, 5), food_remaining=11)', '((13, 5), food_remaining=10)', '((7, 3), food_remaining=13)', '((8, 3), food_remaining=13)', '((13, 3), food_remaining=13)', '((7, 3), food_remaining=12)', '((13, 4), food_remaining=11)', '((8, 3), food_remaining=12)', '((11, 5), food_remaining=12)', '((9, 5), food_remaining=12)', '((8, 5), food_remaining=12)']",6,50,56
38,"((5, 5), food_remaining=12)","((6, 5), food_remaining=12)",West,"['((6, 5), food_remaining=12)', '((4, 5), food_remaining=12)']","['((5, 5), food_remaining=12)', '((9, 3), food_remaining=12)', '((14, 3), food_remaining=13)', '((5, 3), food_remaining=12)', '((14, 3), food_remaining=12)', '((7, 4), food_remaining=11)', '((6, 3), food_remaining=12)', '((6, 5), food_remaining=12)', '((10, 5), food_remaining=12)', '((13, 3), food_remaining=11)', '((13, 4), food_remaining=10)', '((12, 5), food_remaining=11)', '((13, 5), food_remaining=11)', '((13, 5), food_remaining=10)', '((13, 3), food_remaining=12)', '((3, 3), food_remaining=13)', '((4, 4), food_remaining=12)', '((13, 4), food_remaining=9)', '((12, 5), food_remaining=10)']","['((9, 3), food_remaining=12)', '((5, 3), food_remaining=12)', '((14, 3), food_remaining=13)', '((10, 5), food_remaining=12)', '((14, 3), food_remaining=12)', '((7, 4), food_remaining=11)', '((6, 3), food_remaining=12)', '((6, 5), food_remaining=12)', '((4, 5), food_remaining=12)', '((13, 3), food_remaining=11)', '((13, 4), food_remaining=10)', '((12, 5), food_remaining=11)', '((13, 5), food_remaining=11)', '((13, 5), food_remaining=10)', '((13, 3), food_remaining=12)', '((3, 3), food_remaining=13)', '((4, 4), food_remaining=12)', '((13, 4), food_remaining=9)', '((12, 5), food_remaining=10)']","['((7, 3), food_remaining=12)', '((8, 3), food_remaining=12)', '((13, 3), food_remaining=12)', '((5, 5), food_remaining=12)', '((10, 4), food_remaining=12)', '((9, 5), food_remaining=12)', '((8, 5), food_remaining=12)', '((10, 5), food_remaining=12)', '((9, 3), food_remaining=13)', '((7, 4), food_remaining=12)', '((11, 3), food_remaining=13)', '((14, 5), food_remaining=10)', '((4, 3), food_remaining=13)', '((9, 3), food_remaining=12)', '((12, 3), food_remaining=13)', '((11, 3), food_remaining=12)', '((7, 5), food_remaining=12)', '((6, 3), food_remaining=13)', '((6, 3), food_remaining=12)', '((12, 3), food_remaining=12)', '((10, 3), food_remaining=13)', '((5, 3), food_remaining=13)', '((12, 5), food_remaining=12)', '((7, 5), food_remaining=12)', '((10, 3), food_remaining=12)', '((13, 4), food_remaining=12)', '((6, 5), food_remaining=12)', '((13, 5), food_remaining=11)', '((13, 5), food_remaining=10)', '((7, 3), food_remaining=13)', '((8, 3), food_remaining=13)', '((13, 3), food_remaining=13)', '((7, 3), food_remaining=12)', '((13, 4), food_remaining=11)', '((8, 3), food_remaining=12)', '((11, 5), food_remaining=12)', '((9, 5), food_remaining=12)', '((8, 5), food_remaining=12)']",6,50,56
39,"((9, 3), food_remaining=12)","((8, 3), food_remaining=12)",East,"['((10, 3), food_remaining=12)', '((8, 3), food_remaining=12)']","['((9, 3), food_remaining=12)', '((5, 3), food_remaining=12)', '((14, 3), food_remaining=13)', '((10, 5), food_remaining=12)', '((14, 3), food_remaining=12)', '((7, 4), food_remaining=11)', '((6, 3), food_remaining=12)', '((6, 5), food_remaining=12)', '((4, 5), food_remaining=12)', '((13, 3), food_remaining=11)', '((13, 4), food_remaining=10)', '((12, 5), food_remaining=11)', '((13, 5), food_remaining=11)', '((13, 5), food_remaining=10)', '((13, 3), food_remaining=12)', '((3, 3), food_remaining=13)', '((4, 4), food_remaining=12)', '((13, 4), food_remaining=9)', '((12, 5), food_remaining=10)']","['((5, 3), food_remaining=12)', '((10, 5), food_remaining=12)', '((14, 3), food_remaining=13)', '((4, 5), food_remaining=12)', '((14, 3), food_remaining=12)', '((7, 4), food_remaining=11)', '((6, 3), food_remaining=12)', '((6, 5), food_remaining=12)', '((10, 3), food_remaining=12)', '((13, 3), food_remaining=11)', '((13, 4), food_remaining=10)', '((12, 5), food_remaining=11)', '((13, 5), food_remaining=11)', '((13, 5), food_remaining=10)', '((13, 3), food_remaining=12)', '((3, 3), food_remaining=13)', '((4, 4), food_remaining=12)', '((13, 4), food_remaining=9)', '((12, 5), food_remaining=10)']","['((7, 3), food_remaining=12)', '((8, 3), food_remaining=12)', '((13, 3), food_remaining=12)', '((5, 5), food_remaining=12)', '((10, 4), food_remaining=12)', '((9, 5), food_remaining=12)', '((8, 5), food_remaining=12)', '((10, 5), food_remaining=12)', '((9, 3), food_remaining=13)', '((9, 3), food_remaining=12)', '((7, 4), food_remaining=12)', '((11, 3), food_remaining=13)', '((14, 5), food_remaining=10)', '((4, 3), food_remaining=13)', '((9, 3), food_remaining=12)', '((12, 3), food_remaining=13)', '((11, 3), food_remaining=12)', '((7, 5), food_remaining=12)', '((6, 3), food_remaining=13)', '((6, 3), food_remaining=12)', '((12, 3), food_remaining=12)', '((10, 3), food_remaining=13)', '((5, 3), food_remaining=13)', '((12, 5), food_remaining=12)', '((7, 5), food_remaining=12)', '((10, 3), food_remaining=12)', '((13, 4), food_remaining=12)', '((6, 5), food_remaining=12)', '((13, 5), food_remaining=11)', '((13, 5), food_remaining=10)', '((7, 3), food_remaining=13)', '((8, 3), food_remaining=13)', '((13, 3), food_remaining=13)', '((7, 3), food_remaining=12)', '((13, 4), food_remaining=11)', '((8, 3), food_remaining=12)', '((11, 5), food_remaining=12)', '((9, 5), food_remaining=12)', '((8, 5), food_remaining=12)']",6,50,56
40,"((5, 3), food_remaining=12)","((6, 3), food_remaining=12)",West,"['((6, 3), food_remaining=12)', '((4, 3), food_remaining=12)']","['((5, 3), food_remaining=12)', '((10, 5), food_remaining=12)', '((14, 3), food_remaining=13)', '((4, 5), food_remaining=12)', '((14, 3), food_remaining=12)', '((7, 4), food_remaining=11)', '((6, 3), food_remaining=12)', '((6, 5), food_remaining=12)', '((10, 3), food_remaining=12)', '((13, 3), food_remaining=11)', '((13, 4), food_remaining=10)', '((12, 5), food_remaining=11)', '((13, 5), food_remaining=11)', '((13, 5), food_remaining=10)', '((13, 3), food_remaining=12)', '((3, 3), food_remaining=13)', '((4, 4), food_remaining=12)', '((13, 4), food_remaining=9)', '((12, 5), food_remaining=10)']","['((10, 5), food_remaining=12)', '((4, 5), food_remaining=12)', '((14, 3), food_remaining=13)', '((10, 3), food_remaining=12)', '((14, 3), food_remaining=12)', '((7, 4), food_remaining=11)', '((6, 3), food_remaining=12)', '((6, 5), food_remaining=12)', '((4, 3), food_remaining=12)', '((13, 3), food_remaining=11)', '((13, 4), food_remaining=10)', '((12, 5), food_remaining=11)', '((13, 5), food_remaining=11)', '((13, 5), food_remaining=10)', '((13, 3), food_remaining=12)', '((3, 3), food_remaining=13)', '((4, 4), food_remaining=12)', '((13, 4), food_remaining=9)', '((12, 5), food_remaining=10)']","['((7, 3), food_remaining=12)', '((8, 3), food_remaining=12)', '((13, 3), food_remaining=12)', '((5, 5), food_remaining=12)', '((10, 4), food_remaining=12)', '((9, 5), food_remaining=12)', '((8, 5), food_remaining=12)', '((10, 5), food_remaining=12)', '((9, 3), food_remaining=13)', '((9, 3), food_remaining=12)', '((7, 4), food_remaining=12)', '((11, 3), food_remaining=13)', '((14, 5), food_remaining=10)', '((4, 3), food_remaining=13)', '((9, 3), food_remaining=12)', '((12, 3), food_remaining=13)', '((11, 3), food_remaining=12)', '((7, 5), food_remaining=12)', '((6, 3), food_remaining=13)', '((6, 3), food_remaining=12)', '((12, 3), food_remaining=12)', '((10, 3), food_remaining=13)', '((5, 3), food_remaining=13)', '((5, 3), food_remaining=12)', '((12, 5), food_remaining=12)', '((7, 5), food_remaining=12)', '((10, 3), food_remaining=12)', '((13, 4), food_remaining=12)', '((6, 5), food_remaining=12)', '((13, 5), food_remaining=11)', '((13, 5), food_remaining=10)', '((7, 3), food_remaining=13)', '((8, 3), food_remaining=13)', '((13, 3), food_remaining=13)', '((7, 3), food_remaining=12)', '((13, 4), food_remaining=11)', '((8, 3), food_remaining=12)', '((11, 5), food_remaining=12)', '((9, 5), food_remaining=12)', '((8, 5), food_remaining=12)']",6,50,56
41,"((10, 5), food_remaining=12)","((9, 5), food_remaining=12)",East,"['((10, 4), food_remaining=11)', '((11, 5), food_remaining=12)', '((9, 5), food_remaining=12)']","['((10, 5), food_remaining=12)', '((4, 5), food_remaining=12)', '((14, 3), food_remaining=13)', '((10, 3), food_remaining=12)', '((14, 3), food_remaining=12)', '((7, 4), food_remaining=11)', '((6, 3), food_remaining=12)', '((6, 5), food_remaining=12)', '((4, 3), food_remaining=12)', '((13, 3), food_remaining=11)', '((13, 4), food_remaining=10)', '((12, 5), food_remaining=11)', '((13, 5), food_remaining=11)', '((13, 5), food_remaining=10)', '((13, 3), food_remaining=12)', '((3, 3), food_remaining=13)', '((4, 4), food_remaining=12)', '((13, 4), food_remaining=9)', '((12, 5), food_remaining=10)']","['((4, 5), food_remaining=12)', '((10, 3), food_remaining=12)', '((14, 3), food_remaining=13)', '((4, 3), food_remaining=12)', '((14, 3), food_remaining=12)', '((7, 4), food_remaining=11)', '((6, 3), food_remaining=12)', '((6, 5), food_remaining=12)', '((12, 5), food_remaining=10)', '((13, 3), food_remaining=11)', '((13, 4), food_remaining=10)', '((12, 5), food_remaining=11)', '((13, 5), food_remaining=11)', '((13, 5), food_remaining=10)', '((13, 3), food_remaining=12)', '((3, 3), food_remaining=13)', '((4, 4), food_remaining=12)', '((13, 4), food_remaining=9)', '((10, 4), food_remaining=11)', '((11, 5), food_remaining=12)']","[((7, 3), food_remaining=12), ((8, 3), food_remaining=12), ((13, 3), food_remaining=12), ((5, 5), food_remaining=12), ((10, 5), food_remaining=12), ((10, 4), food_remaining=12), ((9, 5), food_remaining=12), ((8, 5), food_remaining=12), ((10, 5), food_remaining=12), ((9, 3), food_remaining=13), ((9, 3), food_remaining=12), ((7, 4), food_remaining=12), ((11, 3), food_remaining=13), ((14, 5), food_remaining=10), ((4, 3), food_remaining=13), ((9, 3), food_remaining=12), ((12, 3), food_remaining=13), ((11, 3), food_remaining=12), ((7, 5), food_remaining=12), ((6, 3), food_remaining=13), ((6, 3), food_remaining=12), ((12, 3), food_remaining=12), ((10, 3), food_remaining=13), ((5, 3), food_remaining=13), ((5, 3), food_remaining=12), ((12, 5), food_remaining=12), ((7, 5), food_remaining=12), ((10, 3), food_remaining=12), ((13, 4), food_remaining=12), ((6, 5), food_remaining=12), ((13, 5), food_remaining=11), ((13, 5), food_remaining=10), ((7, 3), food_remaining=13), ((8, 3), food_remaining=13), ((13, 3), food_remaining=13), ((7, 3), food_remaining=12), ((13, 4), food_remaining=11), ((8, 3), food_remaining=12), ((11, 5), food_remaining=12), ((9, 5), food_remaining=12), ... (+1 more)]",7,49,56
42,"((4, 5), food_remaining=12)","((5, 5), food_remaining=12)",West,"['((4, 4), food_remaining=11)', '((5, 5), food_remaining=12)', '((3, 5), food_remaining=12)']","['((4, 5), food_remaining=12)', '((10, 3), food_remaining=12)', '((14, 3), food_remaining=13)', '((4, 3), food_remaining=12)', '((14, 3), food_remaining=12)', '((7, 4), food_remaining=11)', '((6, 3), food_remaining=12)', '((6, 5), food_remaining=12)', '((12, 5), food_remaining=10)', '((13, 3), food_remaining=11)', '((13, 4), food_remaining=10)', '((12, 5), food_remaining=11)', '((13, 5), food_remaining=11)', '((13, 5), food_remaining=10)', '((13, 3), food_remaining=12)', '((3, 3), food_remaining=13)', '((4, 4), food_remaining=12)', '((13, 4), food_remaining=9)', '((10, 4), food_remaining=11)', '((11, 5), food_remaining=12)']","['((10, 3), food_remaining=12)', '((4, 3), food_remaining=12)', '((14, 3), food_remaining=13)', '((6, 5), food_remaining=12)', '((14, 3), food_remaining=12)', '((7, 4), food_remaining=11)', '((6, 3), food_remaining=12)', '((4, 4), food_remaining=12)', '((12, 5), food_remaining=10)', '((13, 3), food_remaining=11)', '((13, 4), food_remaining=10)', '((12, 5), food_remaining=11)', '((13, 5), food_remaining=11)', '((13, 5), food_remaining=10)', '((13, 3), food_remaining=12)', '((3, 3), food_remaining=13)', '((11, 5), food_remaining=12)', '((13, 4), food_remaining=9)', '((10, 4), food_remaining=11)', '((4, 4), food_remaining=11)', '((3, 5), food_remaining=12)']","[((7, 3), food_remaining=12), ((8, 3), food_remaining=12), ((13, 3), food_remaining=12), ((5, 5), food_remaining=12), ((10, 5), food_remaining=12), ((10, 4), food_remaining=12), ((9, 5), food_remaining=12), ((8, 5), food_remaining=12), ((10, 5), food_remaining=12), ((9, 3), food_remaining=13), ((9, 3), food_remaining=12), ((7, 4), food_remaining=12), ((11, 3), food_remaining=13), ((14, 5), food_remaining=10), ((4, 3), food_remaining=13), ((9, 3), food_remaining=12), ((12, 3), food_remaining=13), ((11, 3), food_remaining=12), ((7, 5), food_remaining=12), ((6, 3), food_remaining=13), ((6, 3), food_remaining=12), ((12, 3), food_remaining=12), ((10, 3), food_remaining=13), ((5, 3), food_remaining=13), ((5, 3), food_remaining=12), ((12, 5), food_remaining=12), ((7, 5), food_remaining=12), ((10, 3), food_remaining=12), ((13, 4), food_remaining=12), ((4, 5), food_remaining=12), ((6, 5), food_remaining=12), ((13, 5), food_remaining=11), ((13, 5), food_remaining=10), ((7, 3), food_remaining=13), ((8, 3), food_remaining=13), ((13, 3), food_remaining=13), ((7, 3), food_remaining=12), ((13, 4), food_remaining=11), ((8, 3), food_remaining=12), ((11, 5), food_remaining=12), ... (+2 more)]",7,49,56
43,"((10, 3), food_remaining=12)","((9, 3), food_remaining=12)",East,"['((10, 4), food_remaining=11)', '((11, 3), food_remaining=12)', '((9, 3), food_remaining=12)']","['((10, 3), food_remaining=12)', '((4, 3), food_remaining=12)', '((14, 3), food_remaining=13)', '((6, 5), food_remaining=12)', '((14, 3), food_remaining=12)', '((7, 4), food_remaining=11)', '((6, 3), food_remaining=12)', '((4, 4), food_remaining=12)', '((12, 5), food_remaining=10)', '((13, 3), food_remaining=11)', '((13, 4), food_remaining=10)', '((12, 5), food_remaining=11)', '((13, 5), food_remaining=11)', '((13, 5), food_remaining=10)', '((13, 3), food_remaining=12)', '((3, 3), food_remaining=13)', '((11, 5), food_remaining=12)', '((13, 4), food_remaining=9)', '((10, 4), food_remaining=11)', '((4, 4), food_remaining=11)', '((3, 5), food_remaining=12)']","['((4, 3), food_remaining=12)', '((6, 5), food_remaining=12)', '((14, 3), food_remaining=13)', '((4, 4), food_remaining=12)', '((14, 3), food_remaining=12)', '((7, 4), food_remaining=11)', '((6, 3), food_remaining=12)', '((3, 3), food_remaining=13)', '((12, 5), food_remaining=10)', '((13, 3), food_remaining=11)', '((13, 4), food_remaining=10)', '((12, 5), food_remaining=11)', '((13, 5), food_remaining=11)', '((13, 5), food_remaining=10)', '((13, 3), food_remaining=12)', '((3, 5), food_remaining=12)', '((11, 5), food_remaining=12)', '((13, 4), food_remaining=9)', '((10, 4), food_remaining=11)', '((4, 4), food_remaining=11)', '((11, 3), food_remaining=12)']","[((7, 3), food_remaining=12), ((8, 3), food_remaining=12), ((13, 3), food_remaining=12), ((5, 5), food_remaining=12), ((10, 5), food_remaining=12), ((10, 4), food_remaining=12), ((9, 5), food_remaining=12), ((8, 5), food_remaining=12), ((10, 5), food_remaining=12), ((9, 3), food_remaining=13), ((9, 3), food_remaining=12), ((7, 4), food_remaining=12), ((11, 3), food_remaining=13), ((14, 5), food_remaining=10), ((4, 3), food_remaining=13), ((9, 3), food_remaining=12), ((12, 3), food_remaining=13), ((11, 3), food_remaining=12), ((7, 5), food_remaining=12), ((6, 3), food_remaining=13), ((6, 3), food_remaining=12), ((12, 3), food_remaining=12), ((10, 3), food_remaining=13), ((5, 3), food_remaining=13), ((5, 3), food_remaining=12), ((10, 3), food_remaining=12), ((12, 5), food_remaining=12), ((7, 5), food_remaining=12), ((10, 3), food_remaining=12), ((13, 4), food_remaining=12), ((4, 5), food_remaining=12), ((6, 5), food_remaining=12), ((13, 5), food_remaining=11), ((13, 5), food_remaining=10), ((7, 3), food_remaining=13), ((8, 3), food_remaining=13), ((13, 3), food_remaining=13), ((7, 3), food_remaining=12), ((13, 4), food_remaining=11), ((8, 3), food_remaining=12), ... (+3 more)]",7,49,56
44,"((4, 3), food_remaining=12)","((5, 3), food_remaining=12)",West,"['((4, 4), food_remaining=11)', '((5, 3), food_remaining=12)', '((3, 3), food_remaining=12)']","['((4, 3), food_remaining=12)', '((6, 5), food_remaining=12)', '((14, 3), food_remaining=13)', '((4, 4), food_remaining=12)', '((14, 3), food_remaining=12)', '((7, 4), food_remaining=11)', '((6, 3), food_remaining=12)', '((3, 3), food_remaining=13)', '((12, 5), food_remaining=10)', '((13, 3), food_remaining=11)', '((13, 4), food_remaining=10)', '((12, 5), food_remaining=11)', '((13, 5), food_remaining=11)', '((13, 5), food_remaining=10)', '((13, 3), food_remaining=12)', '((3, 5), food_remaining=12)', '((11, 5), food_remaining=12)', '((13, 4), food_remaining=9)', '((10, 4), food_remaining=11)', '((4, 4), food_remaining=11)', '((11, 3), food_remaining=12)']","['((14, 3), food_remaining=13)', '((6, 5), food_remaining=12)', '((6, 3), food_remaining=12)', '((4, 4), food_remaining=12)', '((14, 3), food_remaining=12)', '((7, 4), food_remaining=11)', '((13, 3), food_remaining=12)', '((3, 3), food_remaining=13)', '((12, 5), food_remaining=10)', '((13, 3), food_remaining=11)', '((13, 4), food_remaining=10)', '((12, 5), food_remaining=11)', '((13, 5), food_remaining=11)', '((13, 5), food_remaining=10)', '((11, 3), food_remaining=12)', '((3, 5), food_remaining=12)', '((11, 5), food_remaining=12)', '((13, 4), food_remaining=9)', '((10, 4), food_remaining=11)', '((4, 4), food_remaining=11)', '((3, 3), food_remaining=12)']","[((7, 3), food_remaining=12), ((8, 3), food_remaining=12), ((13, 3), food_remaining=12), ((5, 5), food_remaining=12), ((10, 5), food_remaining=12), ((10, 4), food_remaining=12), ((9, 5), food_remaining=12), ((8, 5), food_remaining=12), ((10, 5), food_remaining=12), ((9, 3), food_remaining=13), ((9, 3), food_remaining=12), ((7, 4), food_remaining=12), ((11, 3), food_remaining=13), ((14, 5), food_remaining=10), ((4, 3), food_remaining=13), ((4, 3), food_remaining=12), ((9, 3), food_remaining=12), ((12, 3), food_remaining=13), ((11, 3), food_remaining=12), ((7, 5), food_remaining=12), ((6, 3), food_remaining=13), ((6, 3), food_remaining=12), ((12, 3), food_remaining=12), ((10, 3), food_remaining=13), ((5, 3), food_remaining=13), ((5, 3), food_remaining=12), ((10, 3), food_remaining=12), ((12, 5), food_remaining=12), ((7, 5), food_remaining=12), ((10, 3), food_remaining=12), ((13, 4), food_remaining=12), ((4, 5), food_remaining=12), ((6, 5), food_remaining=12), ((13, 5), food_remaining=11), ((13, 5), food_remaining=10), ((7, 3), food_remaining=13), ((8, 3), food_remaining=13), ((13, 3), food_remaining=13), ((7, 3), food_remaining=12), ((13, 4), food_remaining=11), ... (+4 more)]",7,49,56
45,"((14, 3), food_remaining=13)","((13, 3), food_remaining=13)",East,"['((15, 3), food_remaining=13)', '((13, 3), food_remaining=13)']","['((14, 3), food_remaining=13)', '((6, 5), food_remaining=12)', '((6, 3), food_remaining=12)', '((4, 4), food_remaining=12)', '((14, 3), food_remaining=12)', '((7, 4), food_remaining=11)', '((13, 3), food_remaining=12)', '((3, 3), food_remaining=13)', '((12, 5), food_remaining=10)', '((13, 3), food_remaining=11)', '((13, 4), food_remaining=10)', '((12, 5), food_remaining=11)', '((13, 5), food_remaining=11)', '((13, 5), food_remaining=10)', '((11, 3), food_remaining=12)', '((3, 5), food_remaining=12)', '((11, 5), food_remaining=12)', '((13, 4), food_remaining=9)', '((10, 4), food_remaining=11)', '((4, 4), food_remaining=11)', '((3, 3), food_remaining=12)']","['((6, 5), food_remaining=12)', '((14, 3), food_remaining=12)', '((6, 3), food_remaining=12)', '((4, 4), food_remaining=12)', '((13, 4), food_remaining=10)', '((7, 4), food_remaining=11)', '((13, 3), food_remaining=12)', '((3, 3), food_remaining=13)', '((12, 5), food_remaining=10)', '((13, 3), food_remaining=11)', '((3, 3), food_remaining=12)', '((12, 5), food_remaining=11)', '((13, 5), food_remaining=11)', '((13, 5), food_remaining=10)', '((11, 3), food_remaining=12)', '((3, 5), food_remaining=12)', '((11, 5), food_remaining=12)', '((13, 4), food_remaining=9)', '((10, 4), food_remaining=11)', '((4, 4), food_remaining=11)', '((15, 3), food_remaining=13)']","[((7, 3), food_remaining=12), ((8, 3), food_remaining=12), ((13, 3), food_remaining=12), ((5, 5), food_remaining=12), ((10, 5), food_remaining=12), ((10, 4), food_remaining=12), ((9, 5), food_remaining=12), ((8, 5), food_remaining=12), ((10, 5), food_remaining=12), ((9, 3), food_remaining=13), ((9, 3), food_remaining=12), ((7, 4), food_remaining=12), ((11, 3), food_remaining=13), ((14, 5), food_remaining=10), ((4, 3), food_remaining=13), ((4, 3), food_remaining=12), ((9, 3), food_remaining=12), ((12, 3), food_remaining=13), ((11, 3), food_remaining=12), ((7, 5), food_remaining=12), ((6, 3), food_remaining=13), ((6, 3), food_remaining=12), ((12, 3), food_remaining=12), ((10, 3), food_remaining=13), ((5, 3), food_remaining=13), ((5, 3), food_remaining=12), ((10, 3), food_remaining=12), ((12, 5), food_remaining=12), ((7, 5), food_remaining=12), ((10, 3), food_remaining=12), ((13, 4), food_remaining=12), ((4, 5), food_remaining=12), ((6, 5), food_remaining=12), ((14, 3), food_remaining=13), ((13, 5), food_remaining=11), ((13, 5), food_remaining=10), ((7, 3), food_remaining=13), ((8, 3), food_remaining=13), ((13, 3), food_remaining=13), ((7, 3), food_remaining=12), ... (+5 more)]",5,52,57
46,"((6, 5), food_remaining=12)","((7, 5), food_remaining=12)",West,"['((7, 5), food_remaining=12)', '((5, 5), food_remaining=12)']","['((6, 5), food_remaining=12)', '((14, 3), food_remaining=12)', '((6, 3), food_remaining=12)', '((4, 4), food_remaining=12)', '((13, 4), food_remaining=10)', '((7, 4), food_remaining=11)', '((13, 3), food_remaining=12)', '((3, 3), food_remaining=13)', '((12, 5), food_remaining=10)', '((13, 3), food_remaining=11)', '((3, 3), food_remaining=12)', '((12, 5), food_remaining=11)', '((13, 5), food_remaining=11)', '((13, 5), food_remaining=10)', '((11, 3), food_remaining=12)', '((3, 5), food_remaining=12)', '((11, 5), food_remaining=12)', '((13, 4), food_remaining=9)', '((10, 4), food_remaining=11)', '((4, 4), food_remaining=11)', '((15, 3), food_remaining=13)']","['((14, 3), food_remaining=12)', '((13, 4), food_remaining=10)', '((6, 3), food_remaining=12)', '((4, 4), food_remaining=12)', '((13, 3), food_remaining=11)', '((7, 4), food_remaining=11)', '((13, 3), food_remaining=12)', '((3, 3), food_remaining=13)', '((12, 5), food_remaining=10)', '((4, 4), food_remaining=11)', '((3, 3), food_remaining=12)', '((12, 5), food_remaining=11)', '((13, 5), food_remaining=11)', '((13, 5), food_remaining=10)', '((11, 3), food_remaining=12)', '((3, 5), food_remaining=12)', '((11, 5), food_remaining=12)', '((13, 4), food_remaining=9)', '((10, 4), food_remaining=11)', '((15, 3), food_remaining=13)', '((5, 5), food_remaining=12)']","[((7, 3), food_remaining=12), ((8, 3), food_remaining=12), ((13, 3), food_remaining=12), ((5, 5), food_remaining=12), ((10, 5), food_remaining=12), ((10, 4), food_remaining=12), ((9, 5), food_remaining=12), ((8, 5), food_remaining=12), ((10, 5), food_remaining=12), ((9, 3), food_remaining=13), ((9, 3), food_remaining=12), ((7, 4), food_remaining=12), ((11, 3), food_remaining=13), ((14, 5), food_remaining=10), ((4, 3), food_remaining=13), ((4, 3), food_remaining=12), ((9, 3), food_remaining=12), ((12, 3), food_remaining=13), ((11, 3), food_remaining=12), ((7, 5), food_remaining=12), ((6, 3), food_remaining=13), ((6, 3), food_remaining=12), ((12, 3), food_remaining=12), ((10, 3), food_remaining=13), ((5, 3), food_remaining=13), ((5, 3), food_remaining=12), ((10, 3), food_remaining=12), ((12, 5), food_remaining=12), ((7, 5), food_remaining=12), ((10, 3), food_remaining=12), ((13, 4), food_remaining=12), ((4, 5), food_remaining=12), ((6, 5), food_remaining=12), ((14, 3), food_remaining=13), ((13, 5), food_remaining=11), ((13, 5), food_remaining=10), ((7, 3), food_remaining=13), ((8, 3), food_remaining=13), ((13, 3), food_remaining=13), ((7, 3), food_remaining=12), ... (+6 more)]",7,50,57
47,"((14, 3), food_remaining=12)","((13, 3), food_remaining=12)",East,"['((15, 3), food_remaining=12)', '((13, 3), food_remaining=12)']","['((14, 3), food_remaining=12)', '((13, 4), food_remaining=10)', '((6, 3), food_remaining=12)', '((4, 4), food_remaining=12)', '((13, 3), food_remaining=11)', '((7, 4), food_remaining=11)', '((13, 3), food_remaining=12)', '((3, 3), food_remaining=13)', '((12, 5), food_remaining=10)', '((4, 4), food_remaining=11)', '((3, 3), food_remaining=12)', '((12, 5), food_remaining=11)', '((13, 5), food_remaining=11)', '((13, 5), food_remaining=10)', '((11, 3), food_remaining=12)', '((3, 5), food_remaining=12)', '((11, 5), food_remaining=12)', '((13, 4), food_remaining=9)', '((10, 4), food_remaining=11)', '((15, 3), food_remaining=13)', '((5, 5), food_remaining=12)']","['((6, 3), food_remaining=12)', '((13, 4), food_remaining=10)', '((7, 4), food_remaining=11)', '((4, 4), food_remaining=12)', '((13, 3), food_remaining=11)', '((12, 5), food_remaining=11)', '((13, 3), food_remaining=12)', '((3, 3), food_remaining=13)', '((12, 5), food_remaining=10)', '((4, 4), food_remaining=11)', '((3, 3), food_remaining=12)', '((5, 5), food_remaining=12)', '((13, 5), food_remaining=11)', '((13, 5), food_remaining=10)', '((11, 3), food_remaining=12)', '((3, 5), food_remaining=12)', '((11, 5), food_remaining=12)', '((13, 4), food_remaining=9)', '((10, 4), food_remaining=11)', '((15, 3), food_remaining=13)', '((15, 3), food_remaining=12)']","[((7, 3), food_remaining=12), ((8, 3), food_remaining=12), ((13, 3), food_remaining=12), ((5, 5), food_remaining=12), ((10, 5), food_remaining=12), ((10, 4), food_remaining=12), ((9, 5), food_remaining=12), ((8, 5), food_remaining=12), ((10, 5), food_remaining=12), ((9, 3), food_remaining=13), ((9, 3), food_remaining=12), ((7, 4), food_remaining=12), ((11, 3), food_remaining=13), ((14, 5), food_remaining=10), ((4, 3), food_remaining=13), ((4, 3), food_remaining=12), ((9, 3), food_remaining=12), ((12, 3), food_remaining=13), ((11, 3), food_remaining=12), ((7, 5), food_remaining=12), ((6, 3), food_remaining=13), ((6, 3), food_remaining=12), ((12, 3), food_remaining=12), ((10, 3), food_remaining=13), ((5, 3), food_remaining=13), ((5, 3), food_remaining=12), ((10, 3), food_remaining=12), ((12, 5), food_remaining=12), ((7, 5), food_remaining=12), ((10, 3), food_remaining=12), ((13, 4), food_remaining=12), ((4, 5), food_remaining=12), ((6, 5), food_remaining=12), ((14, 3), food_remaining=13), ((13, 5), food_remaining=11), ((13, 5), food_remaining=10), ((7, 3), food_remaining=13), ((8, 3), food_remaining=13), ((13, 3), food_remaining=13), ((7, 3), food_remaining=12), ... (+7 more)]",7,50,57
48,"((6, 3), food_remaining=12)","((7, 3), food_remaining=12)",West,"['((7, 3), food_remaining=12)', '((5, 3), food_remaining=12)']","['((6, 3), food_remaining=12)', '((13, 4), food_remaining=10)', '((7, 4), food_remaining=11)', '((4, 4), food_remaining=12)', '((13, 3), food_remaining=11)', '((12, 5), food_remaining=11)', '((13, 3), food_remaining=12)', '((3, 3), food_remaining=13)', '((12, 5), food_remaining=10)', '((4, 4), food_remaining=11)', '((3, 3), food_remaining=12)', '((5, 5), food_remaining=12)', '((13, 5), food_remaining=11)', '((13, 5), food_remaining=10)', '((11, 3), food_remaining=12)', '((3, 5), food_remaining=12)', '((11, 5), food_remaining=12)', '((13, 4), food_remaining=9)', '((10, 4), food_remaining=11)', '((15, 3), food_remaining=13)', '((15, 3), food_remaining=12)']","['((7, 4), food_remaining=11)', '((13, 4), food_remaining=10)', '((12, 5), food_remaining=11)', '((4, 4), food_remaining=12)', '((13, 3), food_remaining=11)', '((13, 5), food_remaining=11)', '((13, 3), food_remaining=12)', '((3, 3), food_remaining=13)', '((12, 5), food_remaining=10)', '((4, 4), food_remaining=11)', '((3, 3), food_remaining=12)', '((5, 5), food_remaining=12)', '((15, 3), food_remaining=12)', '((13, 5), food_remaining=10)', '((11, 3), food_remaining=12)', '((3, 5), food_remaining=12)', '((11, 5), food_remaining=12)', '((13, 4), food_remaining=9)', '((10, 4), food_remaining=11)', '((15, 3), food_remaining=13)', '((5, 3), food_remaining=12)']","[((7, 3), food_remaining=12), ((8, 3), food_remaining=12), ((13, 3), food_remaining=12), ((5, 5), food_remaining=12), ((10, 5), food_remaining=12), ((10, 4), food_remaining=12), ((9, 5), food_remaining=12), ((8, 5), food_remaining=12), ((10, 5), food_remaining=12), ((9, 3), food_remaining=13), ((9, 3), food_remaining=12), ((7, 4), food_remaining=12), ((11, 3), food_remaining=13), ((14, 5), food_remaining=10), ((4, 3), food_remaining=13), ((4, 3), food_remaining=12), ((9, 3), food_remaining=12), ((12, 3), food_remaining=13), ((11, 3), food_remaining=12), ((7, 5), food_remaining=12), ((6, 3), food_remaining=13), ((6, 3), food_remaining=12), ((12, 3), food_remaining=12), ((10, 3), food_remaining=13), ((5, 3), food_remaining=13), ((5, 3), food_remaining=12), ((10, 3), food_remaining=12), ((12, 5), food_remaining=12), ((7, 5), food_remaining=12), ((6, 3), food_remaining=12), ((10, 3), food_remaining=12), ((13, 4), food_remaining=12), ((4, 5), food_remaining=12), ((6, 5), food_remaining=12), ((14, 3), food_remaining=13), ((13, 5), food_remaining=11), ((13, 5), food_remaining=10), ((7, 3), food_remaining=13), ((8, 3), food_remaining=13), ((13, 3), food_remaining=13), ... (+8 more)]",7,50,57
49,"((7, 4), food_remaining=11)","((7, 5), food_remaining=12)",South,"['((7, 5), food_remaining=11)', '((7, 3), food_remaining=11)']","['((7, 4), food_remaining=11)', '((13, 4), food_remaining=10)', '((12, 5), food_remaining=11)', '((4, 4), food_remaining=12)', '((13, 3), food_remaining=11)', '((13, 5), food_remaining=11)', '((13, 3), food_remaining=12)', '((3, 3), food_remaining=13)', '((12, 5), food_remaining=10)', '((4, 4), food_remaining=11)', '((3, 3), food_remaining=12)', '((5, 5), food_remaining=12)', '((15, 3), food_remaining=12)', '((13, 5), food_remaining=10)', '((11, 3), food_remaining=12)', '((3, 5), food_remaining=12)', '((11, 5), food_remaining=12)', '((13, 4), food_remaining=9)', '((10, 4), food_remaining=11)', '((15, 3), food_remaining=13)', '((5, 3), food_remaining=12)']","['((13, 4), food_remaining=10)', '((13, 3), food_remaining=11)', '((12, 5), food_remaining=11)', '((4, 4), food_remaining=12)', '((4, 4), food_remaining=11)', '((13, 5), food_remaining=11)', '((13, 3), food_remaining=12)', '((3, 3), food_remaining=13)', '((12, 5), food_remaining=10)', '((5, 3), food_remaining=12)', '((3, 3), food_remaining=12)', '((5, 5), food_remaining=12)', '((15, 3), food_remaining=12)', '((13, 5), food_remaining=10)', '((11, 3), food_remaining=12)', '((3, 5), food_remaining=12)', '((11, 5), food_remaining=12)', '((13, 4), food_remaining=9)', '((10, 4), food_remaining=11)', '((15, 3), food_remaining=13)', '((7, 5), food_remaining=11)', '((7, 3), food_remaining=11)']","[((7, 3), food_remaining=12), ((8, 3), food_remaining=12), ((13, 3), food_remaining=12), ((5, 5), food_remaining=12), ((10, 5), food_remaining=12), ((10, 4), food_remaining=12), ((9, 5), food_remaining=12), ((8, 5), food_remaining=12), ((10, 5), food_remaining=12), ((9, 3), food_remaining=13), ((9, 3), food_remaining=12), ((7, 4), food_remaining=12), ((11, 3), food_remaining=13), ((14, 5), food_remaining=10), ((4, 3), food_remaining=13), ((4, 3), food_remaining=12), ((9, 3), food_remaining=12), ((7, 4), food_remaining=11), ((12, 3), food_remaining=13), ((11, 3), food_remaining=12), ((7, 5), food_remaining=12), ((6, 3), food_remaining=13), ((6, 3), food_remaining=12), ((12, 3), food_remaining=12), ((10, 3), food_remaining=13), ((5, 3), food_remaining=13), ((5, 3), food_remaining=12), ((10, 3), food_remaining=12), ((12, 5), food_remaining=12), ((7, 5), food_remaining=12), ((6, 3), food_remaining=12), ((10, 3), food_remaining=12), ((13, 4), food_remaining=12), ((4, 5), food_remaining=12), ((6, 5), food_remaining=12), ((14, 3), food_remaining=13), ((13, 5), food_remaining=11), ((13, 5), food_remaining=10), ((7, 3), food_remaining=13), ((8, 3), food_remaining=13), ... (+9 more)]",7,51,58
50,"((13, 4), food_remaining=10)","((13, 5), food_remaining=11)",South,"['((13, 5), food_remaining=10)', '((13, 3), food_remaining=10)']","['((13, 4), food_remaining=10)', '((13, 3), food_remaining=11)', '((12, 5), food_remaining=11)', '((4, 4), food_remaining=12)', '((4, 4), food_remaining=11)', '((13, 5), food_remaining=11)', '((13, 3), food_remaining=12)', '((3, 3), food_remaining=13)', '((12, 5), food_remaining=10)', '((5, 3), food_remaining=12)', '((3, 3), food_remaining=12)', '((5, 5), food_remaining=12)', '((15, 3), food_remaining=12)', '((13, 5), food_remaining=10)', '((11, 3), food_remaining=12)', '((3, 5), food_remaining=12)', '((11, 5), food_remaining=12)', '((13, 4), food_remaining=9)', '((10, 4), food_remaining=11)', '((15, 3), food_remaining=13)', '((7, 5), food_remaining=11)', '((7, 3), food_remaining=11)']","['((12, 5), food_remaining=11)', '((13, 3), food_remaining=11)', '((13, 5), food_remaining=11)', '((4, 4), food_remaining=12)', '((4, 4), food_remaining=11)', '((5, 5), food_remaining=12)', '((13, 3), food_remaining=12)', '((3, 3), food_remaining=13)', '((12, 5), food_remaining=10)', '((5, 3), food_remaining=12)', '((3, 3), food_remaining=12)', '((7, 3), food_remaining=11)', '((15, 3), food_remaining=12)', '((13, 5), food_remaining=10)', '((11, 3), food_remaining=12)', '((3, 5), food_remaining=12)', '((11, 5), food_remaining=12)', '((13, 4), food_remaining=9)', '((10, 4), food_remaining=11)', '((15, 3), food_remaining=13)', '((7, 5), food_remaining=11)', '((13, 3), food_remaining=10)']","[((7, 3), food_remaining=12), ((8, 3), food_remaining=12), ((13, 3), food_remaining=12), ((5, 5), food_remaining=12), ((10, 5), food_remaining=12), ((10, 4), food_remaining=12), ((9, 5), food_remaining=12), ((8, 5), food_remaining=12), ((10, 5), food_remaining=12), ((9, 3), food_remaining=13), ((9, 3), food_remaining=12), ((7, 4), food_remaining=12), ((11, 3), food_remaining=13), ((14, 5), food_remaining=10), ((4, 3), food_remaining=13), ((4, 3), food_remaining=12), ((9, 3), food_remaining=12), ((7, 4), food_remaining=11), ((12, 3), food_remaining=13), ((11, 3), food_remaining=12), ((7, 5), food_remaining=12), ((6, 3), food_remaining=13), ((6, 3), food_remaining=12), ((12, 3), food_remaining=12), ((10, 3), food_remaining=13), ((5, 3), food_remaining=13), ((5, 3), food_remaining=12), ((10, 3), food_remaining=12), ((13, 4), food_remaining=10), ((12, 5), food_remaining=12), ((7, 5), food_remaining=12), ((6, 3), food_remaining=12), ((10, 3), food_remaining=12), ((13, 4), food_remaining=12), ((4, 5), food_remaining=12), ((6, 5), food_remaining=12), ((14, 3), food_remaining=13), ((13, 5), food_remaining=11), ((13, 5), food_remaining=10), ((7, 3), food_remaining=13), ... (+10 more)]",7,51,58
51,"((12, 5), food_remaining=11)","((13, 5), food_remaining=11)",West,"['((13, 5), food_remaining=11)', '((11, 5), food_remaining=11)']","['((12, 5), food_remaining=11)', '((13, 3), food_remaining=11)', '((13, 5), food_remaining=11)', '((4, 4), food_remaining=12)', '((4, 4), food_remaining=11)', '((5, 5), food_remaining=12)', '((13, 3), food_remaining=12)', '((3, 3), food_remaining=13)', '((12, 5), food_remaining=10)', '((5, 3), food_remaining=12)', '((3, 3), food_remaining=12)', '((7, 3), food_remaining=11)', '((15, 3), food_remaining=12)', '((13, 5), food_remaining=10)', '((11, 3), food_remaining=12)', '((3, 5), food_remaining=12)', '((11, 5), food_remaining=12)', '((13, 4), food_remaining=9)', '((10, 4), food_remaining=11)', '((15, 3), food_remaining=13)', '((7, 5), food_remaining=11)', '((13, 3), food_remaining=10)']","['((13, 5), food_remaining=11)', '((13, 3), food_remaining=11)', '((13, 3), food_remaining=12)', '((4, 4), food_remaining=12)', '((4, 4), food_remaining=11)', '((5, 5), food_remaining=12)', '((13, 5), food_remaining=10)', '((3, 3), food_remaining=13)', '((12, 5), food_remaining=10)', '((5, 3), food_remaining=12)', '((3, 3), food_remaining=12)', '((7, 3), food_remaining=11)', '((15, 3), food_remaining=12)', '((13, 3), food_remaining=10)', '((11, 3), food_remaining=12)', '((3, 5), food_remaining=12)', '((11, 5), food_remaining=12)', '((13, 4), food_remaining=9)', '((10, 4), food_remaining=11)', '((15, 3), food_remaining=13)', '((7, 5), food_remaining=11)', '((11, 5), food_remaining=11)']","[((7, 3), food_remaining=12), ((8, 3), food_remaining=12), ((13, 3), food_remaining=12), ((5, 5), food_remaining=12), ((10, 5), food_remaining=12), ((10, 4), food_remaining=12), ((9, 5), food_remaining=12), ((8, 5), food_remaining=12), ((10, 5), food_remaining=12), ((9, 3), food_remaining=13), ((9, 3), food_remaining=12), ((7, 4), food_remaining=12), ((11, 3), food_remaining=13), ((14, 5), food_remaining=10), ((4, 3), food_remaining=13), ((4, 3), food_remaining=12), ((12, 5), food_remaining=11), ((9, 3), food_remaining=12), ((7, 4), food_remaining=11), ((12, 3), food_remaining=13), ((11, 3), food_remaining=12), ((7, 5), food_remaining=12), ((6, 3), food_remaining=13), ((6, 3), food_remaining=12), ((12, 3), food_remaining=12), ((10, 3), food_remaining=13), ((5, 3), food_remaining=13), ((5, 3), food_remaining=12), ((10, 3), food_remaining=12), ((13, 4), food_remaining=10), ((12, 5), food_remaining=12), ((7, 5), food_remaining=12), ((6, 3), food_remaining=12), ((10, 3), food_remaining=12), ((13, 4), food_remaining=12), ((4, 5), food_remaining=12), ((6, 5), food_remaining=12), ((14, 3), food_remaining=13), ((13, 5), food_remaining=11), ((13, 5), food_remaining=10), ... (+11 more)]",7,51,58
52,"((13, 5), food_remaining=11)","((13, 4), food_remaining=12)",North,"['((13, 4), food_remaining=11)', '((14, 5), food_remaining=10)', '((12, 5), food_remaining=11)']","['((13, 5), food_remaining=11)', '((13, 3), food_remaining=11)', '((13, 3), food_remaining=12)', '((4, 4), food_remaining=12)', '((4, 4), food_remaining=11)', '((5, 5), food_remaining=12)', '((13, 5), food_remaining=10)', '((3, 3), food_remaining=13)', '((12, 5), food_remaining=10)', '((5, 3), food_remaining=12)', '((3, 3), food_remaining=12)', '((7, 3), food_remaining=11)', '((15, 3), food_remaining=12)', '((13, 3), food_remaining=10)', '((11, 3), food_remaining=12)', '((3, 5), food_remaining=12)', '((11, 5), food_remaining=12)', '((13, 4), food_remaining=9)', '((10, 4), food_remaining=11)', '((15, 3), food_remaining=13)', '((7, 5), food_remaining=11)', '((11, 5), food_remaining=11)']","['((13, 3), food_remaining=12)', '((13, 3), food_remaining=11)', '((13, 5), food_remaining=10)', '((4, 4), food_remaining=12)', '((4, 4), food_remaining=11)', '((5, 5), food_remaining=12)', '((11, 3), food_remaining=12)', '((3, 3), food_remaining=13)', '((12, 5), food_remaining=10)', '((5, 3), food_remaining=12)', '((3, 3), food_remaining=12)', '((7, 3), food_remaining=11)', '((15, 3), food_remaining=12)', '((13, 3), food_remaining=10)', '((11, 5), food_remaining=11)', '((3, 5), food_remaining=12)', '((11, 5), food_remaining=12)', '((13, 4), food_remaining=9)', '((10, 4), food_remaining=11)', '((15, 3), food_remaining=13)', '((7, 5), food_remaining=11)', '((13, 4), food_remaining=11)', '((14, 5), food_remaining=10)', '((12, 5), food_remaining=11)']","[((7, 3), food_remaining=12), ((8, 3), food_remaining=12), ((13, 3), food_remaining=12), ((5, 5), food_remaining=12), ((10, 5), food_remaining=12), ((13, 5), food_remaining=11), ((10, 4), food_remaining=12), ((9, 5), food_remaining=12), ((8, 5), food_remaining=12), ((10, 5), food_remaining=12), ((9, 3), food_remaining=13), ((9, 3), food_remaining=12), ((7, 4), food_remaining=12), ((11, 3), food_remaining=13), ((14, 5), food_remaining=10), ((4, 3), food_remaining=13), ((4, 3), food_remaining=12), ((12, 5), food_remaining=11), ((9, 3), food_remaining=12), ((7, 4), food_remaining=11), ((12, 3), food_remaining=13), ((11, 3), food_remaining=12), ((7, 5), food_remaining=12), ((6, 3), food_remaining=13), ((6, 3), food_remaining=12), ((12, 3), food_remaining=12), ((10, 3), food_remaining=13), ((5, 3), food_remaining=13), ((5, 3), food_remaining=12), ((10, 3), food_remaining=12), ((13, 4), food_remaining=10), ((12, 5), food_remaining=12), ((7, 5), food_remaining=12), ((6, 3), food_remaining=12), ((10, 3), food_remaining=12), ((13, 4), food_remaining=12), ((4, 5), food_remaining=12), ((6, 5), food_remaining=12), ((14, 3), food_remaining=13), ((13, 5), food_remaining=11), ... (+12 more)]",6,52,58
53,"((13, 3), food_remaining=12)","((13, 4), food_remaining=12)",South,"['((13, 4), food_remaining=12)', '((14, 3), food_remaining=12)', '((12, 3), food_remaining=12)']","['((13, 3), food_remaining=12)', '((13, 3), food_remaining=11)', '((13, 5), food_remaining=10)', '((4, 4), food_remaining=12)', '((4, 4), food_remaining=11)', '((5, 5), food_remaining=12)', '((11, 3), food_remaining=12)', '((3, 3), food_remaining=13)', '((12, 5), food_remaining=10)', '((5, 3), food_remaining=12)', '((3, 3), food_remaining=12)', '((7, 3), food_remaining=11)', '((15, 3), food_remaining=12)', '((13, 3), food_remaining=10)', '((11, 5), food_remaining=11)', '((3, 5), food_remaining=12)', '((11, 5), food_remaining=12)', '((13, 4), food_remaining=9)', '((10, 4), food_remaining=11)', '((15, 3), food_remaining=13)', '((7, 5), food_remaining=11)', '((13, 4), food_remaining=11)', '((14, 5), food_remaining=10)', '((12, 5), food_remaining=11)']","['((13, 5), food_remaining=10)', '((13, 3), food_remaining=11)', '((11, 3), food_remaining=12)', '((4, 4), food_remaining=12)', '((4, 4), food_remaining=11)', '((5, 5), food_remaining=12)', '((13, 3), food_remaining=10)', '((3, 3), food_remaining=13)', '((12, 5), food_remaining=10)', '((5, 3), food_remaining=12)', '((3, 3), food_remaining=12)', '((7, 3), food_remaining=11)', '((15, 3), food_remaining=12)', '((12, 5), food_remaining=11)', '((11, 5), food_remaining=11)', '((3, 5), food_remaining=12)', '((11, 5), food_remaining=12)', '((13, 4), food_remaining=9)', '((10, 4), food_remaining=11)', '((15, 3), food_remaining=13)', '((7, 5), food_remaining=11)', '((13, 4), food_remaining=11)', '((14, 5), food_remaining=10)', '((14, 3), food_remaining=12)', '((12, 3), food_remaining=12)']","[((7, 3), food_remaining=12), ((8, 3), food_remaining=12), ((13, 3), food_remaining=12), ((5, 5), food_remaining=12), ((10, 5), food_remaining=12), ((13, 5), food_remaining=11), ((10, 4), food_remaining=12), ((9, 5), food_remaining=12), ((8, 5), food_remaining=12), ((10, 5), food_remaining=12), ((9, 3), food_remaining=13), ((9, 3), food_remaining=12), ((7, 4), food_remaining=12), ((13, 3), food_remaining=12), ((11, 3), food_remaining=13), ((14, 5), food_remaining=10), ((4, 3), food_remaining=13), ((4, 3), food_remaining=12), ((12, 5), food_remaining=11), ((9, 3), food_remaining=12), ((7, 4), food_remaining=11), ((12, 3), food_remaining=13), ((11, 3), food_remaining=12), ((7, 5), food_remaining=12), ((6, 3), food_remaining=13), ((6, 3), food_remaining=12), ((12, 3), food_remaining=12), ((10, 3), food_remaining=13), ((5, 3), food_remaining=13), ((5, 3), food_remaining=12), ((10, 3), food_remaining=12), ((13, 4), food_remaining=10), ((12, 5), food_remaining=12), ((7, 5), food_remaining=12), ((6, 3), food_remaining=12), ((10, 3), food_remaining=12), ((13, 4), food_remaining=12), ((4, 5), food_remaining=12), ((6, 5), food_remaining=12), ((14, 3), food_remaining=13), ... (+13 more)]",6,52,58
54,"((13, 5), food_remaining=10)","((13, 4), food_remaining=11)",North,"['((13, 4), food_remaining=10)', '((14, 5), food_remaining=9)', '((12, 5), food_remaining=10)']","['((13, 5), food_remaining=10)', '((13, 3), food_remaining=11)', '((11, 3), food_remaining=12)', '((4, 4), food_remaining=12)', '((4, 4), food_remaining=11)', '((5, 5), food_remaining=12)', '((13, 3), food_remaining=10)', '((3, 3), food_remaining=13)', '((12, 5), food_remaining=10)', '((5, 3), food_remaining=12)', '((3, 3), food_remaining=12)', '((7, 3), food_remaining=11)', '((15, 3), food_remaining=12)', '((12, 5), food_remaining=11)', '((11, 5), food_remaining=11)', '((3, 5), food_remaining=12)', '((11, 5), food_remaining=12)', '((13, 4), food_remaining=9)', '((10, 4), food_remaining=11)', '((15, 3), food_remaining=13)', '((7, 5), food_remaining=11)', '((13, 4), food_remaining=11)', '((14, 5), food_remaining=10)', '((14, 3), food_remaining=12)', '((12, 3), food_remaining=12)']","['((13, 3), food_remaining=11)', '((4, 4), food_remaining=12)', '((11, 3), food_remaining=12)', '((3, 3), food_remaining=13)', '((4, 4), food_remaining=11)', '((5, 5), food_remaining=12)', '((13, 3), food_remaining=10)', '((11, 5), food_remaining=12)', '((12, 5), food_remaining=10)', '((5, 3), food_remaining=12)', '((3, 3), food_remaining=12)', '((7, 3), food_remaining=11)', '((15, 3), food_remaining=12)', '((12, 5), food_remaining=11)', '((11, 5), food_remaining=11)', '((3, 5), food_remaining=12)', '((12, 3), food_remaining=12)', '((13, 4), food_remaining=9)', '((10, 4), food_remaining=11)', '((15, 3), food_remaining=13)', '((7, 5), food_remaining=11)', '((13, 4), food_remaining=11)', '((14, 5), food_remaining=10)', '((14, 3), food_remaining=12)', '((14, 5), food_remaining=9)', '((12, 5), food_remaining=10)']","[((7, 3), food_remaining=12), ((8, 3), food_remaining=12), ((13, 3), food_remaining=12), ((5, 5), food_remaining=12), ((10, 5), food_remaining=12), ((13, 5), food_remaining=11), ((10, 4), food_remaining=12), ((9, 5), food_remaining=12), ((8, 5), food_remaining=12), ((10, 5), food_remaining=12), ((9, 3), food_remaining=13), ((9, 3), food_remaining=12), ((7, 4), food_remaining=12), ((13, 3), food_remaining=12), ((13, 5), food_remaining=10), ((11, 3), food_remaining=13), ((14, 5), food_remaining=10), ((4, 3), food_remaining=13), ((4, 3), food_remaining=12), ((12, 5), food_remaining=11), ((9, 3), food_remaining=12), ((7, 4), food_remaining=11), ((12, 3), food_remaining=13), ((11, 3), food_remaining=12), ((7, 5), food_remaining=12), ((6, 3), food_remaining=13), ((6, 3), food_remaining=12), ((12, 3), food_remaining=12), ((10, 3), food_remaining=13), ((5, 3), food_remaining=13), ((5, 3), food_remaining=12), ((10, 3), food_remaining=12), ((13, 4), food_remaining=10), ((12, 5), food_remaining=12), ((7, 5), food_remaining=12), ((6, 3), food_remaining=12), ((10, 3), food_remaining=12), ((13, 4), food_remaining=12), ((4, 5), food_remaining=12), ((6, 5), food_remaining=12), ... (+14 more)]",8,50,58
55,"((13, 3), food_remaining=11)","((13, 4), food_remaining=11)",South,"['((13, 4), food_remaining=11)', '((14, 3), food_remaining=11)', '((12, 3), food_remaining=11)']","['((13, 3), food_remaining=11)', '((4, 4), food_remaining=12)', '((11, 3), food_remaining=12)', '((3, 3), food_remaining=13)', '((4, 4), food_remaining=11)', '((5, 5), food_remaining=12)', '((13, 3), food_remaining=10)', '((11, 5), food_remaining=12)', '((12, 5), food_remaining=10)', '((5, 3), food_remaining=12)', '((3, 3), food_remaining=12)', '((7, 3), food_remaining=11)', '((15, 3), food_remaining=12)', '((12, 5), food_remaining=11)', '((11, 5), food_remaining=11)', '((3, 5), food_remaining=12)', '((12, 3), food_remaining=12)', '((13, 4), food_remaining=9)', '((10, 4), food_remaining=11)', '((15, 3), food_remaining=13)', '((7, 5), food_remaining=11)', '((13, 4), food_remaining=11)', '((14, 5), food_remaining=10)', '((14, 3), food_remaining=12)', '((14, 5), food_remaining=9)', '((12, 5), food_remaining=10)']","['((4, 4), food_remaining=12)', '((3, 3), food_remaining=13)', '((11, 3), food_remaining=12)', '((12, 5), food_remaining=10)', '((4, 4), food_remaining=11)', '((5, 5), food_remaining=12)', '((13, 3), food_remaining=10)', '((11, 5), food_remaining=12)', '((10, 4), food_remaining=11)', '((5, 3), food_remaining=12)', '((3, 3), food_remaining=12)', '((7, 3), food_remaining=11)', '((15, 3), food_remaining=12)', '((12, 5), food_remaining=11)', '((11, 5), food_remaining=11)', '((3, 5), food_remaining=12)', '((12, 3), food_remaining=12)', '((13, 4), food_remaining=9)', '((12, 5), food_remaining=10)', '((15, 3), food_remaining=13)', '((7, 5), food_remaining=11)', '((13, 4), food_remaining=11)', '((14, 5), food_remaining=10)', '((14, 3), food_remaining=12)', '((14, 5), food_remaining=9)', '((14, 3), food_remaining=11)', '((12, 3), food_remaining=11)']","[((7, 3), food_remaining=12), ((8, 3), food_remaining=12), ((13, 3), food_remaining=12), ((5, 5), food_remaining=12), ((10, 5), food_remaining=12), ((13, 5), food_remaining=11), ((10, 4), food_remaining=12), ((9, 5), food_remaining=12), ((8, 5), food_remaining=12), ((10, 5), food_remaining=12), ((9, 3), food_remaining=13), ((9, 3), food_remaining=12), ((7, 4), food_remaining=12), ((13, 3), food_remaining=12), ((13, 5), food_remaining=10), ((11, 3), food_remaining=13), ((14, 5), food_remaining=10), ((4, 3), food_remaining=13), ((4, 3), food_remaining=12), ((12, 5), food_remaining=11), ((9, 3), food_remaining=12), ((7, 4), food_remaining=11), ((13, 3), food_remaining=11), ((12, 3), food_remaining=13), ((11, 3), food_remaining=12), ((7, 5), food_remaining=12), ((6, 3), food_remaining=13), ((6, 3), food_remaining=12), ((12, 3), food_remaining=12), ((10, 3), food_remaining=13), ((5, 3), food_remaining=13), ((5, 3), food_remaining=12), ((10, 3), food_remaining=12), ((13, 4), food_remaining=10), ((12, 5), food_remaining=12), ((7, 5), food_remaining=12), ((6, 3), food_remaining=12), ((10, 3), food_remaining=12), ((13, 4), food_remaining=12), ((4, 5), food_remaining=12), ... (+15 more)]",8,50,58
56,"((4, 4), food_remaining=12)","((4, 3), food_remaining=13)",North,"['((4, 5), food_remaining=12)', '((4, 3), food_remaining=12)']","['((4, 4), food_remaining=12)', '((3, 3), food_remaining=13)', '((11, 3), food_remaining=12)', '((12, 5), food_remaining=10)', '((4, 4), food_remaining=11)', '((5, 5), food_remaining=12)', '((13, 3), food_remaining=10)', '((11, 5), food_remaining=12)', '((10, 4), food_remaining=11)', '((5, 3), food_remaining=12)', '((3, 3), food_remaining=12)', '((7, 3), food_remaining=11)', '((15, 3), food_remaining=12)', '((12, 5), food_remaining=11)', '((11, 5), food_remaining=11)', '((3, 5), food_remaining=12)', '((12, 3), food_remaining=12)', '((13, 4), food_remaining=9)', '((12, 5), food_remaining=10)', '((15, 3), food_remaining=13)', '((7, 5), food_remaining=11)', '((13, 4), food_remaining=11)', '((14, 5), food_remaining=10)', '((14, 3), food_remaining=12)', '((14, 5), food_remaining=9)', '((14, 3), food_remaining=11)', '((12, 3), food_remaining=11)']","['((3, 3), food_remaining=13)', '((12, 5), food_remaining=10)', '((11, 3), food_remaining=12)', '((10, 4), food_remaining=11)', '((4, 4), food_remaining=11)', '((5, 5), food_remaining=12)', '((4, 3), food_remaining=12)', '((11, 5), food_remaining=12)', '((12, 5), food_remaining=10)', '((5, 3), food_remaining=12)', '((3, 3), food_remaining=12)', '((7, 3), food_remaining=11)', '((4, 5), food_remaining=12)', '((13, 3), food_remaining=10)', '((11, 5), food_remaining=11)', '((3, 5), food_remaining=12)', '((12, 3), food_remaining=12)', '((13, 4), food_remaining=9)', '((12, 3), food_remaining=11)', '((15, 3), food_remaining=13)', '((7, 5), food_remaining=11)', '((13, 4), food_remaining=11)', '((14, 5), food_remaining=10)', '((14, 3), food_remaining=12)', '((14, 5), food_remaining=9)', '((14, 3), food_remaining=11)', '((15, 3), food_remaining=12)', '((12, 5), food_remaining=11)']","[((7, 3), food_remaining=12), ((8, 3), food_remaining=12), ((13, 3), food_remaining=12), ((5, 5), food_remaining=12), ((10, 5), food_remaining=12), ((13, 5), food_remaining=11), ((10, 4), food_remaining=12), ((9, 5), food_remaining=12), ((8, 5), food_remaining=12), ((10, 5), food_remaining=12), ((9, 3), food_remaining=13), ((9, 3), food_remaining=12), ((7, 4), food_remaining=12), ((13, 3), food_remaining=12), ((13, 5), food_remaining=10), ((11, 3), food_remaining=13), ((14, 5), food_remaining=10), ((4, 4), food_remaining=12), ((4, 3), food_remaining=13), ((4, 3), food_remaining=12), ((12, 5), food_remaining=11), ((9, 3), food_remaining=12), ((7, 4), food_remaining=11), ((13, 3), food_remaining=11), ((12, 3), food_remaining=13), ((11, 3), food_remaining=12), ((7, 5), food_remaining=12), ((6, 3), food_remaining=13), ((6, 3), food_remaining=12), ((12, 3), food_remaining=12), ((10, 3), food_remaining=13), ((5, 3), food_remaining=13), ((5, 3), food_remaining=12), ((10, 3), food_remaining=12), ((13, 4), food_remaining=10), ((12, 5), food_remaining=12), ((7, 5), food_remaining=12), ((6, 3), food_remaining=12), ((10, 3), food_remaining=12), ((13, 4), food_remaining=12), ... (+16 more)]",6,52,58
57,"((3, 3), food_remaining=13)","((4, 3), food_remaining=13)",West,"['((4, 3), food_remaining=13)', '((2, 3), food_remaining=13)']","['((3, 3), food_remaining=13)', '((12, 5), food_remaining=10)', '((11, 3), food_remaining=12)', '((10, 4), food_remaining=11)', '((4, 4), food_remaining=11)', '((5, 5), food_remaining=12)', '((4, 3), food_remaining=12)', '((11, 5), food_remaining=12)', '((12, 5), food_remaining=10)', '((5, 3), food_remaining=12)', '((3, 3), food_remaining=12)', '((7, 3), food_remaining=11)', '((4, 5), food_remaining=12)', '((13, 3), food_remaining=10)', '((11, 5), food_remaining=11)', '((3, 5), food_remaining=12)', '((12, 3), food_remaining=12)', '((13, 4), food_remaining=9)', '((12, 3), food_remaining=11)', '((15, 3), food_remaining=13)', '((7, 5), food_remaining=11)', '((13, 4), food_remaining=11)', '((14, 5), food_remaining=10)', '((14, 3), food_remaining=12)', '((14, 5), food_remaining=9)', '((14, 3), food_remaining=11)', '((15, 3), food_remaining=12)', '((12, 5), food_remaining=11)']","['((12, 5), food_remaining=10)', '((10, 4), food_remaining=11)', '((11, 3), food_remaining=12)', '((11, 5), food_remaining=12)', '((4, 4), food_remaining=11)', '((5, 5), food_remaining=12)', '((4, 3), food_remaining=12)', '((3, 5), food_remaining=12)', '((12, 5), food_remaining=10)', '((5, 3), food_remaining=12)', '((3, 3), food_remaining=12)', '((7, 3), food_remaining=11)', '((4, 5), food_remaining=12)', '((2, 3), food_remaining=13)', '((11, 5), food_remaining=11)', '((12, 5), food_remaining=11)', '((12, 3), food_remaining=12)', '((13, 4), food_remaining=9)', '((12, 3), food_remaining=11)', '((15, 3), food_remaining=13)', '((7, 5), food_remaining=11)', '((13, 4), food_remaining=11)', '((14, 5), food_remaining=10)', '((14, 3), food_remaining=12)', '((14, 5), food_remaining=9)', '((14, 3), food_remaining=11)', '((15, 3), food_remaining=12)', '((13, 3), food_remaining=10)']","[((7, 3), food_remaining=12), ((8, 3), food_remaining=12), ((13, 3), food_remaining=12), ((5, 5), food_remaining=12), ((10, 5), food_remaining=12), ((13, 5), food_remaining=11), ((10, 4), food_remaining=12), ((9, 5), food_remaining=12), ((8, 5), food_remaining=12), ((10, 5), food_remaining=12), ((9, 3), food_remaining=13), ((9, 3), food_remaining=12), ((7, 4), food_remaining=12), ((13, 3), food_remaining=12), ((13, 5), food_remaining=10), ((11, 3), food_remaining=13), ((14, 5), food_remaining=10), ((4, 4), food_remaining=12), ((4, 3), food_remaining=13), ((4, 3), food_remaining=12), ((12, 5), food_remaining=11), ((9, 3), food_remaining=12), ((7, 4), food_remaining=11), ((13, 3), food_remaining=11), ((12, 3), food_remaining=13), ((11, 3), food_remaining=12), ((3, 3), food_remaining=13), ((7, 5), food_remaining=12), ((6, 3), food_remaining=13), ((6, 3), food_remaining=12), ((12, 3), food_remaining=12), ((10, 3), food_remaining=13), ((5, 3), food_remaining=13), ((5, 3), food_remaining=12), ((10, 3), food_remaining=12), ((13, 4), food_remaining=10), ((12, 5), food_remaining=12), ((7, 5), food_remaining=12), ((6, 3), food_remaining=12), ((10, 3), food_remaining=12), ... (+17 more)]",6,52,58
58,"((12, 5), food_remaining=10)","((13, 5), food_remaining=10)",West,"['((13, 5), food_remaining=10)', '((11, 5), food_remaining=10)']","['((12, 5), food_remaining=10)', '((10, 4), food_remaining=11)', '((11, 3), food_remaining=12)', '((11, 5), food_remaining=12)', '((4, 4), food_remaining=11)', '((5, 5), food_remaining=12)', '((4, 3), food_remaining=12)', '((3, 5), food_remaining=12)', '((12, 5), food_remaining=10)', '((5, 3), food_remaining=12)', '((3, 3), food_remaining=12)', '((7, 3), food_remaining=11)', '((4, 5), food_remaining=12)', '((2, 3), food_remaining=13)', '((11, 5), food_remaining=11)', '((12, 5), food_remaining=11)', '((12, 3), food_remaining=12)', '((13, 4), food_remaining=9)', '((12, 3), food_remaining=11)', '((15, 3), food_remaining=13)', '((7, 5), food_remaining=11)', '((13, 4), food_remaining=11)', '((14, 5), food_remaining=10)', '((14, 3), food_remaining=12)', '((14, 5), food_remaining=9)', '((14, 3), food_remaining=11)', '((15, 3), food_remaining=12)', '((13, 3), food_remaining=10)']","['((10, 4), food_remaining=11)', '((11, 5), food_remaining=12)', '((11, 3), food_remaining=12)', '((3, 5), food_remaining=12)', '((4, 4), food_remaining=11)', '((5, 5), food_remaining=12)', '((4, 3), food_remaining=12)', '((13, 3), food_remaining=10)', '((12, 5), food_remaining=10)', '((5, 3), food_remaining=12)', '((3, 3), food_remaining=12)', '((7, 3), food_remaining=11)', '((4, 5), food_remaining=12)', '((2, 3), food_remaining=13)', '((11, 5), food_remaining=11)', '((12, 5), food_remaining=11)', '((12, 3), food_remaining=12)', '((13, 4), food_remaining=9)', '((12, 3), food_remaining=11)', '((15, 3), food_remaining=13)', '((7, 5), food_remaining=11)', '((13, 4), food_remaining=11)', '((14, 5), food_remaining=10)', '((14, 3), food_remaining=12)', '((14, 5), food_remaining=9)', '((14, 3), food_remaining=11)', '((15, 3), food_remaining=12)', '((11, 5), food_remaining=10)']","[((7, 3), food_remaining=12), ((8, 3), food_remaining=12), ((13, 3), food_remaining=12), ((5, 5), food_remaining=12), ((10, 5), food_remaining=12), ((13, 5), food_remaining=11), ((10, 4), food_remaining=12), ((9, 5), food_remaining=12), ((8, 5), food_remaining=12), ((10, 5), food_remaining=12), ((9, 3), food_remaining=13), ((9, 3), food_remaining=12), ((7, 4), food_remaining=12), ((13, 3), food_remaining=12), ((13, 5), food_remaining=10), ((11, 3), food_remaining=13), ((14, 5), food_remaining=10), ((4, 4), food_remaining=12), ((4, 3), food_remaining=13), ((4, 3), food_remaining=12), ((12, 5), food_remaining=11), ((9, 3), food_remaining=12), ((12, 5), food_remaining=10), ((7, 4), food_remaining=11), ((13, 3), food_remaining=11), ((12, 3), food_remaining=13), ((11, 3), food_remaining=12), ((3, 3), food_remaining=13), ((7, 5), food_remaining=12), ((6, 3), food_remaining=13), ((6, 3), food_remaining=12), ((12, 3), food_remaining=12), ((10, 3), food_remaining=13), ((5, 3), food_remaining=13), ((5, 3), food_remaining=12), ((10, 3), food_remaining=12), ((13, 4), food_remaining=10), ((12, 5), food_remaining=12), ((7, 5), food_remaining=12), ((6, 3), food_remaining=12), ... (+18 more)]",9,49,58
59,"((10, 4), food_remaining=11)","((10, 5), food_remaining=12)",South,"['((10, 5), food_remaining=11)', '((10, 3), food_remaining=11)']","['((10, 4), food_remaining=11)', '((11, 5), food_remaining=12)', '((11, 3), food_remaining=12)', '((3, 5), food_remaining=12)', '((4, 4), food_remaining=11)', '((5, 5), food_remaining=12)', '((4, 3), food_remaining=12)', '((13, 3), food_remaining=10)', '((12, 5), food_remaining=10)', '((5, 3), food_remaining=12)', '((3, 3), food_remaining=12)', '((7, 3), food_remaining=11)', '((4, 5), food_remaining=12)', '((2, 3), food_remaining=13)', '((11, 5), food_remaining=11)', '((12, 5), food_remaining=11)', '((12, 3), food_remaining=12)', '((13, 4), food_remaining=9)', '((12, 3), food_remaining=11)', '((15, 3), food_remaining=13)', '((7, 5), food_remaining=11)', '((13, 4), food_remaining=11)', '((14, 5), food_remaining=10)', '((14, 3), food_remaining=12)', '((14, 5), food_remaining=9)', '((14, 3), food_remaining=11)', '((15, 3), food_remaining=12)', '((11, 5), food_remaining=10)']","['((11, 5), food_remaining=12)', '((4, 4), food_remaining=11)', '((11, 3), food_remaining=12)', '((3, 5), food_remaining=12)', '((3, 3), food_remaining=12)', '((5, 5), food_remaining=12)', '((10, 5), food_remaining=11)', '((13, 3), food_remaining=10)', '((12, 5), food_remaining=10)', '((5, 3), food_remaining=12)', '((14, 5), food_remaining=10)', '((7, 3), food_remaining=11)', '((4, 5), food_remaining=12)', '((4, 3), food_remaining=12)', '((11, 5), food_remaining=11)', '((12, 5), food_remaining=11)', '((12, 3), food_remaining=12)', '((13, 4), food_remaining=9)', '((12, 3), food_remaining=11)', '((15, 3), food_remaining=13)', '((7, 5), food_remaining=11)', '((13, 4), food_remaining=11)', '((11, 5), food_remaining=10)', '((14, 3), food_remaining=12)', '((14, 5), food_remaining=9)', '((14, 3), food_remaining=11)', '((15, 3), food_remaining=12)', '((2, 3), food_remaining=13)', '((10, 3), food_remaining=11)']","[((7, 3), food_remaining=12), ((8, 3), food_remaining=12), ((13, 3), food_remaining=12), ((5, 5), food_remaining=12), ((10, 5), food_remaining=12), ((13, 5), food_remaining=11), ((10, 4), food_remaining=12), ((10, 4), food_remaining=11), ((9, 5), food_remaining=12), ((8, 5), food_remaining=12), ((10, 5), food_remaining=12), ((9, 3), food_remaining=13), ((9, 3), food_remaining=12), ((7, 4), food_remaining=12), ((13, 3), food_remaining=12), ((13, 5), food_remaining=10), ((11, 3), food_remaining=13), ((14, 5), food_remaining=10), ((4, 4), food_remaining=12), ((4, 3), food_remaining=13), ((4, 3), food_remaining=12), ((12, 5), food_remaining=11), ((9, 3), food_remaining=12), ((12, 5), food_remaining=10), ((7, 4), food_remaining=11), ((13, 3), food_remaining=11), ((12, 3), food_remaining=13), ((11, 3), food_remaining=12), ((3, 3), food_remaining=13), ((7, 5), food_remaining=12), ((6, 3), food_remaining=13), ((6, 3), food_remaining=12), ((12, 3), food_remaining=12), ((10, 3), food_remaining=13), ((5, 3), food_remaining=13), ((5, 3), food_remaining=12), ((10, 3), food_remaining=12), ((13, 4), food_remaining=10), ((12, 5), food_remaining=12), ((7, 5), food_remaining=12), ... (+19 more)]",8,50,58
60,"((11, 5), food_remaining=12)","((10, 5), food_remaining=12)",East,"['((12, 5), food_remaining=12)', '((10, 5), food_remaining=12)']","['((11, 5), food_remaining=12)', '((4, 4), food_remaining=11)', '((11, 3), food_remaining=12)', '((3, 5), food_remaining=12)', '((3, 3), food_remaining=12)', '((5, 5), food_remaining=12)', '((10, 5), food_remaining=11)', '((13, 3), food_remaining=10)', '((12, 5), food_remaining=10)', '((5, 3), food_remaining=12)', '((14, 5), food_remaining=10)', '((7, 3), food_remaining=11)', '((4, 5), food_remaining=12)', '((4, 3), food_remaining=12)', '((11, 5), food_remaining=11)', '((12, 5), food_remaining=11)', '((12, 3), food_remaining=12)', '((13, 4), food_remaining=9)', '((12, 3), food_remaining=11)', '((15, 3), food_remaining=13)', '((7, 5), food_remaining=11)', '((13, 4), food_remaining=11)', '((11, 5), food_remaining=10)', '((14, 3), food_remaining=12)', '((14, 5), food_remaining=9)', '((14, 3), food_remaining=11)', '((15, 3), food_remaining=12)', '((2, 3), food_remaining=13)', '((10, 3), food_remaining=11)']","['((4, 4), food_remaining=11)', '((3, 5), food_remaining=12)', '((11, 3), food_remaining=12)', '((10, 3), food_remaining=11)', '((3, 3), food_remaining=12)', '((5, 5), food_remaining=12)', '((10, 5), food_remaining=11)', '((13, 3), food_remaining=10)', '((12, 5), food_remaining=10)', '((5, 3), food_remaining=12)', '((14, 5), food_remaining=10)', '((7, 3), food_remaining=11)', '((4, 5), food_remaining=12)', '((12, 5), food_remaining=12)', '((11, 5), food_remaining=11)', '((12, 5), food_remaining=11)', '((12, 3), food_remaining=12)', '((13, 4), food_remaining=9)', '((12, 3), food_remaining=11)', '((15, 3), food_remaining=13)', '((7, 5), food_remaining=11)', '((13, 4), food_remaining=11)', '((11, 5), food_remaining=10)', '((14, 3), food_remaining=12)', '((14, 5), food_remaining=9)', '((14, 3), food_remaining=11)', '((15, 3), food_remaining=12)', '((2, 3), food_remaining=13)', '((4, 3), food_remaining=12)']","[((7, 3), food_remaining=12), ((8, 3), food_remaining=12), ((13, 3), food_remaining=12), ((5, 5), food_remaining=12), ((10, 5), food_remaining=12), ((13, 5), food_remaining=11), ((10, 4), food_remaining=12), ((10, 4), food_remaining=11), ((9, 5), food_remaining=12), ((8, 5), food_remaining=12), ((10, 5), food_remaining=12), ((9, 3), food_remaining=13), ((9, 3), food_remaining=12), ((7, 4), food_remaining=12), ((13, 3), food_remaining=12), ((13, 5), food_remaining=10), ((11, 3), food_remaining=13), ((14, 5), food_remaining=10), ((4, 4), food_remaining=12), ((4, 3), food_remaining=13), ((4, 3), food_remaining=12), ((12, 5), food_remaining=11), ((9, 3), food_remaining=12), ((12, 5), food_remaining=10), ((7, 4), food_remaining=11), ((13, 3), food_remaining=11), ((12, 3), food_remaining=13), ((11, 3), food_remaining=12), ((3, 3), food_remaining=13), ((7, 5), food_remaining=12), ((6, 3), food_remaining=13), ((6, 3), food_remaining=12), ((12, 3), food_remaining=12), ((10, 3), food_remaining=13), ((5, 3), food_remaining=13), ((5, 3), food_remaining=12), ((10, 3), food_remaining=12), ((13, 4), food_remaining=10), ((12, 5), food_remaining=12), ((7, 5), food_remaining=12), ... (+20 more)]",8,50,58
61,"((4, 4), food_remaining=11)","((4, 5), food_remaining=12)",South,"['((4, 5), food_remaining=11)', '((4, 3), food_remaining=11)']","['((4, 4), food_remaining=11)', '((3, 5), food_remaining=12)', '((11, 3), food_remaining=12)', '((10, 3), food_remaining=11)', '((3, 3), food_remaining=12)', '((5, 5), food_remaining=12)', '((10, 5), food_remaining=11)', '((13, 3), food_remaining=10)', '((12, 5), food_remaining=10)', '((5, 3), food_remaining=12)', '((14, 5), food_remaining=10)', '((7, 3), food_remaining=11)', '((4, 5), food_remaining=12)', '((12, 5), food_remaining=12)', '((11, 5), food_remaining=11)', '((12, 5), food_remaining=11)', '((12, 3), food_remaining=12)', '((13, 4), food_remaining=9)', '((12, 3), food_remaining=11)', '((15, 3), food_remaining=13)', '((7, 5), food_remaining=11)', '((13, 4), food_remaining=11)', '((11, 5), food_remaining=10)', '((14, 3), food_remaining=12)', '((14, 5), food_remaining=9)', '((14, 3), food_remaining=11)', '((15, 3), food_remaining=12)', '((2, 3), food_remaining=13)', '((4, 3), food_remaining=12)']","['((3, 5), food_remaining=12)', '((3, 3), food_remaining=12)', '((11, 3), food_remaining=12)', '((10, 3), food_remaining=11)', '((5, 3), food_remaining=12)', '((5, 5), food_remaining=12)', '((10, 5), food_remaining=11)', '((13, 3), food_remaining=10)', '((12, 5), food_remaining=10)', '((7, 5), food_remaining=11)', '((14, 5), food_remaining=10)', '((7, 3), food_remaining=11)', '((4, 5), food_remaining=12)', '((12, 5), food_remaining=12)', '((4, 3), food_remaining=11)', '((12, 5), food_remaining=11)', '((12, 3), food_remaining=12)', '((13, 4), food_remaining=9)', '((12, 3), food_remaining=11)', '((15, 3), food_remaining=13)', '((4, 3), food_remaining=12)', '((13, 4), food_remaining=11)', '((11, 5), food_remaining=10)', '((14, 3), food_remaining=12)', '((14, 5), food_remaining=9)', '((14, 3), food_remaining=11)', '((15, 3), food_remaining=12)', '((2, 3), food_remaining=13)', '((4, 5), food_remaining=11)', '((11, 5), food_remaining=11)']","[((7, 3), food_remaining=12), ((8, 3), food_remaining=12), ((13, 3), food_remaining=12), ((5, 5), food_remaining=12), ((10, 5), food_remaining=12), ((13, 5), food_remaining=11), ((10, 4), food_remaining=12), ((10, 4), food_remaining=11), ((9, 5), food_remaining=12), ((8, 5), food_remaining=12), ((10, 5), food_remaining=12), ((9, 3), food_remaining=13), ((9, 3), food_remaining=12), ((7, 4), food_remaining=12), ((13, 3), food_remaining=12), ((13, 5), food_remaining=10), ((11, 3), food_remaining=13), ((14, 5), food_remaining=10), ((4, 4), food_remaining=12), ((4, 4), food_remaining=11), ((4, 3), food_remaining=13), ((4, 3), food_remaining=12), ((12, 5), food_remaining=11), ((9, 3), food_remaining=12), ((12, 5), food_remaining=10), ((7, 4), food_remaining=11), ((13, 3), food_remaining=11), ((12, 3), food_remaining=13), ((11, 3), food_remaining=12), ((3, 3), food_remaining=13), ((7, 5), food_remaining=12), ((6, 3), food_remaining=13), ((6, 3), food_remaining=12), ((12, 3), food_remaining=12), ((10, 3), food_remaining=13), ((5, 3), food_remaining=13), ((5, 3), food_remaining=12), ((10, 3), food_remaining=12), ((13, 4), food_remaining=10), ((12, 5), food_remaining=12), ... (+21 more)]",8,50,58
62,"((3, 5), food_remaining=12)","((4, 5), food_remaining=12)",West,"['((4, 5), food_remaining=12)', '((2, 5), food_remaining=12)']","['((3, 5), food_remaining=12)', '((3, 3), food_remaining=12)', '((11, 3), food_remaining=12)', '((10, 3), food_remaining=11)', '((5, 3), food_remaining=12)', '((5, 5), food_remaining=12)', '((10, 5), food_remaining=11)', '((13, 3), food_remaining=10)', '((12, 5), food_remaining=10)', '((7, 5), food_remaining=11)', '((14, 5), food_remaining=10)', '((7, 3), food_remaining=11)', '((4, 5), food_remaining=12)', '((12, 5), food_remaining=12)', '((4, 3), food_remaining=11)', '((12, 5), food_remaining=11)', '((12, 3), food_remaining=12)', '((13, 4), food_remaining=9)', '((12, 3), food_remaining=11)', '((15, 3), food_remaining=13)', '((4, 3), food_remaining=12)', '((13, 4), food_remaining=11)', '((11, 5), food_remaining=10)', '((14, 3), food_remaining=12)', '((14, 5), food_remaining=9)', '((14, 3), food_remaining=11)', '((15, 3), food_remaining=12)', '((2, 3), food_remaining=13)', '((4, 5), food_remaining=11)', '((11, 5), food_remaining=11)']","['((11, 3), food_remaining=12)', '((3, 3), food_remaining=12)', '((5, 5), food_remaining=12)', '((10, 3), food_remaining=11)', '((5, 3), food_remaining=12)', '((7, 3), food_remaining=11)', '((10, 5), food_remaining=11)', '((13, 3), food_remaining=10)', '((12, 5), food_remaining=10)', '((7, 5), food_remaining=11)', '((14, 5), food_remaining=10)', '((11, 5), food_remaining=11)', '((4, 5), food_remaining=12)', '((12, 5), food_remaining=12)', '((2, 5), food_remaining=12)', '((12, 5), food_remaining=11)', '((12, 3), food_remaining=12)', '((13, 4), food_remaining=9)', '((12, 3), food_remaining=11)', '((15, 3), food_remaining=13)', '((4, 3), food_remaining=12)', '((13, 4), food_remaining=11)', '((11, 5), food_remaining=10)', '((14, 3), food_remaining=12)', '((14, 5), food_remaining=9)', '((14, 3), food_remaining=11)', '((15, 3), food_remaining=12)', '((2, 3), food_remaining=13)', '((4, 5), food_remaining=11)', '((4, 3), food_remaining=11)']","[((7, 3), food_remaining=12), ((8, 3), food_remaining=12), ((13, 3), food_remaining=12), ((5, 5), food_remaining=12), ((10, 5), food_remaining=12), ((13, 5), food_remaining=11), ((10, 4), food_remaining=12), ((10, 4), food_remaining=11), ((9, 5), food_remaining=12), ((8, 5), food_remaining=12), ((10, 5), food_remaining=12), ((9, 3), food_remaining=13), ((9, 3), food_remaining=12), ((7, 4), food_remaining=12), ((13, 3), food_remaining=12), ((13, 5), food_remaining=10), ((3, 5), food_remaining=12), ((11, 3), food_remaining=13), ((14, 5), food_remaining=10), ((4, 4), food_remaining=12), ((4, 4), food_remaining=11), ((4, 3), food_remaining=13), ((4, 3), food_remaining=12), ((12, 5), food_remaining=11), ((9, 3), food_remaining=12), ((12, 5), food_remaining=10), ((7, 4), food_remaining=11), ((13, 3), food_remaining=11), ((12, 3), food_remaining=13), ((11, 3), food_remaining=12), ((3, 3), food_remaining=13), ((7, 5), food_remaining=12), ((6, 3), food_remaining=13), ((6, 3), food_remaining=12), ((12, 3), food_remaining=12), ((10, 3), food_remaining=13), ((5, 3), food_remaining=13), ((5, 3), food_remaining=12), ((10, 3), food_remaining=12), ((13, 4), food_remaining=10), ... (+22 more)]",8,50,58
63,"((11, 3), food_remaining=12)","((10, 3), food_remaining=12)",East,"['((12, 3), food_remaining=12)', '((10, 3), food_remaining=12)']","['((11, 3), food_remaining=12)', '((3, 3), food_remaining=12)', '((5, 5), food_remaining=12)', '((10, 3), food_remaining=11)', '((5, 3), food_remaining=12)', '((7, 3), food_remaining=11)', '((10, 5), food_remaining=11)', '((13, 3), food_remaining=10)', '((12, 5), food_remaining=10)', '((7, 5), food_remaining=11)', '((14, 5), food_remaining=10)', '((11, 5), food_remaining=11)', '((4, 5), food_remaining=12)', '((12, 5), food_remaining=12)', '((2, 5), food_remaining=12)', '((12, 5), food_remaining=11)', '((12, 3), food_remaining=12)', '((13, 4), food_remaining=9)', '((12, 3), food_remaining=11)', '((15, 3), food_remaining=13)', '((4, 3), food_remaining=12)', '((13, 4), food_remaining=11)', '((11, 5), food_remaining=10)', '((14, 3), food_remaining=12)', '((14, 5), food_remaining=9)', '((14, 3), food_remaining=11)', '((15, 3), food_remaining=12)', '((2, 3), food_remaining=13)', '((4, 5), food_remaining=11)', '((4, 3), food_remaining=11)']","['((3, 3), food_remaining=12)', '((5, 3), food_remaining=12)', '((5, 5), food_remaining=12)', '((10, 3), food_remaining=11)', '((7, 5), food_remaining=11)', '((7, 3), food_remaining=11)', '((10, 5), food_remaining=11)', '((13, 3), food_remaining=10)', '((12, 5), food_remaining=10)', '((15, 3), food_remaining=13)', '((14, 5), food_remaining=10)', '((11, 5), food_remaining=11)', '((4, 5), food_remaining=12)', '((12, 5), food_remaining=12)', '((2, 5), food_remaining=12)', '((12, 5), food_remaining=11)', '((12, 3), food_remaining=12)', '((13, 4), food_remaining=9)', '((12, 3), food_remaining=11)', '((4, 3), food_remaining=11)', '((4, 3), food_remaining=12)', '((13, 4), food_remaining=11)', '((11, 5), food_remaining=10)', '((14, 3), food_remaining=12)', '((14, 5), food_remaining=9)', '((14, 3), food_remaining=11)', '((15, 3), food_remaining=12)', '((2, 3), food_remaining=13)', '((4, 5), food_remaining=11)', '((12, 3), food_remaining=12)']","[((7, 3), food_remaining=12), ((8, 3), food_remaining=12), ((13, 3), food_remaining=12), ((5, 5), food_remaining=12), ((10, 5), food_remaining=12), ((13, 5), food_remaining=11), ((10, 4), food_remaining=12), ((10, 4), food_remaining=11), ((9, 5), food_remaining=12), ((8, 5), food_remaining=12), ((10, 5), food_remaining=12), ((9, 3), food_remaining=13), ((9, 3), food_remaining=12), ((7, 4), food_remaining=12), ((13, 3), food_remaining=12), ((13, 5), food_remaining=10), ((3, 5), food_remaining=12), ((11, 3), food_remaining=13), ((14, 5), food_remaining=10), ((11, 3), food_remaining=12), ((4, 4), food_remaining=12), ((4, 4), food_remaining=11), ((4, 3), food_remaining=13), ((4, 3), food_remaining=12), ((12, 5), food_remaining=11), ((9, 3), food_remaining=12), ((12, 5), food_remaining=10), ((7, 4), food_remaining=11), ((13, 3), food_remaining=11), ((12, 3), food_remaining=13), ((11, 3), food_remaining=12), ((3, 3), food_remaining=13), ((7, 5), food_remaining=12), ((6, 3), food_remaining=13), ((6, 3), food_remaining=12), ((12, 3), food_remaining=12), ((10, 3), food_remaining=13), ((5, 3), food_remaining=13), ((5, 3), food_remaining=12), ((10, 3), food_remaining=12), ... (+23 more)]",8,50,58
64,"((3, 3), food_remaining=12)","((4, 3), food_remaining=12)",West,"['((4, 3), food_remaining=12)', '((2, 3), food_remaining=12)']","['((3, 3), food_remaining=12)', '((5, 3), food_remaining=12)', '((5, 5), food_remaining=12)', '((10, 3), food_remaining=11)', '((7, 5), food_remaining=11)', '((7, 3), food_remaining=11)', '((10, 5), food_remaining=11)', '((13, 3), food_remaining=10)', '((12, 5), food_remaining=10)', '((15, 3), food_remaining=13)', '((14, 5), food_remaining=10)', '((11, 5), food_remaining=11)', '((4, 5), food_remaining=12)', '((12, 5), food_remaining=12)', '((2, 5), food_remaining=12)', '((12, 5), food_remaining=11)', '((12, 3), food_remaining=12)', '((13, 4), food_remaining=9)', '((12, 3), food_remaining=11)', '((4, 3), food_remaining=11)', '((4, 3), food_remaining=12)', '((13, 4), food_remaining=11)', '((11, 5), food_remaining=10)', '((14, 3), food_remaining=12)', '((14, 5), food_remaining=9)', '((14, 3), food_remaining=11)', '((15, 3), food_remaining=12)', '((2, 3), food_remaining=13)', '((4, 5), food_remaining=11)', '((12, 3), food_remaining=12)']","['((5, 5), food_remaining=12)', '((5, 3), food_remaining=12)', '((7, 3), food_remaining=11)', '((10, 3), food_remaining=11)', '((7, 5), food_remaining=11)', '((4, 5), food_remaining=12)', '((10, 5), food_remaining=11)', '((13, 3), food_remaining=10)', '((12, 5), food_remaining=10)', '((15, 3), food_remaining=13)', '((14, 5), food_remaining=10)', '((11, 5), food_remaining=11)', '((15, 3), food_remaining=12)', '((12, 5), food_remaining=12)', '((2, 5), food_remaining=12)', '((12, 5), food_remaining=11)', '((12, 3), food_remaining=12)', '((13, 4), food_remaining=9)', '((12, 3), food_remaining=11)', '((4, 3), food_remaining=11)', '((4, 3), food_remaining=12)', '((13, 4), food_remaining=11)', '((11, 5), food_remaining=10)', '((14, 3), food_remaining=12)', '((14, 5), food_remaining=9)', '((14, 3), food_remaining=11)', '((12, 3), food_remaining=12)', '((2, 3), food_remaining=13)', '((4, 5), food_remaining=11)', '((2, 3), food_remaining=12)']","[((7, 3), food_remaining=12), ((8, 3), food_remaining=12), ((13, 3), food_remaining=12), ((5, 5), food_remaining=12), ((10, 5), food_remaining=12), ((13, 5), food_remaining=11), ((10, 4), food_remaining=12), ((10, 4), food_remaining=11), ((9, 5), food_remaining=12), ((8, 5), food_remaining=12), ((10, 5), food_remaining=12), ((9, 3), food_remaining=13), ((9, 3), food_remaining=12), ((7, 4), food_remaining=12), ((13, 3), food_remaining=12), ((13, 5), food_remaining=10), ((3, 5), food_remaining=12), ((11, 3), food_remaining=13), ((14, 5), food_remaining=10), ((11, 3), food_remaining=12), ((4, 4), food_remaining=12), ((4, 4), food_remaining=11), ((4, 3), food_remaining=13), ((4, 3), food_remaining=12), ((12, 5), food_remaining=11), ((9, 3), food_remaining=12), ((12, 5), food_remaining=10), ((7, 4), food_remaining=11), ((13, 3), food_remaining=11), ((12, 3), food_remaining=13), ((11, 3), food_remaining=12), ((3, 3), food_remaining=13), ((3, 3), food_remaining=12), ((7, 5), food_remaining=12), ((6, 3), food_remaining=13), ((6, 3), food_remaining=12), ((12, 3), food_remaining=12), ((10, 3), food_remaining=13), ((5, 3), food_remaining=13), ((5, 3), food_remaining=12), ... (+24 more)]",8,50,58
65,"((5, 5), food_remaining=12)","((6, 5), food_remaining=12)",West,"['((6, 5), food_remaining=12)', '((4, 5), food_remaining=12)']","['((5, 5), food_remaining=12)', '((5, 3), food_remaining=12)', '((7, 3), food_remaining=11)', '((10, 3), food_remaining=11)', '((7, 5), food_remaining=11)', '((4, 5), food_remaining=12)', '((10, 5), food_remaining=11)', '((13, 3), food_remaining=10)', '((12, 5), food_remaining=10)', '((15, 3), food_remaining=13)', '((14, 5), food_remaining=10)', '((11, 5), food_remaining=11)', '((15, 3), food_remaining=12)', '((12, 5), food_remaining=12)', '((2, 5), food_remaining=12)', '((12, 5), food_remaining=11)', '((12, 3), food_remaining=12)', '((13, 4), food_remaining=9)', '((12, 3), food_remaining=11)', '((4, 3), food_remaining=11)', '((4, 3), food_remaining=12)', '((13, 4), food_remaining=11)', '((11, 5), food_remaining=10)', '((14, 3), food_remaining=12)', '((14, 5), food_remaining=9)', '((14, 3), food_remaining=11)', '((12, 3), food_remaining=12)', '((2, 3), food_remaining=13)', '((4, 5), food_remaining=11)', '((2, 3), food_remaining=12)']","['((5, 3), food_remaining=12)', '((7, 5), food_remaining=11)', '((7, 3), food_remaining=11)', '((10, 3), food_remaining=11)', '((15, 3), food_remaining=13)', '((4, 5), food_remaining=12)', '((10, 5), food_remaining=11)', '((13, 3), food_remaining=10)', '((12, 5), food_remaining=10)', '((4, 3), food_remaining=12)', '((14, 5), food_remaining=10)', '((11, 5), food_remaining=11)', '((15, 3), food_remaining=12)', '((12, 5), food_remaining=12)', '((2, 5), food_remaining=12)', '((12, 5), food_remaining=11)', '((12, 3), food_remaining=12)', '((13, 4), food_remaining=9)', '((12, 3), food_remaining=11)', '((4, 3), food_remaining=11)', '((2, 3), food_remaining=12)', '((13, 4), food_remaining=11)', '((11, 5), food_remaining=10)', '((14, 3), food_remaining=12)', '((14, 5), food_remaining=9)', '((14, 3), food_remaining=11)', '((12, 3), food_remaining=12)', '((2, 3), food_remaining=13)', '((4, 5), food_remaining=11)', '((4, 5), food_remaining=12)']","[((7, 3), food_remaining=12), ((8, 3), food_remaining=12), ((13, 3), food_remaining=12), ((5, 5), food_remaining=12), ((10, 5), food_remaining=12), ((13, 5), food_remaining=11), ((10, 4), food_remaining=12), ((10, 4), food_remaining=11), ((9, 5), food_remaining=12), ((8, 5), food_remaining=12), ((10, 5), food_remaining=12), ((9, 3), food_remaining=13), ((9, 3), food_remaining=12), ((7, 4), food_remaining=12), ((13, 3), food_remaining=12), ((13, 5), food_remaining=10), ((3, 5), food_remaining=12), ((5, 5), food_remaining=12), ((11, 3), food_remaining=13), ((14, 5), food_remaining=10), ((11, 3), food_remaining=12), ((4, 4), food_remaining=12), ((4, 4), food_remaining=11), ((4, 3), food_remaining=13), ((4, 3), food_remaining=12), ((12, 5), food_remaining=11), ((9, 3), food_remaining=12), ((12, 5), food_remaining=10), ((7, 4), food_remaining=11), ((13, 3), food_remaining=11), ((12, 3), food_remaining=13), ((11, 3), food_remaining=12), ((3, 3), food_remaining=13), ((3, 3), food_remaining=12), ((7, 5), food_remaining=12), ((6, 3), food_remaining=13), ((6, 3), food_remaining=12), ((12, 3), food_remaining=12), ((10, 3), food_remaining=13), ((5, 3), food_remaining=13), ... (+25 more)]",8,50,58
66,"((5, 3), food_remaining=12)","((6, 3), food_remaining=12)",West,"['((6, 3), food_remaining=12)', '((4, 3), food_remaining=12)']","['((5, 3), food_remaining=12)', '((7, 5), food_remaining=11)', '((7, 3), food_remaining=11)', '((10, 3), food_remaining=11)', '((15, 3), food_remaining=13)', '((4, 5), food_remaining=12)', '((10, 5), food_remaining=11)', '((13, 3), food_remaining=10)', '((12, 5), food_remaining=10)', '((4, 3), food_remaining=12)', '((14, 5), food_remaining=10)', '((11, 5), food_remaining=11)', '((15, 3), food_remaining=12)', '((12, 5), food_remaining=12)', '((2, 5), food_remaining=12)', '((12, 5), food_remaining=11)', '((12, 3), food_remaining=12)', '((13, 4), food_remaining=9)', '((12, 3), food_remaining=11)', '((4, 3), food_remaining=11)', '((2, 3), food_remaining=12)', '((13, 4), food_remaining=11)', '((11, 5), food_remaining=10)', '((14, 3), food_remaining=12)', '((14, 5), food_remaining=9)', '((14, 3), food_remaining=11)', '((12, 3), food_remaining=12)', '((2, 3), food_remaining=13)', '((4, 5), food_remaining=11)', '((4, 5), food_remaining=12)']","['((7, 5), food_remaining=11)', '((4, 5), food_remaining=12)', '((7, 3), food_remaining=11)', '((10, 3), food_remaining=11)', '((15, 3), food_remaining=13)', '((4, 5), food_remaining=12)', '((10, 5), food_remaining=11)', '((13, 3), food_remaining=10)', '((12, 5), food_remaining=10)', '((4, 3), food_remaining=12)', '((14, 5), food_remaining=10)', '((11, 5), food_remaining=11)', '((15, 3), food_remaining=12)', '((12, 5), food_remaining=12)', '((2, 5), food_remaining=12)', '((12, 5), food_remaining=11)', '((12, 3), food_remaining=12)', '((13, 4), food_remaining=9)', '((12, 3), food_remaining=11)', '((4, 3), food_remaining=11)', '((2, 3), food_remaining=12)', '((13, 4), food_remaining=11)', '((11, 5), food_remaining=10)', '((14, 3), food_remaining=12)', '((14, 5), food_remaining=9)', '((14, 3), food_remaining=11)', '((12, 3), food_remaining=12)', '((2, 3), food_remaining=13)', '((4, 5), food_remaining=11)', '((4, 3), food_remaining=12)']","[((7, 3), food_remaining=12), ((8, 3), food_remaining=12), ((13, 3), food_remaining=12), ((5, 5), food_remaining=12), ((10, 5), food_remaining=12), ((13, 5), food_remaining=11), ((10, 4), food_remaining=12), ((10, 4), food_remaining=11), ((9, 5), food_remaining=12), ((8, 5), food_remaining=12), ((10, 5), food_remaining=12), ((9, 3), food_remaining=13), ((9, 3), food_remaining=12), ((7, 4), food_remaining=12), ((13, 3), food_remaining=12), ((13, 5), food_remaining=10), ((3, 5), food_remaining=12), ((5, 5), food_remaining=12), ((11, 3), food_remaining=13), ((14, 5), food_remaining=10), ((11, 3), food_remaining=12), ((4, 4), food_remaining=12), ((4, 4), food_remaining=11), ((4, 3), food_remaining=13), ((4, 3), food_remaining=12), ((12, 5), food_remaining=11), ((9, 3), food_remaining=12), ((12, 5), food_remaining=10), ((7, 4), food_remaining=11), ((13, 3), food_remaining=11), ((12, 3), food_remaining=13), ((11, 3), food_remaining=12), ((3, 3), food_remaining=13), ((3, 3), food_remaining=12), ((7, 5), food_remaining=12), ((6, 3), food_remaining=13), ((6, 3), food_remaining=12), ((12, 3), food_remaining=12), ((10, 3), food_remaining=13), ((5, 3), food_remaining=13), ... (+26 more)]",8,50,58
67,"((7, 5), food_remaining=11)","((7, 4), food_remaining=11)",North,"['((7, 4), food_remaining=11)', '((8, 5), food_remaining=11)', '((6, 5), food_remaining=11)']","['((7, 5), food_remaining=11)', '((4, 5), food_remaining=12)', '((7, 3), food_remaining=11)', '((10, 3), food_remaining=11)', '((15, 3), food_remaining=13)', '((4, 5), food_remaining=12)', '((10, 5), food_remaining=11)', '((13, 3), food_remaining=10)', '((12, 5), food_remaining=10)', '((4, 3), food_remaining=12)', '((14, 5), food_remaining=10)', '((11, 5), food_remaining=11)', '((15, 3), food_remaining=12)', '((12, 5), food_remaining=12)', '((2, 5), food_remaining=12)', '((12, 5), food_remaining=11)', '((12, 3), food_remaining=12)', '((13, 4), food_remaining=9)', '((12, 3), food_remaining=11)', '((4, 3), food_remaining=11)', '((2, 3), food_remaining=12)', '((13, 4), food_remaining=11)', '((11, 5), food_remaining=10)', '((14, 3), food_remaining=12)', '((14, 5), food_remaining=9)', '((14, 3), food_remaining=11)', '((12, 3), food_remaining=12)', '((2, 3), food_remaining=13)', '((4, 5), food_remaining=11)', '((4, 3), food_remaining=12)']","['((7, 3), food_remaining=11)', '((4, 5), food_remaining=12)', '((4, 5), food_remaining=12)', '((10, 3), food_remaining=11)', '((15, 3), food_remaining=13)', '((4, 3), food_remaining=12)', '((10, 5), food_remaining=11)', '((13, 3), food_remaining=10)', '((12, 5), food_remaining=10)', '((4, 3), food_remaining=12)', '((14, 5), food_remaining=10)', '((11, 5), food_remaining=11)', '((15, 3), food_remaining=12)', '((12, 5), food_remaining=12)', '((2, 5), food_remaining=12)', '((12, 5), food_remaining=11)', '((12, 3), food_remaining=12)', '((13, 4), food_remaining=9)', '((12, 3), food_remaining=11)', '((4, 3), food_remaining=11)', '((2, 3), food_remaining=12)', '((13, 4), food_remaining=11)', '((11, 5), food_remaining=10)', '((14, 3), food_remaining=12)', '((14, 5), food_remaining=9)', '((14, 3), food_remaining=11)', '((12, 3), food_remaining=12)', '((2, 3), food_remaining=13)', '((4, 5), food_remaining=11)', '((8, 5), food_remaining=11)', '((6, 5), food_remaining=11)']","[((7, 3), food_remaining=12), ((8, 3), food_remaining=12), ((13, 3), food_remaining=12), ((5, 5), food_remaining=12), ((10, 5), food_remaining=12), ((13, 5), food_remaining=11), ((10, 4), food_remaining=12), ((10, 4), food_remaining=11), ((9, 5), food_remaining=12), ((8, 5), food_remaining=12), ((10, 5), food_remaining=12), ((9, 3), food_remaining=13), ((9, 3), food_remaining=12), ((7, 4), food_remaining=12), ((13, 3), food_remaining=12), ((13, 5), food_remaining=10), ((3, 5), food_remaining=12), ((5, 5), food_remaining=12), ((11, 3), food_remaining=13), ((14, 5), food_remaining=10), ((11, 3), food_remaining=12), ((4, 4), food_remaining=12), ((4, 4), food_remaining=11), ((4, 3), food_remaining=13), ((4, 3), food_remaining=12), ((12, 5), food_remaining=11), ((9, 3), food_remaining=12), ((12, 5), food_remaining=10), ((7, 4), food_remaining=11), ((13, 3), food_remaining=11), ((12, 3), food_remaining=13), ((11, 3), food_remaining=12), ((3, 3), food_remaining=13), ((3, 3), food_remaining=12), ((7, 5), food_remaining=12), ((6, 3), food_remaining=13), ((6, 3), food_remaining=12), ((12, 3), food_remaining=12), ((10, 3), food_remaining=13), ((5, 3), food_remaining=13), ... (+27 more)]",8,50,58
68,"((7, 3), food_remaining=11)","((7, 4), food_remaining=11)",South,"['((7, 4), food_remaining=11)', '((8, 3), food_remaining=11)', '((6, 3), food_remaining=11)']","['((7, 3), food_remaining=11)', '((4, 5), food_remaining=12)', '((4, 5), food_remaining=12)', '((10, 3), food_remaining=11)', '((15, 3), food_remaining=13)', '((4, 3), food_remaining=12)', '((10, 5), food_remaining=11)', '((13, 3), food_remaining=10)', '((12, 5), food_remaining=10)', '((4, 3), food_remaining=12)', '((14, 5), food_remaining=10)', '((11, 5), food_remaining=11)', '((15, 3), food_remaining=12)', '((12, 5), food_remaining=12)', '((2, 5), food_remaining=12)', '((12, 5), food_remaining=11)', '((12, 3), food_remaining=12)', '((13, 4), food_remaining=9)', '((12, 3), food_remaining=11)', '((4, 3), food_remaining=11)', '((2, 3), food_remaining=12)', '((13, 4), food_remaining=11)', '((11, 5), food_remaining=10)', '((14, 3), food_remaining=12)', '((14, 5), food_remaining=9)', '((14, 3), food_remaining=11)', '((12, 3), food_remaining=12)', '((2, 3), food_remaining=13)', '((4, 5), food_remaining=11)', '((8, 5), food_remaining=11)', '((6, 5), food_remaining=11)']","['((4, 5), food_remaining=12)', '((4, 5), food_remaining=12)', '((10, 5), food_remaining=11)', '((6, 3), food_remaining=11)', '((15, 3), food_remaining=13)', '((4, 3), food_remaining=12)', '((12, 5), food_remaining=12)', '((10, 3), food_remaining=11)', '((12, 5), food_remaining=10)', '((4, 3), food_remaining=12)', '((14, 5), food_remaining=10)', '((11, 5), food_remaining=11)', '((15, 3), food_remaining=12)', '((4, 5), food_remaining=11)', '((2, 5), food_remaining=12)', '((13, 3), food_remaining=10)', '((12, 3), food_remaining=12)', '((13, 4), food_remaining=9)', '((12, 3), food_remaining=11)', '((4, 3), food_remaining=11)', '((2, 3), food_remaining=12)', '((13, 4), food_remaining=11)', '((11, 5), food_remaining=10)', '((14, 3), food_remaining=12)', '((14, 5), food_remaining=9)', '((14, 3), food_remaining=11)', '((12, 3), food_remaining=12)', '((2, 3), food_remaining=13)', '((6, 5), food_remaining=11)', '((8, 5), food_remaining=11)', '((8, 3), food_remaining=11)', '((12, 5), food_remaining=11)']","[((7, 3), food_remaining=12), ((8, 3), food_remaining=12), ((13, 3), food_remaining=12), ((5, 5), food_remaining=12), ((10, 5), food_remaining=12), ((13, 5), food_remaining=11), ((7, 3), food_remaining=11), ((10, 4), food_remaining=12), ((10, 4), food_remaining=11), ((9, 5), food_remaining=12), ((8, 5), food_remaining=12), ((10, 5), food_remaining=12), ((9, 3), food_remaining=13), ((9, 3), food_remaining=12), ((7, 4), food_remaining=12), ((13, 3), food_remaining=12), ((13, 5), food_remaining=10), ((3, 5), food_remaining=12), ((5, 5), food_remaining=12), ((11, 3), food_remaining=13), ((14, 5), food_remaining=10), ((11, 3), food_remaining=12), ((4, 4), food_remaining=12), ((4, 4), food_remaining=11), ((4, 3), food_remaining=13), ((4, 3), food_remaining=12), ((12, 5), food_remaining=11), ((9, 3), food_remaining=12), ((12, 5), food_remaining=10), ((7, 4), food_remaining=11), ((13, 3), food_remaining=11), ((12, 3), food_remaining=13), ((11, 3), food_remaining=12), ((3, 3), food_remaining=13), ((3, 3), food_remaining=12), ((7, 5), food_remaining=12), ((6, 3), food_remaining=13), ((6, 3), food_remaining=12), ((12, 3), food_remaining=12), ((10, 3), food_remaining=13), ... (+28 more)]",8,50,58
69,"((4, 5), food_remaining=12)","((4, 4), food_remaining=12)",North,"['((4, 4), food_remaining=12)', '((5, 5), food_remaining=12)', '((3, 5), food_remaining=12)']","['((4, 5), food_remaining=12)', '((4, 5), food_remaining=12)', '((10, 5), food_remaining=11)', '((6, 3), food_remaining=11)', '((15, 3), food_remaining=13)', '((4, 3), food_remaining=12)', '((12, 5), food_remaining=12)', '((10, 3), food_remaining=11)', '((12, 5), food_remaining=10)', '((4, 3), food_remaining=12)', '((14, 5), food_remaining=10)', '((11, 5), food_remaining=11)', '((15, 3), food_remaining=12)', '((4, 5), food_remaining=11)', '((2, 5), food_remaining=12)', '((13, 3), food_remaining=10)', '((12, 3), food_remaining=12)', '((13, 4), food_remaining=9)', '((12, 3), food_remaining=11)', '((4, 3), food_remaining=11)', '((2, 3), food_remaining=12)', '((13, 4), food_remaining=11)', '((11, 5), food_remaining=10)', '((14, 3), food_remaining=12)', '((14, 5), food_remaining=9)', '((14, 3), food_remaining=11)', '((12, 3), food_remaining=12)', '((2, 3), food_remaining=13)', '((6, 5), food_remaining=11)', '((8, 5), food_remaining=11)', '((8, 3), food_remaining=11)', '((12, 5), food_remaining=11)']","['((10, 5), food_remaining=11)', '((4, 5), food_remaining=12)', '((12, 5), food_remaining=12)', '((6, 3), food_remaining=11)', '((15, 3), food_remaining=13)', '((4, 3), food_remaining=12)', '((4, 5), food_remaining=11)', '((3, 5), food_remaining=12)', '((12, 5), food_remaining=10)', '((4, 3), food_remaining=12)', '((14, 5), food_remaining=10)', '((11, 5), food_remaining=11)', '((15, 3), food_remaining=12)', '((6, 5), food_remaining=11)', '((2, 5), food_remaining=12)', '((10, 3), food_remaining=11)', '((12, 3), food_remaining=12)', '((13, 4), food_remaining=9)', '((12, 3), food_remaining=11)', '((4, 3), food_remaining=11)', '((2, 3), food_remaining=12)', '((13, 4), food_remaining=11)', '((11, 5), food_remaining=10)', '((14, 3), food_remaining=12)', '((14, 5), food_remaining=9)', '((14, 3), food_remaining=11)', '((12, 3), food_remaining=12)', '((2, 3), food_remaining=13)', '((12, 5), food_remaining=11)', '((8, 5), food_remaining=11)', '((8, 3), food_remaining=11)', '((13, 3), food_remaining=10)', '((5, 5), food_remaining=12)']","[((7, 3), food_remaining=12), ((8, 3), food_remaining=12), ((13, 3), food_remaining=12), ((5, 5), food_remaining=12), ((10, 5), food_remaining=12), ((13, 5), food_remaining=11), ((7, 3), food_remaining=11), ((10, 4), food_remaining=12), ((10, 4), food_remaining=11), ((9, 5), food_remaining=12), ((8, 5), food_remaining=12), ((10, 5), food_remaining=12), ((9, 3), food_remaining=13), ((9, 3), food_remaining=12), ((7, 4), food_remaining=12), ((13, 3), food_remaining=12), ((13, 5), food_remaining=10), ((3, 5), food_remaining=12), ((5, 5), food_remaining=12), ((11, 3), food_remaining=13), ((14, 5), food_remaining=10), ((11, 3), food_remaining=12), ((4, 4), food_remaining=12), ((4, 4), food_remaining=11), ((4, 3), food_remaining=13), ((4, 3), food_remaining=12), ((12, 5), food_remaining=11), ((9, 3), food_remaining=12), ((12, 5), food_remaining=10), ((7, 4), food_remaining=11), ((13, 3), food_remaining=11), ((12, 3), food_remaining=13), ((11, 3), food_remaining=12), ((3, 3), food_remaining=13), ((3, 3), food_remaining=12), ((7, 5), food_remaining=12), ((6, 3), food_remaining=13), ((6, 3), food_remaining=12), ((12, 3), food_remaining=12), ((10, 3), food_remaining=13), ... (+29 more)]",7,51,58
70,"((10, 5), food_remaining=11)","((10, 4), food_remaining=11)",North,"['((10, 4), food_remaining=11)', '((11, 5), food_remaining=11)', '((9, 5), food_remaining=11)']","['((10, 5), food_remaining=11)', '((4, 5), food_remaining=12)', '((12, 5), food_remaining=12)', '((6, 3), food_remaining=11)', '((15, 3), food_remaining=13)', '((4, 3), food_remaining=12)', '((4, 5), food_remaining=11)', '((3, 5), food_remaining=12)', '((12, 5), food_remaining=10)', '((4, 3), food_remaining=12)', '((14, 5), food_remaining=10)', '((11, 5), food_remaining=11)', '((15, 3), food_remaining=12)', '((6, 5), food_remaining=11)', '((2, 5), food_remaining=12)', '((10, 3), food_remaining=11)', '((12, 3), food_remaining=12)', '((13, 4), food_remaining=9)', '((12, 3), food_remaining=11)', '((4, 3), food_remaining=11)', '((2, 3), food_remaining=12)', '((13, 4), food_remaining=11)', '((11, 5), food_remaining=10)', '((14, 3), food_remaining=12)', '((14, 5), food_remaining=9)', '((14, 3), food_remaining=11)', '((12, 3), food_remaining=12)', '((2, 3), food_remaining=13)', '((12, 5), food_remaining=11)', '((8, 5), food_remaining=11)', '((8, 3), food_remaining=11)', '((13, 3), food_remaining=10)', '((5, 5), food_remaining=12)']","['((12, 5), food_remaining=12)', '((4, 5), food_remaining=12)', '((4, 5), food_remaining=11)', '((6, 3), food_remaining=11)', '((15, 3), food_remaining=13)', '((4, 3), food_remaining=12)', '((2, 5), food_remaining=12)', '((3, 5), food_remaining=12)', '((12, 5), food_remaining=10)', '((4, 3), food_remaining=12)', '((14, 5), food_remaining=10)', '((11, 5), food_remaining=11)', '((15, 3), food_remaining=12)', '((6, 5), food_remaining=11)', '((5, 5), food_remaining=12)', '((11, 5), food_remaining=11)', '((12, 3), food_remaining=12)', '((13, 4), food_remaining=9)', '((12, 3), food_remaining=11)', '((4, 3), food_remaining=11)', '((2, 3), food_remaining=12)', '((13, 4), food_remaining=11)', '((11, 5), food_remaining=10)', '((14, 3), food_remaining=12)', '((14, 5), food_remaining=9)', '((14, 3), food_remaining=11)', '((12, 3), food_remaining=12)', '((2, 3), food_remaining=13)', '((12, 5), food_remaining=11)', '((8, 5), food_remaining=11)', '((8, 3), food_remaining=11)', '((13, 3), food_remaining=10)', '((10, 3), food_remaining=11)', '((9, 5), food_remaining=11)']","[((7, 3), food_remaining=12), ((8, 3), food_remaining=12), ((13, 3), food_remaining=12), ((5, 5), food_remaining=12), ((10, 5), food_remaining=12), ((13, 5), food_remaining=11), ((7, 3), food_remaining=11), ((10, 4), food_remaining=12), ((10, 4), food_remaining=11), ((9, 5), food_remaining=12), ((8, 5), food_remaining=12), ((10, 5), food_remaining=12), ((9, 3), food_remaining=13), ((9, 3), food_remaining=12), ((7, 4), food_remaining=12), ((13, 3), food_remaining=12), ((13, 5), food_remaining=10), ((3, 5), food_remaining=12), ((5, 5), food_remaining=12), ((10, 5), food_remaining=11), ((11, 3), food_remaining=13), ((14, 5), food_remaining=10), ((11, 3), food_remaining=12), ((4, 4), food_remaining=12), ((4, 4), food_remaining=11), ((4, 3), food_remaining=13), ((4, 3), food_remaining=12), ((12, 5), food_remaining=11), ((9, 3), food_remaining=12), ((12, 5), food_remaining=10), ((7, 4), food_remaining=11), ((13, 3), food_remaining=11), ((12, 3), food_remaining=13), ((11, 3), food_remaining=12), ((3, 3), food_remaining=13), ((3, 3), food_remaining=12), ((7, 5), food_remaining=12), ((6, 3), food_remaining=13), ((6, 3), food_remaining=12), ((12, 3), food_remaining=12), ... (+30 more)]",9,49,58
71,"((12, 5), food_remaining=12)","((11, 5), food_remaining=12)",East,"['((13, 5), food_remaining=11)', '((11, 5), food_remaining=12)']","['((12, 5), food_remaining=12)', '((4, 5), food_remaining=12)', '((4, 5), food_remaining=11)', '((6, 3), food_remaining=11)', '((15, 3), food_remaining=13)', '((4, 3), food_remaining=12)', '((2, 5), food_remaining=12)', '((3, 5), food_remaining=12)', '((12, 5), food_remaining=10)', '((4, 3), food_remaining=12)', '((14, 5), food_remaining=10)', '((11, 5), food_remaining=11)', '((15, 3), food_remaining=12)', '((6, 5), food_remaining=11)', '((5, 5), food_remaining=12)', '((11, 5), food_remaining=11)', '((12, 3), food_remaining=12)', '((13, 4), food_remaining=9)', '((12, 3), food_remaining=11)', '((4, 3), food_remaining=11)', '((2, 3), food_remaining=12)', '((13, 4), food_remaining=11)', '((11, 5), food_remaining=10)', '((14, 3), food_remaining=12)', '((14, 5), food_remaining=9)', '((14, 3), food_remaining=11)', '((12, 3), food_remaining=12)', '((2, 3), food_remaining=13)', '((12, 5), food_remaining=11)', '((8, 5), food_remaining=11)', '((8, 3), food_remaining=11)', '((13, 3), food_remaining=10)', '((10, 3), food_remaining=11)', '((9, 5), food_remaining=11)']","['((4, 5), food_remaining=11)', '((4, 5), food_remaining=12)', '((2, 5), food_remaining=12)', '((6, 3), food_remaining=11)', '((15, 3), food_remaining=13)', '((4, 3), food_remaining=12)', '((6, 5), food_remaining=11)', '((3, 5), food_remaining=12)', '((12, 5), food_remaining=10)', '((4, 3), food_remaining=12)', '((14, 5), food_remaining=10)', '((11, 5), food_remaining=11)', '((15, 3), food_remaining=12)', '((2, 3), food_remaining=13)', '((5, 5), food_remaining=12)', '((11, 5), food_remaining=11)', '((12, 3), food_remaining=12)', '((13, 4), food_remaining=9)', '((12, 3), food_remaining=11)', '((4, 3), food_remaining=11)', '((2, 3), food_remaining=12)', '((13, 4), food_remaining=11)', '((11, 5), food_remaining=10)', '((14, 3), food_remaining=12)', '((14, 5), food_remaining=9)', '((14, 3), food_remaining=11)', '((12, 3), food_remaining=12)', '((9, 5), food_remaining=11)', '((12, 5), food_remaining=11)', '((8, 5), food_remaining=11)', '((8, 3), food_remaining=11)', '((13, 3), food_remaining=10)', '((10, 3), food_remaining=11)', '((13, 5), food_remaining=11)']","[((7, 3), food_remaining=12), ((8, 3), food_remaining=12), ((13, 3), food_remaining=12), ((5, 5), food_remaining=12), ((10, 5), food_remaining=12), ((13, 5), food_remaining=11), ((7, 3), food_remaining=11), ((10, 4), food_remaining=12), ((10, 4), food_remaining=11), ((9, 5), food_remaining=12), ((8, 5), food_remaining=12), ((10, 5), food_remaining=12), ((9, 3), food_remaining=13), ((9, 3), food_remaining=12), ((7, 4), food_remaining=12), ((13, 3), food_remaining=12), ((13, 5), food_remaining=10), ((3, 5), food_remaining=12), ((5, 5), food_remaining=12), ((10, 5), food_remaining=11), ((11, 3), food_remaining=13), ((14, 5), food_remaining=10), ((11, 3), food_remaining=12), ((4, 4), food_remaining=12), ((4, 4), food_remaining=11), ((4, 3), food_remaining=13), ((4, 3), food_remaining=12), ((12, 5), food_remaining=11), ((9, 3), food_remaining=12), ((12, 5), food_remaining=10), ((7, 4), food_remaining=11), ((13, 3), food_remaining=11), ((12, 3), food_remaining=13), ((11, 3), food_remaining=12), ((3, 3), food_remaining=13), ((3, 3), food_remaining=12), ((7, 5), food_remaining=12), ((6, 3), food_remaining=13), ((6, 3), food_remaining=12), ((12, 3), food_remaining=12), ... (+31 more)]",9,49,58
72,"((4, 5), food_remaining=11)","((4, 4), food_remaining=11)",North,"['((4, 4), food_remaining=11)', '((5, 5), food_remaining=11)', '((3, 5), food_remaining=11)']","['((4, 5), food_remaining=11)', '((4, 5), food_remaining=12)', '((2, 5), food_remaining=12)', '((6, 3), food_remaining=11)', '((15, 3), food_remaining=13)', '((4, 3), food_remaining=12)', '((6, 5), food_remaining=11)', '((3, 5), food_remaining=12)', '((12, 5), food_remaining=10)', '((4, 3), food_remaining=12)', '((14, 5), food_remaining=10)', '((11, 5), food_remaining=11)', '((15, 3), food_remaining=12)', '((2, 3), food_remaining=13)', '((5, 5), food_remaining=12)', '((11, 5), food_remaining=11)', '((12, 3), food_remaining=12)', '((13, 4), food_remaining=9)', '((12, 3), food_remaining=11)', '((4, 3), food_remaining=11)', '((2, 3), food_remaining=12)', '((13, 4), food_remaining=11)', '((11, 5), food_remaining=10)', '((14, 3), food_remaining=12)', '((14, 5), food_remaining=9)', '((14, 3), food_remaining=11)', '((12, 3), food_remaining=12)', '((9, 5), food_remaining=11)', '((12, 5), food_remaining=11)', '((8, 5), food_remaining=11)', '((8, 3), food_remaining=11)', '((13, 3), food_remaining=10)', '((10, 3), food_remaining=11)', '((13, 5), food_remaining=11)']","['((2, 5), food_remaining=12)', '((4, 5), food_remaining=12)', '((4, 3), food_remaining=12)', '((6, 3), food_remaining=11)', '((15, 3), food_remaining=13)', '((15, 3), food_remaining=12)', '((6, 5), food_remaining=11)', '((3, 5), food_remaining=12)', '((12, 5), food_remaining=10)', '((4, 3), food_remaining=12)', '((14, 5), food_remaining=10)', '((11, 5), food_remaining=11)', '((12, 3), food_remaining=12)', '((2, 3), food_remaining=13)', '((5, 5), food_remaining=12)', '((11, 5), food_remaining=11)', '((3, 5), food_remaining=11)', '((13, 4), food_remaining=9)', '((12, 3), food_remaining=11)', '((4, 3), food_remaining=11)', '((2, 3), food_remaining=12)', '((13, 4), food_remaining=11)', '((11, 5), food_remaining=10)', '((14, 3), food_remaining=12)', '((14, 5), food_remaining=9)', '((14, 3), food_remaining=11)', '((13, 5), food_remaining=11)', '((9, 5), food_remaining=11)', '((12, 5), food_remaining=11)', '((8, 5), food_remaining=11)', '((8, 3), food_remaining=11)', '((13, 3), food_remaining=10)', '((10, 3), food_remaining=11)', '((5, 5), food_remaining=11)', '((12, 3), food_remaining=12)']","[((7, 3), food_remaining=12), ((8, 3), food_remaining=12), ((13, 3), food_remaining=12), ((5, 5), food_remaining=12), ((10, 5), food_remaining=12), ((13, 5), food_remaining=11), ((7, 3), food_remaining=11), ((10, 4), food_remaining=12), ((10, 4), food_remaining=11), ((9, 5), food_remaining=12), ((8, 5), food_remaining=12), ((10, 5), food_remaining=12), ((9, 3), food_remaining=13), ((9, 3), food_remaining=12), ((7, 4), food_remaining=12), ((13, 3), food_remaining=12), ((13, 5), food_remaining=10), ((3, 5), food_remaining=12), ((5, 5), food_remaining=12), ((10, 5), food_remaining=11), ((11, 3), food_remaining=13), ((14, 5), food_remaining=10), ((11, 3), food_remaining=12), ((4, 4), food_remaining=12), ((4, 4), food_remaining=11), ((4, 3), food_remaining=13), ((4, 3), food_remaining=12), ((12, 5), food_remaining=11), ((9, 3), food_remaining=12), ((12, 5), food_remaining=10), ((7, 4), food_remaining=11), ((13, 3), food_remaining=11), ((12, 3), food_remaining=13), ((11, 3), food_remaining=12), ((3, 3), food_remaining=13), ((3, 3), food_remaining=12), ((7, 5), food_remaining=12), ((6, 3), food_remaining=13), ((6, 3), food_remaining=12), ((12, 3), food_remaining=12), ... (+32 more)]",9,49,58
73,"((2, 5), food_remaining=12)","((3, 5), food_remaining=12)",West,"['((3, 5), food_remaining=12)', '((1, 5), food_remaining=11)']","['((2, 5), food_remaining=12)', '((4, 5), food_remaining=12)', '((4, 3), food_remaining=12)', '((6, 3), food_remaining=11)', '((15, 3), food_remaining=13)', '((15, 3), food_remaining=12)', '((6, 5), food_remaining=11)', '((3, 5), food_remaining=12)', '((12, 5), food_remaining=10)', '((4, 3), food_remaining=12)', '((14, 5), food_remaining=10)', '((11, 5), food_remaining=11)', '((12, 3), food_remaining=12)', '((2, 3), food_remaining=13)', '((5, 5), food_remaining=12)', '((11, 5), food_remaining=11)', '((3, 5), food_remaining=11)', '((13, 4), food_remaining=9)', '((12, 3), food_remaining=11)', '((4, 3), food_remaining=11)', '((2, 3), food_remaining=12)', '((13, 4), food_remaining=11)', '((11, 5), food_remaining=10)', '((14, 3), food_remaining=12)', '((14, 5), food_remaining=9)', '((14, 3), food_remaining=11)', '((13, 5), food_remaining=11)', '((9, 5), food_remaining=11)', '((12, 5), food_remaining=11)', '((8, 5), food_remaining=11)', '((8, 3), food_remaining=11)', '((13, 3), food_remaining=10)', '((10, 3), food_remaining=11)', '((5, 5), food_remaining=11)', '((12, 3), food_remaining=12)']","['((4, 5), food_remaining=12)', '((6, 3), food_remaining=11)', '((4, 3), food_remaining=12)', '((3, 5), food_remaining=12)', '((15, 3), food_remaining=13)', '((15, 3), food_remaining=12)', '((6, 5), food_remaining=11)', '((11, 5), food_remaining=11)', '((12, 5), food_remaining=10)', '((4, 3), food_remaining=12)', '((14, 5), food_remaining=10)', '((11, 5), food_remaining=11)', '((12, 3), food_remaining=12)', '((2, 3), food_remaining=13)', '((5, 5), food_remaining=12)', '((10, 3), food_remaining=11)', '((3, 5), food_remaining=11)', '((13, 4), food_remaining=9)', '((12, 3), food_remaining=11)', '((4, 3), food_remaining=11)', '((2, 3), food_remaining=12)', '((13, 4), food_remaining=11)', '((11, 5), food_remaining=10)', '((14, 3), food_remaining=12)', '((14, 5), food_remaining=9)', '((14, 3), food_remaining=11)', '((13, 5), food_remaining=11)', '((9, 5), food_remaining=11)', '((12, 5), food_remaining=11)', '((8, 5), food_remaining=11)', '((8, 3), food_remaining=11)', '((13, 3), food_remaining=10)', '((12, 3), food_remaining=12)', '((5, 5), food_remaining=11)', '((1, 5), food_remaining=11)']","[((7, 3), food_remaining=12), ((8, 3), food_remaining=12), ((13, 3), food_remaining=12), ((5, 5), food_remaining=12), ((10, 5), food_remaining=12), ((13, 5), food_remaining=11), ((7, 3), food_remaining=11), ((10, 4), food_remaining=12), ((10, 4), food_remaining=11), ((9, 5), food_remaining=12), ((8, 5), food_remaining=12), ((10, 5), food_remaining=12), ((9, 3), food_remaining=13), ((9, 3), food_remaining=12), ((7, 4), food_remaining=12), ((13, 3), food_remaining=12), ((13, 5), food_remaining=10), ((3, 5), food_remaining=12), ((5, 5), food_remaining=12), ((10, 5), food_remaining=11), ((11, 3), food_remaining=13), ((14, 5), food_remaining=10), ((11, 3), food_remaining=12), ((4, 4), food_remaining=12), ((4, 4), food_remaining=11), ((4, 3), food_remaining=13), ((4, 3), food_remaining=12), ((12, 5), food_remaining=11), ((9, 3), food_remaining=12), ((12, 5), food_remaining=10), ((7, 4), food_remaining=11), ((13, 3), food_remaining=11), ((12, 3), food_remaining=13), ((11, 3), food_remaining=12), ((3, 3), food_remaining=13), ((3, 3), food_remaining=12), ((7, 5), food_remaining=12), ((6, 3), food_remaining=13), ((6, 3), food_remaining=12), ((12, 3), food_remaining=12), ... (+33 more)]",9,49,58
74,"((4, 5), food_remaining=12)","((5, 5), food_remaining=12)",West,"['((4, 4), food_remaining=11)', '((5, 5), food_remaining=12)', '((3, 5), food_remaining=12)']","['((4, 5), food_remaining=12)', '((6, 3), food_remaining=11)', '((4, 3), food_remaining=12)', '((3, 5), food_remaining=12)', '((15, 3), food_remaining=13)', '((15, 3), food_remaining=12)', '((6, 5), food_remaining=11)', '((11, 5), food_remaining=11)', '((12, 5), food_remaining=10)', '((4, 3), food_remaining=12)', '((14, 5), food_remaining=10)', '((11, 5), food_remaining=11)', '((12, 3), food_remaining=12)', '((2, 3), food_remaining=13)', '((5, 5), food_remaining=12)', '((10, 3), food_remaining=11)', '((3, 5), food_remaining=11)', '((13, 4), food_remaining=9)', '((12, 3), food_remaining=11)', '((4, 3), food_remaining=11)', '((2, 3), food_remaining=12)', '((13, 4), food_remaining=11)', '((11, 5), food_remaining=10)', '((14, 3), food_remaining=12)', '((14, 5), food_remaining=9)', '((14, 3), food_remaining=11)', '((13, 5), food_remaining=11)', '((9, 5), food_remaining=11)', '((12, 5), food_remaining=11)', '((8, 5), food_remaining=11)', '((8, 3), food_remaining=11)', '((13, 3), food_remaining=10)', '((12, 3), food_remaining=12)', '((5, 5), food_remaining=11)', '((1, 5), food_remaining=11)']","['((4, 3), food_remaining=12)', '((6, 3), food_remaining=11)', '((6, 5), food_remaining=11)', '((3, 5), food_remaining=12)', '((15, 3), food_remaining=13)', '((15, 3), food_remaining=12)', '((2, 3), food_remaining=13)', '((11, 5), food_remaining=11)', '((12, 5), food_remaining=10)', '((4, 3), food_remaining=12)', '((14, 5), food_remaining=10)', '((11, 5), food_remaining=11)', '((12, 3), food_remaining=12)', '((1, 5), food_remaining=11)', '((5, 5), food_remaining=12)', '((10, 3), food_remaining=11)', '((3, 5), food_remaining=11)', '((3, 5), food_remaining=12)', '((12, 3), food_remaining=11)', '((4, 3), food_remaining=11)', '((2, 3), food_remaining=12)', '((13, 4), food_remaining=11)', '((11, 5), food_remaining=10)', '((14, 3), food_remaining=12)', '((14, 5), food_remaining=9)', '((14, 3), food_remaining=11)', '((13, 5), food_remaining=11)', '((9, 5), food_remaining=11)', '((12, 5), food_remaining=11)', '((8, 5), food_remaining=11)', '((8, 3), food_remaining=11)', '((13, 3), food_remaining=10)', '((12, 3), food_remaining=12)', '((5, 5), food_remaining=11)', '((4, 4), food_remaining=11)', '((13, 4), food_remaining=9)']","[((7, 3), food_remaining=12), ((8, 3), food_remaining=12), ((13, 3), food_remaining=12), ((5, 5), food_remaining=12), ((10, 5), food_remaining=12), ((13, 5), food_remaining=11), ((7, 3), food_remaining=11), ((10, 4), food_remaining=12), ((10, 4), food_remaining=11), ((9, 5), food_remaining=12), ((8, 5), food_remaining=12), ((4, 5), food_remaining=12), ((10, 5), food_remaining=12), ((9, 3), food_remaining=13), ((9, 3), food_remaining=12), ((7, 4), food_remaining=12), ((13, 3), food_remaining=12), ((13, 5), food_remaining=10), ((3, 5), food_remaining=12), ((5, 5), food_remaining=12), ((10, 5), food_remaining=11), ((11, 3), food_remaining=13), ((14, 5), food_remaining=10), ((11, 3), food_remaining=12), ((4, 4), food_remaining=12), ((4, 4), food_remaining=11), ((4, 3), food_remaining=13), ((4, 3), food_remaining=12), ((12, 5), food_remaining=11), ((9, 3), food_remaining=12), ((12, 5), food_remaining=10), ((7, 4), food_remaining=11), ((13, 3), food_remaining=11), ((12, 3), food_remaining=13), ((11, 3), food_remaining=12), ((3, 3), food_remaining=13), ((3, 3), food_remaining=12), ((7, 5), food_remaining=12), ((6, 3), food_remaining=13), ((6, 3), food_remaining=12), ... (+34 more)]",9,49,58
75,"((4, 3), food_remaining=12)","((5, 3), food_remaining=12)",West,"['((4, 4), food_remaining=11)', '((5, 3), food_remaining=12)', '((3, 3), food_remaining=12)']","['((4, 3), food_remaining=12)', '((6, 3), food_remaining=11)', '((6, 5), food_remaining=11)', '((3, 5), food_remaining=12)', '((15, 3), food_remaining=13)', '((15, 3), food_remaining=12)', '((2, 3), food_remaining=13)', '((11, 5), food_remaining=11)', '((12, 5), food_remaining=10)', '((4, 3), food_remaining=12)', '((14, 5), food_remaining=10)', '((11, 5), food_remaining=11)', '((12, 3), food_remaining=12)', '((1, 5), food_remaining=11)', '((5, 5), food_remaining=12)', '((10, 3), food_remaining=11)', '((3, 5), food_remaining=11)', '((3, 5), food_remaining=12)', '((12, 3), food_remaining=11)', '((4, 3), food_remaining=11)', '((2, 3), food_remaining=12)', '((13, 4), food_remaining=11)', '((11, 5), food_remaining=10)', '((14, 3), food_remaining=12)', '((14, 5), food_remaining=9)', '((14, 3), food_remaining=11)', '((13, 5), food_remaining=11)', '((9, 5), food_remaining=11)', '((12, 5), food_remaining=11)', '((8, 5), food_remaining=11)', '((8, 3), food_remaining=11)', '((13, 3), food_remaining=10)', '((12, 3), food_remaining=12)', '((5, 5), food_remaining=11)', '((4, 4), food_remaining=11)', '((13, 4), food_remaining=9)']","['((6, 5), food_remaining=11)', '((6, 3), food_remaining=11)', '((15, 3), food_remaining=12)', '((3, 5), food_remaining=12)', '((15, 3), food_remaining=13)', '((12, 3), food_remaining=12)', '((2, 3), food_remaining=13)', '((11, 5), food_remaining=11)', '((12, 5), food_remaining=10)', '((4, 3), food_remaining=12)', '((14, 5), food_remaining=10)', '((11, 5), food_remaining=11)', '((14, 3), food_remaining=11)', '((1, 5), food_remaining=11)', '((5, 5), food_remaining=12)', '((10, 3), food_remaining=11)', '((3, 5), food_remaining=11)', '((3, 5), food_remaining=12)', '((12, 3), food_remaining=11)', '((4, 3), food_remaining=11)', '((2, 3), food_remaining=12)', '((13, 4), food_remaining=11)', '((11, 5), food_remaining=10)', '((14, 3), food_remaining=12)', '((14, 5), food_remaining=9)', '((13, 4), food_remaining=9)', '((13, 5), food_remaining=11)', '((9, 5), food_remaining=11)', '((12, 5), food_remaining=11)', '((8, 5), food_remaining=11)', '((8, 3), food_remaining=11)', '((13, 3), food_remaining=10)', '((12, 3), food_remaining=12)', '((5, 5), food_remaining=11)', '((4, 4), food_remaining=11)', '((3, 3), food_remaining=12)']","[((7, 3), food_remaining=12), ((8, 3), food_remaining=12), ((13, 3), food_remaining=12), ((5, 5), food_remaining=12), ((10, 5), food_remaining=12), ((13, 5), food_remaining=11), ((7, 3), food_remaining=11), ((10, 4), food_remaining=12), ((10, 4), food_remaining=11), ((9, 5), food_remaining=12), ((8, 5), food_remaining=12), ((4, 5), food_remaining=12), ((10, 5), food_remaining=12), ((9, 3), food_remaining=13), ((9, 3), food_remaining=12), ((7, 4), food_remaining=12), ((13, 3), food_remaining=12), ((13, 5), food_remaining=10), ((3, 5), food_remaining=12), ((5, 5), food_remaining=12), ((10, 5), food_remaining=11), ((11, 3), food_remaining=13), ((14, 5), food_remaining=10), ((11, 3), food_remaining=12), ((4, 4), food_remaining=12), ((4, 4), food_remaining=11), ((4, 3), food_remaining=13), ((4, 3), food_remaining=12), ((12, 5), food_remaining=11), ((9, 3), food_remaining=12), ((12, 5), food_remaining=10), ((7, 4), food_remaining=11), ((13, 3), food_remaining=11), ((12, 3), food_remaining=13), ((11, 3), food_remaining=12), ((3, 3), food_remaining=13), ((3, 3), food_remaining=12), ((4, 3), food_remaining=12), ((7, 5), food_remaining=12), ((6, 3), food_remaining=13), ... (+35 more)]",9,49,58
76,"((6, 5), food_remaining=11)","((7, 5), food_remaining=11)",West,"['((7, 5), food_remaining=11)', '((5, 5), food_remaining=11)']","['((6, 5), food_remaining=11)', '((6, 3), food_remaining=11)', '((15, 3), food_remaining=12)', '((3, 5), food_remaining=12)', '((15, 3), food_remaining=13)', '((12, 3), food_remaining=12)', '((2, 3), food_remaining=13)', '((11, 5), food_remaining=11)', '((12, 5), food_remaining=10)', '((4, 3), food_remaining=12)', '((14, 5), food_remaining=10)', '((11, 5), food_remaining=11)', '((14, 3), food_remaining=11)', '((1, 5), food_remaining=11)', '((5, 5), food_remaining=12)', '((10, 3), food_remaining=11)', '((3, 5), food_remaining=11)', '((3, 5), food_remaining=12)', '((12, 3), food_remaining=11)', '((4, 3), food_remaining=11)', '((2, 3), food_remaining=12)', '((13, 4), food_remaining=11)', '((11, 5), food_remaining=10)', '((14, 3), food_remaining=12)', '((14, 5), food_remaining=9)', '((13, 4), food_remaining=9)', '((13, 5), food_remaining=11)', '((9, 5), food_remaining=11)', '((12, 5), food_remaining=11)', '((8, 5), food_remaining=11)', '((8, 3), food_remaining=11)', '((13, 3), food_remaining=10)', '((12, 3), food_remaining=12)', '((5, 5), food_remaining=11)', '((4, 4), food_remaining=11)', '((3, 3), food_remaining=12)']","['((6, 3), food_remaining=11)', '((3, 5), food_remaining=12)', '((15, 3), food_remaining=12)', '((11, 5), food_remaining=11)', '((15, 3), food_remaining=13)', '((12, 3), food_remaining=12)', '((2, 3), food_remaining=13)', '((3, 5), food_remaining=11)', '((5, 5), food_remaining=11)', '((4, 3), food_remaining=12)', '((14, 5), food_remaining=10)', '((11, 5), food_remaining=11)', '((14, 3), food_remaining=11)', '((1, 5), food_remaining=11)', '((5, 5), food_remaining=12)', '((10, 3), food_remaining=11)', '((5, 5), food_remaining=11)', '((12, 5), food_remaining=10)', '((12, 3), food_remaining=11)', '((4, 3), food_remaining=11)', '((2, 3), food_remaining=12)', '((13, 4), food_remaining=11)', '((11, 5), food_remaining=10)', '((14, 3), food_remaining=12)', '((14, 5), food_remaining=9)', '((13, 4), food_remaining=9)', '((13, 5), food_remaining=11)', '((9, 5), food_remaining=11)', '((12, 5), food_remaining=11)', '((8, 5), food_remaining=11)', '((8, 3), food_remaining=11)', '((13, 3), food_remaining=10)', '((12, 3), food_remaining=12)', '((3, 3), food_remaining=12)', '((4, 4), food_remaining=11)', '((3, 5), food_remaining=12)']","[((7, 3), food_remaining=12), ((8, 3), food_remaining=12), ((13, 3), food_remaining=12), ((5, 5), food_remaining=12), ((10, 5), food_remaining=12), ((13, 5), food_remaining=11), ((7, 3), food_remaining=11), ((10, 4), food_remaining=12), ((10, 4), food_remaining=11), ((9, 5), food_remaining=12), ((8, 5), food_remaining=12), ((4, 5), food_remaining=12), ((10, 5), food_remaining=12), ((9, 3), food_remaining=13), ((9, 3), food_remaining=12), ((7, 4), food_remaining=12), ((13, 3), food_remaining=12), ((13, 5), food_remaining=10), ((3, 5), food_remaining=12), ((5, 5), food_remaining=12), ((10, 5), food_remaining=11), ((11, 3), food_remaining=13), ((14, 5), food_remaining=10), ((11, 3), food_remaining=12), ((4, 4), food_remaining=12), ((4, 4), food_remaining=11), ((4, 3), food_remaining=13), ((4, 3), food_remaining=12), ((12, 5), food_remaining=11), ((9, 3), food_remaining=12), ((12, 5), food_remaining=10), ((7, 4), food_remaining=11), ((13, 3), food_remaining=11), ((12, 3), food_remaining=13), ((11, 3), food_remaining=12), ((3, 3), food_remaining=13), ((3, 3), food_remaining=12), ((4, 3), food_remaining=12), ((7, 5), food_remaining=12), ((6, 3), food_remaining=13), ... (+36 more)]",9,49,58
77,"((6, 3), food_remaining=11)","((7, 3), food_remaining=11)",West,"['((7, 3), food_remaining=11)', '((5, 3), food_remaining=11)']","['((6, 3), food_remaining=11)', '((3, 5), food_remaining=12)', '((15, 3), food_remaining=12)', '((11, 5), food_remaining=11)', '((15, 3), food_remaining=13)', '((12, 3), food_remaining=12)', '((2, 3), food_remaining=13)', '((3, 5), food_remaining=11)', '((5, 5), food_remaining=11)', '((4, 3), food_remaining=12)', '((14, 5), food_remaining=10)', '((11, 5), food_remaining=11)', '((14, 3), food_remaining=11)', '((1, 5), food_remaining=11)', '((5, 5), food_remaining=12)', '((10, 3), food_remaining=11)', '((5, 5), food_remaining=11)', '((12, 5), food_remaining=10)', '((12, 3), food_remaining=11)', '((4, 3), food_remaining=11)', '((2, 3), food_remaining=12)', '((13, 4), food_remaining=11)', '((11, 5), food_remaining=10)', '((14, 3), food_remaining=12)', '((14, 5), food_remaining=9)', '((13, 4), food_remaining=9)', '((13, 5), food_remaining=11)', '((9, 5), food_remaining=11)', '((12, 5), food_remaining=11)', '((8, 5), food_remaining=11)', '((8, 3), food_remaining=11)', '((13, 3), food_remaining=10)', '((12, 3), food_remaining=12)', '((3, 3), food_remaining=12)', '((4, 4), food_remaining=11)', '((3, 5), food_remaining=12)']","['((3, 5), food_remaining=12)', '((11, 5), food_remaining=11)', '((15, 3), food_remaining=12)', '((3, 5), food_remaining=11)', '((15, 3), food_remaining=13)', '((12, 3), food_remaining=12)', '((2, 3), food_remaining=13)', '((10, 3), food_remaining=11)', '((5, 5), food_remaining=11)', '((4, 3), food_remaining=12)', '((14, 5), food_remaining=10)', '((11, 5), food_remaining=11)', '((14, 3), food_remaining=11)', '((1, 5), food_remaining=11)', '((5, 5), food_remaining=12)', '((13, 3), food_remaining=10)', '((5, 5), food_remaining=11)', '((5, 3), food_remaining=11)', '((12, 3), food_remaining=11)', '((4, 3), food_remaining=11)', '((2, 3), food_remaining=12)', '((13, 4), food_remaining=11)', '((11, 5), food_remaining=10)', '((14, 3), food_remaining=12)', '((14, 5), food_remaining=9)', '((13, 4), food_remaining=9)', '((13, 5), food_remaining=11)', '((9, 5), food_remaining=11)', '((12, 5), food_remaining=11)', '((8, 5), food_remaining=11)', '((8, 3), food_remaining=11)', '((3, 5), food_remaining=12)', '((12, 3), food_remaining=12)', '((3, 3), food_remaining=12)', '((4, 4), food_remaining=11)', '((12, 5), food_remaining=10)']","[((5, 5), food_remaining=12), ((9, 5), food_remaining=12), ((5, 5), food_remaining=12), ((14, 5), food_remaining=10), ((12, 3), food_remaining=13), ((3, 3), food_remaining=13), ((3, 3), food_remaining=12), ((12, 5), food_remaining=12), ((2, 5), food_remaining=12), ((13, 3), food_remaining=13), ((6, 5), food_remaining=12), ((6, 5), food_remaining=11), ((13, 3), food_remaining=12), ((13, 5), food_remaining=11), ((10, 4), food_remaining=12), ((10, 4), food_remaining=11), ((13, 5), food_remaining=10), ((7, 4), food_remaining=12), ((3, 5), food_remaining=12), ((7, 4), food_remaining=11), ((6, 3), food_remaining=13), ((6, 3), food_remaining=12), ((10, 3), food_remaining=13), ((10, 3), food_remaining=12), ((13, 4), food_remaining=10), ((7, 5), food_remaining=12), ((7, 5), food_remaining=11), ((6, 3), food_remaining=12), ((6, 3), food_remaining=11), ((10, 3), food_remaining=12), ((6, 5), food_remaining=12), ((14, 3), food_remaining=13), ((7, 3), food_remaining=13), ((7, 3), food_remaining=12), ((4, 5), food_remaining=12), ((14, 3), food_remaining=12), ((7, 3), food_remaining=12), ((10, 5), food_remaining=12), ((7, 3), food_remaining=11), ((4, 5), food_remaining=12), ... (+37 more)]",9,49,58
78,"((3, 5), food_remaining=12)","((4, 5), food_remaining=12)",West,"['((4, 5), food_remaining=12)', '((2, 5), food_remaining=12)']","['((3, 5), food_remaining=12)', '((11, 5), food_remaining=11)', '((15, 3), food_remaining=12)', '((3, 5), food_remaining=11)', '((15, 3), food_remaining=13)', '((12, 3), food_remaining=12)', '((2, 3), food_remaining=13)', '((10, 3), food_remaining=11)', '((5, 5), food_remaining=11)', '((4, 3), food_remaining=12)', '((14, 5), food_remaining=10)', '((11, 5), food_remaining=11)', '((14, 3), food_remaining=11)', '((1, 5), food_remaining=11)', '((5, 5), food_remaining=12)', '((13, 3), food_remaining=10)', '((5, 5), food_remaining=11)', '((5, 3), food_remaining=11)', '((12, 3), food_remaining=11)', '((4, 3), food_remaining=11)', '((2, 3), food_remaining=12)', '((13, 4), food_remaining=11)', '((11, 5), food_remaining=10)', '((14, 3), food_remaining=12)', '((14, 5), food_remaining=9)', '((13, 4), food_remaining=9)', '((13, 5), food_remaining=11)', '((9, 5), food_remaining=11)', '((12, 5), food_remaining=11)', '((8, 5), food_remaining=11)', '((8, 3), food_remaining=11)', '((3, 5), food_remaining=12)', '((12, 3), food_remaining=12)', '((3, 3), food_remaining=12)', '((4, 4), food_remaining=11)', '((12, 5), food_remaining=10)']","['((11, 5), food_remaining=11)', '((3, 5), food_remaining=11)', '((15, 3), food_remaining=12)', '((5, 5), food_remaining=11)', '((15, 3), food_remaining=13)', '((12, 3), food_remaining=12)', '((2, 3), food_remaining=13)', '((10, 3), food_remaining=11)', '((5, 3), food_remaining=11)', '((4, 3), food_remaining=12)', '((14, 5), food_remaining=10)', '((11, 5), food_remaining=11)', '((14, 3), food_remaining=11)', '((1, 5), food_remaining=11)', '((5, 5), food_remaining=12)', '((13, 3), food_remaining=10)', '((5, 5), food_remaining=11)', '((2, 5), food_remaining=12)', '((12, 3), food_remaining=11)', '((4, 3), food_remaining=11)', '((2, 3), food_remaining=12)', '((13, 4), food_remaining=11)', '((11, 5), food_remaining=10)', '((14, 3), food_remaining=12)', '((14, 5), food_remaining=9)', '((13, 4), food_remaining=9)', '((13, 5), food_remaining=11)', '((9, 5), food_remaining=11)', '((12, 5), food_remaining=11)', '((8, 5), food_remaining=11)', '((8, 3), food_remaining=11)', '((3, 5), food_remaining=12)', '((12, 3), food_remaining=12)', '((3, 3), food_remaining=12)', '((4, 4), food_remaining=11)', '((12, 5), food_remaining=10)']","[((5, 5), food_remaining=12), ((9, 5), food_remaining=12), ((5, 5), food_remaining=12), ((14, 5), food_remaining=10), ((12, 3), food_remaining=13), ((3, 3), food_remaining=13), ((3, 3), food_remaining=12), ((12, 5), food_remaining=12), ((2, 5), food_remaining=12), ((13, 3), food_remaining=13), ((6, 5), food_remaining=12), ((6, 5), food_remaining=11), ((13, 3), food_remaining=12), ((13, 5), food_remaining=11), ((10, 4), food_remaining=12), ((10, 4), food_remaining=11), ((13, 5), food_remaining=10), ((7, 4), food_remaining=12), ((3, 5), food_remaining=12), ((7, 4), food_remaining=11), ((6, 3), food_remaining=13), ((6, 3), food_remaining=12), ((10, 3), food_remaining=13), ((10, 3), food_remaining=12), ((13, 4), food_remaining=10), ((7, 5), food_remaining=12), ((7, 5), food_remaining=11), ((6, 3), food_remaining=12), ((6, 3), food_remaining=11), ((10, 3), food_remaining=12), ((6, 5), food_remaining=12), ((14, 3), food_remaining=13), ((7, 3), food_remaining=13), ((7, 3), food_remaining=12), ((4, 5), food_remaining=12), ((14, 3), food_remaining=12), ((7, 3), food_remaining=12), ((10, 5), food_remaining=12), ((7, 3), food_remaining=11), ((4, 5), food_remaining=12), ... (+38 more)]",8,50,58
79,"((11, 5), food_remaining=11)","((10, 5), food_remaining=11)",East,"['((12, 5), food_remaining=11)', '((10, 5), food_remaining=11)']","['((11, 5), food_remaining=11)', '((3, 5), food_remaining=11)', '((15, 3), food_remaining=12)', '((5, 5), food_remaining=11)', '((15, 3), food_remaining=13)', '((12, 3), food_remaining=12)', '((2, 3), food_remaining=13)', '((10, 3), food_remaining=11)', '((5, 3), food_remaining=11)', '((4, 3), food_remaining=12)', '((14, 5), food_remaining=10)', '((11, 5), food_remaining=11)', '((14, 3), food_remaining=11)', '((1, 5), food_remaining=11)', '((5, 5), food_remaining=12)', '((13, 3), food_remaining=10)', '((5, 5), food_remaining=11)', '((2, 5), food_remaining=12)', '((12, 3), food_remaining=11)', '((4, 3), food_remaining=11)', '((2, 3), food_remaining=12)', '((13, 4), food_remaining=11)', '((11, 5), food_remaining=10)', '((14, 3), food_remaining=12)', '((14, 5), food_remaining=9)', '((13, 4), food_remaining=9)', '((13, 5), food_remaining=11)', '((9, 5), food_remaining=11)', '((12, 5), food_remaining=11)', '((8, 5), food_remaining=11)', '((8, 3), food_remaining=11)', '((3, 5), food_remaining=12)', '((12, 3), food_remaining=12)', '((3, 3), food_remaining=12)', '((4, 4), food_remaining=11)', '((12, 5), food_remaining=10)']","['((3, 5), food_remaining=11)', '((5, 5), food_remaining=11)', '((15, 3), food_remaining=12)', '((5, 3), food_remaining=11)', '((15, 3), food_remaining=13)', '((12, 3), food_remaining=12)', '((2, 3), food_remaining=13)', '((10, 3), food_remaining=11)', '((2, 5), food_remaining=12)', '((4, 3), food_remaining=12)', '((14, 5), food_remaining=10)', '((11, 5), food_remaining=11)', '((14, 3), food_remaining=11)', '((1, 5), food_remaining=11)', '((5, 5), food_remaining=12)', '((13, 3), food_remaining=10)', '((5, 5), food_remaining=11)', '((12, 5), food_remaining=11)', '((12, 3), food_remaining=11)', '((4, 3), food_remaining=11)', '((2, 3), food_remaining=12)', '((13, 4), food_remaining=11)', '((11, 5), food_remaining=10)', '((14, 3), food_remaining=12)', '((14, 5), food_remaining=9)', '((13, 4), food_remaining=9)', '((13, 5), food_remaining=11)', '((9, 5), food_remaining=11)', '((12, 5), food_remaining=11)', '((8, 5), food_remaining=11)', '((8, 3), food_remaining=11)', '((3, 5), food_remaining=12)', '((12, 3), food_remaining=12)', '((3, 3), food_remaining=12)', '((4, 4), food_remaining=11)', '((12, 5), food_remaining=10)']","[((5, 5), food_remaining=12), ((9, 5), food_remaining=12), ((5, 5), food_remaining=12), ((14, 5), food_remaining=10), ((12, 3), food_remaining=13), ((3, 3), food_remaining=13), ((3, 3), food_remaining=12), ((12, 5), food_remaining=12), ((2, 5), food_remaining=12), ((13, 3), food_remaining=13), ((6, 5), food_remaining=12), ((6, 5), food_remaining=11), ((13, 3), food_remaining=12), ((13, 5), food_remaining=11), ((10, 4), food_remaining=12), ((10, 4), food_remaining=11), ((13, 5), food_remaining=10), ((7, 4), food_remaining=12), ((3, 5), food_remaining=12), ((7, 4), food_remaining=11), ((6, 3), food_remaining=13), ((6, 3), food_remaining=12), ((10, 3), food_remaining=13), ((10, 3), food_remaining=12), ((13, 4), food_remaining=10), ((7, 5), food_remaining=12), ((7, 5), food_remaining=11), ((6, 3), food_remaining=12), ((6, 3), food_remaining=11), ((10, 3), food_remaining=12), ((6, 5), food_remaining=12), ((14, 3), food_remaining=13), ((7, 3), food_remaining=13), ((7, 3), food_remaining=12), ((4, 5), food_remaining=12), ((14, 3), food_remaining=12), ((7, 3), food_remaining=12), ((10, 5), food_remaining=12), ((7, 3), food_remaining=11), ((4, 5), food_remaining=12), ... (+39 more)]",10,48,58
80,"((3, 5), food_remaining=11)","((4, 5), food_remaining=11)",West,"['((4, 5), food_remaining=11)', '((2, 5), food_remaining=11)']","['((3, 5), food_remaining=11)', '((5, 5), food_remaining=11)', '((15, 3), food_remaining=12)', '((5, 3), food_remaining=11)', '((15, 3), food_remaining=13)', '((12, 3), food_remaining=12)', '((2, 3), food_remaining=13)', '((10, 3), food_remaining=11)', '((2, 5), food_remaining=12)', '((4, 3), food_remaining=12)', '((14, 5), food_remaining=10)', '((11, 5), food_remaining=11)', '((14, 3), food_remaining=11)', '((1, 5), food_remaining=11)', '((5, 5), food_remaining=12)', '((13, 3), food_remaining=10)', '((5, 5), food_remaining=11)', '((12, 5), food_remaining=11)', '((12, 3), food_remaining=11)', '((4, 3), food_remaining=11)', '((2, 3), food_remaining=12)', '((13, 4), food_remaining=11)', '((11, 5), food_remaining=10)', '((14, 3), food_remaining=12)', '((14, 5), food_remaining=9)', '((13, 4), food_remaining=9)', '((13, 5), food_remaining=11)', '((9, 5), food_remaining=11)', '((12, 5), food_remaining=11)', '((8, 5), food_remaining=11)', '((8, 3), food_remaining=11)', '((3, 5), food_remaining=12)', '((12, 3), food_remaining=12)', '((3, 3), food_remaining=12)', '((4, 4), food_remaining=11)', '((12, 5), food_remaining=10)']","['((5, 5), food_remaining=11)', '((5, 3), food_remaining=11)', '((15, 3), food_remaining=12)', '((2, 5), food_remaining=12)', '((15, 3), food_remaining=13)', '((12, 3), food_remaining=12)', '((2, 3), food_remaining=13)', '((10, 3), food_remaining=11)', '((12, 5), food_remaining=11)', '((4, 3), food_remaining=12)', '((14, 5), food_remaining=10)', '((11, 5), food_remaining=11)', '((14, 3), food_remaining=11)', '((1, 5), food_remaining=11)', '((5, 5), food_remaining=12)', '((13, 3), food_remaining=10)', '((5, 5), food_remaining=11)', '((2, 5), food_remaining=11)', '((12, 3), food_remaining=11)', '((4, 3), food_remaining=11)', '((2, 3), food_remaining=12)', '((13, 4), food_remaining=11)', '((11, 5), food_remaining=10)', '((14, 3), food_remaining=12)', '((14, 5), food_remaining=9)', '((13, 4), food_remaining=9)', '((13, 5), food_remaining=11)', '((9, 5), food_remaining=11)', '((12, 5), food_remaining=11)', '((8, 5), food_remaining=11)', '((8, 3), food_remaining=11)', '((3, 5), food_remaining=12)', '((12, 3), food_remaining=12)', '((3, 3), food_remaining=12)', '((4, 4), food_remaining=11)', '((12, 5), food_remaining=10)']","[((5, 5), food_remaining=12), ((9, 5), food_remaining=12), ((5, 5), food_remaining=12), ((14, 5), food_remaining=10), ((12, 3), food_remaining=13), ((3, 3), food_remaining=13), ((3, 3), food_remaining=12), ((12, 5), food_remaining=12), ((2, 5), food_remaining=12), ((13, 3), food_remaining=13), ((6, 5), food_remaining=12), ((6, 5), food_remaining=11), ((13, 3), food_remaining=12), ((13, 5), food_remaining=11), ((10, 4), food_remaining=12), ((10, 4), food_remaining=11), ((13, 5), food_remaining=10), ((7, 4), food_remaining=12), ((3, 5), food_remaining=12), ((7, 4), food_remaining=11), ((6, 3), food_remaining=13), ((6, 3), food_remaining=12), ((10, 3), food_remaining=13), ((10, 3), food_remaining=12), ((13, 4), food_remaining=10), ((7, 5), food_remaining=12), ((7, 5), food_remaining=11), ((6, 3), food_remaining=12), ((6, 3), food_remaining=11), ((10, 3), food_remaining=12), ((6, 5), food_remaining=12), ((14, 3), food_remaining=13), ((7, 3), food_remaining=13), ((7, 3), food_remaining=12), ((4, 5), food_remaining=12), ((14, 3), food_remaining=12), ((7, 3), food_remaining=12), ((10, 5), food_remaining=12), ((7, 3), food_remaining=11), ((4, 5), food_remaining=12), ... (+40 more)]",10,48,58
81,"((5, 5), food_remaining=11)","((6, 5), food_remaining=11)",West,"['((6, 5), food_remaining=11)', '((4, 5), food_remaining=11)']","['((5, 5), food_remaining=11)', '((5, 3), food_remaining=11)', '((15, 3), food_remaining=12)', '((2, 5), food_remaining=12)', '((15, 3), food_remaining=13)', '((12, 3), food_remaining=12)', '((2, 3), food_remaining=13)', '((10, 3), food_remaining=11)', '((12, 5), food_remaining=11)', '((4, 3), food_remaining=12)', '((14, 5), food_remaining=10)', '((11, 5), food_remaining=11)', '((14, 3), food_remaining=11)', '((1, 5), food_remaining=11)', '((5, 5), food_remaining=12)', '((13, 3), food_remaining=10)', '((5, 5), food_remaining=11)', '((2, 5), food_remaining=11)', '((12, 3), food_remaining=11)', '((4, 3), food_remaining=11)', '((2, 3), food_remaining=12)', '((13, 4), food_remaining=11)', '((11, 5), food_remaining=10)', '((14, 3), food_remaining=12)', '((14, 5), food_remaining=9)', '((13, 4), food_remaining=9)', '((13, 5), food_remaining=11)', '((9, 5), food_remaining=11)', '((12, 5), food_remaining=11)', '((8, 5), food_remaining=11)', '((8, 3), food_remaining=11)', '((3, 5), food_remaining=12)', '((12, 3), food_remaining=12)', '((3, 3), food_remaining=12)', '((4, 4), food_remaining=11)', '((12, 5), food_remaining=10)']","['((5, 3), food_remaining=11)', '((2, 5), food_remaining=12)', '((15, 3), food_remaining=12)', '((12, 5), food_remaining=11)', '((15, 3), food_remaining=13)', '((12, 3), food_remaining=12)', '((2, 3), food_remaining=13)', '((10, 3), food_remaining=11)', '((2, 5), food_remaining=11)', '((4, 3), food_remaining=12)', '((14, 5), food_remaining=10)', '((11, 5), food_remaining=11)', '((14, 3), food_remaining=11)', '((1, 5), food_remaining=11)', '((5, 5), food_remaining=12)', '((13, 3), food_remaining=10)', '((5, 5), food_remaining=11)', '((4, 5), food_remaining=11)', '((12, 3), food_remaining=11)', '((4, 3), food_remaining=11)', '((2, 3), food_remaining=12)', '((13, 4), food_remaining=11)', '((11, 5), food_remaining=10)', '((14, 3), food_remaining=12)', '((14, 5), food_remaining=9)', '((13, 4), food_remaining=9)', '((13, 5), food_remaining=11)', '((9, 5), food_remaining=11)', '((12, 5), food_remaining=11)', '((8, 5), food_remaining=11)', '((8, 3), food_remaining=11)', '((3, 5), food_remaining=12)', '((12, 3), food_remaining=12)', '((3, 3), food_remaining=12)', '((4, 4), food_remaining=11)', '((12, 5), food_remaining=10)']","[((5, 5), food_remaining=12), ((9, 5), food_remaining=12), ((5, 5), food_remaining=12), ((5, 5), food_remaining=11), ((14, 5), food_remaining=10), ((12, 3), food_remaining=13), ((3, 3), food_remaining=13), ((3, 3), food_remaining=12), ((12, 5), food_remaining=12), ((2, 5), food_remaining=12), ((13, 3), food_remaining=13), ((6, 5), food_remaining=12), ((6, 5), food_remaining=11), ((13, 3), food_remaining=12), ((13, 5), food_remaining=11), ((10, 4), food_remaining=12), ((10, 4), food_remaining=11), ((13, 5), food_remaining=10), ((7, 4), food_remaining=12), ((3, 5), food_remaining=12), ((7, 4), food_remaining=11), ((6, 3), food_remaining=13), ((6, 3), food_remaining=12), ((10, 3), food_remaining=13), ((10, 3), food_remaining=12), ((13, 4), food_remaining=10), ((7, 5), food_remaining=12), ((7, 5), food_remaining=11), ((6, 3), food_remaining=12), ((6, 3), food_remaining=11), ((10, 3), food_remaining=12), ((6, 5), food_remaining=12), ((14, 3), food_remaining=13), ((7, 3), food_remaining=13), ((7, 3), food_remaining=12), ((4, 5), food_remaining=12), ((14, 3), food_remaining=12), ((7, 3), food_remaining=12), ((10, 5), food_remaining=12), ((7, 3), food_remaining=11), ... (+41 more)]",10,48,58
82,"((5, 3), food_remaining=11)","((6, 3), food_remaining=11)",West,"['((6, 3), food_remaining=11)', '((4, 3), food_remaining=11)']","['((5, 3), food_remaining=11)', '((2, 5), food_remaining=12)', '((15, 3), food_remaining=12)', '((12, 5), food_remaining=11)', '((15, 3), food_remaining=13)', '((12, 3), food_remaining=12)', '((2, 3), food_remaining=13)', '((10, 3), food_remaining=11)', '((2, 5), food_remaining=11)', '((4, 3), food_remaining=12)', '((14, 5), food_remaining=10)', '((11, 5), food_remaining=11)', '((14, 3), food_remaining=11)', '((1, 5), food_remaining=11)', '((5, 5), food_remaining=12)', '((13, 3), food_remaining=10)', '((5, 5), food_remaining=11)', '((4, 5), food_remaining=11)', '((12, 3), food_remaining=11)', '((4, 3), food_remaining=11)', '((2, 3), food_remaining=12)', '((13, 4), food_remaining=11)', '((11, 5), food_remaining=10)', '((14, 3), food_remaining=12)', '((14, 5), food_remaining=9)', '((13, 4), food_remaining=9)', '((13, 5), food_remaining=11)', '((9, 5), food_remaining=11)', '((12, 5), food_remaining=11)', '((8, 5), food_remaining=11)', '((8, 3), food_remaining=11)', '((3, 5), food_remaining=12)', '((12, 3), food_remaining=12)', '((3, 3), food_remaining=12)', '((4, 4), food_remaining=11)', '((12, 5), food_remaining=10)']","['((2, 5), food_remaining=12)', '((12, 5), food_remaining=11)', '((15, 3), food_remaining=12)', '((2, 5), food_remaining=11)', '((15, 3), food_remaining=13)', '((12, 3), food_remaining=12)', '((2, 3), food_remaining=13)', '((10, 3), food_remaining=11)', '((4, 5), food_remaining=11)', '((4, 3), food_remaining=12)', '((14, 5), food_remaining=10)', '((11, 5), food_remaining=11)', '((14, 3), food_remaining=11)', '((1, 5), food_remaining=11)', '((5, 5), food_remaining=12)', '((13, 3), food_remaining=10)', '((5, 5), food_remaining=11)', '((4, 3), food_remaining=11)', '((12, 3), food_remaining=11)', '((4, 3), food_remaining=11)', '((2, 3), food_remaining=12)', '((13, 4), food_remaining=11)', '((11, 5), food_remaining=10)', '((14, 3), food_remaining=12)', '((14, 5), food_remaining=9)', '((13, 4), food_remaining=9)', '((13, 5), food_remaining=11)', '((9, 5), food_remaining=11)', '((12, 5), food_remaining=11)', '((8, 5), food_remaining=11)', '((8, 3), food_remaining=11)', '((3, 5), food_remaining=12)', '((12, 3), food_remaining=12)', '((3, 3), food_remaining=12)', '((4, 4), food_remaining=11)', '((12, 5), food_remaining=10)']","[((5, 5), food_remaining=12), ((9, 5), food_remaining=12), ((5, 5), food_remaining=12), ((5, 5), food_remaining=11), ((14, 5), food_remaining=10), ((12, 3), food_remaining=13), ((3, 3), food_remaining=13), ((3, 3), food_remaining=12), ((12, 5), food_remaining=12), ((2, 5), food_remaining=12), ((13, 3), food_remaining=13), ((6, 5), food_remaining=12), ((6, 5), food_remaining=11), ((13, 3), food_remaining=12), ((13, 5), food_remaining=11), ((10, 4), food_remaining=12), ((10, 4), food_remaining=11), ((13, 5), food_remaining=10), ((7, 4), food_remaining=12), ((3, 5), food_remaining=12), ((7, 4), food_remaining=11), ((6, 3), food_remaining=13), ((6, 3), food_remaining=12), ((10, 3), food_remaining=13), ((10, 3), food_remaining=12), ((13, 4), food_remaining=10), ((7, 5), food_remaining=12), ((7, 5), food_remaining=11), ((6, 3), food_remaining=12), ((6, 3), food_remaining=11), ((10, 3), food_remaining=12), ((6, 5), food_remaining=12), ((14, 3), food_remaining=13), ((7, 3), food_remaining=13), ((7, 3), food_remaining=12), ((4, 5), food_remaining=12), ((14, 3), food_remaining=12), ((7, 3), food_remaining=12), ((10, 5), food_remaining=12), ((7, 3), food_remaining=11), ... (+42 more)]",10,48,58
83,"((2, 5), food_remaining=12)","((3, 5), food_remaining=12)",West,"['((3, 5), food_remaining=12)', '((1, 5), food_remaining=11)']","['((2, 5), food_remaining=12)', '((12, 5), food_remaining=11)', '((15, 3), food_remaining=12)', '((2, 5), food_remaining=11)', '((15, 3), food_remaining=13)', '((12, 3), food_remaining=12)', '((2, 3), food_remaining=13)', '((10, 3), food_remaining=11)', '((4, 5), food_remaining=11)', '((4, 3), food_remaining=12)', '((14, 5), food_remaining=10)', '((11, 5), food_remaining=11)', '((14, 3), food_remaining=11)', '((1, 5), food_remaining=11)', '((5, 5), food_remaining=12)', '((13, 3), food_remaining=10)', '((5, 5), food_remaining=11)', '((4, 3), food_remaining=11)', '((12, 3), food_remaining=11)', '((4, 3), food_remaining=11)', '((2, 3), food_remaining=12)', '((13, 4), food_remaining=11)', '((11, 5), food_remaining=10)', '((14, 3), food_remaining=12)', '((14, 5), food_remaining=9)', '((13, 4), food_remaining=9)', '((13, 5), food_remaining=11)', '((9, 5), food_remaining=11)', '((12, 5), food_remaining=11)', '((8, 5), food_remaining=11)', '((8, 3), food_remaining=11)', '((3, 5), food_remaining=12)', '((12, 3), food_remaining=12)', '((3, 3), food_remaining=12)', '((4, 4), food_remaining=11)', '((12, 5), food_remaining=10)']","['((12, 5), food_remaining=11)', '((2, 5), food_remaining=11)', '((15, 3), food_remaining=12)', '((4, 5), food_remaining=11)', '((15, 3), food_remaining=13)', '((12, 3), food_remaining=12)', '((2, 3), food_remaining=13)', '((10, 3), food_remaining=11)', '((4, 3), food_remaining=11)', '((4, 3), food_remaining=12)', '((14, 5), food_remaining=10)', '((11, 5), food_remaining=11)', '((14, 3), food_remaining=11)', '((1, 5), food_remaining=11)', '((5, 5), food_remaining=12)', '((13, 3), food_remaining=10)', '((5, 5), food_remaining=11)', '((1, 5), food_remaining=11)', '((12, 3), food_remaining=11)', '((4, 3), food_remaining=11)', '((2, 3), food_remaining=12)', '((13, 4), food_remaining=11)', '((11, 5), food_remaining=10)', '((14, 3), food_remaining=12)', '((14, 5), food_remaining=9)', '((13, 4), food_remaining=9)', '((13, 5), food_remaining=11)', '((9, 5), food_remaining=11)', '((12, 5), food_remaining=11)', '((8, 5), food_remaining=11)', '((8, 3), food_remaining=11)', '((3, 5), food_remaining=12)', '((12, 3), food_remaining=12)', '((3, 3), food_remaining=12)', '((4, 4), food_remaining=11)', '((12, 5), food_remaining=10)']","[((5, 5), food_remaining=12), ((9, 5), food_remaining=12), ((5, 5), food_remaining=12), ((5, 5), food_remaining=11), ((14, 5), food_remaining=10), ((12, 3), food_remaining=13), ((3, 3), food_remaining=13), ((3, 3), food_remaining=12), ((12, 5), food_remaining=12), ((2, 5), food_remaining=12), ((13, 3), food_remaining=13), ((6, 5), food_remaining=12), ((6, 5), food_remaining=11), ((13, 3), food_remaining=12), ((13, 5), food_remaining=11), ((10, 4), food_remaining=12), ((10, 4), food_remaining=11), ((13, 5), food_remaining=10), ((7, 4), food_remaining=12), ((3, 5), food_remaining=12), ((2, 5), food_remaining=12), ((7, 4), food_remaining=11), ((6, 3), food_remaining=13), ((6, 3), food_remaining=12), ((10, 3), food_remaining=13), ((10, 3), food_remaining=12), ((13, 4), food_remaining=10), ((7, 5), food_remaining=12), ((7, 5), food_remaining=11), ((6, 3), food_remaining=12), ((6, 3), food_remaining=11), ((10, 3), food_remaining=12), ((6, 5), food_remaining=12), ((14, 3), food_remaining=13), ((7, 3), food_remaining=13), ((7, 3), food_remaining=12), ((4, 5), food_remaining=12), ((14, 3), food_remaining=12), ((7, 3), food_remaining=12), ((10, 5), food_remaining=12), ... (+43 more)]",9,49,58
84,"((12, 5), food_remaining=11)","((11, 5), food_remaining=11)",East,"['((13, 5), food_remaining=10)', '((11, 5), food_remaining=11)']","['((12, 5), food_remaining=11)', '((2, 5), food_remaining=11)', '((15, 3), food_remaining=12)', '((4, 5), food_remaining=11)', '((15, 3), food_remaining=13)', '((12, 3), food_remaining=12)', '((2, 3), food_remaining=13)', '((10, 3), food_remaining=11)', '((4, 3), food_remaining=11)', '((4, 3), food_remaining=12)', '((14, 5), food_remaining=10)', '((11, 5), food_remaining=11)', '((14, 3), food_remaining=11)', '((1, 5), food_remaining=11)', '((5, 5), food_remaining=12)', '((13, 3), food_remaining=10)', '((5, 5), food_remaining=11)', '((1, 5), food_remaining=11)', '((12, 3), food_remaining=11)', '((4, 3), food_remaining=11)', '((2, 3), food_remaining=12)', '((13, 4), food_remaining=11)', '((11, 5), food_remaining=10)', '((14, 3), food_remaining=12)', '((14, 5), food_remaining=9)', '((13, 4), food_remaining=9)', '((13, 5), food_remaining=11)', '((9, 5), food_remaining=11)', '((12, 5), food_remaining=11)', '((8, 5), food_remaining=11)', '((8, 3), food_remaining=11)', '((3, 5), food_remaining=12)', '((12, 3), food_remaining=12)', '((3, 3), food_remaining=12)', '((4, 4), food_remaining=11)', '((12, 5), food_remaining=10)']","['((2, 5), food_remaining=11)', '((4, 5), food_remaining=11)', '((15, 3), food_remaining=12)', '((4, 3), food_remaining=11)', '((15, 3), food_remaining=13)', '((12, 3), food_remaining=12)', '((2, 3), food_remaining=13)', '((10, 3), food_remaining=11)', '((1, 5), food_remaining=11)', '((4, 3), food_remaining=12)', '((14, 5), food_remaining=10)', '((11, 5), food_remaining=11)', '((14, 3), food_remaining=11)', '((1, 5), food_remaining=11)', '((5, 5), food_remaining=12)', '((13, 3), food_remaining=10)', '((5, 5), food_remaining=11)', '((12, 5), food_remaining=10)', '((12, 3), food_remaining=11)', '((4, 3), food_remaining=11)', '((2, 3), food_remaining=12)', '((13, 4), food_remaining=11)', '((11, 5), food_remaining=10)', '((14, 3), food_remaining=12)', '((14, 5), food_remaining=9)', '((13, 4), food_remaining=9)', '((13, 5), food_remaining=11)', '((9, 5), food_remaining=11)', '((12, 5), food_remaining=11)', '((8, 5), food_remaining=11)', '((8, 3), food_remaining=11)', '((3, 5), food_remaining=12)', '((12, 3), food_remaining=12)', '((3, 3), food_remaining=12)', '((4, 4), food_remaining=11)', '((13, 5), food_remaining=10)']","[((5, 5), food_remaining=12), ((9, 5), food_remaining=12), ((5, 5), food_remaining=12), ((5, 5), food_remaining=11), ((14, 5), food_remaining=10), ((12, 3), food_remaining=13), ((3, 3), food_remaining=13), ((3, 3), food_remaining=12), ((12, 5), food_remaining=12), ((2, 5), food_remaining=12), ((13, 3), food_remaining=13), ((6, 5), food_remaining=12), ((6, 5), food_remaining=11), ((13, 3), food_remaining=12), ((13, 5), food_remaining=11), ((10, 4), food_remaining=12), ((10, 4), food_remaining=11), ((13, 5), food_remaining=10), ((7, 4), food_remaining=12), ((3, 5), food_remaining=12), ((2, 5), food_remaining=12), ((7, 4), food_remaining=11), ((6, 3), food_remaining=13), ((6, 3), food_remaining=12), ((10, 3), food_remaining=13), ((10, 3), food_remaining=12), ((13, 4), food_remaining=10), ((7, 5), food_remaining=12), ((7, 5), food_remaining=11), ((6, 3), food_remaining=12), ((6, 3), food_remaining=11), ((10, 3), food_remaining=12), ((6, 5), food_remaining=12), ((14, 3), food_remaining=13), ((7, 3), food_remaining=13), ((7, 3), food_remaining=12), ((4, 5), food_remaining=12), ((14, 3), food_remaining=12), ((7, 3), food_remaining=12), ((10, 5), food_remaining=12), ... (+44 more)]",11,47,58
85,"((2, 5), food_remaining=11)","((3, 5), food_remaining=11)",West,"['((3, 5), food_remaining=11)', '((1, 5), food_remaining=10)']","['((2, 5), food_remaining=11)', '((4, 5), food_remaining=11)', '((15, 3), food_remaining=12)', '((4, 3), food_remaining=11)', '((15, 3), food_remaining=13)', '((12, 3), food_remaining=12)', '((2, 3), food_remaining=13)', '((10, 3), food_remaining=11)', '((1, 5), food_remaining=11)', '((4, 3), food_remaining=12)', '((14, 5), food_remaining=10)', '((11, 5), food_remaining=11)', '((14, 3), food_remaining=11)', '((1, 5), food_remaining=11)', '((5, 5), food_remaining=12)', '((13, 3), food_remaining=10)', '((5, 5), food_remaining=11)', '((12, 5), food_remaining=10)', '((12, 3), food_remaining=11)', '((4, 3), food_remaining=11)', '((2, 3), food_remaining=12)', '((13, 4), food_remaining=11)', '((11, 5), food_remaining=10)', '((14, 3), food_remaining=12)', '((14, 5), food_remaining=9)', '((13, 4), food_remaining=9)', '((13, 5), food_remaining=11)', '((9, 5), food_remaining=11)', '((12, 5), food_remaining=11)', '((8, 5), food_remaining=11)', '((8, 3), food_remaining=11)', '((3, 5), food_remaining=12)', '((12, 3), food_remaining=12)', '((3, 3), food_remaining=12)', '((4, 4), food_remaining=11)', '((13, 5), food_remaining=10)']","['((4, 5), food_remaining=11)', '((4, 3), food_remaining=11)', '((15, 3), food_remaining=12)', '((10, 3), food_remaining=11)', '((15, 3), food_remaining=13)', '((12, 3), food_remaining=12)', '((2, 3), food_remaining=13)', '((13, 3), food_remaining=10)', '((1, 5), food_remaining=11)', '((4, 3), food_remaining=12)', '((14, 5), food_remaining=10)', '((11, 5), food_remaining=11)', '((14, 3), food_remaining=11)', '((1, 5), food_remaining=11)', '((5, 5), food_remaining=12)', '((12, 3), food_remaining=12)', '((5, 5), food_remaining=11)', '((1, 5), food_remaining=10)', '((12, 3), food_remaining=11)', '((4, 3), food_remaining=11)', '((2, 3), food_remaining=12)', '((13, 4), food_remaining=11)', '((11, 5), food_remaining=10)', '((14, 3), food_remaining=12)', '((14, 5), food_remaining=9)', '((13, 4), food_remaining=9)', '((13, 5), food_remaining=11)', '((9, 5), food_remaining=11)', '((12, 5), food_remaining=11)', '((8, 5), food_remaining=11)', '((8, 3), food_remaining=11)', '((3, 5), food_remaining=12)', '((13, 5), food_remaining=10)', '((3, 3), food_remaining=12)', '((4, 4), food_remaining=11)', '((12, 5), food_remaining=10)']","[((5, 5), food_remaining=12), ((9, 5), food_remaining=12), ((5, 5), food_remaining=12), ((5, 5), food_remaining=11), ((14, 5), food_remaining=10), ((12, 3), food_remaining=13), ((3, 3), food_remaining=13), ((3, 3), food_remaining=12), ((12, 5), food_remaining=12), ((2, 5), food_remaining=12), ((13, 3), food_remaining=13), ((6, 5), food_remaining=12), ((6, 5), food_remaining=11), ((13, 3), food_remaining=12), ((13, 5), food_remaining=11), ((10, 4), food_remaining=12), ((10, 4), food_remaining=11), ((13, 5), food_remaining=10), ((7, 4), food_remaining=12), ((3, 5), food_remaining=12), ((2, 5), food_remaining=12), ((2, 5), food_remaining=11), ((7, 4), food_remaining=11), ((6, 3), food_remaining=13), ((6, 3), food_remaining=12), ((10, 3), food_remaining=13), ((10, 3), food_remaining=12), ((13, 4), food_remaining=10), ((7, 5), food_remaining=12), ((7, 5), food_remaining=11), ((6, 3), food_remaining=12), ((6, 3), food_remaining=11), ((10, 3), food_remaining=12), ((6, 5), food_remaining=12), ((14, 3), food_remaining=13), ((7, 3), food_remaining=13), ((7, 3), food_remaining=12), ((4, 5), food_remaining=12), ((14, 3), food_remaining=12), ((7, 3), food_remaining=12), ... (+45 more)]",11,47,58
86,"((4, 5), food_remaining=11)","((5, 5), food_remaining=11)",West,"['((4, 4), food_remaining=10)', '((5, 5), food_remaining=11)', '((3, 5), food_remaining=11)']","['((4, 5), food_remaining=11)', '((4, 3), food_remaining=11)', '((15, 3), food_remaining=12)', '((10, 3), food_remaining=11)', '((15, 3), food_remaining=13)', '((12, 3), food_remaining=12)', '((2, 3), food_remaining=13)', '((13, 3), food_remaining=10)', '((1, 5), food_remaining=11)', '((4, 3), food_remaining=12)', '((14, 5), food_remaining=10)', '((11, 5), food_remaining=11)', '((14, 3), food_remaining=11)', '((1, 5), food_remaining=11)', '((5, 5), food_remaining=12)', '((12, 3), food_remaining=12)', '((5, 5), food_remaining=11)', '((1, 5), food_remaining=10)', '((12, 3), food_remaining=11)', '((4, 3), food_remaining=11)', '((2, 3), food_remaining=12)', '((13, 4), food_remaining=11)', '((11, 5), food_remaining=10)', '((14, 3), food_remaining=12)', '((14, 5), food_remaining=9)', '((13, 4), food_remaining=9)', '((13, 5), food_remaining=11)', '((9, 5), food_remaining=11)', '((12, 5), food_remaining=11)', '((8, 5), food_remaining=11)', '((8, 3), food_remaining=11)', '((3, 5), food_remaining=12)', '((13, 5), food_remaining=10)', '((3, 3), food_remaining=12)', '((4, 4), food_remaining=11)', '((12, 5), food_remaining=10)']","['((4, 3), food_remaining=11)', '((15, 3), food_remaining=13)', '((15, 3), food_remaining=12)', '((10, 3), food_remaining=11)', '((14, 5), food_remaining=10)', '((12, 3), food_remaining=12)', '((2, 3), food_remaining=13)', '((13, 3), food_remaining=10)', '((1, 5), food_remaining=11)', '((4, 3), food_remaining=12)', '((13, 4), food_remaining=11)', '((11, 5), food_remaining=11)', '((14, 3), food_remaining=11)', '((1, 5), food_remaining=11)', '((5, 5), food_remaining=12)', '((12, 3), food_remaining=12)', '((5, 5), food_remaining=11)', '((1, 5), food_remaining=10)', '((12, 3), food_remaining=11)', '((4, 3), food_remaining=11)', '((2, 3), food_remaining=12)', '((12, 5), food_remaining=10)', '((11, 5), food_remaining=10)', '((14, 3), food_remaining=12)', '((14, 5), food_remaining=9)', '((13, 4), food_remaining=9)', '((13, 5), food_remaining=11)', '((9, 5), food_remaining=11)', '((12, 5), food_remaining=11)', '((8, 5), food_remaining=11)', '((8, 3), food_remaining=11)', '((3, 5), food_remaining=12)', '((13, 5), food_remaining=10)', '((3, 3), food_remaining=12)', '((4, 4), food_remaining=11)', '((4, 4), food_remaining=10)', '((3, 5), food_remaining=11)']","[((5, 5), food_remaining=12), ((9, 5), food_remaining=12), ((5, 5), food_remaining=12), ((5, 5), food_remaining=11), ((14, 5), food_remaining=10), ((12, 3), food_remaining=13), ((3, 3), food_remaining=13), ((3, 3), food_remaining=12), ((12, 5), food_remaining=12), ((2, 5), food_remaining=12), ((13, 3), food_remaining=13), ((6, 5), food_remaining=12), ((6, 5), food_remaining=11), ((13, 3), food_remaining=12), ((13, 5), food_remaining=11), ((10, 4), food_remaining=12), ((10, 4), food_remaining=11), ((13, 5), food_remaining=10), ((7, 4), food_remaining=12), ((3, 5), food_remaining=12), ((2, 5), food_remaining=12), ((2, 5), food_remaining=11), ((7, 4), food_remaining=11), ((6, 3), food_remaining=13), ((6, 3), food_remaining=12), ((10, 3), food_remaining=13), ((10, 3), food_remaining=12), ((13, 4), food_remaining=10), ((7, 5), food_remaining=12), ((7, 5), food_remaining=11), ((6, 3), food_remaining=12), ((6, 3), food_remaining=11), ((10, 3), food_remaining=12), ((6, 5), food_remaining=12), ((14, 3), food_remaining=13), ((7, 3), food_remaining=13), ((7, 3), food_remaining=12), ((4, 5), food_remaining=12), ((14, 3), food_remaining=12), ((7, 3), food_remaining=12), ... (+46 more)]",11,47,58
87,"((4, 3), food_remaining=11)","((5, 3), food_remaining=11)",West,"['((4, 4), food_remaining=10)', '((5, 3), food_remaining=11)', '((3, 3), food_remaining=11)']","['((4, 3), food_remaining=11)', '((15, 3), food_remaining=13)', '((15, 3), food_remaining=12)', '((10, 3), food_remaining=11)', '((14, 5), food_remaining=10)', '((12, 3), food_remaining=12)', '((2, 3), food_remaining=13)', '((13, 3), food_remaining=10)', '((1, 5), food_remaining=11)', '((4, 3), food_remaining=12)', '((13, 4), food_remaining=11)', '((11, 5), food_remaining=11)', '((14, 3), food_remaining=11)', '((1, 5), food_remaining=11)', '((5, 5), food_remaining=12)', '((12, 3), food_remaining=12)', '((5, 5), food_remaining=11)', '((1, 5), food_remaining=10)', '((12, 3), food_remaining=11)', '((4, 3), food_remaining=11)', '((2, 3), food_remaining=12)', '((12, 5), food_remaining=10)', '((11, 5), food_remaining=10)', '((14, 3), food_remaining=12)', '((14, 5), food_remaining=9)', '((13, 4), food_remaining=9)', '((13, 5), food_remaining=11)', '((9, 5), food_remaining=11)', '((12, 5), food_remaining=11)', '((8, 5), food_remaining=11)', '((8, 3), food_remaining=11)', '((3, 5), food_remaining=12)', '((13, 5), food_remaining=10)', '((3, 3), food_remaining=12)', '((4, 4), food_remaining=11)', '((4, 4), food_remaining=10)', '((3, 5), food_remaining=11)']","['((15, 3), food_remaining=13)', '((14, 5), food_remaining=10)', '((15, 3), food_remaining=12)', '((10, 3), food_remaining=11)', '((4, 3), food_remaining=12)', '((12, 3), food_remaining=12)', '((2, 3), food_remaining=13)', '((13, 3), food_remaining=10)', '((1, 5), food_remaining=11)', '((4, 3), food_remaining=11)', '((13, 4), food_remaining=11)', '((11, 5), food_remaining=11)', '((14, 3), food_remaining=11)', '((1, 5), food_remaining=11)', '((5, 5), food_remaining=12)', '((12, 3), food_remaining=12)', '((5, 5), food_remaining=11)', '((1, 5), food_remaining=10)', '((12, 3), food_remaining=11)', '((3, 5), food_remaining=11)', '((2, 3), food_remaining=12)', '((12, 5), food_remaining=10)', '((11, 5), food_remaining=10)', '((14, 3), food_remaining=12)', '((14, 5), food_remaining=9)', '((13, 4), food_remaining=9)', '((13, 5), food_remaining=11)', '((9, 5), food_remaining=11)', '((12, 5), food_remaining=11)', '((8, 5), food_remaining=11)', '((8, 3), food_remaining=11)', '((3, 5), food_remaining=12)', '((13, 5), food_remaining=10)', '((3, 3), food_remaining=12)', '((4, 4), food_remaining=11)', '((4, 4), food_remaining=10)', '((3, 3), food_remaining=11)']","[((5, 5), food_remaining=12), ((9, 5), food_remaining=12), ((5, 5), food_remaining=12), ((5, 5), food_remaining=11), ((14, 5), food_remaining=10), ((12, 3), food_remaining=13), ((3, 3), food_remaining=13), ((3, 3), food_remaining=12), ((12, 5), food_remaining=12), ((2, 5), food_remaining=12), ((13, 3), food_remaining=13), ((6, 5), food_remaining=12), ((6, 5), food_remaining=11), ((13, 3), food_remaining=12), ((13, 5), food_remaining=11), ((10, 4), food_remaining=12), ((10, 4), food_remaining=11), ((13, 5), food_remaining=10), ((7, 4), food_remaining=12), ((3, 5), food_remaining=12), ((2, 5), food_remaining=12), ((2, 5), food_remaining=11), ((7, 4), food_remaining=11), ((6, 3), food_remaining=13), ((6, 3), food_remaining=12), ((10, 3), food_remaining=13), ((10, 3), food_remaining=12), ((13, 4), food_remaining=10), ((7, 5), food_remaining=12), ((7, 5), food_remaining=11), ((6, 3), food_remaining=12), ((6, 3), food_remaining=11), ((10, 3), food_remaining=12), ((6, 5), food_remaining=12), ((14, 3), food_remaining=13), ((7, 3), food_remaining=13), ((7, 3), food_remaining=12), ((4, 5), food_remaining=12), ((14, 3), food_remaining=12), ((7, 3), food_remaining=12), ... (+47 more)]",11,47,58
88,"((15, 3), food_remaining=13)","((14, 3), food_remaining=13)",East,"['((16, 3), food_remaining=13)', '((14, 3), food_remaining=13)']","['((15, 3), food_remaining=13)', '((14, 5), food_remaining=10)', '((15, 3), food_remaining=12)', '((10, 3), food_remaining=11)', '((4, 3), food_remaining=12)', '((12, 3), food_remaining=12)', '((2, 3), food_remaining=13)', '((13, 3), food_remaining=10)', '((1, 5), food_remaining=11)', '((4, 3), food_remaining=11)', '((13, 4), food_remaining=11)', '((11, 5), food_remaining=11)', '((14, 3), food_remaining=11)', '((1, 5), food_remaining=11)', '((5, 5), food_remaining=12)', '((12, 3), food_remaining=12)', '((5, 5), food_remaining=11)', '((1, 5), food_remaining=10)', '((12, 3), food_remaining=11)', '((3, 5), food_remaining=11)', '((2, 3), food_remaining=12)', '((12, 5), food_remaining=10)', '((11, 5), food_remaining=10)', '((14, 3), food_remaining=12)', '((14, 5), food_remaining=9)', '((13, 4), food_remaining=9)', '((13, 5), food_remaining=11)', '((9, 5), food_remaining=11)', '((12, 5), food_remaining=11)', '((8, 5), food_remaining=11)', '((8, 3), food_remaining=11)', '((3, 5), food_remaining=12)', '((13, 5), food_remaining=10)', '((3, 3), food_remaining=12)', '((4, 4), food_remaining=11)', '((4, 4), food_remaining=10)', '((3, 3), food_remaining=11)']","['((15, 3), food_remaining=12)', '((14, 5), food_remaining=10)', '((2, 3), food_remaining=13)', '((10, 3), food_remaining=11)', '((4, 3), food_remaining=12)', '((12, 3), food_remaining=12)', '((5, 5), food_remaining=12)', '((13, 3), food_remaining=10)', '((1, 5), food_remaining=11)', '((4, 3), food_remaining=11)', '((13, 4), food_remaining=11)', '((11, 5), food_remaining=11)', '((14, 3), food_remaining=11)', '((1, 5), food_remaining=11)', '((8, 5), food_remaining=11)', '((12, 3), food_remaining=12)', '((5, 5), food_remaining=11)', '((1, 5), food_remaining=10)', '((12, 3), food_remaining=11)', '((3, 5), food_remaining=11)', '((2, 3), food_remaining=12)', '((12, 5), food_remaining=10)', '((11, 5), food_remaining=10)', '((14, 3), food_remaining=12)', '((14, 5), food_remaining=9)', '((13, 4), food_remaining=9)', '((13, 5), food_remaining=11)', '((9, 5), food_remaining=11)', '((12, 5), food_remaining=11)', '((3, 3), food_remaining=11)', '((8, 3), food_remaining=11)', '((3, 5), food_remaining=12)', '((13, 5), food_remaining=10)', '((3, 3), food_remaining=12)', '((4, 4), food_remaining=11)', '((4, 4), food_remaining=10)', '((16, 3), food_remaining=13)']","[((5, 5), food_remaining=12), ((9, 5), food_remaining=12), ((5, 5), food_remaining=12), ((5, 5), food_remaining=11), ((14, 5), food_remaining=10), ((12, 3), food_remaining=13), ((3, 3), food_remaining=13), ((3, 3), food_remaining=12), ((12, 5), food_remaining=12), ((2, 5), food_remaining=12), ((13, 3), food_remaining=13), ((6, 5), food_remaining=12), ((6, 5), food_remaining=11), ((13, 3), food_remaining=12), ((13, 5), food_remaining=11), ((10, 4), food_remaining=12), ((10, 4), food_remaining=11), ((13, 5), food_remaining=10), ((7, 4), food_remaining=12), ((3, 5), food_remaining=12), ((2, 5), food_remaining=12), ((2, 5), food_remaining=11), ((7, 4), food_remaining=11), ((6, 3), food_remaining=13), ((6, 3), food_remaining=12), ((10, 3), food_remaining=13), ((10, 3), food_remaining=12), ((13, 4), food_remaining=10), ((7, 5), food_remaining=12), ((7, 5), food_remaining=11), ((6, 3), food_remaining=12), ((6, 3), food_remaining=11), ((10, 3), food_remaining=12), ((15, 3), food_remaining=13), ((6, 5), food_remaining=12), ((14, 3), food_remaining=13), ((7, 3), food_remaining=13), ((7, 3), food_remaining=12), ((4, 5), food_remaining=12), ((14, 3), food_remaining=12), ... (+48 more)]",6,53,59
89,"((15, 3), food_remaining=12)","((14, 3), food_remaining=12)",East,"['((16, 3), food_remaining=12)', '((14, 3), food_remaining=12)']","['((15, 3), food_remaining=12)', '((14, 5), food_remaining=10)', '((2, 3), food_remaining=13)', '((10, 3), food_remaining=11)', '((4, 3), food_remaining=12)', '((12, 3), food_remaining=12)', '((5, 5), food_remaining=12)', '((13, 3), food_remaining=10)', '((1, 5), food_remaining=11)', '((4, 3), food_remaining=11)', '((13, 4), food_remaining=11)', '((11, 5), food_remaining=11)', '((14, 3), food_remaining=11)', '((1, 5), food_remaining=11)', '((8, 5), food_remaining=11)', '((12, 3), food_remaining=12)', '((5, 5), food_remaining=11)', '((1, 5), food_remaining=10)', '((12, 3), food_remaining=11)', '((3, 5), food_remaining=11)', '((2, 3), food_remaining=12)', '((12, 5), food_remaining=10)', '((11, 5), food_remaining=10)', '((14, 3), food_remaining=12)', '((14, 5), food_remaining=9)', '((13, 4), food_remaining=9)', '((13, 5), food_remaining=11)', '((9, 5), food_remaining=11)', '((12, 5), food_remaining=11)', '((3, 3), food_remaining=11)', '((8, 3), food_remaining=11)', '((3, 5), food_remaining=12)', '((13, 5), food_remaining=10)', '((3, 3), food_remaining=12)', '((4, 4), food_remaining=11)', '((4, 4), food_remaining=10)', '((16, 3), food_remaining=13)']","['((14, 5), food_remaining=10)', '((4, 3), food_remaining=12)', '((2, 3), food_remaining=13)', '((10, 3), food_remaining=11)', '((4, 3), food_remaining=11)', '((12, 3), food_remaining=12)', '((5, 5), food_remaining=12)', '((13, 3), food_remaining=10)', '((1, 5), food_remaining=11)', '((2, 3), food_remaining=12)', '((13, 4), food_remaining=11)', '((11, 5), food_remaining=11)', '((14, 3), food_remaining=11)', '((1, 5), food_remaining=11)', '((8, 5), food_remaining=11)', '((12, 3), food_remaining=12)', '((5, 5), food_remaining=11)', '((1, 5), food_remaining=10)', '((12, 3), food_remaining=11)', '((3, 5), food_remaining=11)', '((16, 3), food_remaining=13)', '((12, 5), food_remaining=10)', '((11, 5), food_remaining=10)', '((14, 3), food_remaining=12)', '((14, 5), food_remaining=9)', '((13, 4), food_remaining=9)', '((13, 5), food_remaining=11)', '((9, 5), food_remaining=11)', '((12, 5), food_remaining=11)', '((3, 3), food_remaining=11)', '((8, 3), food_remaining=11)', '((3, 5), food_remaining=12)', '((13, 5), food_remaining=10)', '((3, 3), food_remaining=12)', '((4, 4), food_remaining=11)', '((4, 4), food_remaining=10)', '((16, 3), food_remaining=12)']","[((5, 5), food_remaining=12), ((9, 5), food_remaining=12), ((15, 3), food_remaining=12), ((5, 5), food_remaining=12), ((5, 5), food_remaining=11), ((14, 5), food_remaining=10), ((12, 3), food_remaining=13), ((3, 3), food_remaining=13), ((3, 3), food_remaining=12), ((12, 5), food_remaining=12), ((2, 5), food_remaining=12), ((13, 3), food_remaining=13), ((6, 5), food_remaining=12), ((6, 5), food_remaining=11), ((13, 3), food_remaining=12), ((13, 5), food_remaining=11), ((10, 4), food_remaining=12), ((10, 4), food_remaining=11), ((13, 5), food_remaining=10), ((7, 4), food_remaining=12), ((3, 5), food_remaining=12), ((2, 5), food_remaining=12), ((2, 5), food_remaining=11), ((7, 4), food_remaining=11), ((6, 3), food_remaining=13), ((6, 3), food_remaining=12), ((10, 3), food_remaining=13), ((10, 3), food_remaining=12), ((13, 4), food_remaining=10), ((7, 5), food_remaining=12), ((7, 5), food_remaining=11), ((6, 3), food_remaining=12), ((6, 3), food_remaining=11), ((10, 3), food_remaining=12), ((15, 3), food_remaining=13), ((6, 5), food_remaining=12), ((14, 3), food_remaining=13), ((7, 3), food_remaining=13), ((7, 3), food_remaining=12), ((4, 5), food_remaining=12), ... (+49 more)]",8,51,59
90,"((14, 5), food_remaining=10)","((13, 5), food_remaining=11)",East,"['((13, 5), food_remaining=10)']","['((14, 5), food_remaining=10)', '((4, 3), food_remaining=12)', '((2, 3), food_remaining=13)', '((10, 3), food_remaining=11)', '((4, 3), food_remaining=11)', '((12, 3), food_remaining=12)', '((5, 5), food_remaining=12)', '((13, 3), food_remaining=10)', '((1, 5), food_remaining=11)', '((2, 3), food_remaining=12)', '((13, 4), food_remaining=11)', '((11, 5), food_remaining=11)', '((14, 3), food_remaining=11)', '((1, 5), food_remaining=11)', '((8, 5), food_remaining=11)', '((12, 3), food_remaining=12)', '((5, 5), food_remaining=11)', '((1, 5), food_remaining=10)', '((12, 3), food_remaining=11)', '((3, 5), food_remaining=11)', '((16, 3), food_remaining=13)', '((12, 5), food_remaining=10)', '((11, 5), food_remaining=10)', '((14, 3), food_remaining=12)', '((14, 5), food_remaining=9)', '((13, 4), food_remaining=9)', '((13, 5), food_remaining=11)', '((9, 5), food_remaining=11)', '((12, 5), food_remaining=11)', '((3, 3), food_remaining=11)', '((8, 3), food_remaining=11)', '((3, 5), food_remaining=12)', '((13, 5), food_remaining=10)', '((3, 3), food_remaining=12)', '((4, 4), food_remaining=11)', '((4, 4), food_remaining=10)', '((16, 3), food_remaining=12)']","['((4, 3), food_remaining=12)', '((10, 3), food_remaining=11)', '((2, 3), food_remaining=13)', '((1, 5), food_remaining=11)', '((4, 3), food_remaining=11)', '((12, 3), food_remaining=12)', '((5, 5), food_remaining=12)', '((13, 3), food_remaining=10)', '((1, 5), food_remaining=10)', '((2, 3), food_remaining=12)', '((13, 4), food_remaining=11)', '((11, 5), food_remaining=11)', '((14, 3), food_remaining=11)', '((1, 5), food_remaining=11)', '((8, 5), food_remaining=11)', '((12, 3), food_remaining=12)', '((5, 5), food_remaining=11)', '((13, 5), food_remaining=10)', '((12, 3), food_remaining=11)', '((3, 5), food_remaining=11)', '((16, 3), food_remaining=13)', '((12, 5), food_remaining=10)', '((11, 5), food_remaining=10)', '((14, 3), food_remaining=12)', '((14, 5), food_remaining=9)', '((13, 4), food_remaining=9)', '((13, 5), food_remaining=11)', '((9, 5), food_remaining=11)', '((12, 5), food_remaining=11)', '((3, 3), food_remaining=11)', '((8, 3), food_remaining=11)', '((3, 5), food_remaining=12)', '((13, 5), food_remaining=10)', '((3, 3), food_remaining=12)', '((4, 4), food_remaining=11)', '((16, 3), food_remaining=12)', '((4, 4), food_remaining=10)']","[((5, 5), food_remaining=12), ((9, 5), food_remaining=12), ((15, 3), food_remaining=12), ((5, 5), food_remaining=12), ((5, 5), food_remaining=11), ((14, 5), food_remaining=10), ((12, 3), food_remaining=13), ((3, 3), food_remaining=13), ((3, 3), food_remaining=12), ((12, 5), food_remaining=12), ((2, 5), food_remaining=12), ((13, 3), food_remaining=13), ((6, 5), food_remaining=12), ((6, 5), food_remaining=11), ((13, 3), food_remaining=12), ((13, 5), food_remaining=11), ((10, 4), food_remaining=12), ((10, 4), food_remaining=11), ((13, 5), food_remaining=10), ((7, 4), food_remaining=12), ((3, 5), food_remaining=12), ((2, 5), food_remaining=12), ((2, 5), food_remaining=11), ((7, 4), food_remaining=11), ((14, 5), food_remaining=10), ((6, 3), food_remaining=13), ((6, 3), food_remaining=12), ((10, 3), food_remaining=13), ((10, 3), food_remaining=12), ((13, 4), food_remaining=10), ((7, 5), food_remaining=12), ((7, 5), food_remaining=11), ((6, 3), food_remaining=12), ((6, 3), food_remaining=11), ((10, 3), food_remaining=12), ((15, 3), food_remaining=13), ((6, 5), food_remaining=12), ((14, 3), food_remaining=13), ((7, 3), food_remaining=13), ((7, 3), food_remaining=12), ... (+50 more)]",7,52,59
91,"((4, 3), food_remaining=12)","((4, 4), food_remaining=12)",South,"['((4, 4), food_remaining=12)', '((5, 3), food_remaining=12)', '((3, 3), food_remaining=12)']","['((4, 3), food_remaining=12)', '((10, 3), food_remaining=11)', '((2, 3), food_remaining=13)', '((1, 5), food_remaining=11)', '((4, 3), food_remaining=11)', '((12, 3), food_remaining=12)', '((5, 5), food_remaining=12)', '((13, 3), food_remaining=10)', '((1, 5), food_remaining=10)', '((2, 3), food_remaining=12)', '((13, 4), food_remaining=11)', '((11, 5), food_remaining=11)', '((14, 3), food_remaining=11)', '((1, 5), food_remaining=11)', '((8, 5), food_remaining=11)', '((12, 3), food_remaining=12)', '((5, 5), food_remaining=11)', '((13, 5), food_remaining=10)', '((12, 3), food_remaining=11)', '((3, 5), food_remaining=11)', '((16, 3), food_remaining=13)', '((12, 5), food_remaining=10)', '((11, 5), food_remaining=10)', '((14, 3), food_remaining=12)', '((14, 5), food_remaining=9)', '((13, 4), food_remaining=9)', '((13, 5), food_remaining=11)', '((9, 5), food_remaining=11)', '((12, 5), food_remaining=11)', '((3, 3), food_remaining=11)', '((8, 3), food_remaining=11)', '((3, 5), food_remaining=12)', '((13, 5), food_remaining=10)', '((3, 3), food_remaining=12)', '((4, 4), food_remaining=11)', '((16, 3), food_remaining=12)', '((4, 4), food_remaining=10)']","['((2, 3), food_remaining=13)', '((10, 3), food_remaining=11)', '((12, 3), food_remaining=12)', '((1, 5), food_remaining=11)', '((4, 3), food_remaining=11)', '((11, 5), food_remaining=11)', '((5, 5), food_remaining=12)', '((13, 3), food_remaining=10)', '((1, 5), food_remaining=10)', '((2, 3), food_remaining=12)', '((13, 4), food_remaining=11)', '((14, 3), food_remaining=12)', '((14, 3), food_remaining=11)', '((1, 5), food_remaining=11)', '((8, 5), food_remaining=11)', '((12, 3), food_remaining=12)', '((5, 5), food_remaining=11)', '((13, 5), food_remaining=10)', '((3, 3), food_remaining=12)', '((3, 5), food_remaining=11)', '((16, 3), food_remaining=13)', '((12, 5), food_remaining=10)', '((11, 5), food_remaining=10)', '((4, 4), food_remaining=10)', '((14, 5), food_remaining=9)', '((13, 4), food_remaining=9)', '((13, 5), food_remaining=11)', '((9, 5), food_remaining=11)', '((12, 5), food_remaining=11)', '((3, 3), food_remaining=11)', '((8, 3), food_remaining=11)', '((3, 5), food_remaining=12)', '((13, 5), food_remaining=10)', '((3, 3), food_remaining=12)', '((4, 4), food_remaining=11)', '((16, 3), food_remaining=12)', '((5, 3), food_remaining=12)', '((12, 3), food_remaining=11)']","[((5, 5), food_remaining=12), ((9, 5), food_remaining=12), ((15, 3), food_remaining=12), ((5, 5), food_remaining=12), ((5, 5), food_remaining=11), ((4, 3), food_remaining=12), ((14, 5), food_remaining=10), ((12, 3), food_remaining=13), ((3, 3), food_remaining=13), ((3, 3), food_remaining=12), ((12, 5), food_remaining=12), ((2, 5), food_remaining=12), ((13, 3), food_remaining=13), ((6, 5), food_remaining=12), ((6, 5), food_remaining=11), ((13, 3), food_remaining=12), ((13, 5), food_remaining=11), ((10, 4), food_remaining=12), ((10, 4), food_remaining=11), ((13, 5), food_remaining=10), ((7, 4), food_remaining=12), ((3, 5), food_remaining=12), ((2, 5), food_remaining=12), ((2, 5), food_remaining=11), ((7, 4), food_remaining=11), ((14, 5), food_remaining=10), ((6, 3), food_remaining=13), ((6, 3), food_remaining=12), ((10, 3), food_remaining=13), ((10, 3), food_remaining=12), ((13, 4), food_remaining=10), ((7, 5), food_remaining=12), ((7, 5), food_remaining=11), ((6, 3), food_remaining=12), ((6, 3), food_remaining=11), ((10, 3), food_remaining=12), ((15, 3), food_remaining=13), ((6, 5), food_remaining=12), ((14, 3), food_remaining=13), ((7, 3), food_remaining=13), ... (+51 more)]",7,52,59
92,"((2, 3), food_remaining=13)","((3, 3), food_remaining=13)",West,"['((3, 3), food_remaining=13)', '((1, 3), food_remaining=13)']","['((2, 3), food_remaining=13)', '((10, 3), food_remaining=11)', '((12, 3), food_remaining=12)', '((1, 5), food_remaining=11)', '((4, 3), food_remaining=11)', '((11, 5), food_remaining=11)', '((5, 5), food_remaining=12)', '((13, 3), food_remaining=10)', '((1, 5), food_remaining=10)', '((2, 3), food_remaining=12)', '((13, 4), food_remaining=11)', '((14, 3), food_remaining=12)', '((14, 3), food_remaining=11)', '((1, 5), food_remaining=11)', '((8, 5), food_remaining=11)', '((12, 3), food_remaining=12)', '((5, 5), food_remaining=11)', '((13, 5), food_remaining=10)', '((3, 3), food_remaining=12)', '((3, 5), food_remaining=11)', '((16, 3), food_remaining=13)', '((12, 5), food_remaining=10)', '((11, 5), food_remaining=10)', '((4, 4), food_remaining=10)', '((14, 5), food_remaining=9)', '((13, 4), food_remaining=9)', '((13, 5), food_remaining=11)', '((9, 5), food_remaining=11)', '((12, 5), food_remaining=11)', '((3, 3), food_remaining=11)', '((8, 3), food_remaining=11)', '((3, 5), food_remaining=12)', '((13, 5), food_remaining=10)', '((3, 3), food_remaining=12)', '((4, 4), food_remaining=11)', '((16, 3), food_remaining=12)', '((5, 3), food_remaining=12)', '((12, 3), food_remaining=11)']","['((10, 3), food_remaining=11)', '((4, 3), food_remaining=11)', '((12, 3), food_remaining=12)', '((1, 5), food_remaining=11)', '((2, 3), food_remaining=12)', '((11, 5), food_remaining=11)', '((5, 5), food_remaining=12)', '((13, 3), food_remaining=10)', '((1, 5), food_remaining=10)', '((12, 3), food_remaining=11)', '((13, 4), food_remaining=11)', '((14, 3), food_remaining=12)', '((14, 3), food_remaining=11)', '((1, 5), food_remaining=11)', '((8, 5), food_remaining=11)', '((12, 3), food_remaining=12)', '((5, 5), food_remaining=11)', '((13, 5), food_remaining=10)', '((3, 3), food_remaining=12)', '((3, 5), food_remaining=11)', '((16, 3), food_remaining=13)', '((12, 5), food_remaining=10)', '((11, 5), food_remaining=10)', '((4, 4), food_remaining=10)', '((14, 5), food_remaining=9)', '((13, 4), food_remaining=9)', '((13, 5), food_remaining=11)', '((9, 5), food_remaining=11)', '((12, 5), food_remaining=11)', '((3, 3), food_remaining=11)', '((8, 3), food_remaining=11)', '((3, 5), food_remaining=12)', '((13, 5), food_remaining=10)', '((3, 3), food_remaining=12)', '((4, 4), food_remaining=11)', '((16, 3), food_remaining=12)', '((5, 3), food_remaining=12)', '((1, 3), food_remaining=13)']","[((5, 5), food_remaining=12), ((9, 5), food_remaining=12), ((15, 3), food_remaining=12), ((5, 5), food_remaining=12), ((5, 5), food_remaining=11), ((4, 3), food_remaining=12), ((14, 5), food_remaining=10), ((12, 3), food_remaining=13), ((3, 3), food_remaining=13), ((3, 3), food_remaining=12), ((12, 5), food_remaining=12), ((2, 5), food_remaining=12), ((13, 3), food_remaining=13), ((6, 5), food_remaining=12), ((6, 5), food_remaining=11), ((13, 3), food_remaining=12), ((13, 5), food_remaining=11), ((10, 4), food_remaining=12), ((10, 4), food_remaining=11), ((13, 5), food_remaining=10), ((7, 4), food_remaining=12), ((3, 5), food_remaining=12), ((2, 5), food_remaining=12), ((2, 5), food_remaining=11), ((7, 4), food_remaining=11), ((14, 5), food_remaining=10), ((6, 3), food_remaining=13), ((6, 3), food_remaining=12), ((10, 3), food_remaining=13), ((10, 3), food_remaining=12), ((13, 4), food_remaining=10), ((7, 5), food_remaining=12), ((7, 5), food_remaining=11), ((6, 3), food_remaining=12), ((6, 3), food_remaining=11), ((10, 3), food_remaining=12), ((15, 3), food_remaining=13), ((6, 5), food_remaining=12), ((14, 3), food_remaining=13), ((7, 3), food_remaining=13), ... (+52 more)]",7,52,59
93,"((10, 3), food_remaining=11)","((10, 4), food_remaining=11)",South,"['((10, 4), food_remaining=11)', '((11, 3), food_remaining=11)', '((9, 3), food_remaining=11)']","['((10, 3), food_remaining=11)', '((4, 3), food_remaining=11)', '((12, 3), food_remaining=12)', '((1, 5), food_remaining=11)', '((2, 3), food_remaining=12)', '((11, 5), food_remaining=11)', '((5, 5), food_remaining=12)', '((13, 3), food_remaining=10)', '((1, 5), food_remaining=10)', '((12, 3), food_remaining=11)', '((13, 4), food_remaining=11)', '((14, 3), food_remaining=12)', '((14, 3), food_remaining=11)', '((1, 5), food_remaining=11)', '((8, 5), food_remaining=11)', '((12, 3), food_remaining=12)', '((5, 5), food_remaining=11)', '((13, 5), food_remaining=10)', '((3, 3), food_remaining=12)', '((3, 5), food_remaining=11)', '((16, 3), food_remaining=13)', '((12, 5), food_remaining=10)', '((11, 5), food_remaining=10)', '((4, 4), food_remaining=10)', '((14, 5), food_remaining=9)', '((13, 4), food_remaining=9)', '((13, 5), food_remaining=11)', '((9, 5), food_remaining=11)', '((12, 5), food_remaining=11)', '((3, 3), food_remaining=11)', '((8, 3), food_remaining=11)', '((3, 5), food_remaining=12)', '((13, 5), food_remaining=10)', '((3, 3), food_remaining=12)', '((4, 4), food_remaining=11)', '((16, 3), food_remaining=12)', '((5, 3), food_remaining=12)', '((1, 3), food_remaining=13)']","['((4, 3), food_remaining=11)', '((2, 3), food_remaining=12)', '((12, 3), food_remaining=12)', '((1, 5), food_remaining=11)', '((1, 3), food_remaining=13)', '((11, 5), food_remaining=11)', '((5, 5), food_remaining=12)', '((13, 3), food_remaining=10)', '((1, 5), food_remaining=10)', '((12, 3), food_remaining=11)', '((13, 4), food_remaining=11)', '((14, 3), food_remaining=12)', '((14, 3), food_remaining=11)', '((1, 5), food_remaining=11)', '((8, 5), food_remaining=11)', '((12, 3), food_remaining=12)', '((5, 5), food_remaining=11)', '((13, 5), food_remaining=10)', '((3, 3), food_remaining=12)', '((3, 5), food_remaining=11)', '((16, 3), food_remaining=13)', '((12, 5), food_remaining=10)', '((11, 5), food_remaining=10)', '((4, 4), food_remaining=10)', '((14, 5), food_remaining=9)', '((13, 4), food_remaining=9)', '((13, 5), food_remaining=11)', '((9, 5), food_remaining=11)', '((12, 5), food_remaining=11)', '((3, 3), food_remaining=11)', '((8, 3), food_remaining=11)', '((3, 5), food_remaining=12)', '((13, 5), food_remaining=10)', '((3, 3), food_remaining=12)', '((4, 4), food_remaining=11)', '((16, 3), food_remaining=12)', '((5, 3), food_remaining=12)', '((11, 3), food_remaining=11)', '((9, 3), food_remaining=11)']","[((5, 5), food_remaining=12), ((9, 5), food_remaining=12), ((15, 3), food_remaining=12), ((5, 5), food_remaining=12), ((5, 5), food_remaining=11), ((4, 3), food_remaining=12), ((14, 5), food_remaining=10), ((12, 3), food_remaining=13), ((3, 3), food_remaining=13), ((3, 3), food_remaining=12), ((12, 5), food_remaining=12), ((2, 5), food_remaining=12), ((13, 3), food_remaining=13), ((6, 5), food_remaining=12), ((6, 5), food_remaining=11), ((13, 3), food_remaining=12), ((13, 5), food_remaining=11), ((10, 4), food_remaining=12), ((10, 4), food_remaining=11), ((13, 5), food_remaining=10), ((7, 4), food_remaining=12), ((3, 5), food_remaining=12), ((2, 5), food_remaining=12), ((2, 5), food_remaining=11), ((7, 4), food_remaining=11), ((14, 5), food_remaining=10), ((6, 3), food_remaining=13), ((6, 3), food_remaining=12), ((10, 3), food_remaining=13), ((10, 3), food_remaining=12), ((13, 4), food_remaining=10), ((7, 5), food_remaining=12), ((7, 5), food_remaining=11), ((6, 3), food_remaining=12), ((6, 3), food_remaining=11), ((10, 3), food_remaining=12), ((10, 3), food_remaining=11), ((15, 3), food_remaining=13), ((6, 5), food_remaining=12), ((14, 3), food_remaining=13), ... (+53 more)]",9,50,59
94,"((4, 3), food_remaining=11)","((4, 4), food_remaining=11)",South,"['((4, 4), food_remaining=11)', '((5, 3), food_remaining=11)', '((3, 3), food_remaining=11)']","['((4, 3), food_remaining=11)', '((2, 3), food_remaining=12)', '((12, 3), food_remaining=12)', '((1, 5), food_remaining=11)', '((1, 3), food_remaining=13)', '((11, 5), food_remaining=11)', '((5, 5), food_remaining=12)', '((13, 3), food_remaining=10)', '((1, 5), food_remaining=10)', '((12, 3), food_remaining=11)', '((13, 4), food_remaining=11)', '((14, 3), food_remaining=12)', '((14, 3), food_remaining=11)', '((1, 5), food_remaining=11)', '((8, 5), food_remaining=11)', '((12, 3), food_remaining=12)', '((5, 5), food_remaining=11)', '((13, 5), food_remaining=10)', '((3, 3), food_remaining=12)', '((3, 5), food_remaining=11)', '((16, 3), food_remaining=13)', '((12, 5), food_remaining=10)', '((11, 5), food_remaining=10)', '((4, 4), food_remaining=10)', '((14, 5), food_remaining=9)', '((13, 4), food_remaining=9)', '((13, 5), food_remaining=11)', '((9, 5), food_remaining=11)', '((12, 5), food_remaining=11)', '((3, 3), food_remaining=11)', '((8, 3), food_remaining=11)', '((3, 5), food_remaining=12)', '((13, 5), food_remaining=10)', '((3, 3), food_remaining=12)', '((4, 4), food_remaining=11)', '((16, 3), food_remaining=12)', '((5, 3), food_remaining=12)', '((11, 3), food_remaining=11)', '((9, 3), food_remaining=11)']","['((12, 3), food_remaining=12)', '((2, 3), food_remaining=12)', '((5, 5), food_remaining=12)', '((1, 5), food_remaining=11)', '((1, 3), food_remaining=13)', '((11, 5), food_remaining=11)', '((1, 5), food_remaining=11)', '((13, 3), food_remaining=10)', '((1, 5), food_remaining=10)', '((3, 3), food_remaining=11)', '((13, 4), food_remaining=11)', '((14, 3), food_remaining=12)', '((14, 3), food_remaining=11)', '((12, 5), food_remaining=11)', '((8, 5), food_remaining=11)', '((12, 3), food_remaining=12)', '((5, 5), food_remaining=11)', '((13, 5), food_remaining=10)', '((3, 3), food_remaining=12)', '((12, 3), food_remaining=11)', '((16, 3), food_remaining=13)', '((12, 5), food_remaining=10)', '((11, 5), food_remaining=10)', '((4, 4), food_remaining=10)', '((14, 5), food_remaining=9)', '((13, 4), food_remaining=9)', '((13, 5), food_remaining=11)', '((9, 5), food_remaining=11)', '((9, 3), food_remaining=11)', '((3, 3), food_remaining=11)', '((8, 3), food_remaining=11)', '((3, 5), food_remaining=12)', '((13, 5), food_remaining=10)', '((3, 3), food_remaining=12)', '((4, 4), food_remaining=11)', '((16, 3), food_remaining=12)', '((5, 3), food_remaining=12)', '((11, 3), food_remaining=11)', '((5, 3), food_remaining=11)', '((3, 5), food_remaining=11)']","[((5, 5), food_remaining=12), ((9, 5), food_remaining=12), ((15, 3), food_remaining=12), ((5, 5), food_remaining=12), ((5, 5), food_remaining=11), ((4, 3), food_remaining=12), ((4, 3), food_remaining=11), ((14, 5), food_remaining=10), ((12, 3), food_remaining=13), ((3, 3), food_remaining=13), ((3, 3), food_remaining=12), ((12, 5), food_remaining=12), ((2, 5), food_remaining=12), ((13, 3), food_remaining=13), ((6, 5), food_remaining=12), ((6, 5), food_remaining=11), ((13, 3), food_remaining=12), ((13, 5), food_remaining=11), ((10, 4), food_remaining=12), ((10, 4), food_remaining=11), ((13, 5), food_remaining=10), ((7, 4), food_remaining=12), ((3, 5), food_remaining=12), ((2, 5), food_remaining=12), ((2, 5), food_remaining=11), ((7, 4), food_remaining=11), ((14, 5), food_remaining=10), ((6, 3), food_remaining=13), ((6, 3), food_remaining=12), ((10, 3), food_remaining=13), ((10, 3), food_remaining=12), ((13, 4), food_remaining=10), ((7, 5), food_remaining=12), ((7, 5), food_remaining=11), ((6, 3), food_remaining=12), ((6, 3), food_remaining=11), ((10, 3), food_remaining=12), ((10, 3), food_remaining=11), ((15, 3), food_remaining=13), ((6, 5), food_remaining=12), ... (+54 more)]",9,50,59
95,"((12, 3), food_remaining=12)","((11, 3), food_remaining=12)",East,"['((13, 3), food_remaining=12)', '((11, 3), food_remaining=12)']","['((12, 3), food_remaining=12)', '((2, 3), food_remaining=12)', '((5, 5), food_remaining=12)', '((1, 5), food_remaining=11)', '((1, 3), food_remaining=13)', '((11, 5), food_remaining=11)', '((1, 5), food_remaining=11)', '((13, 3), food_remaining=10)', '((1, 5), food_remaining=10)', '((3, 3), food_remaining=11)', '((13, 4), food_remaining=11)', '((14, 3), food_remaining=12)', '((14, 3), food_remaining=11)', '((12, 5), food_remaining=11)', '((8, 5), food_remaining=11)', '((12, 3), food_remaining=12)', '((5, 5), food_remaining=11)', '((13, 5), food_remaining=10)', '((3, 3), food_remaining=12)', '((12, 3), food_remaining=11)', '((16, 3), food_remaining=13)', '((12, 5), food_remaining=10)', '((11, 5), food_remaining=10)', '((4, 4), food_remaining=10)', '((14, 5), food_remaining=9)', '((13, 4), food_remaining=9)', '((13, 5), food_remaining=11)', '((9, 5), food_remaining=11)', '((9, 3), food_remaining=11)', '((3, 3), food_remaining=11)', '((8, 3), food_remaining=11)', '((3, 5), food_remaining=12)', '((13, 5), food_remaining=10)', '((3, 3), food_remaining=12)', '((4, 4), food_remaining=11)', '((16, 3), food_remaining=12)', '((5, 3), food_remaining=12)', '((11, 3), food_remaining=11)', '((5, 3), food_remaining=11)', '((3, 5), food_remaining=11)']","['((2, 3), food_remaining=12)', '((1, 5), food_remaining=11)', '((5, 5), food_remaining=12)', '((1, 5), food_remaining=10)', '((1, 3), food_remaining=13)', '((11, 5), food_remaining=11)', '((1, 5), food_remaining=11)', '((13, 3), food_remaining=10)', '((13, 5), food_remaining=10)', '((3, 3), food_remaining=11)', '((13, 4), food_remaining=11)', '((14, 3), food_remaining=12)', '((14, 3), food_remaining=11)', '((12, 5), food_remaining=11)', '((8, 5), food_remaining=11)', '((12, 3), food_remaining=12)', '((5, 5), food_remaining=11)', '((5, 3), food_remaining=12)', '((3, 3), food_remaining=12)', '((13, 3), food_remaining=12)', '((16, 3), food_remaining=13)', '((12, 5), food_remaining=10)', '((11, 5), food_remaining=10)', '((4, 4), food_remaining=10)', '((14, 5), food_remaining=9)', '((13, 4), food_remaining=9)', '((13, 5), food_remaining=11)', '((9, 5), food_remaining=11)', '((9, 3), food_remaining=11)', '((3, 3), food_remaining=11)', '((8, 3), food_remaining=11)', '((3, 5), food_remaining=12)', '((13, 5), food_remaining=10)', '((3, 3), food_remaining=12)', '((4, 4), food_remaining=11)', '((16, 3), food_remaining=12)', '((3, 5), food_remaining=11)', '((11, 3), food_remaining=11)', '((5, 3), food_remaining=11)', '((12, 3), food_remaining=11)']","[((5, 5), food_remaining=12), ((9, 5), food_remaining=12), ((15, 3), food_remaining=12), ((5, 5), food_remaining=12), ((5, 5), food_remaining=11), ((4, 3), food_remaining=12), ((4, 3), food_remaining=11), ((14, 5), food_remaining=10), ((12, 3), food_remaining=13), ((12, 3), food_remaining=12), ((3, 3), food_remaining=13), ((3, 3), food_remaining=12), ((12, 5), food_remaining=12), ((2, 5), food_remaining=12), ((13, 3), food_remaining=13), ((6, 5), food_remaining=12), ((6, 5), food_remaining=11), ((13, 3), food_remaining=12), ((13, 5), food_remaining=11), ((10, 4), food_remaining=12), ((10, 4), food_remaining=11), ((13, 5), food_remaining=10), ((7, 4), food_remaining=12), ((3, 5), food_remaining=12), ((2, 5), food_remaining=12), ((2, 5), food_remaining=11), ((7, 4), food_remaining=11), ((14, 5), food_remaining=10), ((6, 3), food_remaining=13), ((6, 3), food_remaining=12), ((10, 3), food_remaining=13), ((10, 3), food_remaining=12), ((13, 4), food_remaining=10), ((7, 5), food_remaining=12), ((7, 5), food_remaining=11), ((6, 3), food_remaining=12), ((6, 3), food_remaining=11), ((10, 3), food_remaining=12), ((10, 3), food_remaining=11), ((15, 3), food_remaining=13), ... (+55 more)]",9,50,59
96,"((2, 3), food_remaining=12)","((3, 3), food_remaining=12)",West,"['((3, 3), food_remaining=12)', '((1, 3), food_remaining=12)']","['((2, 3), food_remaining=12)', '((1, 5), food_remaining=11)', '((5, 5), food_remaining=12)', '((1, 5), food_remaining=10)', '((1, 3), food_remaining=13)', '((11, 5), food_remaining=11)', '((1, 5), food_remaining=11)', '((13, 3), food_remaining=10)', '((13, 5), food_remaining=10)', '((3, 3), food_remaining=11)', '((13, 4), food_remaining=11)', '((14, 3), food_remaining=12)', '((14, 3), food_remaining=11)', '((12, 5), food_remaining=11)', '((8, 5), food_remaining=11)', '((12, 3), food_remaining=12)', '((5, 5), food_remaining=11)', '((5, 3), food_remaining=12)', '((3, 3), food_remaining=12)', '((13, 3), food_remaining=12)', '((16, 3), food_remaining=13)', '((12, 5), food_remaining=10)', '((11, 5), food_remaining=10)', '((4, 4), food_remaining=10)', '((14, 5), food_remaining=9)', '((13, 4), food_remaining=9)', '((13, 5), food_remaining=11)', '((9, 5), food_remaining=11)', '((9, 3), food_remaining=11)', '((3, 3), food_remaining=11)', '((8, 3), food_remaining=11)', '((3, 5), food_remaining=12)', '((13, 5), food_remaining=10)', '((3, 3), food_remaining=12)', '((4, 4), food_remaining=11)', '((16, 3), food_remaining=12)', '((3, 5), food_remaining=11)', '((11, 3), food_remaining=11)', '((5, 3), food_remaining=11)', '((12, 3), food_remaining=11)']","['((5, 5), food_remaining=12)', '((1, 5), food_remaining=11)', '((1, 5), food_remaining=11)', '((1, 5), food_remaining=10)', '((1, 3), food_remaining=13)', '((11, 5), food_remaining=11)', '((12, 5), food_remaining=11)', '((13, 3), food_remaining=10)', '((13, 5), food_remaining=10)', '((3, 3), food_remaining=11)', '((13, 4), food_remaining=11)', '((14, 3), food_remaining=12)', '((14, 3), food_remaining=11)', '((12, 3), food_remaining=11)', '((8, 5), food_remaining=11)', '((12, 3), food_remaining=12)', '((5, 5), food_remaining=11)', '((5, 3), food_remaining=12)', '((3, 3), food_remaining=12)', '((13, 3), food_remaining=12)', '((16, 3), food_remaining=13)', '((12, 5), food_remaining=10)', '((11, 5), food_remaining=10)', '((4, 4), food_remaining=10)', '((14, 5), food_remaining=9)', '((13, 4), food_remaining=9)', '((13, 5), food_remaining=11)', '((9, 5), food_remaining=11)', '((9, 3), food_remaining=11)', '((3, 3), food_remaining=11)', '((8, 3), food_remaining=11)', '((3, 5), food_remaining=12)', '((13, 5), food_remaining=10)', '((3, 3), food_remaining=12)', '((4, 4), food_remaining=11)', '((16, 3), food_remaining=12)', '((3, 5), food_remaining=11)', '((11, 3), food_remaining=11)', '((5, 3), food_remaining=11)', '((1, 3), food_remaining=12)']","[((5, 5), food_remaining=12), ((9, 5), food_remaining=12), ((15, 3), food_remaining=12), ((5, 5), food_remaining=12), ((5, 5), food_remaining=11), ((4, 3), food_remaining=12), ((4, 3), food_remaining=11), ((14, 5), food_remaining=10), ((12, 3), food_remaining=13), ((12, 3), food_remaining=12), ((3, 3), food_remaining=13), ((3, 3), food_remaining=12), ((12, 5), food_remaining=12), ((2, 5), food_remaining=12), ((13, 3), food_remaining=13), ((6, 5), food_remaining=12), ((6, 5), food_remaining=11), ((13, 3), food_remaining=12), ((13, 5), food_remaining=11), ((10, 4), food_remaining=12), ((10, 4), food_remaining=11), ((13, 5), food_remaining=10), ((7, 4), food_remaining=12), ((3, 5), food_remaining=12), ((2, 5), food_remaining=12), ((2, 5), food_remaining=11), ((7, 4), food_remaining=11), ((14, 5), food_remaining=10), ((6, 3), food_remaining=13), ((6, 3), food_remaining=12), ((10, 3), food_remaining=13), ((10, 3), food_remaining=12), ((13, 4), food_remaining=10), ((7, 5), food_remaining=12), ((7, 5), food_remaining=11), ((6, 3), food_remaining=12), ((6, 3), food_remaining=11), ((10, 3), food_remaining=12), ((10, 3), food_remaining=11), ((15, 3), food_remaining=13), ... (+56 more)]",9,50,59
97,"((5, 5), food_remaining=12)","((4, 5), food_remaining=12)",East,"['((6, 5), food_remaining=12)', '((4, 5), food_remaining=12)']","['((5, 5), food_remaining=12)', '((1, 5), food_remaining=11)', '((1, 5), food_remaining=11)', '((1, 5), food_remaining=10)', '((1, 3), food_remaining=13)', '((11, 5), food_remaining=11)', '((12, 5), food_remaining=11)', '((13, 3), food_remaining=10)', '((13, 5), food_remaining=10)', '((3, 3), food_remaining=11)', '((13, 4), food_remaining=11)', '((14, 3), food_remaining=12)', '((14, 3), food_remaining=11)', '((12, 3), food_remaining=11)', '((8, 5), food_remaining=11)', '((12, 3), food_remaining=12)', '((5, 5), food_remaining=11)', '((5, 3), food_remaining=12)', '((3, 3), food_remaining=12)', '((13, 3), food_remaining=12)', '((16, 3), food_remaining=13)', '((12, 5), food_remaining=10)', '((11, 5), food_remaining=10)', '((4, 4), food_remaining=10)', '((14, 5), food_remaining=9)', '((13, 4), food_remaining=9)', '((13, 5), food_remaining=11)', '((9, 5), food_remaining=11)', '((9, 3), food_remaining=11)', '((3, 3), food_remaining=11)', '((8, 3), food_remaining=11)', '((3, 5), food_remaining=12)', '((13, 5), food_remaining=10)', '((3, 3), food_remaining=12)', '((4, 4), food_remaining=11)', '((16, 3), food_remaining=12)', '((3, 5), food_remaining=11)', '((11, 3), food_remaining=11)', '((5, 3), food_remaining=11)', '((1, 3), food_remaining=12)']","['((1, 5), food_remaining=11)', '((1, 5), food_remaining=11)', '((1, 3), food_remaining=12)', '((1, 5), food_remaining=10)', '((1, 3), food_remaining=13)', '((11, 5), food_remaining=11)', '((12, 5), food_remaining=11)', '((13, 3), food_remaining=10)', '((13, 5), food_remaining=10)', '((3, 3), food_remaining=11)', '((13, 4), food_remaining=11)', '((14, 3), food_remaining=12)', '((14, 3), food_remaining=11)', '((12, 3), food_remaining=11)', '((8, 5), food_remaining=11)', '((12, 3), food_remaining=12)', '((5, 5), food_remaining=11)', '((5, 3), food_remaining=12)', '((3, 3), food_remaining=12)', '((13, 3), food_remaining=12)', '((16, 3), food_remaining=13)', '((12, 5), food_remaining=10)', '((11, 5), food_remaining=10)', '((4, 4), food_remaining=10)', '((14, 5), food_remaining=9)', '((13, 4), food_remaining=9)', '((13, 5), food_remaining=11)', '((9, 5), food_remaining=11)', '((9, 3), food_remaining=11)', '((3, 3), food_remaining=11)', '((8, 3), food_remaining=11)', '((3, 5), food_remaining=12)', '((13, 5), food_remaining=10)', '((3, 3), food_remaining=12)', '((4, 4), food_remaining=11)', '((16, 3), food_remaining=12)', '((3, 5), food_remaining=11)', '((11, 3), food_remaining=11)', '((5, 3), food_remaining=11)', '((6, 5), food_remaining=12)']","[((5, 5), food_remaining=12), ((9, 5), food_remaining=12), ((15, 3), food_remaining=12), ((5, 5), food_remaining=12), ((5, 5), food_remaining=11), ((4, 3), food_remaining=12), ((4, 3), food_remaining=11), ((14, 5), food_remaining=10), ((12, 3), food_remaining=13), ((12, 3), food_remaining=12), ((3, 3), food_remaining=13), ((3, 3), food_remaining=12), ((12, 5), food_remaining=12), ((2, 5), food_remaining=12), ((5, 5), food_remaining=12), ((13, 3), food_remaining=13), ((6, 5), food_remaining=12), ((6, 5), food_remaining=11), ((13, 3), food_remaining=12), ((13, 5), food_remaining=11), ((10, 4), food_remaining=12), ((10, 4), food_remaining=11), ((13, 5), food_remaining=10), ((7, 4), food_remaining=12), ((3, 5), food_remaining=12), ((2, 5), food_remaining=12), ((2, 5), food_remaining=11), ((7, 4), food_remaining=11), ((14, 5), food_remaining=10), ((6, 3), food_remaining=13), ((6, 3), food_remaining=12), ((10, 3), food_remaining=13), ((10, 3), food_remaining=12), ((13, 4), food_remaining=10), ((7, 5), food_remaining=12), ((7, 5), food_remaining=11), ((6, 3), food_remaining=12), ((6, 3), food_remaining=11), ((10, 3), food_remaining=12), ((10, 3), food_remaining=11), ... (+57 more)]",8,51,59
98,"((1, 5), food_remaining=11)","((2, 5), food_remaining=12)",West,"['((1, 4), food_remaining=10)', '((2, 5), food_remaining=11)']","['((1, 5), food_remaining=11)', '((1, 5), food_remaining=11)', '((1, 3), food_remaining=12)', '((1, 5), food_remaining=10)', '((1, 3), food_remaining=13)', '((11, 5), food_remaining=11)', '((12, 5), food_remaining=11)', '((13, 3), food_remaining=10)', '((13, 5), food_remaining=10)', '((3, 3), food_remaining=11)', '((13, 4), food_remaining=11)', '((14, 3), food_remaining=12)', '((14, 3), food_remaining=11)', '((12, 3), food_remaining=11)', '((8, 5), food_remaining=11)', '((12, 3), food_remaining=12)', '((5, 5), food_remaining=11)', '((5, 3), food_remaining=12)', '((3, 3), food_remaining=12)', '((13, 3), food_remaining=12)', '((16, 3), food_remaining=13)', '((12, 5), food_remaining=10)', '((11, 5), food_remaining=10)', '((4, 4), food_remaining=10)', '((14, 5), food_remaining=9)', '((13, 4), food_remaining=9)', '((13, 5), food_remaining=11)', '((9, 5), food_remaining=11)', '((9, 3), food_remaining=11)', '((3, 3), food_remaining=11)', '((8, 3), food_remaining=11)', '((3, 5), food_remaining=12)', '((13, 5), food_remaining=10)', '((3, 3), food_remaining=12)', '((4, 4), food_remaining=11)', '((16, 3), food_remaining=12)', '((3, 5), food_remaining=11)', '((11, 3), food_remaining=11)', '((5, 3), food_remaining=11)', '((6, 5), food_remaining=12)']","[((1, 5), food_remaining=11), ((1, 5), food_remaining=10), ((1, 3), food_remaining=12), ((13, 5), food_remaining=10), ((1, 3), food_remaining=13), ((11, 5), food_remaining=11), ((12, 5), food_remaining=11), ((13, 3), food_remaining=10), ((5, 3), food_remaining=12), ((3, 3), food_remaining=11), ((13, 4), food_remaining=11), ((14, 3), food_remaining=12), ((14, 3), food_remaining=11), ((12, 3), food_remaining=11), ((8, 5), food_remaining=11), ((12, 3), food_remaining=12), ((5, 5), food_remaining=11), ((6, 5), food_remaining=12), ((3, 3), food_remaining=12), ((13, 3), food_remaining=12), ((16, 3), food_remaining=13), ((12, 5), food_remaining=10), ((11, 5), food_remaining=10), ((4, 4), food_remaining=10), ((14, 5), food_remaining=9), ((13, 4), food_remaining=9), ((13, 5), food_remaining=11), ((9, 5), food_remaining=11), ((9, 3), food_remaining=11), ((3, 3), food_remaining=11), ((8, 3), food_remaining=11), ((3, 5), food_remaining=12), ((13, 5), food_remaining=10), ((3, 3), food_remaining=12), ((4, 4), food_remaining=11), ((16, 3), food_remaining=12), ((3, 5), food_remaining=11), ((11, 3), food_remaining=11), ((5, 3), food_remaining=11), ((1, 4), food_remaining=10), ... (+1 more)]","[((5, 5), food_remaining=12), ((9, 5), food_remaining=12), ((15, 3), food_remaining=12), ((5, 5), food_remaining=12), ((5, 5), food_remaining=11), ((4, 3), food_remaining=12), ((4, 3), food_remaining=11), ((14, 5), food_remaining=10), ((12, 3), food_remaining=13), ((12, 3), food_remaining=12), ((3, 3), food_remaining=13), ((3, 3), food_remaining=12), ((12, 5), food_remaining=12), ((2, 5), food_remaining=12), ((5, 5), food_remaining=12), ((13, 3), food_remaining=13), ((6, 5), food_remaining=12), ((6, 5), food_remaining=11), ((13, 3), food_remaining=12), ((13, 5), food_remaining=11), ((10, 4), food_remaining=12), ((10, 4), food_remaining=11), ((13, 5), food_remaining=10), ((7, 4), food_remaining=12), ((3, 5), food_remaining=12), ((2, 5), food_remaining=12), ((2, 5), food_remaining=11), ((7, 4), food_remaining=11), ((14, 5), food_remaining=10), ((6, 3), food_remaining=13), ((6, 3), food_remaining=12), ((10, 3), food_remaining=13), ((10, 3), food_remaining=12), ((13, 4), food_remaining=10), ((7, 5), food_remaining=12), ((7, 5), food_remaining=11), ((6, 3), food_remaining=12), ((6, 3), food_remaining=11), ((10, 3), food_remaining=12), ((10, 3), food_remaining=11), ... (+58 more)]",10,49,59
99,"((1, 5), food_remaining=11)","((2, 5), food_remaining=12)",West,"['((1, 4), food_remaining=10)', '((2, 5), food_remaining=11)']","[((1, 5), food_remaining=11), ((1, 5), food_remaining=10), ((1, 3), food_remaining=12), ((13, 5), food_remaining=10), ((1, 3), food_remaining=13), ((11, 5), food_remaining=11), ((12, 5), food_remaining=11), ((13, 3), food_remaining=10), ((5, 3), food_remaining=12), ((3, 3), food_remaining=11), ((13, 4), food_remaining=11), ((14, 3), food_remaining=12), ((14, 3), food_remaining=11), ((12, 3), food_remaining=11), ((8, 5), food_remaining=11), ((12, 3), food_remaining=12), ((5, 5), food_remaining=11), ((6, 5), food_remaining=12), ((3, 3), food_remaining=12), ((13, 3), food_remaining=12), ((16, 3), food_remaining=13), ((12, 5), food_remaining=10), ((11, 5), food_remaining=10), ((4, 4), food_remaining=10), ((14, 5), food_remaining=9), ((13, 4), food_remaining=9), ((13, 5), food_remaining=11), ((9, 5), food_remaining=11), ((9, 3), food_remaining=11), ((3, 3), food_remaining=11), ((8, 3), food_remaining=11), ((3, 5), food_remaining=12), ((13, 5), food_remaining=10), ((3, 3), food_remaining=12), ((4, 4), food_remaining=11), ((16, 3), food_remaining=12), ((3, 5), food_remaining=11), ((11, 3), food_remaining=11), ((5, 3), food_remaining=11), ((1, 4), food_remaining=10), ... (+1 more)]","[((1, 5), food_remaining=10), ((13, 5), food_remaining=10), ((1, 3), food_remaining=12), ((5, 3), food_remaining=12), ((1, 3), food_remaining=13), ((11, 5), food_remaining=11), ((12, 5), food_remaining=11), ((13, 3), food_remaining=10), ((3, 3), food_remaining=12), ((3, 3), food_remaining=11), ((13, 4), food_remaining=11), ((14, 3), food_remaining=12), ((14, 3), food_remaining=11), ((12, 3), food_remaining=11), ((8, 5), food_remaining=11), ((12, 3), food_remaining=12), ((5, 5), food_remaining=11), ((6, 5), food_remaining=12), ((11, 3), food_remaining=11), ((13, 3), food_remaining=12), ((16, 3), food_remaining=13), ((12, 5), food_remaining=10), ((11, 5), food_remaining=10), ((4, 4), food_remaining=10), ((14, 5), food_remaining=9), ((13, 4), food_remaining=9), ((13, 5), food_remaining=11), ((9, 5), food_remaining=11), ((9, 3), food_remaining=11), ((3, 3), food_remaining=11), ((8, 3), food_remaining=11), ((3, 5), food_remaining=12), ((13, 5), food_remaining=10), ((3, 3), food_remaining=12), ((4, 4), food_remaining=11), ((16, 3), food_remaining=12), ((3, 5), food_remaining=11), ((2, 5), food_remaining=11), ((5, 3), food_remaining=11), ((1, 4), food_remaining=10), ... (+2 more)]","[((5, 5), food_remaining=12), ((9, 5), food_remaining=12), ((15, 3), food_remaining=12), ((1, 5), food_remaining=11), ((5, 5), food_remaining=12), ((5, 5), food_remaining=11), ((4, 3), food_remaining=12), ((4, 3), food_remaining=11), ((14, 5), food_remaining=10), ((12, 3), food_remaining=13), ((12, 3), food_remaining=12), ((3, 3), food_remaining=13), ((3, 3), food_remaining=12), ((12, 5), food_remaining=12), ((2, 5), food_remaining=12), ((5, 5), food_remaining=12), ((13, 3), food_remaining=13), ((6, 5), food_remaining=12), ((6, 5), food_remaining=11), ((13, 3), food_remaining=12), ((13, 5), food_remaining=11), ((10, 4), food_remaining=12), ((10, 4), food_remaining=11), ((13, 5), food_remaining=10), ((7, 4), food_remaining=12), ((3, 5), food_remaining=12), ((2, 5), food_remaining=12), ((2, 5), food_remaining=11), ((7, 4), food_remaining=11), ((14, 5), food_remaining=10), ((6, 3), food_remaining=13), ((6, 3), food_remaining=12), ((10, 3), food_remaining=13), ((10, 3), food_remaining=12), ((13, 4), food_remaining=10), ((7, 5), food_remaining=12), ((7, 5), food_remaining=11), ((6, 3), food_remaining=12), ((6, 3), food_remaining=11), ((10, 3), food_remaining=12), ... (+59 more)]",10,49,59
100,"((1, 5), food_remaining=10)","((2, 5), food_remaining=11)",West,"['((1, 4), food_remaining=9)', '((2, 5), food_remaining=10)']","[((1, 5), food_remaining=10), ((13, 5), food_remaining=10), ((1, 3), food_remaining=12), ((5, 3), food_remaining=12), ((1, 3), food_remaining=13), ((11, 5), food_remaining=11), ((12, 5), food_remaining=11), ((13, 3), food_remaining=10), ((3, 3), food_remaining=12), ((3, 3), food_remaining=11), ((13, 4), food_remaining=11), ((14, 3), food_remaining=12), ((14, 3), food_remaining=11), ((12, 3), food_remaining=11), ((8, 5), food_remaining=11), ((12, 3), food_remaining=12), ((5, 5), food_remaining=11), ((6, 5), food_remaining=12), ((11, 3), food_remaining=11), ((13, 3), food_remaining=12), ((16, 3), food_remaining=13), ((12, 5), food_remaining=10), ((11, 5), food_remaining=10), ((4, 4), food_remaining=10), ((14, 5), food_remaining=9), ((13, 4), food_remaining=9), ((13, 5), food_remaining=11), ((9, 5), food_remaining=11), ((9, 3), food_remaining=11), ((3, 3), food_remaining=11), ((8, 3), food_remaining=11), ((3, 5), food_remaining=12), ((13, 5), food_remaining=10), ((3, 3), food_remaining=12), ((4, 4), food_remaining=11), ((16, 3), food_remaining=12), ((3, 5), food_remaining=11), ((2, 5), food_remaining=11), ((5, 3), food_remaining=11), ((1, 4), food_remaining=10), ... (+2 more)]","[((13, 5), food_remaining=10), ((5, 3), food_remaining=12), ((1, 3), food_remaining=12), ((3, 3), food_remaining=12), ((1, 3), food_remaining=13), ((11, 5), food_remaining=11), ((12, 5), food_remaining=11), ((13, 3), food_remaining=10), ((11, 3), food_remaining=11), ((3, 3), food_remaining=11), ((13, 4), food_remaining=11), ((14, 3), food_remaining=12), ((14, 3), food_remaining=11), ((12, 3), food_remaining=11), ((8, 5), food_remaining=11), ((12, 3), food_remaining=12), ((5, 5), food_remaining=11), ((6, 5), food_remaining=12), ((5, 3), food_remaining=11), ((13, 3), food_remaining=12), ((1, 4), food_remaining=9), ((12, 5), food_remaining=10), ((11, 5), food_remaining=10), ((4, 4), food_remaining=10), ((14, 5), food_remaining=9), ((13, 4), food_remaining=9), ((13, 5), food_remaining=11), ((9, 5), food_remaining=11), ((9, 3), food_remaining=11), ((3, 3), food_remaining=11), ((8, 3), food_remaining=11), ((3, 5), food_remaining=12), ((13, 5), food_remaining=10), ((3, 3), food_remaining=12), ((4, 4), food_remaining=11), ((16, 3), food_remaining=12), ((3, 5), food_remaining=11), ((2, 5), food_remaining=11), ((2, 5), food_remaining=11), ((1, 4), food_remaining=10), ... (+3 more)]","[((5, 5), food_remaining=12), ((9, 5), food_remaining=12), ((15, 3), food_remaining=12), ((1, 5), food_remaining=11), ((1, 5), food_remaining=10), ((5, 5), food_remaining=12), ((5, 5), food_remaining=11), ((4, 3), food_remaining=12), ((4, 3), food_remaining=11), ((14, 5), food_remaining=10), ((12, 3), food_remaining=13), ((12, 3), food_remaining=12), ((3, 3), food_remaining=13), ((3, 3), food_remaining=12), ((12, 5), food_remaining=12), ((2, 5), food_remaining=12), ((5, 5), food_remaining=12), ((13, 3), food_remaining=13), ((6, 5), food_remaining=12), ((6, 5), food_remaining=11), ((13, 3), food_remaining=12), ((13, 5), food_remaining=11), ((10, 4), food_remaining=12), ((10, 4), food_remaining=11), ((13, 5), food_remaining=10), ((7, 4), food_remaining=12), ((3, 5), food_remaining=12), ((2, 5), food_remaining=12), ((2, 5), food_remaining=11), ((7, 4), food_remaining=11), ((14, 5), food_remaining=10), ((6, 3), food_remaining=13), ((6, 3), food_remaining=12), ((10, 3), food_remaining=13), ((10, 3), food_remaining=12), ((13, 4), food_remaining=10), ((7, 5), food_remaining=12), ((7, 5), food_remaining=11), ((6, 3), food_remaining=12), ((6, 3), food_remaining=11), ... (+60 more)]",12,47,59
101,"((13, 5), food_remaining=10)","((14, 5), food_remaining=10)",West,"['((13, 4), food_remaining=10)', '((14, 5), food_remaining=10)', '((12, 5), food_remaining=10)']","[((13, 5), food_remaining=10), ((5, 3), food_remaining=12), ((1, 3), food_remaining=12), ((3, 3), food_remaining=12), ((1, 3), food_remaining=13), ((11, 5), food_remaining=11), ((12, 5), food_remaining=11), ((13, 3), food_remaining=10), ((11, 3), food_remaining=11), ((3, 3), food_remaining=11), ((13, 4), food_remaining=11), ((14, 3), food_remaining=12), ((14, 3), food_remaining=11), ((12, 3), food_remaining=11), ((8, 5), food_remaining=11), ((12, 3), food_remaining=12), ((5, 5), food_remaining=11), ((6, 5), food_remaining=12), ((5, 3), food_remaining=11), ((13, 3), food_remaining=12), ((1, 4), food_remaining=9), ((12, 5), food_remaining=10), ((11, 5), food_remaining=10), ((4, 4), food_remaining=10), ((14, 5), food_remaining=9), ((13, 4), food_remaining=9), ((13, 5), food_remaining=11), ((9, 5), food_remaining=11), ((9, 3), food_remaining=11), ((3, 3), food_remaining=11), ((8, 3), food_remaining=11), ((3, 5), food_remaining=12), ((13, 5), food_remaining=10), ((3, 3), food_remaining=12), ((4, 4), food_remaining=11), ((16, 3), food_remaining=12), ((3, 5), food_remaining=11), ((2, 5), food_remaining=11), ((2, 5), food_remaining=11), ((1, 4), food_remaining=10), ... (+3 more)]","[((5, 3), food_remaining=12), ((3, 3), food_remaining=12), ((1, 3), food_remaining=12), ((11, 3), food_remaining=11), ((1, 3), food_remaining=13), ((11, 5), food_remaining=11), ((12, 5), food_remaining=11), ((13, 3), food_remaining=10), ((6, 5), food_remaining=12), ((3, 3), food_remaining=11), ((12, 5), food_remaining=10), ((14, 3), food_remaining=12), ((14, 3), food_remaining=11), ((12, 3), food_remaining=11), ((8, 5), food_remaining=11), ((12, 3), food_remaining=12), ((5, 5), food_remaining=11), ((3, 5), food_remaining=11), ((5, 3), food_remaining=11), ((13, 3), food_remaining=12), ((1, 4), food_remaining=9), ((13, 4), food_remaining=11), ((11, 5), food_remaining=10), ((4, 4), food_remaining=10), ((14, 5), food_remaining=9), ((13, 4), food_remaining=9), ((13, 5), food_remaining=11), ((9, 5), food_remaining=11), ((9, 3), food_remaining=11), ((3, 3), food_remaining=11), ((8, 3), food_remaining=11), ((3, 5), food_remaining=12), ((13, 5), food_remaining=10), ((3, 3), food_remaining=12), ((4, 4), food_remaining=11), ((16, 3), food_remaining=12), ((2, 5), food_remaining=10), ((2, 5), food_remaining=11), ((2, 5), food_remaining=11), ((1, 4), food_remaining=10), ... (+4 more)]","[((5, 5), food_remaining=12), ((9, 5), food_remaining=12), ((15, 3), food_remaining=12), ((1, 5), food_remaining=11), ((1, 5), food_remaining=10), ((5, 5), food_remaining=12), ((5, 5), food_remaining=11), ((4, 3), food_remaining=12), ((4, 3), food_remaining=11), ((14, 5), food_remaining=10), ((12, 3), food_remaining=13), ((12, 3), food_remaining=12), ((3, 3), food_remaining=13), ((3, 3), food_remaining=12), ((12, 5), food_remaining=12), ((2, 5), food_remaining=12), ((5, 5), food_remaining=12), ((13, 3), food_remaining=13), ((6, 5), food_remaining=12), ((6, 5), food_remaining=11), ((13, 3), food_remaining=12), ((13, 5), food_remaining=11), ((13, 5), food_remaining=10), ((10, 4), food_remaining=12), ((10, 4), food_remaining=11), ((13, 5), food_remaining=10), ((7, 4), food_remaining=12), ((3, 5), food_remaining=12), ((2, 5), food_remaining=12), ((2, 5), food_remaining=11), ((7, 4), food_remaining=11), ((14, 5), food_remaining=10), ((6, 3), food_remaining=13), ((6, 3), food_remaining=12), ((10, 3), food_remaining=13), ((10, 3), food_remaining=12), ((13, 4), food_remaining=10), ((7, 5), food_remaining=12), ((7, 5), food_remaining=11), ((6, 3), food_remaining=12), ... (+61 more)]",8,51,59
102,"((5, 3), food_remaining=12)","((4, 3), food_remaining=12)",East,"['((6, 3), food_remaining=12)', '((4, 3), food_remaining=12)']","[((5, 3), food_remaining=12), ((3, 3), food_remaining=12), ((1, 3), food_remaining=12), ((11, 3), food_remaining=11), ((1, 3), food_remaining=13), ((11, 5), food_remaining=11), ((12, 5), food_remaining=11), ((13, 3), food_remaining=10), ((6, 5), food_remaining=12), ((3, 3), food_remaining=11), ((12, 5), food_remaining=10), ((14, 3), food_remaining=12), ((14, 3), food_remaining=11), ((12, 3), food_remaining=11), ((8, 5), food_remaining=11), ((12, 3), food_remaining=12), ((5, 5), food_remaining=11), ((3, 5), food_remaining=11), ((5, 3), food_remaining=11), ((13, 3), food_remaining=12), ((1, 4), food_remaining=9), ((13, 4), food_remaining=11), ((11, 5), food_remaining=10), ((4, 4), food_remaining=10), ((14, 5), food_remaining=9), ((13, 4), food_remaining=9), ((13, 5), food_remaining=11), ((9, 5), food_remaining=11), ((9, 3), food_remaining=11), ((3, 3), food_remaining=11), ((8, 3), food_remaining=11), ((3, 5), food_remaining=12), ((13, 5), food_remaining=10), ((3, 3), food_remaining=12), ((4, 4), food_remaining=11), ((16, 3), food_remaining=12), ((2, 5), food_remaining=10), ((2, 5), food_remaining=11), ((2, 5), food_remaining=11), ((1, 4), food_remaining=10), ... (+4 more)]","[((3, 3), food_remaining=12), ((1, 3), food_remaining=13), ((1, 3), food_remaining=12), ((11, 3), food_remaining=11), ((3, 3), food_remaining=11), ((11, 5), food_remaining=11), ((12, 5), food_remaining=11), ((13, 3), food_remaining=10), ((6, 5), food_remaining=12), ((13, 3), food_remaining=12), ((12, 5), food_remaining=10), ((14, 3), food_remaining=12), ((14, 3), food_remaining=11), ((12, 3), food_remaining=11), ((8, 5), food_remaining=11), ((12, 3), food_remaining=12), ((5, 5), food_remaining=11), ((3, 5), food_remaining=11), ((5, 3), food_remaining=11), ((1, 4), food_remaining=10), ((1, 4), food_remaining=9), ((6, 3), food_remaining=12), ((11, 5), food_remaining=10), ((4, 4), food_remaining=10), ((14, 5), food_remaining=9), ((13, 4), food_remaining=9), ((13, 5), food_remaining=11), ((9, 5), food_remaining=11), ((9, 3), food_remaining=11), ((3, 3), food_remaining=11), ((8, 3), food_remaining=11), ((3, 5), food_remaining=12), ((13, 5), food_remaining=10), ((3, 3), food_remaining=12), ((4, 4), food_remaining=11), ((16, 3), food_remaining=12), ((2, 5), food_remaining=10), ((2, 5), food_remaining=11), ((2, 5), food_remaining=11), ((12, 5), food_remaining=10), ... (+4 more)]","[((5, 5), food_remaining=12), ((9, 5), food_remaining=12), ((15, 3), food_remaining=12), ((1, 5), food_remaining=11), ((1, 5), food_remaining=10), ((5, 5), food_remaining=12), ((5, 5), food_remaining=11), ((4, 3), food_remaining=12), ((4, 3), food_remaining=11), ((14, 5), food_remaining=10), ((5, 3), food_remaining=12), ((12, 3), food_remaining=13), ((12, 3), food_remaining=12), ((3, 3), food_remaining=13), ((3, 3), food_remaining=12), ((12, 5), food_remaining=12), ((2, 5), food_remaining=12), ((5, 5), food_remaining=12), ((13, 3), food_remaining=13), ((6, 5), food_remaining=12), ((6, 5), food_remaining=11), ((13, 3), food_remaining=12), ((13, 5), food_remaining=11), ((13, 5), food_remaining=10), ((10, 4), food_remaining=12), ((10, 4), food_remaining=11), ((13, 5), food_remaining=10), ((7, 4), food_remaining=12), ((3, 5), food_remaining=12), ((2, 5), food_remaining=12), ((2, 5), food_remaining=11), ((7, 4), food_remaining=11), ((14, 5), food_remaining=10), ((6, 3), food_remaining=13), ((6, 3), food_remaining=12), ((10, 3), food_remaining=13), ((10, 3), food_remaining=12), ((13, 4), food_remaining=10), ((7, 5), food_remaining=12), ((7, 5), food_remaining=11), ... (+62 more)]",8,51,59
103,"((3, 3), food_remaining=12)","((4, 3), food_remaining=12)",West,"['((4, 3), food_remaining=12)', '((2, 3), food_remaining=12)']","[((3, 3), food_remaining=12), ((1, 3), food_remaining=13), ((1, 3), food_remaining=12), ((11, 3), food_remaining=11), ((3, 3), food_remaining=11), ((11, 5), food_remaining=11), ((12, 5), food_remaining=11), ((13, 3), food_remaining=10), ((6, 5), food_remaining=12), ((13, 3), food_remaining=12), ((12, 5), food_remaining=10), ((14, 3), food_remaining=12), ((14, 3), food_remaining=11), ((12, 3), food_remaining=11), ((8, 5), food_remaining=11), ((12, 3), food_remaining=12), ((5, 5), food_remaining=11), ((3, 5), food_remaining=11), ((5, 3), food_remaining=11), ((1, 4), food_remaining=10), ((1, 4), food_remaining=9), ((6, 3), food_remaining=12), ((11, 5), food_remaining=10), ((4, 4), food_remaining=10), ((14, 5), food_remaining=9), ((13, 4), food_remaining=9), ((13, 5), food_remaining=11), ((9, 5), food_remaining=11), ((9, 3), food_remaining=11), ((3, 3), food_remaining=11), ((8, 3), food_remaining=11), ((3, 5), food_remaining=12), ((13, 5), food_remaining=10), ((3, 3), food_remaining=12), ((4, 4), food_remaining=11), ((16, 3), food_remaining=12), ((2, 5), food_remaining=10), ((2, 5), food_remaining=11), ((2, 5), food_remaining=11), ((12, 5), food_remaining=10), ... (+4 more)]","[((1, 3), food_remaining=13), ((11, 3), food_remaining=11), ((1, 3), food_remaining=12), ((6, 5), food_remaining=12), ((3, 3), food_remaining=11), ((11, 5), food_remaining=11), ((12, 5), food_remaining=11), ((13, 3), food_remaining=10), ((13, 4), food_remaining=11), ((13, 3), food_remaining=12), ((12, 5), food_remaining=10), ((14, 3), food_remaining=12), ((14, 3), food_remaining=11), ((12, 3), food_remaining=11), ((8, 5), food_remaining=11), ((12, 3), food_remaining=12), ((5, 5), food_remaining=11), ((3, 5), food_remaining=11), ((5, 3), food_remaining=11), ((1, 4), food_remaining=10), ((1, 4), food_remaining=9), ((6, 3), food_remaining=12), ((11, 5), food_remaining=10), ((4, 4), food_remaining=10), ((14, 5), food_remaining=9), ((13, 4), food_remaining=9), ((13, 5), food_remaining=11), ((9, 5), food_remaining=11), ((9, 3), food_remaining=11), ((3, 3), food_remaining=11), ((8, 3), food_remaining=11), ((3, 5), food_remaining=12), ((13, 5), food_remaining=10), ((3, 3), food_remaining=12), ((4, 4), food_remaining=11), ((16, 3), food_remaining=12), ((2, 5), food_remaining=10), ((2, 5), food_remaining=11), ((2, 5), food_remaining=11), ((12, 5), food_remaining=10), ... (+4 more)]","[((5, 5), food_remaining=12), ((9, 5), food_remaining=12), ((15, 3), food_remaining=12), ((1, 5), food_remaining=11), ((1, 5), food_remaining=10), ((5, 5), food_remaining=12), ((5, 5), food_remaining=11), ((4, 3), food_remaining=12), ((4, 3), food_remaining=11), ((14, 5), food_remaining=10), ((5, 3), food_remaining=12), ((12, 3), food_remaining=13), ((12, 3), food_remaining=12), ((3, 3), food_remaining=13), ((3, 3), food_remaining=12), ((12, 5), food_remaining=12), ((2, 5), food_remaining=12), ((5, 5), food_remaining=12), ((13, 3), food_remaining=13), ((6, 5), food_remaining=12), ((6, 5), food_remaining=11), ((13, 3), food_remaining=12), ((13, 5), food_remaining=11), ((13, 5), food_remaining=10), ((10, 4), food_remaining=12), ((10, 4), food_remaining=11), ((13, 5), food_remaining=10), ((7, 4), food_remaining=12), ((3, 5), food_remaining=12), ((3, 3), food_remaining=12), ((2, 5), food_remaining=12), ((2, 5), food_remaining=11), ((7, 4), food_remaining=11), ((14, 5), food_remaining=10), ((6, 3), food_remaining=13), ((6, 3), food_remaining=12), ((10, 3), food_remaining=13), ((10, 3), food_remaining=12), ((13, 4), food_remaining=10), ((7, 5), food_remaining=12), ... (+63 more)]",8,51,59
104,"((1, 3), food_remaining=13)","((2, 3), food_remaining=13)",West,"['((1, 4), food_remaining=12)', '((2, 3), food_remaining=13)']","[((1, 3), food_remaining=13), ((11, 3), food_remaining=11), ((1, 3), food_remaining=12), ((6, 5), food_remaining=12), ((3, 3), food_remaining=11), ((11, 5), food_remaining=11), ((12, 5), food_remaining=11), ((13, 3), food_remaining=10), ((13, 4), food_remaining=11), ((13, 3), food_remaining=12), ((12, 5), food_remaining=10), ((14, 3), food_remaining=12), ((14, 3), food_remaining=11), ((12, 3), food_remaining=11), ((8, 5), food_remaining=11), ((12, 3), food_remaining=12), ((5, 5), food_remaining=11), ((3, 5), food_remaining=11), ((5, 3), food_remaining=11), ((1, 4), food_remaining=10), ((1, 4), food_remaining=9), ((6, 3), food_remaining=12), ((11, 5), food_remaining=10), ((4, 4), food_remaining=10), ((14, 5), food_remaining=9), ((13, 4), food_remaining=9), ((13, 5), food_remaining=11), ((9, 5), food_remaining=11), ((9, 3), food_remaining=11), ((3, 3), food_remaining=11), ((8, 3), food_remaining=11), ((3, 5), food_remaining=12), ((13, 5), food_remaining=10), ((3, 3), food_remaining=12), ((4, 4), food_remaining=11), ((16, 3), food_remaining=12), ((2, 5), food_remaining=10), ((2, 5), food_remaining=11), ((2, 5), food_remaining=11), ((12, 5), food_remaining=10), ... (+4 more)]","[((11, 3), food_remaining=11), ((3, 3), food_remaining=11), ((1, 3), food_remaining=12), ((6, 5), food_remaining=12), ((13, 3), food_remaining=12), ((11, 5), food_remaining=11), ((12, 5), food_remaining=11), ((13, 3), food_remaining=10), ((13, 4), food_remaining=11), ((1, 4), food_remaining=10), ((12, 5), food_remaining=10), ((14, 3), food_remaining=12), ((14, 3), food_remaining=11), ((12, 3), food_remaining=11), ((8, 5), food_remaining=11), ((12, 3), food_remaining=12), ((5, 5), food_remaining=11), ((3, 5), food_remaining=11), ((5, 3), food_remaining=11), ((1, 4), food_remaining=10), ((1, 4), food_remaining=9), ((6, 3), food_remaining=12), ((11, 5), food_remaining=10), ((4, 4), food_remaining=10), ((14, 5), food_remaining=9), ((13, 4), food_remaining=9), ((13, 5), food_remaining=11), ((9, 5), food_remaining=11), ((9, 3), food_remaining=11), ((3, 3), food_remaining=11), ((8, 3), food_remaining=11), ((3, 5), food_remaining=12), ((13, 5), food_remaining=10), ((3, 3), food_remaining=12), ((4, 4), food_remaining=11), ((16, 3), food_remaining=12), ((2, 5), food_remaining=10), ((2, 5), food_remaining=11), ((2, 5), food_remaining=11), ((12, 5), food_remaining=10), ... (+4 more)]","[((5, 5), food_remaining=12), ((9, 5), food_remaining=12), ((15, 3), food_remaining=12), ((1, 5), food_remaining=11), ((1, 5), food_remaining=10), ((5, 5), food_remaining=12), ((5, 5), food_remaining=11), ((4, 3), food_remaining=12), ((4, 3), food_remaining=11), ((14, 5), food_remaining=10), ((5, 3), food_remaining=12), ((12, 3), food_remaining=13), ((12, 3), food_remaining=12), ((3, 3), food_remaining=13), ((3, 3), food_remaining=12), ((12, 5), food_remaining=12), ((2, 5), food_remaining=12), ((5, 5), food_remaining=12), ((13, 3), food_remaining=13), ((6, 5), food_remaining=12), ((6, 5), food_remaining=11), ((13, 3), food_remaining=12), ((13, 5), food_remaining=11), ((13, 5), food_remaining=10), ((10, 4), food_remaining=12), ((10, 4), food_remaining=11), ((13, 5), food_remaining=10), ((7, 4), food_remaining=12), ((3, 5), food_remaining=12), ((3, 3), food_remaining=12), ((2, 5), food_remaining=12), ((2, 5), food_remaining=11), ((7, 4), food_remaining=11), ((14, 5), food_remaining=10), ((6, 3), food_remaining=13), ((6, 3), food_remaining=12), ((10, 3), food_remaining=13), ((10, 3), food_remaining=12), ((13, 4), food_remaining=10), ((7, 5), food_remaining=12), ... (+64 more)]",8,51,59
105,"((11, 3), food_remaining=11)","((10, 3), food_remaining=11)",East,"['((12, 3), food_remaining=11)', '((10, 3), food_remaining=11)']","[((11, 3), food_remaining=11), ((3, 3), food_remaining=11), ((1, 3), food_remaining=12), ((6, 5), food_remaining=12), ((13, 3), food_remaining=12), ((11, 5), food_remaining=11), ((12, 5), food_remaining=11), ((13, 3), food_remaining=10), ((13, 4), food_remaining=11), ((1, 4), food_remaining=10), ((12, 5), food_remaining=10), ((14, 3), food_remaining=12), ((14, 3), food_remaining=11), ((12, 3), food_remaining=11), ((8, 5), food_remaining=11), ((12, 3), food_remaining=12), ((5, 5), food_remaining=11), ((3, 5), food_remaining=11), ((5, 3), food_remaining=11), ((1, 4), food_remaining=10), ((1, 4), food_remaining=9), ((6, 3), food_remaining=12), ((11, 5), food_remaining=10), ((4, 4), food_remaining=10), ((14, 5), food_remaining=9), ((13, 4), food_remaining=9), ((13, 5), food_remaining=11), ((9, 5), food_remaining=11), ((9, 3), food_remaining=11), ((3, 3), food_remaining=11), ((8, 3), food_remaining=11), ((3, 5), food_remaining=12), ((13, 5), food_remaining=10), ((3, 3), food_remaining=12), ((4, 4), food_remaining=11), ((16, 3), food_remaining=12), ((2, 5), food_remaining=10), ((2, 5), food_remaining=11), ((2, 5), food_remaining=11), ((12, 5), food_remaining=10), ... (+4 more)]","[((3, 3), food_remaining=11), ((13, 3), food_remaining=12), ((1, 3), food_remaining=12), ((6, 5), food_remaining=12), ((1, 4), food_remaining=10), ((11, 5), food_remaining=11), ((12, 5), food_remaining=11), ((13, 3), food_remaining=10), ((13, 4), food_remaining=11), ((1, 4), food_remaining=10), ((12, 5), food_remaining=10), ((14, 3), food_remaining=12), ((14, 3), food_remaining=11), ((12, 3), food_remaining=11), ((8, 5), food_remaining=11), ((12, 3), food_remaining=12), ((5, 5), food_remaining=11), ((3, 5), food_remaining=11), ((5, 3), food_remaining=11), ((2, 3), food_remaining=12), ((1, 4), food_remaining=9), ((6, 3), food_remaining=12), ((11, 5), food_remaining=10), ((4, 4), food_remaining=10), ((14, 5), food_remaining=9), ((13, 4), food_remaining=9), ((13, 5), food_remaining=11), ((9, 5), food_remaining=11), ((9, 3), food_remaining=11), ((3, 3), food_remaining=11), ((8, 3), food_remaining=11), ((3, 5), food_remaining=12), ((13, 5), food_remaining=10), ((3, 3), food_remaining=12), ((4, 4), food_remaining=11), ((16, 3), food_remaining=12), ((2, 5), food_remaining=10), ((2, 5), food_remaining=11), ((2, 5), food_remaining=11), ((12, 5), food_remaining=10), ... (+4 more)]","[((5, 5), food_remaining=12), ((9, 5), food_remaining=12), ((15, 3), food_remaining=12), ((1, 5), food_remaining=11), ((1, 5), food_remaining=10), ((5, 5), food_remaining=12), ((5, 5), food_remaining=11), ((4, 3), food_remaining=12), ((4, 3), food_remaining=11), ((14, 5), food_remaining=10), ((5, 3), food_remaining=12), ((12, 3), food_remaining=13), ((12, 3), food_remaining=12), ((3, 3), food_remaining=13), ((3, 3), food_remaining=12), ((12, 5), food_remaining=12), ((2, 5), food_remaining=12), ((5, 5), food_remaining=12), ((13, 3), food_remaining=13), ((6, 5), food_remaining=12), ((6, 5), food_remaining=11), ((13, 3), food_remaining=12), ((13, 5), food_remaining=11), ((13, 5), food_remaining=10), ((10, 4), food_remaining=12), ((10, 4), food_remaining=11), ((13, 5), food_remaining=10), ((7, 4), food_remaining=12), ((3, 5), food_remaining=12), ((3, 3), food_remaining=12), ((2, 5), food_remaining=12), ((2, 5), food_remaining=11), ((7, 4), food_remaining=11), ((14, 5), food_remaining=10), ((6, 3), food_remaining=13), ((6, 3), food_remaining=12), ((10, 3), food_remaining=13), ((10, 3), food_remaining=12), ((13, 4), food_remaining=10), ((7, 5), food_remaining=12), ... (+65 more)]",10,49,59
106,"((3, 3), food_remaining=11)","((4, 3), food_remaining=11)",West,"['((4, 3), food_remaining=11)', '((2, 3), food_remaining=11)']","[((3, 3), food_remaining=11), ((13, 3), food_remaining=12), ((1, 3), food_remaining=12), ((6, 5), food_remaining=12), ((1, 4), food_remaining=10), ((11, 5), food_remaining=11), ((12, 5), food_remaining=11), ((13, 3), food_remaining=10), ((13, 4), food_remaining=11), ((1, 4), food_remaining=10), ((12, 5), food_remaining=10), ((14, 3), food_remaining=12), ((14, 3), food_remaining=11), ((12, 3), food_remaining=11), ((8, 5), food_remaining=11), ((12, 3), food_remaining=12), ((5, 5), food_remaining=11), ((3, 5), food_remaining=11), ((5, 3), food_remaining=11), ((2, 3), food_remaining=12), ((1, 4), food_remaining=9), ((6, 3), food_remaining=12), ((11, 5), food_remaining=10), ((4, 4), food_remaining=10), ((14, 5), food_remaining=9), ((13, 4), food_remaining=9), ((13, 5), food_remaining=11), ((9, 5), food_remaining=11), ((9, 3), food_remaining=11), ((3, 3), food_remaining=11), ((8, 3), food_remaining=11), ((3, 5), food_remaining=12), ((13, 5), food_remaining=10), ((3, 3), food_remaining=12), ((4, 4), food_remaining=11), ((16, 3), food_remaining=12), ((2, 5), food_remaining=10), ((2, 5), food_remaining=11), ((2, 5), food_remaining=11), ((12, 5), food_remaining=10), ... (+4 more)]","[((13, 3), food_remaining=12), ((6, 5), food_remaining=12), ((1, 3), food_remaining=12), ((12, 3), food_remaining=11), ((1, 4), food_remaining=10), ((11, 5), food_remaining=11), ((12, 5), food_remaining=11), ((13, 3), food_remaining=10), ((13, 4), food_remaining=11), ((1, 4), food_remaining=10), ((12, 5), food_remaining=10), ((14, 3), food_remaining=12), ((14, 3), food_remaining=11), ((12, 3), food_remaining=11), ((8, 5), food_remaining=11), ((12, 3), food_remaining=12), ((5, 5), food_remaining=11), ((3, 5), food_remaining=11), ((5, 3), food_remaining=11), ((2, 3), food_remaining=12), ((1, 4), food_remaining=9), ((6, 3), food_remaining=12), ((11, 5), food_remaining=10), ((4, 4), food_remaining=10), ((14, 5), food_remaining=9), ((13, 4), food_remaining=9), ((13, 5), food_remaining=11), ((9, 5), food_remaining=11), ((9, 3), food_remaining=11), ((3, 3), food_remaining=11), ((8, 3), food_remaining=11), ((3, 5), food_remaining=12), ((13, 5), food_remaining=10), ((3, 3), food_remaining=12), ((4, 4), food_remaining=11), ((16, 3), food_remaining=12), ((2, 5), food_remaining=10), ((2, 5), food_remaining=11), ((2, 5), food_remaining=11), ((12, 5), food_remaining=10), ... (+4 more)]","[((5, 5), food_remaining=12), ((9, 5), food_remaining=12), ((15, 3), food_remaining=12), ((1, 5), food_remaining=11), ((1, 5), food_remaining=10), ((5, 5), food_remaining=12), ((5, 5), food_remaining=11), ((4, 3), food_remaining=12), ((4, 3), food_remaining=11), ((14, 5), food_remaining=10), ((5, 3), food_remaining=12), ((12, 3), food_remaining=13), ((12, 3), food_remaining=12), ((3, 3), food_remaining=13), ((3, 3), food_remaining=12), ((12, 5), food_remaining=12), ((2, 5), food_remaining=12), ((5, 5), food_remaining=12), ((13, 3), food_remaining=13), ((6, 5), food_remaining=12), ((6, 5), food_remaining=11), ((13, 3), food_remaining=12), ((13, 5), food_remaining=11), ((13, 5), food_remaining=10), ((10, 4), food_remaining=12), ((10, 4), food_remaining=11), ((13, 5), food_remaining=10), ((7, 4), food_remaining=12), ((3, 5), food_remaining=12), ((3, 3), food_remaining=12), ((3, 3), food_remaining=11), ((2, 5), food_remaining=12), ((2, 5), food_remaining=11), ((7, 4), food_remaining=11), ((14, 5), food_remaining=10), ((6, 3), food_remaining=13), ((6, 3), food_remaining=12), ((10, 3), food_remaining=13), ((10, 3), food_remaining=12), ((13, 4), food_remaining=10), ... (+66 more)]",10,49,59
107,"((13, 3), food_remaining=12)","((12, 3), food_remaining=12)",East,"['((13, 4), food_remaining=11)', '((14, 3), food_remaining=12)', '((12, 3), food_remaining=12)']","[((13, 3), food_remaining=12), ((6, 5), food_remaining=12), ((1, 3), food_remaining=12), ((12, 3), food_remaining=11), ((1, 4), food_remaining=10), ((11, 5), food_remaining=11), ((12, 5), food_remaining=11), ((13, 3), food_remaining=10), ((13, 4), food_remaining=11), ((1, 4), food_remaining=10), ((12, 5), food_remaining=10), ((14, 3), food_remaining=12), ((14, 3), food_remaining=11), ((12, 3), food_remaining=11), ((8, 5), food_remaining=11), ((12, 3), food_remaining=12), ((5, 5), food_remaining=11), ((3, 5), food_remaining=11), ((5, 3), food_remaining=11), ((2, 3), food_remaining=12), ((1, 4), food_remaining=9), ((6, 3), food_remaining=12), ((11, 5), food_remaining=10), ((4, 4), food_remaining=10), ((14, 5), food_remaining=9), ((13, 4), food_remaining=9), ((13, 5), food_remaining=11), ((9, 5), food_remaining=11), ((9, 3), food_remaining=11), ((3, 3), food_remaining=11), ((8, 3), food_remaining=11), ((3, 5), food_remaining=12), ((13, 5), food_remaining=10), ((3, 3), food_remaining=12), ((4, 4), food_remaining=11), ((16, 3), food_remaining=12), ((2, 5), food_remaining=10), ((2, 5), food_remaining=11), ((2, 5), food_remaining=11), ((12, 5), food_remaining=10), ... (+4 more)]","[((1, 3), food_remaining=12), ((6, 5), food_remaining=12), ((2, 3), food_remaining=11), ((12, 3), food_remaining=11), ((1, 4), food_remaining=10), ((11, 5), food_remaining=11), ((12, 5), food_remaining=11), ((13, 3), food_remaining=10), ((13, 4), food_remaining=11), ((1, 4), food_remaining=10), ((12, 5), food_remaining=10), ((14, 3), food_remaining=12), ((14, 3), food_remaining=11), ((12, 3), food_remaining=11), ((8, 5), food_remaining=11), ((12, 3), food_remaining=12), ((5, 5), food_remaining=11), ((3, 5), food_remaining=11), ((5, 3), food_remaining=11), ((2, 3), food_remaining=12), ((1, 4), food_remaining=9), ((6, 3), food_remaining=12), ((11, 5), food_remaining=10), ((4, 4), food_remaining=10), ((14, 5), food_remaining=9), ((13, 4), food_remaining=9), ((13, 5), food_remaining=11), ((9, 5), food_remaining=11), ((9, 3), food_remaining=11), ((3, 3), food_remaining=11), ((8, 3), food_remaining=11), ((3, 5), food_remaining=12), ((13, 5), food_remaining=10), ((3, 3), food_remaining=12), ((4, 4), food_remaining=11), ((16, 3), food_remaining=12), ((2, 5), food_remaining=10), ((2, 5), food_remaining=11), ((2, 5), food_remaining=11), ((12, 5), food_remaining=10), ... (+5 more)]","[((5, 5), food_remaining=12), ((9, 5), food_remaining=12), ((15, 3), food_remaining=12), ((1, 5), food_remaining=11), ((1, 5), food_remaining=10), ((5, 5), food_remaining=12), ((5, 5), food_remaining=11), ((4, 3), food_remaining=12), ((4, 3), food_remaining=11), ((14, 5), food_remaining=10), ((5, 3), food_remaining=12), ((12, 3), food_remaining=13), ((12, 3), food_remaining=12), ((3, 3), food_remaining=13), ((3, 3), food_remaining=12), ((12, 5), food_remaining=12), ((2, 5), food_remaining=12), ((5, 5), food_remaining=12), ((13, 3), food_remaining=13), ((13, 3), food_remaining=12), ((6, 5), food_remaining=12), ((6, 5), food_remaining=11), ((13, 3), food_remaining=12), ((13, 5), food_remaining=11), ((13, 5), food_remaining=10), ((10, 4), food_remaining=12), ((10, 4), food_remaining=11), ((13, 5), food_remaining=10), ((7, 4), food_remaining=12), ((3, 5), food_remaining=12), ((3, 3), food_remaining=12), ((3, 3), food_remaining=11), ((2, 5), food_remaining=12), ((2, 5), food_remaining=11), ((7, 4), food_remaining=11), ((14, 5), food_remaining=10), ((6, 3), food_remaining=13), ((6, 3), food_remaining=12), ((10, 3), food_remaining=13), ((10, 3), food_remaining=12), ... (+67 more)]",10,49,59
108,"((1, 3), food_remaining=12)","((2, 3), food_remaining=12)",West,"['((1, 4), food_remaining=11)', '((2, 3), food_remaining=12)']","[((1, 3), food_remaining=12), ((6, 5), food_remaining=12), ((2, 3), food_remaining=11), ((12, 3), food_remaining=11), ((1, 4), food_remaining=10), ((11, 5), food_remaining=11), ((12, 5), food_remaining=11), ((13, 3), food_remaining=10), ((13, 4), food_remaining=11), ((1, 4), food_remaining=10), ((12, 5), food_remaining=10), ((14, 3), food_remaining=12), ((14, 3), food_remaining=11), ((12, 3), food_remaining=11), ((8, 5), food_remaining=11), ((12, 3), food_remaining=12), ((5, 5), food_remaining=11), ((3, 5), food_remaining=11), ((5, 3), food_remaining=11), ((2, 3), food_remaining=12), ((1, 4), food_remaining=9), ((6, 3), food_remaining=12), ((11, 5), food_remaining=10), ((4, 4), food_remaining=10), ((14, 5), food_remaining=9), ((13, 4), food_remaining=9), ((13, 5), food_remaining=11), ((9, 5), food_remaining=11), ((9, 3), food_remaining=11), ((3, 3), food_remaining=11), ((8, 3), food_remaining=11), ((3, 5), food_remaining=12), ((13, 5), food_remaining=10), ((3, 3), food_remaining=12), ((4, 4), food_remaining=11), ((16, 3), food_remaining=12), ((2, 5), food_remaining=10), ((2, 5), food_remaining=11), ((2, 5), food_remaining=11), ((12, 5), food_remaining=10), ... (+5 more)]","[((6, 5), food_remaining=12), ((1, 4), food_remaining=10), ((2, 3), food_remaining=11), ((12, 3), food_remaining=11), ((1, 4), food_remaining=10), ((11, 5), food_remaining=11), ((12, 5), food_remaining=11), ((13, 3), food_remaining=10), ((13, 4), food_remaining=11), ((1, 4), food_remaining=9), ((12, 5), food_remaining=10), ((14, 3), food_remaining=12), ((14, 3), food_remaining=11), ((12, 3), food_remaining=11), ((8, 5), food_remaining=11), ((12, 3), food_remaining=12), ((5, 5), food_remaining=11), ((3, 5), food_remaining=11), ((5, 3), food_remaining=11), ((2, 3), food_remaining=12), ((16, 3), food_remaining=13), ((6, 3), food_remaining=12), ((11, 5), food_remaining=10), ((4, 4), food_remaining=10), ((14, 5), food_remaining=9), ((13, 4), food_remaining=9), ((13, 5), food_remaining=11), ((9, 5), food_remaining=11), ((9, 3), food_remaining=11), ((3, 3), food_remaining=11), ((8, 3), food_remaining=11), ((3, 5), food_remaining=12), ((13, 5), food_remaining=10), ((3, 3), food_remaining=12), ((4, 4), food_remaining=11), ((16, 3), food_remaining=12), ((2, 5), food_remaining=10), ((2, 5), food_remaining=11), ((2, 5), food_remaining=11), ((12, 5), food_remaining=10), ... (+5 more)]","[((5, 5), food_remaining=12), ((9, 5), food_remaining=12), ((15, 3), food_remaining=12), ((1, 5), food_remaining=11), ((1, 5), food_remaining=10), ((5, 5), food_remaining=12), ((5, 5), food_remaining=11), ((4, 3), food_remaining=12), ((4, 3), food_remaining=11), ((14, 5), food_remaining=10), ((5, 3), food_remaining=12), ((12, 3), food_remaining=13), ((12, 3), food_remaining=12), ((3, 3), food_remaining=13), ((3, 3), food_remaining=12), ((12, 5), food_remaining=12), ((2, 5), food_remaining=12), ((5, 5), food_remaining=12), ((13, 3), food_remaining=13), ((13, 3), food_remaining=12), ((6, 5), food_remaining=12), ((6, 5), food_remaining=11), ((13, 3), food_remaining=12), ((13, 5), food_remaining=11), ((13, 5), food_remaining=10), ((10, 4), food_remaining=12), ((10, 4), food_remaining=11), ((13, 5), food_remaining=10), ((7, 4), food_remaining=12), ((3, 5), food_remaining=12), ((3, 3), food_remaining=12), ((3, 3), food_remaining=11), ((2, 5), food_remaining=12), ((2, 5), food_remaining=11), ((7, 4), food_remaining=11), ((14, 5), food_remaining=10), ((6, 3), food_remaining=13), ((6, 3), food_remaining=12), ((10, 3), food_remaining=13), ((10, 3), food_remaining=12), ... (+68 more)]",10,49,59
109,"((6, 5), food_remaining=12)","((5, 5), food_remaining=12)",East,"['((7, 5), food_remaining=12)', '((5, 5), food_remaining=12)']","[((6, 5), food_remaining=12), ((1, 4), food_remaining=10), ((2, 3), food_remaining=11), ((12, 3), food_remaining=11), ((1, 4), food_remaining=10), ((11, 5), food_remaining=11), ((12, 5), food_remaining=11), ((13, 3), food_remaining=10), ((13, 4), food_remaining=11), ((1, 4), food_remaining=9), ((12, 5), food_remaining=10), ((14, 3), food_remaining=12), ((14, 3), food_remaining=11), ((12, 3), food_remaining=11), ((8, 5), food_remaining=11), ((12, 3), food_remaining=12), ((5, 5), food_remaining=11), ((3, 5), food_remaining=11), ((5, 3), food_remaining=11), ((2, 3), food_remaining=12), ((16, 3), food_remaining=13), ((6, 3), food_remaining=12), ((11, 5), food_remaining=10), ((4, 4), food_remaining=10), ((14, 5), food_remaining=9), ((13, 4), food_remaining=9), ((13, 5), food_remaining=11), ((9, 5), food_remaining=11), ((9, 3), food_remaining=11), ((3, 3), food_remaining=11), ((8, 3), food_remaining=11), ((3, 5), food_remaining=12), ((13, 5), food_remaining=10), ((3, 3), food_remaining=12), ((4, 4), food_remaining=11), ((16, 3), food_remaining=12), ((2, 5), food_remaining=10), ((2, 5), food_remaining=11), ((2, 5), food_remaining=11), ((12, 5), food_remaining=10), ... (+5 more)]","[((1, 4), food_remaining=10), ((1, 4), food_remaining=10), ((2, 3), food_remaining=11), ((12, 3), food_remaining=11), ((1, 4), food_remaining=9), ((11, 5), food_remaining=11), ((12, 5), food_remaining=11), ((13, 3), food_remaining=10), ((13, 4), food_remaining=11), ((2, 3), food_remaining=12), ((12, 5), food_remaining=10), ((14, 3), food_remaining=12), ((14, 3), food_remaining=11), ((12, 3), food_remaining=11), ((8, 5), food_remaining=11), ((12, 3), food_remaining=12), ((5, 5), food_remaining=11), ((3, 5), food_remaining=11), ((5, 3), food_remaining=11), ((1, 4), food_remaining=12), ((16, 3), food_remaining=13), ((6, 3), food_remaining=12), ((11, 5), food_remaining=10), ((4, 4), food_remaining=10), ((14, 5), food_remaining=9), ((13, 4), food_remaining=9), ((13, 5), food_remaining=11), ((9, 5), food_remaining=11), ((9, 3), food_remaining=11), ((3, 3), food_remaining=11), ((8, 3), food_remaining=11), ((3, 5), food_remaining=12), ((13, 5), food_remaining=10), ((3, 3), food_remaining=12), ((4, 4), food_remaining=11), ((16, 3), food_remaining=12), ((2, 5), food_remaining=10), ((2, 5), food_remaining=11), ((2, 5), food_remaining=11), ((12, 5), food_remaining=10), ... (+5 more)]","[((5, 5), food_remaining=12), ((9, 5), food_remaining=12), ((15, 3), food_remaining=12), ((1, 5), food_remaining=11), ((1, 5), food_remaining=10), ((5, 5), food_remaining=12), ((5, 5), food_remaining=11), ((4, 3), food_remaining=12), ((4, 3), food_remaining=11), ((14, 5), food_remaining=10), ((5, 3), food_remaining=12), ((12, 3), food_remaining=13), ((12, 3), food_remaining=12), ((3, 3), food_remaining=13), ((3, 3), food_remaining=12), ((12, 5), food_remaining=12), ((2, 5), food_remaining=12), ((5, 5), food_remaining=12), ((13, 3), food_remaining=13), ((13, 3), food_remaining=12), ((6, 5), food_remaining=12), ((6, 5), food_remaining=11), ((13, 3), food_remaining=12), ((13, 5), food_remaining=11), ((13, 5), food_remaining=10), ((10, 4), food_remaining=12), ((10, 4), food_remaining=11), ((13, 5), food_remaining=10), ((7, 4), food_remaining=12), ((3, 5), food_remaining=12), ((3, 3), food_remaining=12), ((3, 3), food_remaining=11), ((2, 5), food_remaining=12), ((2, 5), food_remaining=11), ((7, 4), food_remaining=11), ((14, 5), food_remaining=10), ((6, 3), food_remaining=13), ((6, 3), food_remaining=12), ((10, 3), food_remaining=13), ((10, 3), food_remaining=12), ... (+69 more)]",9,50,59
110,"((1, 4), food_remaining=10)","((1, 5), food_remaining=11)",South,"['((1, 5), food_remaining=10)', '((1, 3), food_remaining=10)']","[((1, 4), food_remaining=10), ((1, 4), food_remaining=10), ((2, 3), food_remaining=11), ((12, 3), food_remaining=11), ((1, 4), food_remaining=9), ((11, 5), food_remaining=11), ((12, 5), food_remaining=11), ((13, 3), food_remaining=10), ((13, 4), food_remaining=11), ((2, 3), food_remaining=12), ((12, 5), food_remaining=10), ((14, 3), food_remaining=12), ((14, 3), food_remaining=11), ((12, 3), food_remaining=11), ((8, 5), food_remaining=11), ((12, 3), food_remaining=12), ((5, 5), food_remaining=11), ((3, 5), food_remaining=11), ((5, 3), food_remaining=11), ((1, 4), food_remaining=12), ((16, 3), food_remaining=13), ((6, 3), food_remaining=12), ((11, 5), food_remaining=10), ((4, 4), food_remaining=10), ((14, 5), food_remaining=9), ((13, 4), food_remaining=9), ((13, 5), food_remaining=11), ((9, 5), food_remaining=11), ((9, 3), food_remaining=11), ((3, 3), food_remaining=11), ((8, 3), food_remaining=11), ((3, 5), food_remaining=12), ((13, 5), food_remaining=10), ((3, 3), food_remaining=12), ((4, 4), food_remaining=11), ((16, 3), food_remaining=12), ((2, 5), food_remaining=10), ((2, 5), food_remaining=11), ((2, 5), food_remaining=11), ((12, 5), food_remaining=10), ... (+5 more)]","[((1, 4), food_remaining=10), ((1, 4), food_remaining=9), ((2, 3), food_remaining=11), ((12, 3), food_remaining=11), ((12, 5), food_remaining=10), ((11, 5), food_remaining=11), ((12, 5), food_remaining=11), ((13, 3), food_remaining=10), ((13, 4), food_remaining=11), ((2, 3), food_remaining=12), ((6, 3), food_remaining=12), ((14, 3), food_remaining=12), ((14, 3), food_remaining=11), ((12, 3), food_remaining=11), ((8, 5), food_remaining=11), ((12, 3), food_remaining=12), ((5, 5), food_remaining=11), ((3, 5), food_remaining=11), ((5, 3), food_remaining=11), ((1, 4), food_remaining=12), ((16, 3), food_remaining=13), ((7, 5), food_remaining=12), ((1, 3), food_remaining=10), ((4, 4), food_remaining=10), ((14, 5), food_remaining=9), ((13, 4), food_remaining=9), ((13, 5), food_remaining=11), ((9, 5), food_remaining=11), ((9, 3), food_remaining=11), ((3, 3), food_remaining=11), ((8, 3), food_remaining=11), ((3, 5), food_remaining=12), ((13, 5), food_remaining=10), ((3, 3), food_remaining=12), ((4, 4), food_remaining=11), ((16, 3), food_remaining=12), ((2, 5), food_remaining=10), ((2, 5), food_remaining=11), ((2, 5), food_remaining=11), ((12, 5), food_remaining=10), ... (+6 more)]","[((5, 5), food_remaining=12), ((9, 5), food_remaining=12), ((15, 3), food_remaining=12), ((1, 5), food_remaining=11), ((1, 5), food_remaining=10), ((5, 5), food_remaining=12), ((5, 5), food_remaining=11), ((4, 3), food_remaining=12), ((4, 3), food_remaining=11), ((14, 5), food_remaining=10), ((5, 3), food_remaining=12), ((12, 3), food_remaining=13), ((12, 3), food_remaining=12), ((3, 3), food_remaining=13), ((3, 3), food_remaining=12), ((12, 5), food_remaining=12), ((2, 5), food_remaining=12), ((5, 5), food_remaining=12), ((13, 3), food_remaining=13), ((13, 3), food_remaining=12), ((6, 5), food_remaining=12), ((6, 5), food_remaining=11), ((13, 3), food_remaining=12), ((13, 5), food_remaining=11), ((13, 5), food_remaining=10), ((10, 4), food_remaining=12), ((10, 4), food_remaining=11), ((13, 5), food_remaining=10), ((7, 4), food_remaining=12), ((3, 5), food_remaining=12), ((3, 3), food_remaining=12), ((3, 3), food_remaining=11), ((2, 5), food_remaining=12), ((2, 5), food_remaining=11), ((7, 4), food_remaining=11), ((14, 5), food_remaining=10), ((6, 3), food_remaining=13), ((6, 3), food_remaining=12), ((10, 3), food_remaining=13), ((10, 3), food_remaining=12), ... (+70 more)]",11,48,59
111,"((1, 4), food_remaining=10)","((1, 5), food_remaining=11)",South,"['((1, 5), food_remaining=10)', '((1, 3), food_remaining=10)']","[((1, 4), food_remaining=10), ((1, 4), food_remaining=9), ((2, 3), food_remaining=11), ((12, 3), food_remaining=11), ((12, 5), food_remaining=10), ((11, 5), food_remaining=11), ((12, 5), food_remaining=11), ((13, 3), food_remaining=10), ((13, 4), food_remaining=11), ((2, 3), food_remaining=12), ((6, 3), food_remaining=12), ((14, 3), food_remaining=12), ((14, 3), food_remaining=11), ((12, 3), food_remaining=11), ((8, 5), food_remaining=11), ((12, 3), food_remaining=12), ((5, 5), food_remaining=11), ((3, 5), food_remaining=11), ((5, 3), food_remaining=11), ((1, 4), food_remaining=12), ((16, 3), food_remaining=13), ((7, 5), food_remaining=12), ((1, 3), food_remaining=10), ((4, 4), food_remaining=10), ((14, 5), food_remaining=9), ((13, 4), food_remaining=9), ((13, 5), food_remaining=11), ((9, 5), food_remaining=11), ((9, 3), food_remaining=11), ((3, 3), food_remaining=11), ((8, 3), food_remaining=11), ((3, 5), food_remaining=12), ((13, 5), food_remaining=10), ((3, 3), food_remaining=12), ((4, 4), food_remaining=11), ((16, 3), food_remaining=12), ((2, 5), food_remaining=10), ((2, 5), food_remaining=11), ((2, 5), food_remaining=11), ((12, 5), food_remaining=10), ... (+6 more)]","[((1, 4), food_remaining=9), ((12, 5), food_remaining=10), ((2, 3), food_remaining=11), ((12, 3), food_remaining=11), ((6, 3), food_remaining=12), ((11, 5), food_remaining=11), ((12, 5), food_remaining=11), ((13, 3), food_remaining=10), ((13, 4), food_remaining=11), ((2, 3), food_remaining=12), ((7, 5), food_remaining=12), ((14, 3), food_remaining=12), ((14, 3), food_remaining=11), ((12, 3), food_remaining=11), ((8, 5), food_remaining=11), ((12, 3), food_remaining=12), ((5, 5), food_remaining=11), ((3, 5), food_remaining=11), ((5, 3), food_remaining=11), ((1, 4), food_remaining=12), ((16, 3), food_remaining=13), ((1, 5), food_remaining=10), ((1, 3), food_remaining=10), ((4, 4), food_remaining=10), ((14, 5), food_remaining=9), ((13, 4), food_remaining=9), ((13, 5), food_remaining=11), ((9, 5), food_remaining=11), ((9, 3), food_remaining=11), ((3, 3), food_remaining=11), ((8, 3), food_remaining=11), ((3, 5), food_remaining=12), ((13, 5), food_remaining=10), ((3, 3), food_remaining=12), ((4, 4), food_remaining=11), ((16, 3), food_remaining=12), ((2, 5), food_remaining=10), ((2, 5), food_remaining=11), ((2, 5), food_remaining=11), ((12, 5), food_remaining=10), ... (+7 more)]","[((5, 5), food_remaining=12), ((9, 5), food_remaining=12), ((15, 3), food_remaining=12), ((1, 5), food_remaining=11), ((1, 5), food_remaining=10), ((5, 5), food_remaining=12), ((5, 5), food_remaining=11), ((4, 3), food_remaining=12), ((4, 3), food_remaining=11), ((1, 4), food_remaining=10), ((14, 5), food_remaining=10), ((5, 3), food_remaining=12), ((12, 3), food_remaining=13), ((12, 3), food_remaining=12), ((3, 3), food_remaining=13), ((3, 3), food_remaining=12), ((12, 5), food_remaining=12), ((2, 5), food_remaining=12), ((5, 5), food_remaining=12), ((13, 3), food_remaining=13), ((13, 3), food_remaining=12), ((6, 5), food_remaining=12), ((6, 5), food_remaining=11), ((13, 3), food_remaining=12), ((13, 5), food_remaining=11), ((13, 5), food_remaining=10), ((10, 4), food_remaining=12), ((10, 4), food_remaining=11), ((13, 5), food_remaining=10), ((7, 4), food_remaining=12), ((3, 5), food_remaining=12), ((3, 3), food_remaining=12), ((3, 3), food_remaining=11), ((2, 5), food_remaining=12), ((2, 5), food_remaining=11), ((7, 4), food_remaining=11), ((14, 5), food_remaining=10), ((6, 3), food_remaining=13), ((6, 3), food_remaining=12), ((10, 3), food_remaining=13), ... (+71 more)]",11,48,59
112,"((1, 4), food_remaining=9)","((1, 5), food_remaining=10)",South,"['((1, 5), food_remaining=9)', '((1, 3), food_remaining=9)']","[((1, 4), food_remaining=9), ((12, 5), food_remaining=10), ((2, 3), food_remaining=11), ((12, 3), food_remaining=11), ((6, 3), food_remaining=12), ((11, 5), food_remaining=11), ((12, 5), food_remaining=11), ((13, 3), food_remaining=10), ((13, 4), food_remaining=11), ((2, 3), food_remaining=12), ((7, 5), food_remaining=12), ((14, 3), food_remaining=12), ((14, 3), food_remaining=11), ((12, 3), food_remaining=11), ((8, 5), food_remaining=11), ((12, 3), food_remaining=12), ((5, 5), food_remaining=11), ((3, 5), food_remaining=11), ((5, 3), food_remaining=11), ((1, 4), food_remaining=12), ((16, 3), food_remaining=13), ((1, 5), food_remaining=10), ((1, 3), food_remaining=10), ((4, 4), food_remaining=10), ((14, 5), food_remaining=9), ((13, 4), food_remaining=9), ((13, 5), food_remaining=11), ((9, 5), food_remaining=11), ((9, 3), food_remaining=11), ((3, 3), food_remaining=11), ((8, 3), food_remaining=11), ((3, 5), food_remaining=12), ((13, 5), food_remaining=10), ((3, 3), food_remaining=12), ((4, 4), food_remaining=11), ((16, 3), food_remaining=12), ((2, 5), food_remaining=10), ((2, 5), food_remaining=11), ((2, 5), food_remaining=11), ((12, 5), food_remaining=10), ... (+7 more)]","[((12, 5), food_remaining=10), ((6, 3), food_remaining=12), ((2, 3), food_remaining=11), ((12, 3), food_remaining=11), ((2, 3), food_remaining=12), ((1, 3), food_remaining=9), ((12, 5), food_remaining=11), ((13, 3), food_remaining=10), ((13, 4), food_remaining=11), ((1, 4), food_remaining=12), ((7, 5), food_remaining=12), ((11, 5), food_remaining=11), ((14, 3), food_remaining=11), ((12, 3), food_remaining=11), ((8, 5), food_remaining=11), ((12, 3), food_remaining=12), ((5, 5), food_remaining=11), ((3, 5), food_remaining=11), ((5, 3), food_remaining=11), ((1, 4), food_remaining=11), ((16, 3), food_remaining=13), ((1, 5), food_remaining=10), ((1, 3), food_remaining=10), ((14, 3), food_remaining=12), ((14, 5), food_remaining=9), ((13, 4), food_remaining=9), ((13, 5), food_remaining=11), ((9, 5), food_remaining=11), ((9, 3), food_remaining=11), ((3, 3), food_remaining=11), ((8, 3), food_remaining=11), ((3, 5), food_remaining=12), ((13, 5), food_remaining=10), ((3, 3), food_remaining=12), ((4, 4), food_remaining=11), ((16, 3), food_remaining=12), ((2, 5), food_remaining=10), ((2, 5), food_remaining=11), ((2, 5), food_remaining=11), ((12, 5), food_remaining=10), ... (+8 more)]","[((5, 5), food_remaining=12), ((9, 5), food_remaining=12), ((15, 3), food_remaining=12), ((1, 5), food_remaining=11), ((1, 5), food_remaining=10), ((5, 5), food_remaining=12), ((5, 5), food_remaining=11), ((4, 3), food_remaining=12), ((4, 3), food_remaining=11), ((1, 4), food_remaining=10), ((1, 4), food_remaining=9), ((14, 5), food_remaining=10), ((5, 3), food_remaining=12), ((12, 3), food_remaining=13), ((12, 3), food_remaining=12), ((3, 3), food_remaining=13), ((3, 3), food_remaining=12), ((12, 5), food_remaining=12), ((2, 5), food_remaining=12), ((5, 5), food_remaining=12), ((13, 3), food_remaining=13), ((13, 3), food_remaining=12), ((6, 5), food_remaining=12), ((6, 5), food_remaining=11), ((13, 3), food_remaining=12), ((13, 5), food_remaining=11), ((13, 5), food_remaining=10), ((10, 4), food_remaining=12), ((10, 4), food_remaining=11), ((13, 5), food_remaining=10), ((7, 4), food_remaining=12), ((3, 5), food_remaining=12), ((3, 3), food_remaining=12), ((3, 3), food_remaining=11), ((2, 5), food_remaining=12), ((2, 5), food_remaining=11), ((7, 4), food_remaining=11), ((14, 5), food_remaining=10), ((6, 3), food_remaining=13), ((6, 3), food_remaining=12), ... (+72 more)]",13,46,59
113,"((12, 5), food_remaining=10)","((13, 5), food_remaining=10)",West,"['((13, 5), food_remaining=10)', '((11, 5), food_remaining=10)']","[((12, 5), food_remaining=10), ((6, 3), food_remaining=12), ((2, 3), food_remaining=11), ((12, 3), food_remaining=11), ((2, 3), food_remaining=12), ((1, 3), food_remaining=9), ((12, 5), food_remaining=11), ((13, 3), food_remaining=10), ((13, 4), food_remaining=11), ((1, 4), food_remaining=12), ((7, 5), food_remaining=12), ((11, 5), food_remaining=11), ((14, 3), food_remaining=11), ((12, 3), food_remaining=11), ((8, 5), food_remaining=11), ((12, 3), food_remaining=12), ((5, 5), food_remaining=11), ((3, 5), food_remaining=11), ((5, 3), food_remaining=11), ((1, 4), food_remaining=11), ((16, 3), food_remaining=13), ((1, 5), food_remaining=10), ((1, 3), food_remaining=10), ((14, 3), food_remaining=12), ((14, 5), food_remaining=9), ((13, 4), food_remaining=9), ((13, 5), food_remaining=11), ((9, 5), food_remaining=11), ((9, 3), food_remaining=11), ((3, 3), food_remaining=11), ((8, 3), food_remaining=11), ((3, 5), food_remaining=12), ((13, 5), food_remaining=10), ((3, 3), food_remaining=12), ((4, 4), food_remaining=11), ((16, 3), food_remaining=12), ((2, 5), food_remaining=10), ((2, 5), food_remaining=11), ((2, 5), food_remaining=11), ((12, 5), food_remaining=10), ... (+8 more)]","[((6, 3), food_remaining=12), ((2, 3), food_remaining=12), ((2, 3), food_remaining=11), ((12, 3), food_remaining=11), ((1, 4), food_remaining=12), ((1, 3), food_remaining=9), ((12, 5), food_remaining=11), ((13, 3), food_remaining=10), ((13, 4), food_remaining=11), ((1, 4), food_remaining=11), ((7, 5), food_remaining=12), ((11, 5), food_remaining=10), ((14, 3), food_remaining=11), ((12, 3), food_remaining=11), ((8, 5), food_remaining=11), ((12, 3), food_remaining=12), ((5, 5), food_remaining=11), ((3, 5), food_remaining=11), ((5, 3), food_remaining=11), ((1, 3), food_remaining=10), ((16, 3), food_remaining=13), ((1, 5), food_remaining=10), ((1, 3), food_remaining=10), ((11, 5), food_remaining=11), ((14, 5), food_remaining=9), ((13, 4), food_remaining=9), ((13, 5), food_remaining=11), ((9, 5), food_remaining=11), ((9, 3), food_remaining=11), ((3, 3), food_remaining=11), ((8, 3), food_remaining=11), ((3, 5), food_remaining=12), ((13, 5), food_remaining=10), ((3, 3), food_remaining=12), ((4, 4), food_remaining=11), ((16, 3), food_remaining=12), ((2, 5), food_remaining=10), ((2, 5), food_remaining=11), ((2, 5), food_remaining=11), ((12, 5), food_remaining=10), ... (+8 more)]","[((5, 5), food_remaining=12), ((9, 5), food_remaining=12), ((15, 3), food_remaining=12), ((1, 5), food_remaining=11), ((1, 5), food_remaining=10), ((5, 5), food_remaining=12), ((5, 5), food_remaining=11), ((4, 3), food_remaining=12), ((4, 3), food_remaining=11), ((1, 4), food_remaining=10), ((1, 4), food_remaining=9), ((14, 5), food_remaining=10), ((5, 3), food_remaining=12), ((12, 3), food_remaining=13), ((12, 3), food_remaining=12), ((3, 3), food_remaining=13), ((3, 3), food_remaining=12), ((12, 5), food_remaining=12), ((2, 5), food_remaining=12), ((12, 5), food_remaining=10), ((5, 5), food_remaining=12), ((13, 3), food_remaining=13), ((13, 3), food_remaining=12), ((6, 5), food_remaining=12), ((6, 5), food_remaining=11), ((13, 3), food_remaining=12), ((13, 5), food_remaining=11), ((13, 5), food_remaining=10), ((10, 4), food_remaining=12), ((10, 4), food_remaining=11), ((13, 5), food_remaining=10), ((7, 4), food_remaining=12), ((3, 5), food_remaining=12), ((3, 3), food_remaining=12), ((3, 3), food_remaining=11), ((2, 5), food_remaining=12), ((2, 5), food_remaining=11), ((7, 4), food_remaining=11), ((14, 5), food_remaining=10), ((6, 3), food_remaining=13), ... (+73 more)]",9,50,59
114,"((6, 3), food_remaining=12)","((5, 3), food_remaining=12)",East,"['((7, 3), food_remaining=12)', '((5, 3), food_remaining=12)']","[((6, 3), food_remaining=12), ((2, 3), food_remaining=12), ((2, 3), food_remaining=11), ((12, 3), food_remaining=11), ((1, 4), food_remaining=12), ((1, 3), food_remaining=9), ((12, 5), food_remaining=11), ((13, 3), food_remaining=10), ((13, 4), food_remaining=11), ((1, 4), food_remaining=11), ((7, 5), food_remaining=12), ((11, 5), food_remaining=10), ((14, 3), food_remaining=11), ((12, 3), food_remaining=11), ((8, 5), food_remaining=11), ((12, 3), food_remaining=12), ((5, 5), food_remaining=11), ((3, 5), food_remaining=11), ((5, 3), food_remaining=11), ((1, 3), food_remaining=10), ((16, 3), food_remaining=13), ((1, 5), food_remaining=10), ((1, 3), food_remaining=10), ((11, 5), food_remaining=11), ((14, 5), food_remaining=9), ((13, 4), food_remaining=9), ((13, 5), food_remaining=11), ((9, 5), food_remaining=11), ((9, 3), food_remaining=11), ((3, 3), food_remaining=11), ((8, 3), food_remaining=11), ((3, 5), food_remaining=12), ((13, 5), food_remaining=10), ((3, 3), food_remaining=12), ((4, 4), food_remaining=11), ((16, 3), food_remaining=12), ((2, 5), food_remaining=10), ((2, 5), food_remaining=11), ((2, 5), food_remaining=11), ((12, 5), food_remaining=10), ... (+8 more)]","[((2, 3), food_remaining=12), ((1, 4), food_remaining=12), ((2, 3), food_remaining=11), ((12, 3), food_remaining=11), ((1, 4), food_remaining=11), ((1, 3), food_remaining=9), ((12, 5), food_remaining=11), ((13, 3), food_remaining=10), ((13, 4), food_remaining=11), ((1, 3), food_remaining=10), ((7, 5), food_remaining=12), ((11, 5), food_remaining=10), ((14, 3), food_remaining=11), ((12, 3), food_remaining=11), ((8, 5), food_remaining=11), ((12, 3), food_remaining=12), ((5, 5), food_remaining=11), ((3, 5), food_remaining=11), ((5, 3), food_remaining=11), ((14, 3), food_remaining=12), ((16, 3), food_remaining=13), ((1, 5), food_remaining=10), ((1, 3), food_remaining=10), ((7, 3), food_remaining=12), ((14, 5), food_remaining=9), ((13, 4), food_remaining=9), ((13, 5), food_remaining=11), ((9, 5), food_remaining=11), ((9, 3), food_remaining=11), ((3, 3), food_remaining=11), ((8, 3), food_remaining=11), ((3, 5), food_remaining=12), ((13, 5), food_remaining=10), ((3, 3), food_remaining=12), ((4, 4), food_remaining=11), ((16, 3), food_remaining=12), ((2, 5), food_remaining=10), ((2, 5), food_remaining=11), ((2, 5), food_remaining=11), ((12, 5), food_remaining=10), ... (+8 more)]","[((5, 5), food_remaining=12), ((9, 5), food_remaining=12), ((15, 3), food_remaining=12), ((1, 5), food_remaining=11), ((1, 5), food_remaining=10), ((5, 5), food_remaining=12), ((5, 5), food_remaining=11), ((4, 3), food_remaining=12), ((4, 3), food_remaining=11), ((1, 4), food_remaining=10), ((1, 4), food_remaining=9), ((14, 5), food_remaining=10), ((5, 3), food_remaining=12), ((12, 3), food_remaining=13), ((12, 3), food_remaining=12), ((3, 3), food_remaining=13), ((3, 3), food_remaining=12), ((12, 5), food_remaining=12), ((2, 5), food_remaining=12), ((12, 5), food_remaining=10), ((5, 5), food_remaining=12), ((13, 3), food_remaining=13), ((13, 3), food_remaining=12), ((6, 5), food_remaining=12), ((6, 5), food_remaining=11), ((13, 3), food_remaining=12), ((13, 5), food_remaining=11), ((13, 5), food_remaining=10), ((10, 4), food_remaining=12), ((10, 4), food_remaining=11), ((13, 5), food_remaining=10), ((7, 4), food_remaining=12), ((3, 5), food_remaining=12), ((3, 3), food_remaining=12), ((3, 3), food_remaining=11), ((2, 5), food_remaining=12), ((2, 5), food_remaining=11), ((7, 4), food_remaining=11), ((14, 5), food_remaining=10), ((6, 3), food_remaining=13), ... (+74 more)]",9,50,59
115,"((2, 3), food_remaining=12)","((3, 3), food_remaining=12)",West,"['((3, 3), food_remaining=12)', '((1, 3), food_remaining=12)']","[((2, 3), food_remaining=12), ((1, 4), food_remaining=12), ((2, 3), food_remaining=11), ((12, 3), food_remaining=11), ((1, 4), food_remaining=11), ((1, 3), food_remaining=9), ((12, 5), food_remaining=11), ((13, 3), food_remaining=10), ((13, 4), food_remaining=11), ((1, 3), food_remaining=10), ((7, 5), food_remaining=12), ((11, 5), food_remaining=10), ((14, 3), food_remaining=11), ((12, 3), food_remaining=11), ((8, 5), food_remaining=11), ((12, 3), food_remaining=12), ((5, 5), food_remaining=11), ((3, 5), food_remaining=11), ((5, 3), food_remaining=11), ((14, 3), food_remaining=12), ((16, 3), food_remaining=13), ((1, 5), food_remaining=10), ((1, 3), food_remaining=10), ((7, 3), food_remaining=12), ((14, 5), food_remaining=9), ((13, 4), food_remaining=9), ((13, 5), food_remaining=11), ((9, 5), food_remaining=11), ((9, 3), food_remaining=11), ((3, 3), food_remaining=11), ((8, 3), food_remaining=11), ((3, 5), food_remaining=12), ((13, 5), food_remaining=10), ((3, 3), food_remaining=12), ((4, 4), food_remaining=11), ((16, 3), food_remaining=12), ((2, 5), food_remaining=10), ((2, 5), food_remaining=11), ((2, 5), food_remaining=11), ((12, 5), food_remaining=10), ... (+8 more)]","[((1, 4), food_remaining=12), ((12, 3), food_remaining=11), ((2, 3), food_remaining=11), ((13, 3), food_remaining=10), ((1, 4), food_remaining=11), ((1, 3), food_remaining=9), ((12, 5), food_remaining=11), ((11, 5), food_remaining=11), ((13, 4), food_remaining=11), ((1, 3), food_remaining=10), ((7, 5), food_remaining=12), ((11, 5), food_remaining=10), ((14, 3), food_remaining=11), ((12, 3), food_remaining=11), ((8, 5), food_remaining=11), ((12, 3), food_remaining=12), ((5, 5), food_remaining=11), ((3, 5), food_remaining=11), ((5, 3), food_remaining=11), ((14, 3), food_remaining=12), ((16, 3), food_remaining=13), ((1, 5), food_remaining=10), ((1, 3), food_remaining=10), ((7, 3), food_remaining=12), ((14, 5), food_remaining=9), ((13, 4), food_remaining=9), ((13, 5), food_remaining=11), ((9, 5), food_remaining=11), ((9, 3), food_remaining=11), ((3, 3), food_remaining=11), ((8, 3), food_remaining=11), ((3, 5), food_remaining=12), ((13, 5), food_remaining=10), ((3, 3), food_remaining=12), ((4, 4), food_remaining=11), ((16, 3), food_remaining=12), ((2, 5), food_remaining=10), ((2, 5), food_remaining=11), ((2, 5), food_remaining=11), ((12, 5), food_remaining=10), ... (+8 more)]","[((5, 5), food_remaining=12), ((9, 5), food_remaining=12), ((15, 3), food_remaining=12), ((1, 5), food_remaining=11), ((1, 5), food_remaining=10), ((5, 5), food_remaining=12), ((5, 5), food_remaining=11), ((4, 3), food_remaining=12), ((4, 3), food_remaining=11), ((1, 4), food_remaining=10), ((1, 4), food_remaining=9), ((14, 5), food_remaining=10), ((5, 3), food_remaining=12), ((12, 3), food_remaining=13), ((12, 3), food_remaining=12), ((3, 3), food_remaining=13), ((3, 3), food_remaining=12), ((12, 5), food_remaining=12), ((2, 5), food_remaining=12), ((12, 5), food_remaining=10), ((5, 5), food_remaining=12), ((13, 3), food_remaining=13), ((13, 3), food_remaining=12), ((6, 5), food_remaining=12), ((6, 5), food_remaining=11), ((13, 3), food_remaining=12), ((13, 5), food_remaining=11), ((13, 5), food_remaining=10), ((10, 4), food_remaining=12), ((10, 4), food_remaining=11), ((13, 5), food_remaining=10), ((7, 4), food_remaining=12), ((3, 5), food_remaining=12), ((3, 3), food_remaining=12), ((3, 3), food_remaining=11), ((2, 5), food_remaining=12), ((2, 5), food_remaining=11), ((7, 4), food_remaining=11), ((14, 5), food_remaining=10), ((6, 3), food_remaining=13), ... (+75 more)]",9,50,59
116,"((1, 4), food_remaining=12)","((1, 3), food_remaining=13)",North,"['((1, 5), food_remaining=11)', '((1, 3), food_remaining=12)']","[((1, 4), food_remaining=12), ((12, 3), food_remaining=11), ((2, 3), food_remaining=11), ((13, 3), food_remaining=10), ((1, 4), food_remaining=11), ((1, 3), food_remaining=9), ((12, 5), food_remaining=11), ((11, 5), food_remaining=11), ((13, 4), food_remaining=11), ((1, 3), food_remaining=10), ((7, 5), food_remaining=12), ((11, 5), food_remaining=10), ((14, 3), food_remaining=11), ((12, 3), food_remaining=11), ((8, 5), food_remaining=11), ((12, 3), food_remaining=12), ((5, 5), food_remaining=11), ((3, 5), food_remaining=11), ((5, 3), food_remaining=11), ((14, 3), food_remaining=12), ((16, 3), food_remaining=13), ((1, 5), food_remaining=10), ((1, 3), food_remaining=10), ((7, 3), food_remaining=12), ((14, 5), food_remaining=9), ((13, 4), food_remaining=9), ((13, 5), food_remaining=11), ((9, 5), food_remaining=11), ((9, 3), food_remaining=11), ((3, 3), food_remaining=11), ((8, 3), food_remaining=11), ((3, 5), food_remaining=12), ((13, 5), food_remaining=10), ((3, 3), food_remaining=12), ((4, 4), food_remaining=11), ((16, 3), food_remaining=12), ((2, 5), food_remaining=10), ((2, 5), food_remaining=11), ((2, 5), food_remaining=11), ((12, 5), food_remaining=10), ... (+8 more)]","[((12, 3), food_remaining=11), ((1, 4), food_remaining=11), ((2, 3), food_remaining=11), ((13, 3), food_remaining=10), ((7, 5), food_remaining=12), ((1, 3), food_remaining=9), ((12, 5), food_remaining=11), ((11, 5), food_remaining=11), ((13, 4), food_remaining=11), ((1, 3), food_remaining=10), ((1, 5), food_remaining=10), ((11, 5), food_remaining=10), ((14, 3), food_remaining=11), ((12, 3), food_remaining=11), ((8, 5), food_remaining=11), ((12, 3), food_remaining=12), ((5, 5), food_remaining=11), ((3, 5), food_remaining=11), ((5, 3), food_remaining=11), ((14, 3), food_remaining=12), ((16, 3), food_remaining=13), ((1, 3), food_remaining=12), ((1, 3), food_remaining=10), ((7, 3), food_remaining=12), ((14, 5), food_remaining=9), ((13, 4), food_remaining=9), ((13, 5), food_remaining=11), ((9, 5), food_remaining=11), ((9, 3), food_remaining=11), ((3, 3), food_remaining=11), ((8, 3), food_remaining=11), ((3, 5), food_remaining=12), ((13, 5), food_remaining=10), ((3, 3), food_remaining=12), ((4, 4), food_remaining=11), ((16, 3), food_remaining=12), ((2, 5), food_remaining=10), ((2, 5), food_remaining=11), ((2, 5), food_remaining=11), ((12, 5), food_remaining=10), ... (+9 more)]","[((5, 5), food_remaining=12), ((9, 5), food_remaining=12), ((15, 3), food_remaining=12), ((1, 5), food_remaining=11), ((1, 5), food_remaining=10), ((5, 5), food_remaining=12), ((5, 5), food_remaining=11), ((4, 3), food_remaining=12), ((4, 3), food_remaining=11), ((1, 4), food_remaining=10), ((1, 4), food_remaining=9), ((14, 5), food_remaining=10), ((5, 3), food_remaining=12), ((12, 3), food_remaining=13), ((12, 3), food_remaining=12), ((3, 3), food_remaining=13), ((3, 3), food_remaining=12), ((12, 5), food_remaining=12), ((2, 5), food_remaining=12), ((12, 5), food_remaining=10), ((5, 5), food_remaining=12), ((13, 3), food_remaining=13), ((13, 3), food_remaining=12), ((6, 5), food_remaining=12), ((6, 5), food_remaining=11), ((13, 3), food_remaining=12), ((13, 5), food_remaining=11), ((13, 5), food_remaining=10), ((10, 4), food_remaining=12), ((10, 4), food_remaining=11), ((13, 5), food_remaining=10), ((7, 4), food_remaining=12), ((3, 5), food_remaining=12), ((3, 3), food_remaining=12), ((3, 3), food_remaining=11), ((2, 5), food_remaining=12), ((2, 5), food_remaining=11), ((7, 4), food_remaining=11), ((14, 5), food_remaining=10), ((6, 3), food_remaining=13), ... (+76 more)]",9,50,59
117,"((12, 3), food_remaining=11)","((11, 3), food_remaining=11)",East,"['((13, 3), food_remaining=11)', '((11, 3), food_remaining=11)']","[((12, 3), food_remaining=11), ((1, 4), food_remaining=11), ((2, 3), food_remaining=11), ((13, 3), food_remaining=10), ((7, 5), food_remaining=12), ((1, 3), food_remaining=9), ((12, 5), food_remaining=11), ((11, 5), food_remaining=11), ((13, 4), food_remaining=11), ((1, 3), food_remaining=10), ((1, 5), food_remaining=10), ((11, 5), food_remaining=10), ((14, 3), food_remaining=11), ((12, 3), food_remaining=11), ((8, 5), food_remaining=11), ((12, 3), food_remaining=12), ((5, 5), food_remaining=11), ((3, 5), food_remaining=11), ((5, 3), food_remaining=11), ((14, 3), food_remaining=12), ((16, 3), food_remaining=13), ((1, 3), food_remaining=12), ((1, 3), food_remaining=10), ((7, 3), food_remaining=12), ((14, 5), food_remaining=9), ((13, 4), food_remaining=9), ((13, 5), food_remaining=11), ((9, 5), food_remaining=11), ((9, 3), food_remaining=11), ((3, 3), food_remaining=11), ((8, 3), food_remaining=11), ((3, 5), food_remaining=12), ((13, 5), food_remaining=10), ((3, 3), food_remaining=12), ((4, 4), food_remaining=11), ((16, 3), food_remaining=12), ((2, 5), food_remaining=10), ((2, 5), food_remaining=11), ((2, 5), food_remaining=11), ((12, 5), food_remaining=10), ... (+9 more)]","[((2, 3), food_remaining=11), ((1, 4), food_remaining=11), ((1, 3), food_remaining=9), ((13, 3), food_remaining=10), ((7, 5), food_remaining=12), ((11, 5), food_remaining=10), ((12, 5), food_remaining=11), ((11, 5), food_remaining=11), ((13, 4), food_remaining=11), ((1, 3), food_remaining=10), ((1, 5), food_remaining=10), ((7, 3), food_remaining=12), ((14, 3), food_remaining=11), ((12, 3), food_remaining=11), ((8, 5), food_remaining=11), ((12, 3), food_remaining=12), ((5, 5), food_remaining=11), ((3, 5), food_remaining=11), ((5, 3), food_remaining=11), ((14, 3), food_remaining=12), ((16, 3), food_remaining=13), ((1, 3), food_remaining=12), ((1, 3), food_remaining=10), ((1, 5), food_remaining=11), ((14, 5), food_remaining=9), ((13, 4), food_remaining=9), ((13, 5), food_remaining=11), ((9, 5), food_remaining=11), ((9, 3), food_remaining=11), ((3, 3), food_remaining=11), ((8, 3), food_remaining=11), ((3, 5), food_remaining=12), ((13, 5), food_remaining=10), ((3, 3), food_remaining=12), ((4, 4), food_remaining=11), ((16, 3), food_remaining=12), ((2, 5), food_remaining=10), ((2, 5), food_remaining=11), ((2, 5), food_remaining=11), ((12, 5), food_remaining=10), ... (+9 more)]","[((5, 5), food_remaining=12), ((9, 5), food_remaining=12), ((15, 3), food_remaining=12), ((1, 5), food_remaining=11), ((1, 5), food_remaining=10), ((5, 5), food_remaining=12), ((5, 5), food_remaining=11), ((4, 3), food_remaining=12), ((4, 3), food_remaining=11), ((1, 4), food_remaining=10), ((1, 4), food_remaining=9), ((14, 5), food_remaining=10), ((5, 3), food_remaining=12), ((12, 3), food_remaining=13), ((12, 3), food_remaining=12), ((3, 3), food_remaining=13), ((3, 3), food_remaining=12), ((12, 5), food_remaining=12), ((2, 5), food_remaining=12), ((12, 5), food_remaining=10), ((5, 5), food_remaining=12), ((13, 3), food_remaining=13), ((13, 3), food_remaining=12), ((6, 5), food_remaining=12), ((6, 5), food_remaining=11), ((13, 3), food_remaining=12), ((13, 5), food_remaining=11), ((13, 5), food_remaining=10), ((10, 4), food_remaining=12), ((10, 4), food_remaining=11), ((13, 5), food_remaining=10), ((7, 4), food_remaining=12), ((3, 5), food_remaining=12), ((3, 3), food_remaining=12), ((3, 3), food_remaining=11), ((2, 5), food_remaining=12), ((2, 5), food_remaining=11), ((7, 4), food_remaining=11), ((14, 5), food_remaining=10), ((6, 3), food_remaining=13), ... (+77 more)]",11,48,59
118,"((2, 3), food_remaining=11)","((3, 3), food_remaining=11)",West,"['((3, 3), food_remaining=11)', '((1, 3), food_remaining=11)']","[((2, 3), food_remaining=11), ((1, 4), food_remaining=11), ((1, 3), food_remaining=9), ((13, 3), food_remaining=10), ((7, 5), food_remaining=12), ((11, 5), food_remaining=10), ((12, 5), food_remaining=11), ((11, 5), food_remaining=11), ((13, 4), food_remaining=11), ((1, 3), food_remaining=10), ((1, 5), food_remaining=10), ((7, 3), food_remaining=12), ((14, 3), food_remaining=11), ((12, 3), food_remaining=11), ((8, 5), food_remaining=11), ((12, 3), food_remaining=12), ((5, 5), food_remaining=11), ((3, 5), food_remaining=11), ((5, 3), food_remaining=11), ((14, 3), food_remaining=12), ((16, 3), food_remaining=13), ((1, 3), food_remaining=12), ((1, 3), food_remaining=10), ((1, 5), food_remaining=11), ((14, 5), food_remaining=9), ((13, 4), food_remaining=9), ((13, 5), food_remaining=11), ((9, 5), food_remaining=11), ((9, 3), food_remaining=11), ((3, 3), food_remaining=11), ((8, 3), food_remaining=11), ((3, 5), food_remaining=12), ((13, 5), food_remaining=10), ((3, 3), food_remaining=12), ((4, 4), food_remaining=11), ((16, 3), food_remaining=12), ((2, 5), food_remaining=10), ((2, 5), food_remaining=11), ((2, 5), food_remaining=11), ((12, 5), food_remaining=10), ... (+9 more)]","[((1, 4), food_remaining=11), ((7, 5), food_remaining=12), ((1, 3), food_remaining=9), ((13, 3), food_remaining=10), ((1, 5), food_remaining=10), ((11, 5), food_remaining=10), ((12, 5), food_remaining=11), ((11, 5), food_remaining=11), ((13, 4), food_remaining=11), ((1, 3), food_remaining=10), ((1, 3), food_remaining=10), ((7, 3), food_remaining=12), ((14, 3), food_remaining=11), ((12, 3), food_remaining=11), ((8, 5), food_remaining=11), ((12, 3), food_remaining=12), ((5, 5), food_remaining=11), ((3, 5), food_remaining=11), ((5, 3), food_remaining=11), ((14, 3), food_remaining=12), ((16, 3), food_remaining=13), ((1, 3), food_remaining=12), ((1, 5), food_remaining=10), ((1, 5), food_remaining=11), ((14, 5), food_remaining=9), ((13, 4), food_remaining=9), ((13, 5), food_remaining=11), ((9, 5), food_remaining=11), ((9, 3), food_remaining=11), ((3, 3), food_remaining=11), ((8, 3), food_remaining=11), ((3, 5), food_remaining=12), ((13, 5), food_remaining=10), ((3, 3), food_remaining=12), ((4, 4), food_remaining=11), ((16, 3), food_remaining=12), ((2, 5), food_remaining=10), ((2, 5), food_remaining=11), ((2, 5), food_remaining=11), ((12, 5), food_remaining=10), ... (+9 more)]","[((5, 5), food_remaining=12), ((9, 5), food_remaining=12), ((15, 3), food_remaining=12), ((1, 5), food_remaining=11), ((1, 5), food_remaining=10), ((5, 5), food_remaining=12), ((5, 5), food_remaining=11), ((4, 3), food_remaining=12), ((4, 3), food_remaining=11), ((1, 4), food_remaining=10), ((1, 4), food_remaining=9), ((14, 5), food_remaining=10), ((5, 3), food_remaining=12), ((12, 3), food_remaining=13), ((12, 3), food_remaining=12), ((3, 3), food_remaining=13), ((3, 3), food_remaining=12), ((12, 5), food_remaining=12), ((2, 5), food_remaining=12), ((12, 5), food_remaining=10), ((5, 5), food_remaining=12), ((13, 3), food_remaining=13), ((13, 3), food_remaining=12), ((6, 5), food_remaining=12), ((6, 5), food_remaining=11), ((13, 3), food_remaining=12), ((13, 5), food_remaining=11), ((13, 5), food_remaining=10), ((10, 4), food_remaining=12), ((10, 4), food_remaining=11), ((13, 5), food_remaining=10), ((7, 4), food_remaining=12), ((3, 5), food_remaining=12), ((3, 3), food_remaining=12), ((3, 3), food_remaining=11), ((2, 5), food_remaining=12), ((2, 5), food_remaining=11), ((7, 4), food_remaining=11), ((14, 5), food_remaining=10), ((6, 3), food_remaining=13), ... (+78 more)]",11,48,59
119,"((1, 4), food_remaining=11)","((1, 3), food_remaining=12)",North,"['((1, 5), food_remaining=10)', '((1, 3), food_remaining=11)']","[((1, 4), food_remaining=11), ((7, 5), food_remaining=12), ((1, 3), food_remaining=9), ((13, 3), food_remaining=10), ((1, 5), food_remaining=10), ((11, 5), food_remaining=10), ((12, 5), food_remaining=11), ((11, 5), food_remaining=11), ((13, 4), food_remaining=11), ((1, 3), food_remaining=10), ((1, 3), food_remaining=10), ((7, 3), food_remaining=12), ((14, 3), food_remaining=11), ((12, 3), food_remaining=11), ((8, 5), food_remaining=11), ((12, 3), food_remaining=12), ((5, 5), food_remaining=11), ((3, 5), food_remaining=11), ((5, 3), food_remaining=11), ((14, 3), food_remaining=12), ((16, 3), food_remaining=13), ((1, 3), food_remaining=12), ((1, 5), food_remaining=10), ((1, 5), food_remaining=11), ((14, 5), food_remaining=9), ((13, 4), food_remaining=9), ((13, 5), food_remaining=11), ((9, 5), food_remaining=11), ((9, 3), food_remaining=11), ((3, 3), food_remaining=11), ((8, 3), food_remaining=11), ((3, 5), food_remaining=12), ((13, 5), food_remaining=10), ((3, 3), food_remaining=12), ((4, 4), food_remaining=11), ((16, 3), food_remaining=12), ((2, 5), food_remaining=10), ((2, 5), food_remaining=11), ((2, 5), food_remaining=11), ((12, 5), food_remaining=10), ... (+9 more)]","[((7, 5), food_remaining=12), ((1, 5), food_remaining=10), ((1, 3), food_remaining=9), ((13, 3), food_remaining=10), ((1, 3), food_remaining=10), ((11, 5), food_remaining=10), ((12, 5), food_remaining=11), ((11, 5), food_remaining=11), ((13, 4), food_remaining=11), ((1, 3), food_remaining=10), ((1, 5), food_remaining=10), ((7, 3), food_remaining=12), ((14, 3), food_remaining=11), ((12, 3), food_remaining=11), ((8, 5), food_remaining=11), ((12, 3), food_remaining=12), ((5, 5), food_remaining=11), ((3, 5), food_remaining=11), ((5, 3), food_remaining=11), ((14, 3), food_remaining=12), ((16, 3), food_remaining=13), ((1, 3), food_remaining=12), ((1, 5), food_remaining=9), ((1, 5), food_remaining=11), ((14, 5), food_remaining=9), ((13, 4), food_remaining=9), ((13, 5), food_remaining=11), ((9, 5), food_remaining=11), ((9, 3), food_remaining=11), ((3, 3), food_remaining=11), ((8, 3), food_remaining=11), ((3, 5), food_remaining=12), ((13, 5), food_remaining=10), ((3, 3), food_remaining=12), ((4, 4), food_remaining=11), ((16, 3), food_remaining=12), ((2, 5), food_remaining=10), ((2, 5), food_remaining=11), ((2, 5), food_remaining=11), ((12, 5), food_remaining=10), ... (+9 more)]","[((5, 5), food_remaining=12), ((9, 5), food_remaining=12), ((15, 3), food_remaining=12), ((1, 5), food_remaining=11), ((1, 5), food_remaining=10), ((5, 5), food_remaining=12), ((5, 5), food_remaining=11), ((4, 3), food_remaining=12), ((4, 3), food_remaining=11), ((1, 4), food_remaining=10), ((1, 4), food_remaining=9), ((14, 5), food_remaining=10), ((5, 3), food_remaining=12), ((12, 3), food_remaining=13), ((12, 3), food_remaining=12), ((3, 3), food_remaining=13), ((3, 3), food_remaining=12), ((12, 5), food_remaining=12), ((2, 5), food_remaining=12), ((12, 5), food_remaining=10), ((5, 5), food_remaining=12), ((13, 3), food_remaining=13), ((13, 3), food_remaining=12), ((6, 5), food_remaining=12), ((6, 5), food_remaining=11), ((13, 3), food_remaining=12), ((13, 5), food_remaining=11), ((13, 5), food_remaining=10), ((10, 4), food_remaining=12), ((10, 4), food_remaining=11), ((13, 5), food_remaining=10), ((7, 4), food_remaining=12), ((3, 5), food_remaining=12), ((3, 3), food_remaining=12), ((3, 3), food_remaining=11), ((2, 5), food_remaining=12), ((2, 5), food_remaining=11), ((7, 4), food_remaining=11), ((14, 5), food_remaining=10), ((6, 3), food_remaining=13), ... (+79 more)]",11,48,59
120,"((7, 5), food_remaining=12)","((6, 5), food_remaining=12)",East,"['((7, 4), food_remaining=11)', '((8, 5), food_remaining=12)', '((6, 5), food_remaining=12)']","[((7, 5), food_remaining=12), ((1, 5), food_remaining=10), ((1, 3), food_remaining=9), ((13, 3), food_remaining=10), ((1, 3), food_remaining=10), ((11, 5), food_remaining=10), ((12, 5), food_remaining=11), ((11, 5), food_remaining=11), ((13, 4), food_remaining=11), ((1, 3), food_remaining=10), ((1, 5), food_remaining=10), ((7, 3), food_remaining=12), ((14, 3), food_remaining=11), ((12, 3), food_remaining=11), ((8, 5), food_remaining=11), ((12, 3), food_remaining=12), ((5, 5), food_remaining=11), ((3, 5), food_remaining=11), ((5, 3), food_remaining=11), ((14, 3), food_remaining=12), ((16, 3), food_remaining=13), ((1, 3), food_remaining=12), ((1, 5), food_remaining=9), ((1, 5), food_remaining=11), ((14, 5), food_remaining=9), ((13, 4), food_remaining=9), ((13, 5), food_remaining=11), ((9, 5), food_remaining=11), ((9, 3), food_remaining=11), ((3, 3), food_remaining=11), ((8, 3), food_remaining=11), ((3, 5), food_remaining=12), ((13, 5), food_remaining=10), ((3, 3), food_remaining=12), ((4, 4), food_remaining=11), ((16, 3), food_remaining=12), ((2, 5), food_remaining=10), ((2, 5), food_remaining=11), ((2, 5), food_remaining=11), ((12, 5), food_remaining=10), ... (+9 more)]","[((1, 5), food_remaining=10), ((1, 3), food_remaining=10), ((1, 3), food_remaining=9), ((13, 3), food_remaining=10), ((1, 5), food_remaining=10), ((11, 5), food_remaining=10), ((12, 5), food_remaining=11), ((11, 5), food_remaining=11), ((13, 4), food_remaining=11), ((1, 3), food_remaining=10), ((1, 5), food_remaining=9), ((7, 3), food_remaining=12), ((14, 3), food_remaining=11), ((12, 3), food_remaining=11), ((8, 5), food_remaining=11), ((12, 3), food_remaining=12), ((5, 5), food_remaining=11), ((3, 5), food_remaining=11), ((5, 3), food_remaining=11), ((14, 3), food_remaining=12), ((16, 3), food_remaining=13), ((1, 3), food_remaining=12), ((13, 3), food_remaining=11), ((1, 5), food_remaining=11), ((8, 5), food_remaining=12), ((13, 4), food_remaining=9), ((13, 5), food_remaining=11), ((9, 5), food_remaining=11), ((9, 3), food_remaining=11), ((3, 3), food_remaining=11), ((8, 3), food_remaining=11), ((3, 5), food_remaining=12), ((13, 5), food_remaining=10), ((3, 3), food_remaining=12), ((4, 4), food_remaining=11), ((16, 3), food_remaining=12), ((2, 5), food_remaining=10), ((2, 5), food_remaining=11), ((2, 5), food_remaining=11), ((12, 5), food_remaining=10), ... (+10 more)]","[((5, 5), food_remaining=12), ((9, 5), food_remaining=12), ((15, 3), food_remaining=12), ((1, 5), food_remaining=11), ((1, 5), food_remaining=10), ((5, 5), food_remaining=12), ((5, 5), food_remaining=11), ((4, 3), food_remaining=12), ((4, 3), food_remaining=11), ((1, 4), food_remaining=10), ((1, 4), food_remaining=9), ((14, 5), food_remaining=10), ((5, 3), food_remaining=12), ((12, 3), food_remaining=13), ((12, 3), food_remaining=12), ((3, 3), food_remaining=13), ((3, 3), food_remaining=12), ((12, 5), food_remaining=12), ((2, 5), food_remaining=12), ((12, 5), food_remaining=10), ((5, 5), food_remaining=12), ((13, 3), food_remaining=13), ((13, 3), food_remaining=12), ((6, 5), food_remaining=12), ((6, 5), food_remaining=11), ((13, 3), food_remaining=12), ((13, 5), food_remaining=11), ((13, 5), food_remaining=10), ((10, 4), food_remaining=12), ((10, 4), food_remaining=11), ((13, 5), food_remaining=10), ((7, 4), food_remaining=12), ((3, 5), food_remaining=12), ((3, 3), food_remaining=12), ((3, 3), food_remaining=11), ((2, 5), food_remaining=12), ((2, 5), food_remaining=11), ((7, 4), food_remaining=11), ((14, 5), food_remaining=10), ((6, 3), food_remaining=13), ... (+80 more)]",10,49,59
121,"((1, 5), food_remaining=10)","((1, 4), food_remaining=10)",North,"['((1, 4), food_remaining=10)', '((2, 5), food_remaining=10)']","[((1, 5), food_remaining=10), ((1, 3), food_remaining=10), ((1, 3), food_remaining=9), ((13, 3), food_remaining=10), ((1, 5), food_remaining=10), ((11, 5), food_remaining=10), ((12, 5), food_remaining=11), ((11, 5), food_remaining=11), ((13, 4), food_remaining=11), ((1, 3), food_remaining=10), ((1, 5), food_remaining=9), ((7, 3), food_remaining=12), ((14, 3), food_remaining=11), ((12, 3), food_remaining=11), ((8, 5), food_remaining=11), ((12, 3), food_remaining=12), ((5, 5), food_remaining=11), ((3, 5), food_remaining=11), ((5, 3), food_remaining=11), ((14, 3), food_remaining=12), ((16, 3), food_remaining=13), ((1, 3), food_remaining=12), ((13, 3), food_remaining=11), ((1, 5), food_remaining=11), ((8, 5), food_remaining=12), ((13, 4), food_remaining=9), ((13, 5), food_remaining=11), ((9, 5), food_remaining=11), ((9, 3), food_remaining=11), ((3, 3), food_remaining=11), ((8, 3), food_remaining=11), ((3, 5), food_remaining=12), ((13, 5), food_remaining=10), ((3, 3), food_remaining=12), ((4, 4), food_remaining=11), ((16, 3), food_remaining=12), ((2, 5), food_remaining=10), ((2, 5), food_remaining=11), ((2, 5), food_remaining=11), ((12, 5), food_remaining=10), ... (+10 more)]","[((1, 3), food_remaining=10), ((1, 5), food_remaining=10), ((1, 3), food_remaining=9), ((13, 3), food_remaining=10), ((1, 3), food_remaining=10), ((11, 5), food_remaining=10), ((12, 5), food_remaining=11), ((11, 5), food_remaining=11), ((13, 4), food_remaining=11), ((14, 3), food_remaining=12), ((1, 5), food_remaining=9), ((7, 3), food_remaining=12), ((14, 3), food_remaining=11), ((12, 3), food_remaining=11), ((8, 5), food_remaining=11), ((12, 3), food_remaining=12), ((5, 5), food_remaining=11), ((3, 5), food_remaining=11), ((5, 3), food_remaining=11), ((12, 5), food_remaining=10), ((16, 3), food_remaining=13), ((1, 3), food_remaining=12), ((13, 3), food_remaining=11), ((1, 5), food_remaining=11), ((2, 5), food_remaining=10), ((13, 4), food_remaining=9), ((13, 5), food_remaining=11), ((9, 5), food_remaining=11), ((9, 3), food_remaining=11), ((3, 3), food_remaining=11), ((8, 3), food_remaining=11), ((3, 5), food_remaining=12), ((13, 5), food_remaining=10), ((3, 3), food_remaining=12), ((4, 4), food_remaining=11), ((16, 3), food_remaining=12), ((2, 5), food_remaining=10), ((2, 5), food_remaining=11), ((2, 5), food_remaining=11), ((14, 5), food_remaining=9), ... (+10 more)]","[((5, 5), food_remaining=12), ((9, 5), food_remaining=12), ((15, 3), food_remaining=12), ((1, 5), food_remaining=11), ((1, 5), food_remaining=10), ((5, 5), food_remaining=12), ((5, 5), food_remaining=11), ((4, 3), food_remaining=12), ((4, 3), food_remaining=11), ((1, 4), food_remaining=10), ((1, 4), food_remaining=9), ((14, 5), food_remaining=10), ((5, 3), food_remaining=12), ((12, 3), food_remaining=13), ((12, 3), food_remaining=12), ((3, 3), food_remaining=13), ((3, 3), food_remaining=12), ((12, 5), food_remaining=12), ((2, 5), food_remaining=12), ((12, 5), food_remaining=10), ((5, 5), food_remaining=12), ((13, 3), food_remaining=13), ((13, 3), food_remaining=12), ((6, 5), food_remaining=12), ((6, 5), food_remaining=11), ((13, 3), food_remaining=12), ((13, 5), food_remaining=11), ((13, 5), food_remaining=10), ((10, 4), food_remaining=12), ((10, 4), food_remaining=11), ((13, 5), food_remaining=10), ((7, 4), food_remaining=12), ((3, 5), food_remaining=12), ((3, 3), food_remaining=12), ((3, 3), food_remaining=11), ((2, 5), food_remaining=12), ((2, 5), food_remaining=11), ((7, 4), food_remaining=11), ((14, 5), food_remaining=10), ((6, 3), food_remaining=13), ... (+81 more)]",12,47,59
122,"((1, 3), food_remaining=10)","((1, 4), food_remaining=10)",South,"['((1, 4), food_remaining=10)', '((2, 3), food_remaining=10)']","[((1, 3), food_remaining=10), ((1, 5), food_remaining=10), ((1, 3), food_remaining=9), ((13, 3), food_remaining=10), ((1, 3), food_remaining=10), ((11, 5), food_remaining=10), ((12, 5), food_remaining=11), ((11, 5), food_remaining=11), ((13, 4), food_remaining=11), ((14, 3), food_remaining=12), ((1, 5), food_remaining=9), ((7, 3), food_remaining=12), ((14, 3), food_remaining=11), ((12, 3), food_remaining=11), ((8, 5), food_remaining=11), ((12, 3), food_remaining=12), ((5, 5), food_remaining=11), ((3, 5), food_remaining=11), ((5, 3), food_remaining=11), ((12, 5), food_remaining=10), ((16, 3), food_remaining=13), ((1, 3), food_remaining=12), ((13, 3), food_remaining=11), ((1, 5), food_remaining=11), ((2, 5), food_remaining=10), ((13, 4), food_remaining=9), ((13, 5), food_remaining=11), ((9, 5), food_remaining=11), ((9, 3), food_remaining=11), ((3, 3), food_remaining=11), ((8, 3), food_remaining=11), ((3, 5), food_remaining=12), ((13, 5), food_remaining=10), ((3, 3), food_remaining=12), ((4, 4), food_remaining=11), ((16, 3), food_remaining=12), ((2, 5), food_remaining=10), ((2, 5), food_remaining=11), ((2, 5), food_remaining=11), ((14, 5), food_remaining=9), ... (+10 more)]","[((1, 5), food_remaining=10), ((1, 3), food_remaining=10), ((1, 3), food_remaining=9), ((13, 3), food_remaining=10), ((1, 5), food_remaining=9), ((11, 5), food_remaining=10), ((12, 5), food_remaining=11), ((11, 5), food_remaining=11), ((13, 4), food_remaining=11), ((14, 3), food_remaining=12), ((1, 3), food_remaining=12), ((7, 3), food_remaining=12), ((14, 3), food_remaining=11), ((12, 3), food_remaining=11), ((8, 5), food_remaining=11), ((12, 3), food_remaining=12), ((5, 5), food_remaining=11), ((3, 5), food_remaining=11), ((5, 3), food_remaining=11), ((12, 5), food_remaining=10), ((16, 3), food_remaining=13), ((11, 5), food_remaining=10), ((13, 3), food_remaining=11), ((1, 5), food_remaining=11), ((2, 5), food_remaining=10), ((13, 4), food_remaining=9), ((13, 5), food_remaining=11), ((9, 5), food_remaining=11), ((9, 3), food_remaining=11), ((3, 3), food_remaining=11), ((8, 3), food_remaining=11), ((3, 5), food_remaining=12), ((13, 5), food_remaining=10), ((3, 3), food_remaining=12), ((4, 4), food_remaining=11), ((16, 3), food_remaining=12), ((2, 5), food_remaining=10), ((2, 5), food_remaining=11), ((2, 5), food_remaining=11), ((14, 5), food_remaining=9), ... (+10 more)]","[((5, 5), food_remaining=12), ((9, 5), food_remaining=12), ((15, 3), food_remaining=12), ((1, 5), food_remaining=11), ((1, 5), food_remaining=10), ((5, 5), food_remaining=12), ((5, 5), food_remaining=11), ((4, 3), food_remaining=12), ((4, 3), food_remaining=11), ((1, 4), food_remaining=10), ((1, 4), food_remaining=9), ((14, 5), food_remaining=10), ((5, 3), food_remaining=12), ((12, 3), food_remaining=13), ((12, 3), food_remaining=12), ((3, 3), food_remaining=13), ((3, 3), food_remaining=12), ((12, 5), food_remaining=12), ((2, 5), food_remaining=12), ((12, 5), food_remaining=10), ((5, 5), food_remaining=12), ((13, 3), food_remaining=13), ((13, 3), food_remaining=12), ((6, 5), food_remaining=12), ((6, 5), food_remaining=11), ((13, 3), food_remaining=12), ((13, 5), food_remaining=11), ((13, 5), food_remaining=10), ((10, 4), food_remaining=12), ((10, 4), food_remaining=11), ((13, 5), food_remaining=10), ((7, 4), food_remaining=12), ((3, 5), food_remaining=12), ((3, 3), food_remaining=12), ((3, 3), food_remaining=11), ((2, 5), food_remaining=12), ((2, 5), food_remaining=11), ((7, 4), food_remaining=11), ((14, 5), food_remaining=10), ((6, 3), food_remaining=13), ... (+82 more)]",12,47,59
123,"((1, 5), food_remaining=10)","((1, 4), food_remaining=10)",North,"['((1, 4), food_remaining=10)', '((2, 5), food_remaining=10)']","[((1, 5), food_remaining=10), ((1, 3), food_remaining=10), ((1, 3), food_remaining=9), ((13, 3), food_remaining=10), ((1, 5), food_remaining=9), ((11, 5), food_remaining=10), ((12, 5), food_remaining=11), ((11, 5), food_remaining=11), ((13, 4), food_remaining=11), ((14, 3), food_remaining=12), ((1, 3), food_remaining=12), ((7, 3), food_remaining=12), ((14, 3), food_remaining=11), ((12, 3), food_remaining=11), ((8, 5), food_remaining=11), ((12, 3), food_remaining=12), ((5, 5), food_remaining=11), ((3, 5), food_remaining=11), ((5, 3), food_remaining=11), ((12, 5), food_remaining=10), ((16, 3), food_remaining=13), ((11, 5), food_remaining=10), ((13, 3), food_remaining=11), ((1, 5), food_remaining=11), ((2, 5), food_remaining=10), ((13, 4), food_remaining=9), ((13, 5), food_remaining=11), ((9, 5), food_remaining=11), ((9, 3), food_remaining=11), ((3, 3), food_remaining=11), ((8, 3), food_remaining=11), ((3, 5), food_remaining=12), ((13, 5), food_remaining=10), ((3, 3), food_remaining=12), ((4, 4), food_remaining=11), ((16, 3), food_remaining=12), ((2, 5), food_remaining=10), ((2, 5), food_remaining=11), ((2, 5), food_remaining=11), ((14, 5), food_remaining=9), ... (+10 more)]","[((1, 3), food_remaining=10), ((1, 5), food_remaining=9), ((1, 3), food_remaining=9), ((13, 3), food_remaining=10), ((1, 3), food_remaining=12), ((11, 5), food_remaining=10), ((12, 5), food_remaining=11), ((11, 5), food_remaining=11), ((13, 4), food_remaining=11), ((14, 3), food_remaining=12), ((13, 3), food_remaining=11), ((7, 3), food_remaining=12), ((14, 3), food_remaining=11), ((12, 3), food_remaining=11), ((8, 5), food_remaining=11), ((12, 3), food_remaining=12), ((5, 5), food_remaining=11), ((3, 5), food_remaining=11), ((5, 3), food_remaining=11), ((12, 5), food_remaining=10), ((16, 3), food_remaining=13), ((11, 5), food_remaining=10), ((1, 3), food_remaining=11), ((1, 5), food_remaining=11), ((2, 5), food_remaining=10), ((13, 4), food_remaining=9), ((13, 5), food_remaining=11), ((9, 5), food_remaining=11), ((9, 3), food_remaining=11), ((3, 3), food_remaining=11), ((8, 3), food_remaining=11), ((3, 5), food_remaining=12), ((13, 5), food_remaining=10), ((3, 3), food_remaining=12), ((4, 4), food_remaining=11), ((16, 3), food_remaining=12), ((2, 5), food_remaining=10), ((2, 5), food_remaining=11), ((2, 5), food_remaining=11), ((14, 5), food_remaining=9), ... (+10 more)]","[((5, 5), food_remaining=12), ((9, 5), food_remaining=12), ((15, 3), food_remaining=12), ((1, 5), food_remaining=11), ((1, 5), food_remaining=10), ((5, 5), food_remaining=12), ((5, 5), food_remaining=11), ((4, 3), food_remaining=12), ((4, 3), food_remaining=11), ((1, 4), food_remaining=10), ((1, 4), food_remaining=9), ((14, 5), food_remaining=10), ((5, 3), food_remaining=12), ((12, 3), food_remaining=13), ((12, 3), food_remaining=12), ((1, 5), food_remaining=10), ((3, 3), food_remaining=13), ((3, 3), food_remaining=12), ((12, 5), food_remaining=12), ((2, 5), food_remaining=12), ((12, 5), food_remaining=10), ((5, 5), food_remaining=12), ((13, 3), food_remaining=13), ((13, 3), food_remaining=12), ((6, 5), food_remaining=12), ((6, 5), food_remaining=11), ((13, 3), food_remaining=12), ((13, 5), food_remaining=11), ((13, 5), food_remaining=10), ((10, 4), food_remaining=12), ((10, 4), food_remaining=11), ((13, 5), food_remaining=10), ((7, 4), food_remaining=12), ((3, 5), food_remaining=12), ((3, 3), food_remaining=12), ((3, 3), food_remaining=11), ((2, 5), food_remaining=12), ((2, 5), food_remaining=11), ((7, 4), food_remaining=11), ((14, 5), food_remaining=10), ... (+83 more)]",12,47,59
124,"((1, 3), food_remaining=10)","((1, 4), food_remaining=10)",South,"['((1, 4), food_remaining=10)', '((2, 3), food_remaining=10)']","[((1, 3), food_remaining=10), ((1, 5), food_remaining=9), ((1, 3), food_remaining=9), ((13, 3), food_remaining=10), ((1, 3), food_remaining=12), ((11, 5), food_remaining=10), ((12, 5), food_remaining=11), ((11, 5), food_remaining=11), ((13, 4), food_remaining=11), ((14, 3), food_remaining=12), ((13, 3), food_remaining=11), ((7, 3), food_remaining=12), ((14, 3), food_remaining=11), ((12, 3), food_remaining=11), ((8, 5), food_remaining=11), ((12, 3), food_remaining=12), ((5, 5), food_remaining=11), ((3, 5), food_remaining=11), ((5, 3), food_remaining=11), ((12, 5), food_remaining=10), ((16, 3), food_remaining=13), ((11, 5), food_remaining=10), ((1, 3), food_remaining=11), ((1, 5), food_remaining=11), ((2, 5), food_remaining=10), ((13, 4), food_remaining=9), ((13, 5), food_remaining=11), ((9, 5), food_remaining=11), ((9, 3), food_remaining=11), ((3, 3), food_remaining=11), ((8, 3), food_remaining=11), ((3, 5), food_remaining=12), ((13, 5), food_remaining=10), ((3, 3), food_remaining=12), ((4, 4), food_remaining=11), ((16, 3), food_remaining=12), ((2, 5), food_remaining=10), ((2, 5), food_remaining=11), ((2, 5), food_remaining=11), ((14, 5), food_remaining=9), ... (+10 more)]","[((1, 5), food_remaining=9), ((1, 3), food_remaining=12), ((1, 3), food_remaining=9), ((13, 3), food_remaining=10), ((13, 3), food_remaining=11), ((11, 5), food_remaining=10), ((12, 5), food_remaining=11), ((11, 5), food_remaining=11), ((13, 4), food_remaining=11), ((14, 3), food_remaining=12), ((1, 3), food_remaining=11), ((7, 3), food_remaining=12), ((14, 3), food_remaining=11), ((12, 3), food_remaining=11), ((8, 5), food_remaining=11), ((12, 3), food_remaining=12), ((5, 5), food_remaining=11), ((3, 5), food_remaining=11), ((5, 3), food_remaining=11), ((12, 5), food_remaining=10), ((16, 3), food_remaining=13), ((11, 5), food_remaining=10), ((2, 3), food_remaining=10), ((1, 5), food_remaining=11), ((2, 5), food_remaining=10), ((13, 4), food_remaining=9), ((13, 5), food_remaining=11), ((9, 5), food_remaining=11), ((9, 3), food_remaining=11), ((3, 3), food_remaining=11), ((8, 3), food_remaining=11), ((3, 5), food_remaining=12), ((13, 5), food_remaining=10), ((3, 3), food_remaining=12), ((4, 4), food_remaining=11), ((16, 3), food_remaining=12), ((2, 5), food_remaining=10), ((2, 5), food_remaining=11), ((2, 5), food_remaining=11), ((14, 5), food_remaining=9), ... (+10 more)]","[((5, 5), food_remaining=12), ((9, 5), food_remaining=12), ((15, 3), food_remaining=12), ((1, 5), food_remaining=11), ((1, 5), food_remaining=10), ((5, 5), food_remaining=12), ((5, 5), food_remaining=11), ((4, 3), food_remaining=12), ((4, 3), food_remaining=11), ((1, 4), food_remaining=10), ((1, 4), food_remaining=9), ((14, 5), food_remaining=10), ((5, 3), food_remaining=12), ((12, 3), food_remaining=13), ((12, 3), food_remaining=12), ((1, 5), food_remaining=10), ((3, 3), food_remaining=13), ((3, 3), food_remaining=12), ((12, 5), food_remaining=12), ((2, 5), food_remaining=12), ((12, 5), food_remaining=10), ((5, 5), food_remaining=12), ((13, 3), food_remaining=13), ((13, 3), food_remaining=12), ((1, 3), food_remaining=10), ((6, 5), food_remaining=12), ((6, 5), food_remaining=11), ((13, 3), food_remaining=12), ((13, 5), food_remaining=11), ((13, 5), food_remaining=10), ((10, 4), food_remaining=12), ((10, 4), food_remaining=11), ((13, 5), food_remaining=10), ((7, 4), food_remaining=12), ((3, 5), food_remaining=12), ((3, 3), food_remaining=12), ((3, 3), food_remaining=11), ((2, 5), food_remaining=12), ((2, 5), food_remaining=11), ((7, 4), food_remaining=11), ... (+84 more)]",12,47,59
125,"((1, 5), food_remaining=9)","((1, 4), food_remaining=9)",North,"['((1, 4), food_remaining=9)', '((2, 5), food_remaining=9)']","[((1, 5), food_remaining=9), ((1, 3), food_remaining=12), ((1, 3), food_remaining=9), ((13, 3), food_remaining=10), ((13, 3), food_remaining=11), ((11, 5), food_remaining=10), ((12, 5), food_remaining=11), ((11, 5), food_remaining=11), ((13, 4), food_remaining=11), ((14, 3), food_remaining=12), ((1, 3), food_remaining=11), ((7, 3), food_remaining=12), ((14, 3), food_remaining=11), ((12, 3), food_remaining=11), ((8, 5), food_remaining=11), ((12, 3), food_remaining=12), ((5, 5), food_remaining=11), ((3, 5), food_remaining=11), ((5, 3), food_remaining=11), ((12, 5), food_remaining=10), ((16, 3), food_remaining=13), ((11, 5), food_remaining=10), ((2, 3), food_remaining=10), ((1, 5), food_remaining=11), ((2, 5), food_remaining=10), ((13, 4), food_remaining=9), ((13, 5), food_remaining=11), ((9, 5), food_remaining=11), ((9, 3), food_remaining=11), ((3, 3), food_remaining=11), ((8, 3), food_remaining=11), ((3, 5), food_remaining=12), ((13, 5), food_remaining=10), ((3, 3), food_remaining=12), ((4, 4), food_remaining=11), ((16, 3), food_remaining=12), ((2, 5), food_remaining=10), ((2, 5), food_remaining=11), ((2, 5), food_remaining=11), ((14, 5), food_remaining=9), ... (+10 more)]","[((1, 3), food_remaining=9), ((1, 3), food_remaining=12), ((11, 5), food_remaining=10), ((13, 3), food_remaining=10), ((13, 3), food_remaining=11), ((7, 3), food_remaining=12), ((12, 5), food_remaining=11), ((11, 5), food_remaining=11), ((13, 4), food_remaining=11), ((14, 3), food_remaining=12), ((1, 3), food_remaining=11), ((1, 5), food_remaining=11), ((14, 3), food_remaining=11), ((12, 3), food_remaining=11), ((8, 5), food_remaining=11), ((12, 3), food_remaining=12), ((5, 5), food_remaining=11), ((3, 5), food_remaining=11), ((5, 3), food_remaining=11), ((12, 5), food_remaining=10), ((16, 3), food_remaining=13), ((11, 5), food_remaining=10), ((2, 3), food_remaining=10), ((2, 3), food_remaining=10), ((2, 5), food_remaining=10), ((13, 4), food_remaining=9), ((13, 5), food_remaining=11), ((9, 5), food_remaining=11), ((9, 3), food_remaining=11), ((3, 3), food_remaining=11), ((8, 3), food_remaining=11), ((3, 5), food_remaining=12), ((13, 5), food_remaining=10), ((3, 3), food_remaining=12), ((4, 4), food_remaining=11), ((16, 3), food_remaining=12), ((2, 5), food_remaining=10), ((2, 5), food_remaining=11), ((2, 5), food_remaining=11), ((14, 5), food_remaining=9), ... (+10 more)]","[((5, 5), food_remaining=12), ((9, 5), food_remaining=12), ((15, 3), food_remaining=12), ((1, 5), food_remaining=11), ((1, 5), food_remaining=10), ((5, 5), food_remaining=12), ((5, 5), food_remaining=11), ((4, 3), food_remaining=12), ((4, 3), food_remaining=11), ((1, 4), food_remaining=10), ((1, 4), food_remaining=9), ((14, 5), food_remaining=10), ((5, 3), food_remaining=12), ((12, 3), food_remaining=13), ((12, 3), food_remaining=12), ((1, 5), food_remaining=10), ((1, 5), food_remaining=9), ((3, 3), food_remaining=13), ((3, 3), food_remaining=12), ((12, 5), food_remaining=12), ((2, 5), food_remaining=12), ((12, 5), food_remaining=10), ((5, 5), food_remaining=12), ((13, 3), food_remaining=13), ((13, 3), food_remaining=12), ((1, 3), food_remaining=10), ((6, 5), food_remaining=12), ((6, 5), food_remaining=11), ((13, 3), food_remaining=12), ((13, 5), food_remaining=11), ((13, 5), food_remaining=10), ((10, 4), food_remaining=12), ((10, 4), food_remaining=11), ((13, 5), food_remaining=10), ((7, 4), food_remaining=12), ((3, 5), food_remaining=12), ((3, 3), food_remaining=12), ((3, 3), food_remaining=11), ((2, 5), food_remaining=12), ((2, 5), food_remaining=11), ... (+85 more)]",14,45,59
126,"((1, 3), food_remaining=9)","((1, 4), food_remaining=9)",South,"['((1, 4), food_remaining=9)', '((2, 3), food_remaining=9)']","[((1, 3), food_remaining=9), ((1, 3), food_remaining=12), ((11, 5), food_remaining=10), ((13, 3), food_remaining=10), ((13, 3), food_remaining=11), ((7, 3), food_remaining=12), ((12, 5), food_remaining=11), ((11, 5), food_remaining=11), ((13, 4), food_remaining=11), ((14, 3), food_remaining=12), ((1, 3), food_remaining=11), ((1, 5), food_remaining=11), ((14, 3), food_remaining=11), ((12, 3), food_remaining=11), ((8, 5), food_remaining=11), ((12, 3), food_remaining=12), ((5, 5), food_remaining=11), ((3, 5), food_remaining=11), ((5, 3), food_remaining=11), ((12, 5), food_remaining=10), ((16, 3), food_remaining=13), ((11, 5), food_remaining=10), ((2, 3), food_remaining=10), ((2, 3), food_remaining=10), ((2, 5), food_remaining=10), ((13, 4), food_remaining=9), ((13, 5), food_remaining=11), ((9, 5), food_remaining=11), ((9, 3), food_remaining=11), ((3, 3), food_remaining=11), ((8, 3), food_remaining=11), ((3, 5), food_remaining=12), ((13, 5), food_remaining=10), ((3, 3), food_remaining=12), ((4, 4), food_remaining=11), ((16, 3), food_remaining=12), ((2, 5), food_remaining=10), ((2, 5), food_remaining=11), ((2, 5), food_remaining=11), ((14, 5), food_remaining=9), ... (+10 more)]","[((11, 5), food_remaining=10), ((1, 3), food_remaining=12), ((7, 3), food_remaining=12), ((13, 3), food_remaining=10), ((13, 3), food_remaining=11), ((1, 5), food_remaining=11), ((12, 5), food_remaining=11), ((11, 5), food_remaining=11), ((13, 4), food_remaining=11), ((14, 3), food_remaining=12), ((1, 3), food_remaining=11), ((2, 5), food_remaining=10), ((14, 3), food_remaining=11), ((12, 3), food_remaining=11), ((8, 5), food_remaining=11), ((12, 3), food_remaining=12), ((5, 5), food_remaining=11), ((3, 5), food_remaining=11), ((5, 3), food_remaining=11), ((12, 5), food_remaining=10), ((16, 3), food_remaining=13), ((11, 5), food_remaining=10), ((2, 3), food_remaining=10), ((2, 3), food_remaining=10), ((2, 5), food_remaining=9), ((13, 4), food_remaining=9), ((13, 5), food_remaining=11), ((9, 5), food_remaining=11), ((9, 3), food_remaining=11), ((3, 3), food_remaining=11), ((8, 3), food_remaining=11), ((3, 5), food_remaining=12), ((13, 5), food_remaining=10), ((3, 3), food_remaining=12), ((4, 4), food_remaining=11), ((16, 3), food_remaining=12), ((2, 5), food_remaining=10), ((2, 5), food_remaining=11), ((2, 5), food_remaining=11), ((14, 5), food_remaining=9), ... (+10 more)]","[((5, 5), food_remaining=12), ((9, 5), food_remaining=12), ((15, 3), food_remaining=12), ((1, 5), food_remaining=11), ((1, 5), food_remaining=10), ((5, 5), food_remaining=12), ((5, 5), food_remaining=11), ((4, 3), food_remaining=12), ((4, 3), food_remaining=11), ((1, 4), food_remaining=10), ((1, 4), food_remaining=9), ((14, 5), food_remaining=10), ((5, 3), food_remaining=12), ((12, 3), food_remaining=13), ((12, 3), food_remaining=12), ((1, 5), food_remaining=10), ((1, 5), food_remaining=9), ((3, 3), food_remaining=13), ((3, 3), food_remaining=12), ((12, 5), food_remaining=12), ((2, 5), food_remaining=12), ((12, 5), food_remaining=10), ((5, 5), food_remaining=12), ((13, 3), food_remaining=13), ((13, 3), food_remaining=12), ((1, 3), food_remaining=10), ((1, 3), food_remaining=9), ((6, 5), food_remaining=12), ((6, 5), food_remaining=11), ((13, 3), food_remaining=12), ((13, 5), food_remaining=11), ((13, 5), food_remaining=10), ((10, 4), food_remaining=12), ((10, 4), food_remaining=11), ((13, 5), food_remaining=10), ((7, 4), food_remaining=12), ((3, 5), food_remaining=12), ((3, 3), food_remaining=12), ((3, 3), food_remaining=11), ((2, 5), food_remaining=12), ... (+86 more)]",14,45,59
127,"((11, 5), food_remaining=10)","((12, 5), food_remaining=10)",West,"['((12, 5), food_remaining=10)', '((10, 5), food_remaining=10)']","[((11, 5), food_remaining=10), ((1, 3), food_remaining=12), ((7, 3), food_remaining=12), ((13, 3), food_remaining=10), ((13, 3), food_remaining=11), ((1, 5), food_remaining=11), ((12, 5), food_remaining=11), ((11, 5), food_remaining=11), ((13, 4), food_remaining=11), ((14, 3), food_remaining=12), ((1, 3), food_remaining=11), ((2, 5), food_remaining=10), ((14, 3), food_remaining=11), ((12, 3), food_remaining=11), ((8, 5), food_remaining=11), ((12, 3), food_remaining=12), ((5, 5), food_remaining=11), ((3, 5), food_remaining=11), ((5, 3), food_remaining=11), ((12, 5), food_remaining=10), ((16, 3), food_remaining=13), ((11, 5), food_remaining=10), ((2, 3), food_remaining=10), ((2, 3), food_remaining=10), ((2, 5), food_remaining=9), ((13, 4), food_remaining=9), ((13, 5), food_remaining=11), ((9, 5), food_remaining=11), ((9, 3), food_remaining=11), ((3, 3), food_remaining=11), ((8, 3), food_remaining=11), ((3, 5), food_remaining=12), ((13, 5), food_remaining=10), ((3, 3), food_remaining=12), ((4, 4), food_remaining=11), ((16, 3), food_remaining=12), ((2, 5), food_remaining=10), ((2, 5), food_remaining=11), ((2, 5), food_remaining=11), ((14, 5), food_remaining=9), ... (+10 more)]","[((7, 3), food_remaining=12), ((1, 3), food_remaining=12), ((1, 5), food_remaining=11), ((13, 3), food_remaining=10), ((13, 3), food_remaining=11), ((2, 5), food_remaining=10), ((12, 5), food_remaining=11), ((11, 5), food_remaining=11), ((13, 4), food_remaining=11), ((14, 3), food_remaining=12), ((1, 3), food_remaining=11), ((2, 3), food_remaining=10), ((14, 3), food_remaining=11), ((12, 3), food_remaining=11), ((8, 5), food_remaining=11), ((12, 3), food_remaining=12), ((5, 5), food_remaining=11), ((3, 5), food_remaining=11), ((5, 3), food_remaining=11), ((12, 5), food_remaining=10), ((16, 3), food_remaining=13), ((11, 5), food_remaining=10), ((2, 3), food_remaining=10), ((2, 3), food_remaining=9), ((2, 5), food_remaining=9), ((13, 4), food_remaining=9), ((13, 5), food_remaining=11), ((9, 5), food_remaining=11), ((9, 3), food_remaining=11), ((3, 3), food_remaining=11), ((8, 3), food_remaining=11), ((3, 5), food_remaining=12), ((13, 5), food_remaining=10), ((3, 3), food_remaining=12), ((4, 4), food_remaining=11), ((16, 3), food_remaining=12), ((2, 5), food_remaining=10), ((2, 5), food_remaining=11), ((2, 5), food_remaining=11), ((14, 5), food_remaining=9), ... (+10 more)]","[((5, 5), food_remaining=12), ((9, 5), food_remaining=12), ((15, 3), food_remaining=12), ((1, 5), food_remaining=11), ((1, 5), food_remaining=10), ((5, 5), food_remaining=12), ((5, 5), food_remaining=11), ((4, 3), food_remaining=12), ((4, 3), food_remaining=11), ((1, 4), food_remaining=10), ((1, 4), food_remaining=9), ((14, 5), food_remaining=10), ((5, 3), food_remaining=12), ((12, 3), food_remaining=13), ((12, 3), food_remaining=12), ((1, 5), food_remaining=10), ((1, 5), food_remaining=9), ((3, 3), food_remaining=13), ((3, 3), food_remaining=12), ((12, 5), food_remaining=12), ((2, 5), food_remaining=12), ((12, 5), food_remaining=10), ((5, 5), food_remaining=12), ((13, 3), food_remaining=13), ((13, 3), food_remaining=12), ((1, 3), food_remaining=10), ((1, 3), food_remaining=9), ((6, 5), food_remaining=12), ((6, 5), food_remaining=11), ((13, 3), food_remaining=12), ((13, 5), food_remaining=11), ((13, 5), food_remaining=10), ((10, 4), food_remaining=12), ((10, 4), food_remaining=11), ((13, 5), food_remaining=10), ((7, 4), food_remaining=12), ((3, 5), food_remaining=12), ((3, 3), food_remaining=12), ((3, 3), food_remaining=11), ((2, 5), food_remaining=12), ... (+87 more)]",10,49,59
128,"((7, 3), food_remaining=12)","((6, 3), food_remaining=12)",East,"['((7, 4), food_remaining=11)', '((8, 3), food_remaining=12)', '((6, 3), food_remaining=12)']","[((7, 3), food_remaining=12), ((1, 3), food_remaining=12), ((1, 5), food_remaining=11), ((13, 3), food_remaining=10), ((13, 3), food_remaining=11), ((2, 5), food_remaining=10), ((12, 5), food_remaining=11), ((11, 5), food_remaining=11), ((13, 4), food_remaining=11), ((14, 3), food_remaining=12), ((1, 3), food_remaining=11), ((2, 3), food_remaining=10), ((14, 3), food_remaining=11), ((12, 3), food_remaining=11), ((8, 5), food_remaining=11), ((12, 3), food_remaining=12), ((5, 5), food_remaining=11), ((3, 5), food_remaining=11), ((5, 3), food_remaining=11), ((12, 5), food_remaining=10), ((16, 3), food_remaining=13), ((11, 5), food_remaining=10), ((2, 3), food_remaining=10), ((2, 3), food_remaining=9), ((2, 5), food_remaining=9), ((13, 4), food_remaining=9), ((13, 5), food_remaining=11), ((9, 5), food_remaining=11), ((9, 3), food_remaining=11), ((3, 3), food_remaining=11), ((8, 3), food_remaining=11), ((3, 5), food_remaining=12), ((13, 5), food_remaining=10), ((3, 3), food_remaining=12), ((4, 4), food_remaining=11), ((16, 3), food_remaining=12), ((2, 5), food_remaining=10), ((2, 5), food_remaining=11), ((2, 5), food_remaining=11), ((14, 5), food_remaining=9), ... (+10 more)]","[((1, 3), food_remaining=12), ((13, 3), food_remaining=11), ((1, 5), food_remaining=11), ((13, 3), food_remaining=10), ((1, 3), food_remaining=11), ((2, 5), food_remaining=10), ((12, 5), food_remaining=11), ((11, 5), food_remaining=11), ((13, 4), food_remaining=11), ((14, 3), food_remaining=12), ((2, 3), food_remaining=10), ((2, 3), food_remaining=10), ((14, 3), food_remaining=11), ((12, 3), food_remaining=11), ((8, 5), food_remaining=11), ((12, 3), food_remaining=12), ((5, 5), food_remaining=11), ((3, 5), food_remaining=11), ((5, 3), food_remaining=11), ((12, 5), food_remaining=10), ((16, 3), food_remaining=13), ((11, 5), food_remaining=10), ((2, 5), food_remaining=10), ((2, 3), food_remaining=9), ((2, 5), food_remaining=9), ((13, 4), food_remaining=9), ((13, 5), food_remaining=11), ((9, 5), food_remaining=11), ((9, 3), food_remaining=11), ((3, 3), food_remaining=11), ((8, 3), food_remaining=11), ((3, 5), food_remaining=12), ((13, 5), food_remaining=10), ((3, 3), food_remaining=12), ((4, 4), food_remaining=11), ((16, 3), food_remaining=12), ((2, 5), food_remaining=10), ((2, 5), food_remaining=11), ((2, 5), food_remaining=11), ((14, 5), food_remaining=9), ... (+10 more)]","[((5, 5), food_remaining=12), ((9, 5), food_remaining=12), ((15, 3), food_remaining=12), ((1, 5), food_remaining=11), ((1, 5), food_remaining=10), ((5, 5), food_remaining=12), ((5, 5), food_remaining=11), ((4, 3), food_remaining=12), ((4, 3), food_remaining=11), ((1, 4), food_remaining=10), ((1, 4), food_remaining=9), ((14, 5), food_remaining=10), ((5, 3), food_remaining=12), ((12, 3), food_remaining=13), ((12, 3), food_remaining=12), ((1, 5), food_remaining=10), ((1, 5), food_remaining=9), ((3, 3), food_remaining=13), ((3, 3), food_remaining=12), ((12, 5), food_remaining=12), ((2, 5), food_remaining=12), ((12, 5), food_remaining=10), ((5, 5), food_remaining=12), ((13, 3), food_remaining=13), ((13, 3), food_remaining=12), ((1, 3), food_remaining=10), ((1, 3), food_remaining=9), ((6, 5), food_remaining=12), ((6, 5), food_remaining=11), ((13, 3), food_remaining=12), ((13, 5), food_remaining=11), ((13, 5), food_remaining=10), ((10, 4), food_remaining=12), ((10, 4), food_remaining=11), ((13, 5), food_remaining=10), ((7, 4), food_remaining=12), ((3, 5), food_remaining=12), ((3, 3), food_remaining=12), ((3, 3), food_remaining=11), ((2, 5), food_remaining=12), ... (+88 more)]",10,49,59
129,"((1, 3), food_remaining=12)","((2, 3), food_remaining=12)",West,"['((1, 4), food_remaining=11)', '((2, 3), food_remaining=12)']","[((1, 3), food_remaining=12), ((13, 3), food_remaining=11), ((1, 5), food_remaining=11), ((13, 3), food_remaining=10), ((1, 3), food_remaining=11), ((2, 5), food_remaining=10), ((12, 5), food_remaining=11), ((11, 5), food_remaining=11), ((13, 4), food_remaining=11), ((14, 3), food_remaining=12), ((2, 3), food_remaining=10), ((2, 3), food_remaining=10), ((14, 3), food_remaining=11), ((12, 3), food_remaining=11), ((8, 5), food_remaining=11), ((12, 3), food_remaining=12), ((5, 5), food_remaining=11), ((3, 5), food_remaining=11), ((5, 3), food_remaining=11), ((12, 5), food_remaining=10), ((16, 3), food_remaining=13), ((11, 5), food_remaining=10), ((2, 5), food_remaining=10), ((2, 3), food_remaining=9), ((2, 5), food_remaining=9), ((13, 4), food_remaining=9), ((13, 5), food_remaining=11), ((9, 5), food_remaining=11), ((9, 3), food_remaining=11), ((3, 3), food_remaining=11), ((8, 3), food_remaining=11), ((3, 5), food_remaining=12), ((13, 5), food_remaining=10), ((3, 3), food_remaining=12), ((4, 4), food_remaining=11), ((16, 3), food_remaining=12), ((2, 5), food_remaining=10), ((2, 5), food_remaining=11), ((2, 5), food_remaining=11), ((14, 5), food_remaining=9), ... (+10 more)]","[((1, 5), food_remaining=11), ((13, 3), food_remaining=11), ((2, 5), food_remaining=10), ((13, 3), food_remaining=10), ((1, 3), food_remaining=11), ((2, 3), food_remaining=10), ((12, 5), food_remaining=11), ((11, 5), food_remaining=11), ((13, 4), food_remaining=11), ((14, 3), food_remaining=12), ((2, 3), food_remaining=10), ((2, 5), food_remaining=9), ((14, 3), food_remaining=11), ((12, 3), food_remaining=11), ((8, 5), food_remaining=11), ((12, 3), food_remaining=12), ((5, 5), food_remaining=11), ((3, 5), food_remaining=11), ((5, 3), food_remaining=11), ((12, 5), food_remaining=10), ((16, 3), food_remaining=13), ((11, 5), food_remaining=10), ((2, 5), food_remaining=10), ((2, 3), food_remaining=9), ((1, 4), food_remaining=11), ((13, 4), food_remaining=9), ((13, 5), food_remaining=11), ((9, 5), food_remaining=11), ((9, 3), food_remaining=11), ((3, 3), food_remaining=11), ((8, 3), food_remaining=11), ((3, 5), food_remaining=12), ((13, 5), food_remaining=10), ((3, 3), food_remaining=12), ((4, 4), food_remaining=11), ((16, 3), food_remaining=12), ((2, 5), food_remaining=10), ((2, 5), food_remaining=11), ((2, 5), food_remaining=11), ((14, 5), food_remaining=9), ... (+10 more)]","[((5, 5), food_remaining=12), ((9, 5), food_remaining=12), ((15, 3), food_remaining=12), ((1, 5), food_remaining=11), ((1, 5), food_remaining=10), ((5, 5), food_remaining=12), ((5, 5), food_remaining=11), ((4, 3), food_remaining=12), ((4, 3), food_remaining=11), ((1, 4), food_remaining=10), ((1, 4), food_remaining=9), ((14, 5), food_remaining=10), ((5, 3), food_remaining=12), ((12, 3), food_remaining=13), ((12, 3), food_remaining=12), ((1, 5), food_remaining=10), ((1, 5), food_remaining=9), ((3, 3), food_remaining=13), ((3, 3), food_remaining=12), ((12, 5), food_remaining=12), ((2, 5), food_remaining=12), ((12, 5), food_remaining=10), ((5, 5), food_remaining=12), ((13, 3), food_remaining=13), ((13, 3), food_remaining=12), ((1, 3), food_remaining=10), ((1, 3), food_remaining=9), ((6, 5), food_remaining=12), ((6, 5), food_remaining=11), ((1, 3), food_remaining=12), ((13, 3), food_remaining=12), ((13, 5), food_remaining=11), ((13, 5), food_remaining=10), ((10, 4), food_remaining=12), ((10, 4), food_remaining=11), ((13, 5), food_remaining=10), ((7, 4), food_remaining=12), ((3, 5), food_remaining=12), ((3, 3), food_remaining=12), ((3, 3), food_remaining=11), ... (+89 more)]",10,49,59
130,"((1, 5), food_remaining=11)","((1, 4), food_remaining=12)",North,"['((1, 4), food_remaining=11)', '((2, 5), food_remaining=11)']","[((1, 5), food_remaining=11), ((13, 3), food_remaining=11), ((2, 5), food_remaining=10), ((13, 3), food_remaining=10), ((1, 3), food_remaining=11), ((2, 3), food_remaining=10), ((12, 5), food_remaining=11), ((11, 5), food_remaining=11), ((13, 4), food_remaining=11), ((14, 3), food_remaining=12), ((2, 3), food_remaining=10), ((2, 5), food_remaining=9), ((14, 3), food_remaining=11), ((12, 3), food_remaining=11), ((8, 5), food_remaining=11), ((12, 3), food_remaining=12), ((5, 5), food_remaining=11), ((3, 5), food_remaining=11), ((5, 3), food_remaining=11), ((12, 5), food_remaining=10), ((16, 3), food_remaining=13), ((11, 5), food_remaining=10), ((2, 5), food_remaining=10), ((2, 3), food_remaining=9), ((1, 4), food_remaining=11), ((13, 4), food_remaining=9), ((13, 5), food_remaining=11), ((9, 5), food_remaining=11), ((9, 3), food_remaining=11), ((3, 3), food_remaining=11), ((8, 3), food_remaining=11), ((3, 5), food_remaining=12), ((13, 5), food_remaining=10), ((3, 3), food_remaining=12), ((4, 4), food_remaining=11), ((16, 3), food_remaining=12), ((2, 5), food_remaining=10), ((2, 5), food_remaining=11), ((2, 5), food_remaining=11), ((14, 5), food_remaining=9), ... (+10 more)]","[((13, 3), food_remaining=11), ((1, 3), food_remaining=11), ((2, 5), food_remaining=10), ((13, 3), food_remaining=10), ((2, 3), food_remaining=10), ((2, 3), food_remaining=10), ((12, 5), food_remaining=11), ((11, 5), food_remaining=11), ((13, 4), food_remaining=11), ((14, 3), food_remaining=12), ((2, 5), food_remaining=10), ((2, 5), food_remaining=9), ((14, 3), food_remaining=11), ((12, 3), food_remaining=11), ((8, 5), food_remaining=11), ((12, 3), food_remaining=12), ((5, 5), food_remaining=11), ((3, 5), food_remaining=11), ((5, 3), food_remaining=11), ((12, 5), food_remaining=10), ((16, 3), food_remaining=13), ((11, 5), food_remaining=10), ((10, 5), food_remaining=10), ((2, 3), food_remaining=9), ((1, 4), food_remaining=11), ((13, 4), food_remaining=9), ((13, 5), food_remaining=11), ((9, 5), food_remaining=11), ((9, 3), food_remaining=11), ((3, 3), food_remaining=11), ((8, 3), food_remaining=11), ((3, 5), food_remaining=12), ((13, 5), food_remaining=10), ((3, 3), food_remaining=12), ((4, 4), food_remaining=11), ((16, 3), food_remaining=12), ((2, 5), food_remaining=10), ((2, 5), food_remaining=11), ((2, 5), food_remaining=11), ((14, 5), food_remaining=9), ... (+11 more)]","[((5, 5), food_remaining=12), ((9, 5), food_remaining=12), ((15, 3), food_remaining=12), ((1, 5), food_remaining=11), ((1, 5), food_remaining=10), ((5, 5), food_remaining=12), ((5, 5), food_remaining=11), ((4, 3), food_remaining=12), ((4, 3), food_remaining=11), ((1, 4), food_remaining=10), ((1, 4), food_remaining=9), ((14, 5), food_remaining=10), ((5, 3), food_remaining=12), ((12, 3), food_remaining=13), ((12, 3), food_remaining=12), ((1, 5), food_remaining=10), ((1, 5), food_remaining=9), ((3, 3), food_remaining=13), ((3, 3), food_remaining=12), ((12, 5), food_remaining=12), ((2, 5), food_remaining=12), ((12, 5), food_remaining=10), ((5, 5), food_remaining=12), ((13, 3), food_remaining=13), ((13, 3), food_remaining=12), ((1, 3), food_remaining=10), ((1, 3), food_remaining=9), ((6, 5), food_remaining=12), ((6, 5), food_remaining=11), ((1, 3), food_remaining=12), ((13, 3), food_remaining=12), ((13, 5), food_remaining=11), ((13, 5), food_remaining=10), ((10, 4), food_remaining=12), ((10, 4), food_remaining=11), ((13, 5), food_remaining=10), ((7, 4), food_remaining=12), ((3, 5), food_remaining=12), ((3, 3), food_remaining=12), ((3, 3), food_remaining=11), ... (+90 more)]",10,49,59
131,"((13, 3), food_remaining=11)","((12, 3), food_remaining=11)",East,"['((13, 4), food_remaining=10)', '((14, 3), food_remaining=11)', '((12, 3), food_remaining=11)']","[((13, 3), food_remaining=11), ((1, 3), food_remaining=11), ((2, 5), food_remaining=10), ((13, 3), food_remaining=10), ((2, 3), food_remaining=10), ((2, 3), food_remaining=10), ((12, 5), food_remaining=11), ((11, 5), food_remaining=11), ((13, 4), food_remaining=11), ((14, 3), food_remaining=12), ((2, 5), food_remaining=10), ((2, 5), food_remaining=9), ((14, 3), food_remaining=11), ((12, 3), food_remaining=11), ((8, 5), food_remaining=11), ((12, 3), food_remaining=12), ((5, 5), food_remaining=11), ((3, 5), food_remaining=11), ((5, 3), food_remaining=11), ((12, 5), food_remaining=10), ((16, 3), food_remaining=13), ((11, 5), food_remaining=10), ((10, 5), food_remaining=10), ((2, 3), food_remaining=9), ((1, 4), food_remaining=11), ((13, 4), food_remaining=9), ((13, 5), food_remaining=11), ((9, 5), food_remaining=11), ((9, 3), food_remaining=11), ((3, 3), food_remaining=11), ((8, 3), food_remaining=11), ((3, 5), food_remaining=12), ((13, 5), food_remaining=10), ((3, 3), food_remaining=12), ((4, 4), food_remaining=11), ((16, 3), food_remaining=12), ((2, 5), food_remaining=10), ((2, 5), food_remaining=11), ((2, 5), food_remaining=11), ((14, 5), food_remaining=9), ... (+11 more)]","[((1, 3), food_remaining=11), ((2, 3), food_remaining=10), ((2, 5), food_remaining=10), ((13, 3), food_remaining=10), ((2, 5), food_remaining=10), ((2, 3), food_remaining=10), ((12, 5), food_remaining=11), ((11, 5), food_remaining=11), ((13, 4), food_remaining=11), ((14, 3), food_remaining=12), ((10, 5), food_remaining=10), ((2, 5), food_remaining=9), ((14, 3), food_remaining=11), ((12, 3), food_remaining=11), ((8, 5), food_remaining=11), ((12, 3), food_remaining=12), ((5, 5), food_remaining=11), ((3, 5), food_remaining=11), ((5, 3), food_remaining=11), ((12, 5), food_remaining=10), ((16, 3), food_remaining=13), ((11, 5), food_remaining=10), ((2, 5), food_remaining=11), ((2, 3), food_remaining=9), ((1, 4), food_remaining=11), ((14, 3), food_remaining=11), ((13, 5), food_remaining=11), ((9, 5), food_remaining=11), ((9, 3), food_remaining=11), ((3, 3), food_remaining=11), ((8, 3), food_remaining=11), ((3, 5), food_remaining=12), ((13, 5), food_remaining=10), ((3, 3), food_remaining=12), ((4, 4), food_remaining=11), ((16, 3), food_remaining=12), ((2, 5), food_remaining=10), ((2, 5), food_remaining=11), ((2, 5), food_remaining=11), ((14, 5), food_remaining=9), ... (+12 more)]","[((5, 5), food_remaining=12), ((9, 5), food_remaining=12), ((15, 3), food_remaining=12), ((1, 5), food_remaining=11), ((1, 5), food_remaining=10), ((5, 5), food_remaining=12), ((5, 5), food_remaining=11), ((4, 3), food_remaining=12), ((4, 3), food_remaining=11), ((1, 4), food_remaining=10), ((1, 4), food_remaining=9), ((14, 5), food_remaining=10), ((5, 3), food_remaining=12), ((12, 3), food_remaining=13), ((12, 3), food_remaining=12), ((1, 5), food_remaining=10), ((1, 5), food_remaining=9), ((3, 3), food_remaining=13), ((3, 3), food_remaining=12), ((12, 5), food_remaining=12), ((2, 5), food_remaining=12), ((12, 5), food_remaining=10), ((5, 5), food_remaining=12), ((13, 3), food_remaining=13), ((13, 3), food_remaining=12), ((1, 3), food_remaining=10), ((1, 3), food_remaining=9), ((6, 5), food_remaining=12), ((6, 5), food_remaining=11), ((1, 3), food_remaining=12), ((13, 3), food_remaining=12), ((13, 5), food_remaining=11), ((13, 5), food_remaining=10), ((13, 3), food_remaining=11), ((10, 4), food_remaining=12), ((10, 4), food_remaining=11), ((13, 5), food_remaining=10), ((7, 4), food_remaining=12), ((3, 5), food_remaining=12), ((3, 3), food_remaining=12), ... (+91 more)]",12,47,59
132,"((1, 3), food_remaining=11)","((2, 3), food_remaining=11)",West,"['((1, 4), food_remaining=10)', '((2, 3), food_remaining=11)']","[((1, 3), food_remaining=11), ((2, 3), food_remaining=10), ((2, 5), food_remaining=10), ((13, 3), food_remaining=10), ((2, 5), food_remaining=10), ((2, 3), food_remaining=10), ((12, 5), food_remaining=11), ((11, 5), food_remaining=11), ((13, 4), food_remaining=11), ((14, 3), food_remaining=12), ((10, 5), food_remaining=10), ((2, 5), food_remaining=9), ((14, 3), food_remaining=11), ((12, 3), food_remaining=11), ((8, 5), food_remaining=11), ((12, 3), food_remaining=12), ((5, 5), food_remaining=11), ((3, 5), food_remaining=11), ((5, 3), food_remaining=11), ((12, 5), food_remaining=10), ((16, 3), food_remaining=13), ((11, 5), food_remaining=10), ((2, 5), food_remaining=11), ((2, 3), food_remaining=9), ((1, 4), food_remaining=11), ((14, 3), food_remaining=11), ((13, 5), food_remaining=11), ((9, 5), food_remaining=11), ((9, 3), food_remaining=11), ((3, 3), food_remaining=11), ((8, 3), food_remaining=11), ((3, 5), food_remaining=12), ((13, 5), food_remaining=10), ((3, 3), food_remaining=12), ((4, 4), food_remaining=11), ((16, 3), food_remaining=12), ((2, 5), food_remaining=10), ((2, 5), food_remaining=11), ((2, 5), food_remaining=11), ((14, 5), food_remaining=9), ... (+12 more)]","[((2, 5), food_remaining=10), ((2, 3), food_remaining=10), ((2, 3), food_remaining=10), ((13, 3), food_remaining=10), ((2, 5), food_remaining=10), ((2, 5), food_remaining=9), ((12, 5), food_remaining=11), ((11, 5), food_remaining=11), ((13, 4), food_remaining=11), ((14, 3), food_remaining=12), ((10, 5), food_remaining=10), ((2, 3), food_remaining=9), ((1, 4), food_remaining=10), ((12, 3), food_remaining=11), ((8, 5), food_remaining=11), ((12, 3), food_remaining=12), ((5, 5), food_remaining=11), ((3, 5), food_remaining=11), ((5, 3), food_remaining=11), ((12, 5), food_remaining=10), ((16, 3), food_remaining=13), ((11, 5), food_remaining=10), ((2, 5), food_remaining=11), ((1, 3), food_remaining=12), ((1, 4), food_remaining=11), ((14, 3), food_remaining=11), ((13, 5), food_remaining=11), ((9, 5), food_remaining=11), ((9, 3), food_remaining=11), ((3, 3), food_remaining=11), ((8, 3), food_remaining=11), ((3, 5), food_remaining=12), ((13, 5), food_remaining=10), ((3, 3), food_remaining=12), ((4, 4), food_remaining=11), ((16, 3), food_remaining=12), ((2, 5), food_remaining=10), ((2, 5), food_remaining=11), ((2, 5), food_remaining=11), ((14, 5), food_remaining=9), ... (+12 more)]","[((5, 5), food_remaining=12), ((9, 5), food_remaining=12), ((15, 3), food_remaining=12), ((1, 5), food_remaining=11), ((1, 5), food_remaining=10), ((5, 5), food_remaining=12), ((5, 5), food_remaining=11), ((4, 3), food_remaining=12), ((4, 3), food_remaining=11), ((1, 4), food_remaining=10), ((1, 4), food_remaining=9), ((14, 5), food_remaining=10), ((5, 3), food_remaining=12), ((12, 3), food_remaining=13), ((12, 3), food_remaining=12), ((1, 5), food_remaining=10), ((1, 5), food_remaining=9), ((3, 3), food_remaining=13), ((3, 3), food_remaining=12), ((12, 5), food_remaining=12), ((2, 5), food_remaining=12), ((12, 5), food_remaining=10), ((5, 5), food_remaining=12), ((13, 3), food_remaining=13), ((13, 3), food_remaining=12), ((1, 3), food_remaining=10), ((1, 3), food_remaining=9), ((6, 5), food_remaining=12), ((6, 5), food_remaining=11), ((1, 3), food_remaining=12), ((1, 3), food_remaining=11), ((13, 3), food_remaining=12), ((13, 5), food_remaining=11), ((13, 5), food_remaining=10), ((13, 3), food_remaining=11), ((10, 4), food_remaining=12), ((10, 4), food_remaining=11), ((13, 5), food_remaining=10), ((7, 4), food_remaining=12), ((3, 5), food_remaining=12), ... (+92 more)]",12,47,59
133,"((2, 5), food_remaining=10)","((1, 5), food_remaining=10)",East,"['((3, 5), food_remaining=10)', '((1, 5), food_remaining=10)']","[((2, 5), food_remaining=10), ((2, 3), food_remaining=10), ((2, 3), food_remaining=10), ((13, 3), food_remaining=10), ((2, 5), food_remaining=10), ((2, 5), food_remaining=9), ((12, 5), food_remaining=11), ((11, 5), food_remaining=11), ((13, 4), food_remaining=11), ((14, 3), food_remaining=12), ((10, 5), food_remaining=10), ((2, 3), food_remaining=9), ((1, 4), food_remaining=10), ((12, 3), food_remaining=11), ((8, 5), food_remaining=11), ((12, 3), food_remaining=12), ((5, 5), food_remaining=11), ((3, 5), food_remaining=11), ((5, 3), food_remaining=11), ((12, 5), food_remaining=10), ((16, 3), food_remaining=13), ((11, 5), food_remaining=10), ((2, 5), food_remaining=11), ((1, 3), food_remaining=12), ((1, 4), food_remaining=11), ((14, 3), food_remaining=11), ((13, 5), food_remaining=11), ((9, 5), food_remaining=11), ((9, 3), food_remaining=11), ((3, 3), food_remaining=11), ((8, 3), food_remaining=11), ((3, 5), food_remaining=12), ((13, 5), food_remaining=10), ((3, 3), food_remaining=12), ((4, 4), food_remaining=11), ((16, 3), food_remaining=12), ((2, 5), food_remaining=10), ((2, 5), food_remaining=11), ((2, 5), food_remaining=11), ((14, 5), food_remaining=9), ... (+12 more)]","[((2, 3), food_remaining=10), ((2, 5), food_remaining=10), ((2, 3), food_remaining=10), ((13, 3), food_remaining=10), ((10, 5), food_remaining=10), ((2, 5), food_remaining=9), ((12, 5), food_remaining=11), ((11, 5), food_remaining=11), ((13, 4), food_remaining=11), ((14, 3), food_remaining=12), ((2, 5), food_remaining=11), ((2, 3), food_remaining=9), ((1, 4), food_remaining=10), ((12, 3), food_remaining=11), ((8, 5), food_remaining=11), ((12, 3), food_remaining=12), ((5, 5), food_remaining=11), ((3, 5), food_remaining=11), ((5, 3), food_remaining=11), ((12, 5), food_remaining=10), ((16, 3), food_remaining=13), ((11, 5), food_remaining=10), ((1, 3), food_remaining=11), ((1, 3), food_remaining=12), ((1, 4), food_remaining=11), ((3, 5), food_remaining=10), ((13, 5), food_remaining=11), ((9, 5), food_remaining=11), ((9, 3), food_remaining=11), ((3, 3), food_remaining=11), ((8, 3), food_remaining=11), ((3, 5), food_remaining=12), ((13, 5), food_remaining=10), ((3, 3), food_remaining=12), ((4, 4), food_remaining=11), ((16, 3), food_remaining=12), ((2, 5), food_remaining=10), ((2, 5), food_remaining=11), ((2, 5), food_remaining=11), ((14, 5), food_remaining=9), ... (+12 more)]","[((5, 5), food_remaining=12), ((9, 5), food_remaining=12), ((15, 3), food_remaining=12), ((1, 5), food_remaining=11), ((1, 5), food_remaining=10), ((5, 5), food_remaining=12), ((5, 5), food_remaining=11), ((4, 3), food_remaining=12), ((4, 3), food_remaining=11), ((1, 4), food_remaining=10), ((1, 4), food_remaining=9), ((14, 5), food_remaining=10), ((5, 3), food_remaining=12), ((2, 5), food_remaining=10), ((12, 3), food_remaining=13), ((12, 3), food_remaining=12), ((1, 5), food_remaining=10), ((1, 5), food_remaining=9), ((3, 3), food_remaining=13), ((3, 3), food_remaining=12), ((12, 5), food_remaining=12), ((2, 5), food_remaining=12), ((12, 5), food_remaining=10), ((5, 5), food_remaining=12), ((13, 3), food_remaining=13), ((13, 3), food_remaining=12), ((1, 3), food_remaining=10), ((1, 3), food_remaining=9), ((6, 5), food_remaining=12), ((6, 5), food_remaining=11), ((1, 3), food_remaining=12), ((1, 3), food_remaining=11), ((13, 3), food_remaining=12), ((13, 5), food_remaining=11), ((13, 5), food_remaining=10), ((13, 3), food_remaining=11), ((10, 4), food_remaining=12), ((10, 4), food_remaining=11), ((13, 5), food_remaining=10), ((7, 4), food_remaining=12), ... (+93 more)]",13,46,59
134,"((2, 3), food_remaining=10)","((1, 3), food_remaining=10)",East,"['((3, 3), food_remaining=10)', '((1, 3), food_remaining=10)']","[((2, 3), food_remaining=10), ((2, 5), food_remaining=10), ((2, 3), food_remaining=10), ((13, 3), food_remaining=10), ((10, 5), food_remaining=10), ((2, 5), food_remaining=9), ((12, 5), food_remaining=11), ((11, 5), food_remaining=11), ((13, 4), food_remaining=11), ((14, 3), food_remaining=12), ((2, 5), food_remaining=11), ((2, 3), food_remaining=9), ((1, 4), food_remaining=10), ((12, 3), food_remaining=11), ((8, 5), food_remaining=11), ((12, 3), food_remaining=12), ((5, 5), food_remaining=11), ((3, 5), food_remaining=11), ((5, 3), food_remaining=11), ((12, 5), food_remaining=10), ((16, 3), food_remaining=13), ((11, 5), food_remaining=10), ((1, 3), food_remaining=11), ((1, 3), food_remaining=12), ((1, 4), food_remaining=11), ((3, 5), food_remaining=10), ((13, 5), food_remaining=11), ((9, 5), food_remaining=11), ((9, 3), food_remaining=11), ((3, 3), food_remaining=11), ((8, 3), food_remaining=11), ((3, 5), food_remaining=12), ((13, 5), food_remaining=10), ((3, 3), food_remaining=12), ((4, 4), food_remaining=11), ((16, 3), food_remaining=12), ((2, 5), food_remaining=10), ((2, 5), food_remaining=11), ((2, 5), food_remaining=11), ((14, 5), food_remaining=9), ... (+12 more)]","[((2, 5), food_remaining=10), ((10, 5), food_remaining=10), ((2, 3), food_remaining=10), ((13, 3), food_remaining=10), ((2, 5), food_remaining=11), ((2, 5), food_remaining=9), ((12, 5), food_remaining=11), ((11, 5), food_remaining=11), ((13, 4), food_remaining=11), ((14, 3), food_remaining=12), ((14, 3), food_remaining=11), ((2, 3), food_remaining=9), ((1, 4), food_remaining=10), ((12, 3), food_remaining=11), ((8, 5), food_remaining=11), ((12, 3), food_remaining=12), ((5, 5), food_remaining=11), ((3, 5), food_remaining=11), ((5, 3), food_remaining=11), ((12, 5), food_remaining=10), ((16, 3), food_remaining=13), ((11, 5), food_remaining=10), ((1, 3), food_remaining=11), ((1, 3), food_remaining=12), ((1, 4), food_remaining=11), ((3, 5), food_remaining=10), ((13, 5), food_remaining=11), ((9, 5), food_remaining=11), ((9, 3), food_remaining=11), ((3, 3), food_remaining=11), ((8, 3), food_remaining=11), ((3, 5), food_remaining=12), ((13, 5), food_remaining=10), ((3, 3), food_remaining=12), ((4, 4), food_remaining=11), ((16, 3), food_remaining=12), ((2, 5), food_remaining=10), ((2, 5), food_remaining=11), ((2, 5), food_remaining=11), ((14, 5), food_remaining=9), ... (+12 more)]","[((5, 5), food_remaining=12), ((9, 5), food_remaining=12), ((15, 3), food_remaining=12), ((1, 5), food_remaining=11), ((1, 5), food_remaining=10), ((5, 5), food_remaining=12), ((5, 5), food_remaining=11), ((4, 3), food_remaining=12), ((4, 3), food_remaining=11), ((1, 4), food_remaining=10), ((1, 4), food_remaining=9), ((14, 5), food_remaining=10), ((5, 3), food_remaining=12), ((2, 5), food_remaining=10), ((12, 3), food_remaining=13), ((12, 3), food_remaining=12), ((1, 5), food_remaining=10), ((1, 5), food_remaining=9), ((3, 3), food_remaining=13), ((3, 3), food_remaining=12), ((12, 5), food_remaining=12), ((2, 5), food_remaining=12), ((12, 5), food_remaining=10), ((5, 5), food_remaining=12), ((13, 3), food_remaining=13), ((13, 3), food_remaining=12), ((1, 3), food_remaining=10), ((1, 3), food_remaining=9), ((6, 5), food_remaining=12), ((6, 5), food_remaining=11), ((1, 3), food_remaining=12), ((1, 3), food_remaining=11), ((13, 3), food_remaining=12), ((13, 5), food_remaining=11), ((13, 5), food_remaining=10), ((13, 3), food_remaining=11), ((10, 4), food_remaining=12), ((10, 4), food_remaining=11), ((13, 5), food_remaining=10), ((7, 4), food_remaining=12), ... (+94 more)]",13,46,59
135,"((2, 5), food_remaining=10)","((1, 5), food_remaining=10)",East,"['((3, 5), food_remaining=10)', '((1, 5), food_remaining=10)']","[((2, 5), food_remaining=10), ((10, 5), food_remaining=10), ((2, 3), food_remaining=10), ((13, 3), food_remaining=10), ((2, 5), food_remaining=11), ((2, 5), food_remaining=9), ((12, 5), food_remaining=11), ((11, 5), food_remaining=11), ((13, 4), food_remaining=11), ((14, 3), food_remaining=12), ((14, 3), food_remaining=11), ((2, 3), food_remaining=9), ((1, 4), food_remaining=10), ((12, 3), food_remaining=11), ((8, 5), food_remaining=11), ((12, 3), food_remaining=12), ((5, 5), food_remaining=11), ((3, 5), food_remaining=11), ((5, 3), food_remaining=11), ((12, 5), food_remaining=10), ((16, 3), food_remaining=13), ((11, 5), food_remaining=10), ((1, 3), food_remaining=11), ((1, 3), food_remaining=12), ((1, 4), food_remaining=11), ((3, 5), food_remaining=10), ((13, 5), food_remaining=11), ((9, 5), food_remaining=11), ((9, 3), food_remaining=11), ((3, 3), food_remaining=11), ((8, 3), food_remaining=11), ((3, 5), food_remaining=12), ((13, 5), food_remaining=10), ((3, 3), food_remaining=12), ((4, 4), food_remaining=11), ((16, 3), food_remaining=12), ((2, 5), food_remaining=10), ((2, 5), food_remaining=11), ((2, 5), food_remaining=11), ((14, 5), food_remaining=9), ... (+12 more)]","[((2, 3), food_remaining=10), ((10, 5), food_remaining=10), ((2, 5), food_remaining=9), ((13, 3), food_remaining=10), ((2, 5), food_remaining=11), ((2, 3), food_remaining=9), ((12, 5), food_remaining=11), ((11, 5), food_remaining=11), ((13, 4), food_remaining=11), ((14, 3), food_remaining=12), ((14, 3), food_remaining=11), ((1, 4), food_remaining=11), ((1, 4), food_remaining=10), ((12, 3), food_remaining=11), ((8, 5), food_remaining=11), ((12, 3), food_remaining=12), ((5, 5), food_remaining=11), ((3, 5), food_remaining=11), ((5, 3), food_remaining=11), ((12, 5), food_remaining=10), ((16, 3), food_remaining=13), ((11, 5), food_remaining=10), ((1, 3), food_remaining=11), ((1, 3), food_remaining=12), ((3, 3), food_remaining=10), ((3, 5), food_remaining=10), ((13, 5), food_remaining=11), ((9, 5), food_remaining=11), ((9, 3), food_remaining=11), ((3, 3), food_remaining=11), ((8, 3), food_remaining=11), ((3, 5), food_remaining=12), ((13, 5), food_remaining=10), ((3, 3), food_remaining=12), ((4, 4), food_remaining=11), ((16, 3), food_remaining=12), ((2, 5), food_remaining=10), ((2, 5), food_remaining=11), ((2, 5), food_remaining=11), ((14, 5), food_remaining=9), ... (+12 more)]","[((5, 5), food_remaining=12), ((9, 5), food_remaining=12), ((15, 3), food_remaining=12), ((1, 5), food_remaining=11), ((1, 5), food_remaining=10), ((5, 5), food_remaining=12), ((5, 5), food_remaining=11), ((4, 3), food_remaining=12), ((4, 3), food_remaining=11), ((1, 4), food_remaining=10), ((1, 4), food_remaining=9), ((14, 5), food_remaining=10), ((5, 3), food_remaining=12), ((2, 5), food_remaining=10), ((12, 3), food_remaining=13), ((12, 3), food_remaining=12), ((1, 5), food_remaining=10), ((1, 5), food_remaining=9), ((3, 3), food_remaining=13), ((3, 3), food_remaining=12), ((12, 5), food_remaining=12), ((2, 5), food_remaining=12), ((12, 5), food_remaining=10), ((5, 5), food_remaining=12), ((13, 3), food_remaining=13), ((13, 3), food_remaining=12), ((1, 3), food_remaining=10), ((1, 3), food_remaining=9), ((6, 5), food_remaining=12), ((6, 5), food_remaining=11), ((1, 3), food_remaining=12), ((1, 3), food_remaining=11), ((13, 3), food_remaining=12), ((13, 5), food_remaining=11), ((13, 5), food_remaining=10), ((13, 3), food_remaining=11), ((10, 4), food_remaining=12), ((10, 4), food_remaining=11), ((2, 5), food_remaining=10), ((13, 5), food_remaining=10), ... (+95 more)]",13,46,59
136,"((2, 3), food_remaining=10)","((1, 3), food_remaining=10)",East,"['((3, 3), food_remaining=10)', '((1, 3), food_remaining=10)']","[((2, 3), food_remaining=10), ((10, 5), food_remaining=10), ((2, 5), food_remaining=9), ((13, 3), food_remaining=10), ((2, 5), food_remaining=11), ((2, 3), food_remaining=9), ((12, 5), food_remaining=11), ((11, 5), food_remaining=11), ((13, 4), food_remaining=11), ((14, 3), food_remaining=12), ((14, 3), food_remaining=11), ((1, 4), food_remaining=11), ((1, 4), food_remaining=10), ((12, 3), food_remaining=11), ((8, 5), food_remaining=11), ((12, 3), food_remaining=12), ((5, 5), food_remaining=11), ((3, 5), food_remaining=11), ((5, 3), food_remaining=11), ((12, 5), food_remaining=10), ((16, 3), food_remaining=13), ((11, 5), food_remaining=10), ((1, 3), food_remaining=11), ((1, 3), food_remaining=12), ((3, 3), food_remaining=10), ((3, 5), food_remaining=10), ((13, 5), food_remaining=11), ((9, 5), food_remaining=11), ((9, 3), food_remaining=11), ((3, 3), food_remaining=11), ((8, 3), food_remaining=11), ((3, 5), food_remaining=12), ((13, 5), food_remaining=10), ((3, 3), food_remaining=12), ((4, 4), food_remaining=11), ((16, 3), food_remaining=12), ((2, 5), food_remaining=10), ((2, 5), food_remaining=11), ((2, 5), food_remaining=11), ((14, 5), food_remaining=9), ... (+12 more)]","[((2, 5), food_remaining=9), ((10, 5), food_remaining=10), ((2, 3), food_remaining=9), ((13, 3), food_remaining=10), ((2, 5), food_remaining=11), ((1, 4), food_remaining=11), ((12, 5), food_remaining=11), ((11, 5), food_remaining=11), ((13, 4), food_remaining=11), ((14, 3), food_remaining=12), ((14, 3), food_remaining=11), ((3, 3), food_remaining=10), ((1, 4), food_remaining=10), ((12, 3), food_remaining=11), ((8, 5), food_remaining=11), ((12, 3), food_remaining=12), ((5, 5), food_remaining=11), ((3, 5), food_remaining=11), ((5, 3), food_remaining=11), ((12, 5), food_remaining=10), ((16, 3), food_remaining=13), ((11, 5), food_remaining=10), ((1, 3), food_remaining=11), ((1, 3), food_remaining=12), ((3, 5), food_remaining=10), ((3, 5), food_remaining=10), ((13, 5), food_remaining=11), ((9, 5), food_remaining=11), ((9, 3), food_remaining=11), ((3, 3), food_remaining=11), ((8, 3), food_remaining=11), ((3, 5), food_remaining=12), ((13, 5), food_remaining=10), ((3, 3), food_remaining=12), ((4, 4), food_remaining=11), ((16, 3), food_remaining=12), ((2, 5), food_remaining=10), ((2, 5), food_remaining=11), ((2, 5), food_remaining=11), ((14, 5), food_remaining=9), ... (+12 more)]","[((5, 5), food_remaining=12), ((9, 5), food_remaining=12), ((15, 3), food_remaining=12), ((1, 5), food_remaining=11), ((1, 5), food_remaining=10), ((5, 5), food_remaining=12), ((5, 5), food_remaining=11), ((4, 3), food_remaining=12), ((4, 3), food_remaining=11), ((1, 4), food_remaining=10), ((1, 4), food_remaining=9), ((14, 5), food_remaining=10), ((5, 3), food_remaining=12), ((2, 5), food_remaining=10), ((12, 3), food_remaining=13), ((12, 3), food_remaining=12), ((1, 5), food_remaining=10), ((1, 5), food_remaining=9), ((3, 3), food_remaining=13), ((3, 3), food_remaining=12), ((12, 5), food_remaining=12), ((2, 5), food_remaining=12), ((12, 5), food_remaining=10), ((5, 5), food_remaining=12), ((13, 3), food_remaining=13), ((13, 3), food_remaining=12), ((1, 3), food_remaining=10), ((1, 3), food_remaining=9), ((6, 5), food_remaining=12), ((6, 5), food_remaining=11), ((1, 3), food_remaining=12), ((1, 3), food_remaining=11), ((13, 3), food_remaining=12), ((13, 5), food_remaining=11), ((13, 5), food_remaining=10), ((13, 3), food_remaining=11), ((10, 4), food_remaining=12), ((10, 4), food_remaining=11), ((2, 5), food_remaining=10), ((13, 5), food_remaining=10), ... (+96 more)]",13,46,59
137,"((2, 5), food_remaining=9)","((1, 5), food_remaining=9)",East,"['((3, 5), food_remaining=9)', '((1, 5), food_remaining=9)']","[((2, 5), food_remaining=9), ((10, 5), food_remaining=10), ((2, 3), food_remaining=9), ((13, 3), food_remaining=10), ((2, 5), food_remaining=11), ((1, 4), food_remaining=11), ((12, 5), food_remaining=11), ((11, 5), food_remaining=11), ((13, 4), food_remaining=11), ((14, 3), food_remaining=12), ((14, 3), food_remaining=11), ((3, 3), food_remaining=10), ((1, 4), food_remaining=10), ((12, 3), food_remaining=11), ((8, 5), food_remaining=11), ((12, 3), food_remaining=12), ((5, 5), food_remaining=11), ((3, 5), food_remaining=11), ((5, 3), food_remaining=11), ((12, 5), food_remaining=10), ((16, 3), food_remaining=13), ((11, 5), food_remaining=10), ((1, 3), food_remaining=11), ((1, 3), food_remaining=12), ((3, 5), food_remaining=10), ((3, 5), food_remaining=10), ((13, 5), food_remaining=11), ((9, 5), food_remaining=11), ((9, 3), food_remaining=11), ((3, 3), food_remaining=11), ((8, 3), food_remaining=11), ((3, 5), food_remaining=12), ((13, 5), food_remaining=10), ((3, 3), food_remaining=12), ((4, 4), food_remaining=11), ((16, 3), food_remaining=12), ((2, 5), food_remaining=10), ((2, 5), food_remaining=11), ((2, 5), food_remaining=11), ((14, 5), food_remaining=9), ... (+12 more)]","[((2, 3), food_remaining=9), ((10, 5), food_remaining=10), ((1, 4), food_remaining=11), ((13, 3), food_remaining=10), ((2, 5), food_remaining=11), ((1, 4), food_remaining=10), ((12, 5), food_remaining=11), ((11, 5), food_remaining=11), ((13, 4), food_remaining=11), ((14, 3), food_remaining=12), ((14, 3), food_remaining=11), ((3, 3), food_remaining=10), ((3, 5), food_remaining=10), ((12, 3), food_remaining=11), ((8, 5), food_remaining=11), ((12, 3), food_remaining=12), ((5, 5), food_remaining=11), ((3, 5), food_remaining=11), ((5, 3), food_remaining=11), ((12, 5), food_remaining=10), ((16, 3), food_remaining=13), ((11, 5), food_remaining=10), ((1, 3), food_remaining=11), ((1, 3), food_remaining=12), ((3, 5), food_remaining=10), ((3, 3), food_remaining=10), ((13, 5), food_remaining=11), ((9, 5), food_remaining=11), ((9, 3), food_remaining=11), ((3, 3), food_remaining=11), ((8, 3), food_remaining=11), ((3, 5), food_remaining=12), ((13, 5), food_remaining=10), ((3, 3), food_remaining=12), ((4, 4), food_remaining=11), ((16, 3), food_remaining=12), ((2, 5), food_remaining=10), ((2, 5), food_remaining=11), ((2, 5), food_remaining=11), ((14, 5), food_remaining=9), ... (+12 more)]","[((5, 5), food_remaining=12), ((9, 5), food_remaining=12), ((15, 3), food_remaining=12), ((1, 5), food_remaining=11), ((1, 5), food_remaining=10), ((5, 5), food_remaining=12), ((5, 5), food_remaining=11), ((4, 3), food_remaining=12), ((4, 3), food_remaining=11), ((1, 4), food_remaining=10), ((1, 4), food_remaining=9), ((14, 5), food_remaining=10), ((5, 3), food_remaining=12), ((2, 5), food_remaining=10), ((12, 3), food_remaining=13), ((12, 3), food_remaining=12), ((1, 5), food_remaining=10), ((1, 5), food_remaining=9), ((3, 3), food_remaining=13), ((3, 3), food_remaining=12), ((12, 5), food_remaining=12), ((2, 5), food_remaining=12), ((12, 5), food_remaining=10), ((5, 5), food_remaining=12), ((13, 3), food_remaining=13), ((13, 3), food_remaining=12), ((1, 3), food_remaining=10), ((1, 3), food_remaining=9), ((6, 5), food_remaining=12), ((6, 5), food_remaining=11), ((1, 3), food_remaining=12), ((1, 3), food_remaining=11), ((13, 3), food_remaining=12), ((13, 5), food_remaining=11), ((13, 5), food_remaining=10), ((13, 3), food_remaining=11), ((10, 4), food_remaining=12), ((10, 4), food_remaining=11), ((2, 5), food_remaining=10), ((13, 5), food_remaining=10), ... (+97 more)]",15,44,59
138,"((2, 3), food_remaining=9)","((1, 3), food_remaining=9)",East,"['((3, 3), food_remaining=9)', '((1, 3), food_remaining=9)']","[((2, 3), food_remaining=9), ((10, 5), food_remaining=10), ((1, 4), food_remaining=11), ((13, 3), food_remaining=10), ((2, 5), food_remaining=11), ((1, 4), food_remaining=10), ((12, 5), food_remaining=11), ((11, 5), food_remaining=11), ((13, 4), food_remaining=11), ((14, 3), food_remaining=12), ((14, 3), food_remaining=11), ((3, 3), food_remaining=10), ((3, 5), food_remaining=10), ((12, 3), food_remaining=11), ((8, 5), food_remaining=11), ((12, 3), food_remaining=12), ((5, 5), food_remaining=11), ((3, 5), food_remaining=11), ((5, 3), food_remaining=11), ((12, 5), food_remaining=10), ((16, 3), food_remaining=13), ((11, 5), food_remaining=10), ((1, 3), food_remaining=11), ((1, 3), food_remaining=12), ((3, 5), food_remaining=10), ((3, 3), food_remaining=10), ((13, 5), food_remaining=11), ((9, 5), food_remaining=11), ((9, 3), food_remaining=11), ((3, 3), food_remaining=11), ((8, 3), food_remaining=11), ((3, 5), food_remaining=12), ((13, 5), food_remaining=10), ((3, 3), food_remaining=12), ((4, 4), food_remaining=11), ((16, 3), food_remaining=12), ((2, 5), food_remaining=10), ((2, 5), food_remaining=11), ((2, 5), food_remaining=11), ((14, 5), food_remaining=9), ... (+12 more)]","[((10, 5), food_remaining=10), ((2, 5), food_remaining=11), ((1, 4), food_remaining=11), ((13, 3), food_remaining=10), ((3, 5), food_remaining=9), ((1, 4), food_remaining=10), ((12, 5), food_remaining=11), ((11, 5), food_remaining=11), ((13, 4), food_remaining=11), ((14, 3), food_remaining=12), ((14, 3), food_remaining=11), ((3, 3), food_remaining=10), ((3, 5), food_remaining=10), ((12, 3), food_remaining=11), ((8, 5), food_remaining=11), ((12, 3), food_remaining=12), ((5, 5), food_remaining=11), ((3, 5), food_remaining=11), ((5, 3), food_remaining=11), ((12, 5), food_remaining=10), ((16, 3), food_remaining=13), ((11, 5), food_remaining=10), ((1, 3), food_remaining=11), ((1, 3), food_remaining=12), ((3, 5), food_remaining=10), ((3, 3), food_remaining=10), ((13, 5), food_remaining=11), ((9, 5), food_remaining=11), ((9, 3), food_remaining=11), ((3, 3), food_remaining=11), ((8, 3), food_remaining=11), ((3, 5), food_remaining=12), ((13, 5), food_remaining=10), ((3, 3), food_remaining=12), ((4, 4), food_remaining=11), ((16, 3), food_remaining=12), ((2, 5), food_remaining=10), ((2, 5), food_remaining=11), ((2, 5), food_remaining=11), ((14, 5), food_remaining=9), ... (+12 more)]","[((5, 5), food_remaining=12), ((9, 5), food_remaining=12), ((15, 3), food_remaining=12), ((1, 5), food_remaining=11), ((1, 5), food_remaining=10), ((5, 5), food_remaining=12), ((5, 5), food_remaining=11), ((4, 3), food_remaining=12), ((4, 3), food_remaining=11), ((1, 4), food_remaining=10), ((1, 4), food_remaining=9), ((14, 5), food_remaining=10), ((5, 3), food_remaining=12), ((2, 5), food_remaining=10), ((12, 3), food_remaining=13), ((12, 3), food_remaining=12), ((1, 5), food_remaining=10), ((1, 5), food_remaining=9), ((3, 3), food_remaining=13), ((3, 3), food_remaining=12), ((12, 5), food_remaining=12), ((2, 5), food_remaining=12), ((12, 5), food_remaining=10), ((5, 5), food_remaining=12), ((13, 3), food_remaining=13), ((13, 3), food_remaining=12), ((1, 3), food_remaining=10), ((1, 3), food_remaining=9), ((6, 5), food_remaining=12), ((6, 5), food_remaining=11), ((1, 3), food_remaining=12), ((1, 3), food_remaining=11), ((13, 3), food_remaining=12), ((13, 5), food_remaining=11), ((13, 5), food_remaining=10), ((13, 3), food_remaining=11), ((10, 4), food_remaining=12), ((10, 4), food_remaining=11), ((2, 5), food_remaining=10), ((13, 5), food_remaining=10), ... (+98 more)]",15,44,59
139,"((10, 5), food_remaining=10)","((11, 5), food_remaining=10)",West,"['((10, 4), food_remaining=9)', '((11, 5), food_remaining=10)', '((9, 5), food_remaining=10)']","[((10, 5), food_remaining=10), ((2, 5), food_remaining=11), ((1, 4), food_remaining=11), ((13, 3), food_remaining=10), ((3, 5), food_remaining=9), ((1, 4), food_remaining=10), ((12, 5), food_remaining=11), ((11, 5), food_remaining=11), ((13, 4), food_remaining=11), ((14, 3), food_remaining=12), ((14, 3), food_remaining=11), ((3, 3), food_remaining=10), ((3, 5), food_remaining=10), ((12, 3), food_remaining=11), ((8, 5), food_remaining=11), ((12, 3), food_remaining=12), ((5, 5), food_remaining=11), ((3, 5), food_remaining=11), ((5, 3), food_remaining=11), ((12, 5), food_remaining=10), ((16, 3), food_remaining=13), ((11, 5), food_remaining=10), ((1, 3), food_remaining=11), ((1, 3), food_remaining=12), ((3, 5), food_remaining=10), ((3, 3), food_remaining=10), ((13, 5), food_remaining=11), ((9, 5), food_remaining=11), ((9, 3), food_remaining=11), ((3, 3), food_remaining=11), ((8, 3), food_remaining=11), ((3, 5), food_remaining=12), ((13, 5), food_remaining=10), ((3, 3), food_remaining=12), ((4, 4), food_remaining=11), ((16, 3), food_remaining=12), ((2, 5), food_remaining=10), ((2, 5), food_remaining=11), ((2, 5), food_remaining=11), ((14, 5), food_remaining=9), ... (+12 more)]","[((1, 4), food_remaining=11), ((2, 5), food_remaining=11), ((1, 4), food_remaining=10), ((13, 3), food_remaining=10), ((3, 5), food_remaining=9), ((3, 5), food_remaining=10), ((12, 5), food_remaining=11), ((11, 5), food_remaining=11), ((13, 4), food_remaining=11), ((14, 3), food_remaining=12), ((14, 3), food_remaining=11), ((3, 3), food_remaining=10), ((3, 3), food_remaining=10), ((12, 3), food_remaining=11), ((8, 5), food_remaining=11), ((12, 3), food_remaining=12), ((5, 5), food_remaining=11), ((3, 5), food_remaining=11), ((5, 3), food_remaining=11), ((12, 5), food_remaining=10), ((16, 3), food_remaining=13), ((11, 5), food_remaining=10), ((1, 3), food_remaining=11), ((1, 3), food_remaining=12), ((3, 5), food_remaining=10), ((3, 3), food_remaining=9), ((13, 5), food_remaining=11), ((9, 5), food_remaining=11), ((9, 3), food_remaining=11), ((3, 3), food_remaining=11), ((8, 3), food_remaining=11), ((3, 5), food_remaining=12), ((13, 5), food_remaining=10), ((3, 3), food_remaining=12), ((4, 4), food_remaining=11), ((16, 3), food_remaining=12), ((2, 5), food_remaining=10), ((2, 5), food_remaining=11), ((2, 5), food_remaining=11), ((14, 5), food_remaining=9), ... (+13 more)]","[((5, 5), food_remaining=12), ((9, 5), food_remaining=12), ((15, 3), food_remaining=12), ((1, 5), food_remaining=11), ((1, 5), food_remaining=10), ((5, 5), food_remaining=12), ((5, 5), food_remaining=11), ((4, 3), food_remaining=12), ((4, 3), food_remaining=11), ((1, 4), food_remaining=10), ((1, 4), food_remaining=9), ((14, 5), food_remaining=10), ((5, 3), food_remaining=12), ((2, 5), food_remaining=10), ((12, 3), food_remaining=13), ((12, 3), food_remaining=12), ((1, 5), food_remaining=10), ((1, 5), food_remaining=9), ((3, 3), food_remaining=13), ((3, 3), food_remaining=12), ((12, 5), food_remaining=12), ((2, 5), food_remaining=12), ((12, 5), food_remaining=10), ((5, 5), food_remaining=12), ((13, 3), food_remaining=13), ((13, 3), food_remaining=12), ((1, 3), food_remaining=10), ((1, 3), food_remaining=9), ((6, 5), food_remaining=12), ((6, 5), food_remaining=11), ((1, 3), food_remaining=12), ((1, 3), food_remaining=11), ((13, 3), food_remaining=12), ((13, 5), food_remaining=11), ((13, 5), food_remaining=10), ((13, 3), food_remaining=11), ((10, 4), food_remaining=12), ((10, 4), food_remaining=11), ((2, 5), food_remaining=10), ((13, 5), food_remaining=10), ... (+99 more)]",11,48,59
140,"((1, 4), food_remaining=11)","((1, 3), food_remaining=12)",North,"['((1, 5), food_remaining=10)', '((1, 3), food_remaining=11)']","[((1, 4), food_remaining=11), ((2, 5), food_remaining=11), ((1, 4), food_remaining=10), ((13, 3), food_remaining=10), ((3, 5), food_remaining=9), ((3, 5), food_remaining=10), ((12, 5), food_remaining=11), ((11, 5), food_remaining=11), ((13, 4), food_remaining=11), ((14, 3), food_remaining=12), ((14, 3), food_remaining=11), ((3, 3), food_remaining=10), ((3, 3), food_remaining=10), ((12, 3), food_remaining=11), ((8, 5), food_remaining=11), ((12, 3), food_remaining=12), ((5, 5), food_remaining=11), ((3, 5), food_remaining=11), ((5, 3), food_remaining=11), ((12, 5), food_remaining=10), ((16, 3), food_remaining=13), ((11, 5), food_remaining=10), ((1, 3), food_remaining=11), ((1, 3), food_remaining=12), ((3, 5), food_remaining=10), ((3, 3), food_remaining=9), ((13, 5), food_remaining=11), ((9, 5), food_remaining=11), ((9, 3), food_remaining=11), ((3, 3), food_remaining=11), ((8, 3), food_remaining=11), ((3, 5), food_remaining=12), ((13, 5), food_remaining=10), ((3, 3), food_remaining=12), ((4, 4), food_remaining=11), ((16, 3), food_remaining=12), ((2, 5), food_remaining=10), ((2, 5), food_remaining=11), ((2, 5), food_remaining=11), ((14, 5), food_remaining=9), ... (+13 more)]","[((2, 5), food_remaining=11), ((3, 5), food_remaining=9), ((1, 4), food_remaining=10), ((13, 3), food_remaining=10), ((14, 3), food_remaining=12), ((3, 5), food_remaining=10), ((12, 5), food_remaining=11), ((11, 5), food_remaining=11), ((13, 4), food_remaining=11), ((12, 5), food_remaining=10), ((14, 3), food_remaining=11), ((3, 3), food_remaining=10), ((3, 3), food_remaining=10), ((12, 3), food_remaining=11), ((8, 5), food_remaining=11), ((12, 3), food_remaining=12), ((5, 5), food_remaining=11), ((3, 5), food_remaining=11), ((5, 3), food_remaining=11), ((4, 4), food_remaining=10), ((16, 3), food_remaining=13), ((11, 5), food_remaining=10), ((1, 3), food_remaining=11), ((1, 3), food_remaining=12), ((3, 5), food_remaining=10), ((3, 3), food_remaining=9), ((13, 5), food_remaining=11), ((9, 5), food_remaining=11), ((9, 3), food_remaining=11), ((3, 3), food_remaining=11), ((8, 3), food_remaining=11), ((3, 5), food_remaining=12), ((13, 5), food_remaining=10), ((3, 3), food_remaining=12), ((4, 4), food_remaining=11), ((16, 3), food_remaining=12), ((2, 5), food_remaining=10), ((2, 5), food_remaining=11), ((2, 5), food_remaining=11), ((14, 5), food_remaining=9), ... (+13 more)]","[((5, 5), food_remaining=12), ((9, 5), food_remaining=12), ((15, 3), food_remaining=12), ((1, 5), food_remaining=11), ((1, 5), food_remaining=10), ((5, 5), food_remaining=12), ((5, 5), food_remaining=11), ((4, 3), food_remaining=12), ((4, 3), food_remaining=11), ((1, 4), food_remaining=10), ((1, 4), food_remaining=9), ((14, 5), food_remaining=10), ((5, 3), food_remaining=12), ((2, 5), food_remaining=10), ((12, 3), food_remaining=13), ((12, 3), food_remaining=12), ((1, 5), food_remaining=10), ((1, 5), food_remaining=9), ((3, 3), food_remaining=13), ((3, 3), food_remaining=12), ((12, 5), food_remaining=12), ((2, 5), food_remaining=12), ((12, 5), food_remaining=10), ((5, 5), food_remaining=12), ((13, 3), food_remaining=13), ((13, 3), food_remaining=12), ((1, 3), food_remaining=10), ((1, 3), food_remaining=9), ((6, 5), food_remaining=12), ((6, 5), food_remaining=11), ((1, 3), food_remaining=12), ((1, 3), food_remaining=11), ((13, 3), food_remaining=12), ((13, 5), food_remaining=11), ((13, 5), food_remaining=10), ((13, 3), food_remaining=11), ((10, 4), food_remaining=12), ((10, 4), food_remaining=11), ((2, 5), food_remaining=10), ((13, 5), food_remaining=10), ... (+100 more)]",11,48,59
141,"((2, 5), food_remaining=11)","((1, 5), food_remaining=11)",East,"['((3, 5), food_remaining=11)', '((1, 5), food_remaining=11)']","[((2, 5), food_remaining=11), ((3, 5), food_remaining=9), ((1, 4), food_remaining=10), ((13, 3), food_remaining=10), ((14, 3), food_remaining=12), ((3, 5), food_remaining=10), ((12, 5), food_remaining=11), ((11, 5), food_remaining=11), ((13, 4), food_remaining=11), ((12, 5), food_remaining=10), ((14, 3), food_remaining=11), ((3, 3), food_remaining=10), ((3, 3), food_remaining=10), ((12, 3), food_remaining=11), ((8, 5), food_remaining=11), ((12, 3), food_remaining=12), ((5, 5), food_remaining=11), ((3, 5), food_remaining=11), ((5, 3), food_remaining=11), ((4, 4), food_remaining=10), ((16, 3), food_remaining=13), ((11, 5), food_remaining=10), ((1, 3), food_remaining=11), ((1, 3), food_remaining=12), ((3, 5), food_remaining=10), ((3, 3), food_remaining=9), ((13, 5), food_remaining=11), ((9, 5), food_remaining=11), ((9, 3), food_remaining=11), ((3, 3), food_remaining=11), ((8, 3), food_remaining=11), ((3, 5), food_remaining=12), ((13, 5), food_remaining=10), ((3, 3), food_remaining=12), ((4, 4), food_remaining=11), ((16, 3), food_remaining=12), ((2, 5), food_remaining=10), ((2, 5), food_remaining=11), ((2, 5), food_remaining=11), ((14, 5), food_remaining=9), ... (+13 more)]","[((1, 4), food_remaining=10), ((3, 5), food_remaining=9), ((3, 5), food_remaining=10), ((13, 3), food_remaining=10), ((14, 3), food_remaining=12), ((3, 3), food_remaining=10), ((12, 5), food_remaining=11), ((11, 5), food_remaining=11), ((13, 4), food_remaining=11), ((12, 5), food_remaining=10), ((14, 3), food_remaining=11), ((3, 5), food_remaining=10), ((3, 3), food_remaining=10), ((12, 3), food_remaining=11), ((8, 5), food_remaining=11), ((12, 3), food_remaining=12), ((5, 5), food_remaining=11), ((3, 5), food_remaining=11), ((5, 3), food_remaining=11), ((4, 4), food_remaining=10), ((16, 3), food_remaining=13), ((11, 5), food_remaining=10), ((1, 3), food_remaining=11), ((1, 3), food_remaining=12), ((13, 4), food_remaining=10), ((3, 3), food_remaining=9), ((13, 5), food_remaining=11), ((9, 5), food_remaining=11), ((9, 3), food_remaining=11), ((3, 3), food_remaining=11), ((8, 3), food_remaining=11), ((3, 5), food_remaining=12), ((13, 5), food_remaining=10), ((3, 3), food_remaining=12), ((4, 4), food_remaining=11), ((16, 3), food_remaining=12), ((2, 5), food_remaining=10), ((2, 5), food_remaining=11), ((2, 5), food_remaining=11), ((14, 5), food_remaining=9), ... (+13 more)]","[((5, 5), food_remaining=12), ((9, 5), food_remaining=12), ((15, 3), food_remaining=12), ((1, 5), food_remaining=11), ((1, 5), food_remaining=10), ((5, 5), food_remaining=12), ((5, 5), food_remaining=11), ((4, 3), food_remaining=12), ((4, 3), food_remaining=11), ((1, 4), food_remaining=10), ((1, 4), food_remaining=9), ((14, 5), food_remaining=10), ((5, 3), food_remaining=12), ((2, 5), food_remaining=10), ((2, 5), food_remaining=11), ((12, 3), food_remaining=13), ((12, 3), food_remaining=12), ((1, 5), food_remaining=10), ((1, 5), food_remaining=9), ((3, 3), food_remaining=13), ((3, 3), food_remaining=12), ((12, 5), food_remaining=12), ((2, 5), food_remaining=12), ((12, 5), food_remaining=10), ((5, 5), food_remaining=12), ((13, 3), food_remaining=13), ((13, 3), food_remaining=12), ((1, 3), food_remaining=10), ((1, 3), food_remaining=9), ((6, 5), food_remaining=12), ((6, 5), food_remaining=11), ((1, 3), food_remaining=12), ((1, 3), food_remaining=11), ((13, 3), food_remaining=12), ((13, 5), food_remaining=11), ((13, 5), food_remaining=10), ((13, 3), food_remaining=11), ((10, 4), food_remaining=12), ((10, 4), food_remaining=11), ((2, 5), food_remaining=10), ... (+101 more)]",11,48,59
142,"((1, 4), food_remaining=10)","((1, 3), food_remaining=11)",North,"['((1, 5), food_remaining=9)', '((1, 3), food_remaining=10)']","[((1, 4), food_remaining=10), ((3, 5), food_remaining=9), ((3, 5), food_remaining=10), ((13, 3), food_remaining=10), ((14, 3), food_remaining=12), ((3, 3), food_remaining=10), ((12, 5), food_remaining=11), ((11, 5), food_remaining=11), ((13, 4), food_remaining=11), ((12, 5), food_remaining=10), ((14, 3), food_remaining=11), ((3, 5), food_remaining=10), ((3, 3), food_remaining=10), ((12, 3), food_remaining=11), ((8, 5), food_remaining=11), ((12, 3), food_remaining=12), ((5, 5), food_remaining=11), ((3, 5), food_remaining=11), ((5, 3), food_remaining=11), ((4, 4), food_remaining=10), ((16, 3), food_remaining=13), ((11, 5), food_remaining=10), ((1, 3), food_remaining=11), ((1, 3), food_remaining=12), ((13, 4), food_remaining=10), ((3, 3), food_remaining=9), ((13, 5), food_remaining=11), ((9, 5), food_remaining=11), ((9, 3), food_remaining=11), ((3, 3), food_remaining=11), ((8, 3), food_remaining=11), ((3, 5), food_remaining=12), ((13, 5), food_remaining=10), ((3, 3), food_remaining=12), ((4, 4), food_remaining=11), ((16, 3), food_remaining=12), ((2, 5), food_remaining=10), ((2, 5), food_remaining=11), ((2, 5), food_remaining=11), ((14, 5), food_remaining=9), ... (+13 more)]","[((3, 5), food_remaining=10), ((3, 5), food_remaining=9), ((3, 3), food_remaining=10), ((13, 3), food_remaining=10), ((14, 3), food_remaining=12), ((3, 5), food_remaining=10), ((12, 5), food_remaining=11), ((11, 5), food_remaining=11), ((13, 4), food_remaining=11), ((12, 5), food_remaining=10), ((14, 3), food_remaining=11), ((3, 5), food_remaining=11), ((3, 3), food_remaining=10), ((12, 3), food_remaining=11), ((8, 5), food_remaining=11), ((12, 3), food_remaining=12), ((5, 5), food_remaining=11), ((3, 5), food_remaining=11), ((5, 3), food_remaining=11), ((4, 4), food_remaining=10), ((16, 3), food_remaining=13), ((11, 5), food_remaining=10), ((1, 3), food_remaining=11), ((1, 3), food_remaining=12), ((13, 4), food_remaining=10), ((3, 3), food_remaining=9), ((13, 5), food_remaining=11), ((9, 5), food_remaining=11), ((9, 3), food_remaining=11), ((3, 3), food_remaining=11), ((8, 3), food_remaining=11), ((3, 5), food_remaining=12), ((13, 5), food_remaining=10), ((3, 3), food_remaining=12), ((4, 4), food_remaining=11), ((16, 3), food_remaining=12), ((2, 5), food_remaining=10), ((2, 5), food_remaining=11), ((2, 5), food_remaining=11), ((14, 5), food_remaining=9), ... (+13 more)]","[((5, 5), food_remaining=12), ((9, 5), food_remaining=12), ((15, 3), food_remaining=12), ((1, 5), food_remaining=11), ((1, 5), food_remaining=10), ((5, 5), food_remaining=12), ((5, 5), food_remaining=11), ((4, 3), food_remaining=12), ((4, 3), food_remaining=11), ((1, 4), food_remaining=10), ((1, 4), food_remaining=9), ((14, 5), food_remaining=10), ((5, 3), food_remaining=12), ((2, 5), food_remaining=10), ((2, 5), food_remaining=11), ((12, 3), food_remaining=13), ((12, 3), food_remaining=12), ((1, 5), food_remaining=10), ((1, 5), food_remaining=9), ((3, 3), food_remaining=13), ((3, 3), food_remaining=12), ((12, 5), food_remaining=12), ((2, 5), food_remaining=12), ((12, 5), food_remaining=10), ((5, 5), food_remaining=12), ((13, 3), food_remaining=13), ((13, 3), food_remaining=12), ((1, 3), food_remaining=10), ((1, 3), food_remaining=9), ((6, 5), food_remaining=12), ((6, 5), food_remaining=11), ((1, 3), food_remaining=12), ((1, 3), food_remaining=11), ((13, 3), food_remaining=12), ((13, 5), food_remaining=11), ((13, 5), food_remaining=10), ((13, 3), food_remaining=11), ((10, 4), food_remaining=12), ((10, 4), food_remaining=11), ((2, 5), food_remaining=10), ... (+102 more)]",13,46,59
143,"((3, 5), food_remaining=10)","((2, 5), food_remaining=10)",East,"['((4, 5), food_remaining=10)', '((2, 5), food_remaining=10)']","[((3, 5), food_remaining=10), ((3, 5), food_remaining=9), ((3, 3), food_remaining=10), ((13, 3), food_remaining=10), ((14, 3), food_remaining=12), ((3, 5), food_remaining=10), ((12, 5), food_remaining=11), ((11, 5), food_remaining=11), ((13, 4), food_remaining=11), ((12, 5), food_remaining=10), ((14, 3), food_remaining=11), ((3, 5), food_remaining=11), ((3, 3), food_remaining=10), ((12, 3), food_remaining=11), ((8, 5), food_remaining=11), ((12, 3), food_remaining=12), ((5, 5), food_remaining=11), ((3, 5), food_remaining=11), ((5, 3), food_remaining=11), ((4, 4), food_remaining=10), ((16, 3), food_remaining=13), ((11, 5), food_remaining=10), ((1, 3), food_remaining=11), ((1, 3), food_remaining=12), ((13, 4), food_remaining=10), ((3, 3), food_remaining=9), ((13, 5), food_remaining=11), ((9, 5), food_remaining=11), ((9, 3), food_remaining=11), ((3, 3), food_remaining=11), ((8, 3), food_remaining=11), ((3, 5), food_remaining=12), ((13, 5), food_remaining=10), ((3, 3), food_remaining=12), ((4, 4), food_remaining=11), ((16, 3), food_remaining=12), ((2, 5), food_remaining=10), ((2, 5), food_remaining=11), ((2, 5), food_remaining=11), ((14, 5), food_remaining=9), ... (+13 more)]","[((3, 3), food_remaining=10), ((3, 5), food_remaining=9), ((3, 5), food_remaining=10), ((13, 3), food_remaining=10), ((14, 3), food_remaining=12), ((3, 3), food_remaining=10), ((12, 5), food_remaining=11), ((11, 5), food_remaining=11), ((13, 4), food_remaining=11), ((12, 5), food_remaining=10), ((14, 3), food_remaining=11), ((3, 5), food_remaining=11), ((3, 3), food_remaining=9), ((12, 3), food_remaining=11), ((8, 5), food_remaining=11), ((12, 3), food_remaining=12), ((5, 5), food_remaining=11), ((3, 5), food_remaining=11), ((5, 3), food_remaining=11), ((4, 4), food_remaining=10), ((16, 3), food_remaining=13), ((11, 5), food_remaining=10), ((1, 3), food_remaining=11), ((1, 3), food_remaining=12), ((13, 4), food_remaining=10), ((4, 5), food_remaining=10), ((13, 5), food_remaining=11), ((9, 5), food_remaining=11), ((9, 3), food_remaining=11), ((3, 3), food_remaining=11), ((8, 3), food_remaining=11), ((3, 5), food_remaining=12), ((13, 5), food_remaining=10), ((3, 3), food_remaining=12), ((4, 4), food_remaining=11), ((16, 3), food_remaining=12), ((2, 5), food_remaining=10), ((2, 5), food_remaining=11), ((2, 5), food_remaining=11), ((14, 5), food_remaining=9), ... (+13 more)]","[((5, 5), food_remaining=12), ((9, 5), food_remaining=12), ((15, 3), food_remaining=12), ((1, 5), food_remaining=11), ((1, 5), food_remaining=10), ((5, 5), food_remaining=12), ((5, 5), food_remaining=11), ((4, 3), food_remaining=12), ((4, 3), food_remaining=11), ((1, 4), food_remaining=10), ((1, 4), food_remaining=9), ((14, 5), food_remaining=10), ((5, 3), food_remaining=12), ((2, 5), food_remaining=10), ((2, 5), food_remaining=11), ((12, 3), food_remaining=13), ((12, 3), food_remaining=12), ((1, 5), food_remaining=10), ((1, 5), food_remaining=9), ((3, 3), food_remaining=13), ((3, 3), food_remaining=12), ((12, 5), food_remaining=12), ((2, 5), food_remaining=12), ((12, 5), food_remaining=10), ((5, 5), food_remaining=12), ((13, 3), food_remaining=13), ((13, 3), food_remaining=12), ((1, 3), food_remaining=10), ((1, 3), food_remaining=9), ((6, 5), food_remaining=12), ((6, 5), food_remaining=11), ((1, 3), food_remaining=12), ((1, 3), food_remaining=11), ((13, 3), food_remaining=12), ((13, 5), food_remaining=11), ((13, 5), food_remaining=10), ((13, 3), food_remaining=11), ((10, 4), food_remaining=12), ((10, 4), food_remaining=11), ((3, 5), food_remaining=10), ... (+103 more)]",14,45,59
144,"((3, 3), food_remaining=10)","((2, 3), food_remaining=10)",East,"['((4, 3), food_remaining=10)', '((2, 3), food_remaining=10)']","[((3, 3), food_remaining=10), ((3, 5), food_remaining=9), ((3, 5), food_remaining=10), ((13, 3), food_remaining=10), ((14, 3), food_remaining=12), ((3, 3), food_remaining=10), ((12, 5), food_remaining=11), ((11, 5), food_remaining=11), ((13, 4), food_remaining=11), ((12, 5), food_remaining=10), ((14, 3), food_remaining=11), ((3, 5), food_remaining=11), ((3, 3), food_remaining=9), ((12, 3), food_remaining=11), ((8, 5), food_remaining=11), ((12, 3), food_remaining=12), ((5, 5), food_remaining=11), ((3, 5), food_remaining=11), ((5, 3), food_remaining=11), ((4, 4), food_remaining=10), ((16, 3), food_remaining=13), ((11, 5), food_remaining=10), ((1, 3), food_remaining=11), ((1, 3), food_remaining=12), ((13, 4), food_remaining=10), ((4, 5), food_remaining=10), ((13, 5), food_remaining=11), ((9, 5), food_remaining=11), ((9, 3), food_remaining=11), ((3, 3), food_remaining=11), ((8, 3), food_remaining=11), ((3, 5), food_remaining=12), ((13, 5), food_remaining=10), ((3, 3), food_remaining=12), ((4, 4), food_remaining=11), ((16, 3), food_remaining=12), ((2, 5), food_remaining=10), ((2, 5), food_remaining=11), ((2, 5), food_remaining=11), ((14, 5), food_remaining=9), ... (+13 more)]","[((3, 5), food_remaining=10), ((3, 5), food_remaining=9), ((3, 3), food_remaining=10), ((13, 3), food_remaining=10), ((14, 3), food_remaining=12), ((3, 3), food_remaining=9), ((12, 5), food_remaining=11), ((11, 5), food_remaining=11), ((13, 4), food_remaining=11), ((12, 5), food_remaining=10), ((14, 3), food_remaining=11), ((3, 5), food_remaining=11), ((4, 5), food_remaining=10), ((12, 3), food_remaining=11), ((8, 5), food_remaining=11), ((12, 3), food_remaining=12), ((5, 5), food_remaining=11), ((3, 5), food_remaining=11), ((5, 3), food_remaining=11), ((4, 4), food_remaining=10), ((16, 3), food_remaining=13), ((11, 5), food_remaining=10), ((1, 3), food_remaining=11), ((1, 3), food_remaining=12), ((13, 4), food_remaining=10), ((4, 3), food_remaining=10), ((13, 5), food_remaining=11), ((9, 5), food_remaining=11), ((9, 3), food_remaining=11), ((3, 3), food_remaining=11), ((8, 3), food_remaining=11), ((3, 5), food_remaining=12), ((13, 5), food_remaining=10), ((3, 3), food_remaining=12), ((4, 4), food_remaining=11), ((16, 3), food_remaining=12), ((2, 5), food_remaining=10), ((2, 5), food_remaining=11), ((2, 5), food_remaining=11), ((14, 5), food_remaining=9), ... (+13 more)]","[((5, 5), food_remaining=12), ((9, 5), food_remaining=12), ((15, 3), food_remaining=12), ((1, 5), food_remaining=11), ((1, 5), food_remaining=10), ((5, 5), food_remaining=12), ((5, 5), food_remaining=11), ((4, 3), food_remaining=12), ((4, 3), food_remaining=11), ((1, 4), food_remaining=10), ((1, 4), food_remaining=9), ((14, 5), food_remaining=10), ((3, 3), food_remaining=10), ((5, 3), food_remaining=12), ((2, 5), food_remaining=10), ((2, 5), food_remaining=11), ((12, 3), food_remaining=13), ((12, 3), food_remaining=12), ((1, 5), food_remaining=10), ((1, 5), food_remaining=9), ((3, 3), food_remaining=13), ((3, 3), food_remaining=12), ((12, 5), food_remaining=12), ((2, 5), food_remaining=12), ((12, 5), food_remaining=10), ((5, 5), food_remaining=12), ((13, 3), food_remaining=13), ((13, 3), food_remaining=12), ((1, 3), food_remaining=10), ((1, 3), food_remaining=9), ((6, 5), food_remaining=12), ((6, 5), food_remaining=11), ((1, 3), food_remaining=12), ((1, 3), food_remaining=11), ((13, 3), food_remaining=12), ((13, 5), food_remaining=11), ((13, 5), food_remaining=10), ((13, 3), food_remaining=11), ((10, 4), food_remaining=12), ((10, 4), food_remaining=11), ... (+104 more)]",14,45,59
145,"((3, 5), food_remaining=10)","((2, 5), food_remaining=10)",East,"['((4, 5), food_remaining=10)', '((2, 5), food_remaining=10)']","[((3, 5), food_remaining=10), ((3, 5), food_remaining=9), ((3, 3), food_remaining=10), ((13, 3), food_remaining=10), ((14, 3), food_remaining=12), ((3, 3), food_remaining=9), ((12, 5), food_remaining=11), ((11, 5), food_remaining=11), ((13, 4), food_remaining=11), ((12, 5), food_remaining=10), ((14, 3), food_remaining=11), ((3, 5), food_remaining=11), ((4, 5), food_remaining=10), ((12, 3), food_remaining=11), ((8, 5), food_remaining=11), ((12, 3), food_remaining=12), ((5, 5), food_remaining=11), ((3, 5), food_remaining=11), ((5, 3), food_remaining=11), ((4, 4), food_remaining=10), ((16, 3), food_remaining=13), ((11, 5), food_remaining=10), ((1, 3), food_remaining=11), ((1, 3), food_remaining=12), ((13, 4), food_remaining=10), ((4, 3), food_remaining=10), ((13, 5), food_remaining=11), ((9, 5), food_remaining=11), ((9, 3), food_remaining=11), ((3, 3), food_remaining=11), ((8, 3), food_remaining=11), ((3, 5), food_remaining=12), ((13, 5), food_remaining=10), ((3, 3), food_remaining=12), ((4, 4), food_remaining=11), ((16, 3), food_remaining=12), ((2, 5), food_remaining=10), ((2, 5), food_remaining=11), ((2, 5), food_remaining=11), ((14, 5), food_remaining=9), ... (+13 more)]","[((3, 3), food_remaining=10), ((3, 5), food_remaining=9), ((3, 3), food_remaining=9), ((13, 3), food_remaining=10), ((14, 3), food_remaining=12), ((3, 5), food_remaining=11), ((12, 5), food_remaining=11), ((11, 5), food_remaining=11), ((13, 4), food_remaining=11), ((12, 5), food_remaining=10), ((14, 3), food_remaining=11), ((13, 4), food_remaining=10), ((4, 5), food_remaining=10), ((12, 3), food_remaining=11), ((8, 5), food_remaining=11), ((12, 3), food_remaining=12), ((5, 5), food_remaining=11), ((3, 5), food_remaining=11), ((5, 3), food_remaining=11), ((4, 4), food_remaining=10), ((16, 3), food_remaining=13), ((11, 5), food_remaining=10), ((1, 3), food_remaining=11), ((1, 3), food_remaining=12), ((1, 4), food_remaining=11), ((4, 3), food_remaining=10), ((13, 5), food_remaining=11), ((9, 5), food_remaining=11), ((9, 3), food_remaining=11), ((3, 3), food_remaining=11), ((8, 3), food_remaining=11), ((3, 5), food_remaining=12), ((13, 5), food_remaining=10), ((3, 3), food_remaining=12), ((4, 4), food_remaining=11), ((16, 3), food_remaining=12), ((2, 5), food_remaining=10), ((2, 5), food_remaining=11), ((2, 5), food_remaining=11), ((14, 5), food_remaining=9), ... (+13 more)]","[((5, 5), food_remaining=12), ((9, 5), food_remaining=12), ((15, 3), food_remaining=12), ((1, 5), food_remaining=11), ((1, 5), food_remaining=10), ((5, 5), food_remaining=12), ((5, 5), food_remaining=11), ((4, 3), food_remaining=12), ((4, 3), food_remaining=11), ((1, 4), food_remaining=10), ((1, 4), food_remaining=9), ((14, 5), food_remaining=10), ((3, 3), food_remaining=10), ((5, 3), food_remaining=12), ((2, 5), food_remaining=10), ((2, 5), food_remaining=11), ((12, 3), food_remaining=13), ((12, 3), food_remaining=12), ((1, 5), food_remaining=10), ((1, 5), food_remaining=9), ((3, 3), food_remaining=13), ((3, 3), food_remaining=12), ((12, 5), food_remaining=12), ((2, 5), food_remaining=12), ((12, 5), food_remaining=10), ((5, 5), food_remaining=12), ((13, 3), food_remaining=13), ((13, 3), food_remaining=12), ((1, 3), food_remaining=10), ((1, 3), food_remaining=9), ((6, 5), food_remaining=12), ((6, 5), food_remaining=11), ((1, 3), food_remaining=12), ((1, 3), food_remaining=11), ((13, 3), food_remaining=12), ((13, 5), food_remaining=11), ((13, 5), food_remaining=10), ((13, 3), food_remaining=11), ((10, 4), food_remaining=12), ((10, 4), food_remaining=11), ... (+105 more)]",14,45,59
146,"((3, 3), food_remaining=10)","((2, 3), food_remaining=10)",East,"['((4, 3), food_remaining=10)', '((2, 3), food_remaining=10)']","[((3, 3), food_remaining=10), ((3, 5), food_remaining=9), ((3, 3), food_remaining=9), ((13, 3), food_remaining=10), ((14, 3), food_remaining=12), ((3, 5), food_remaining=11), ((12, 5), food_remaining=11), ((11, 5), food_remaining=11), ((13, 4), food_remaining=11), ((12, 5), food_remaining=10), ((14, 3), food_remaining=11), ((13, 4), food_remaining=10), ((4, 5), food_remaining=10), ((12, 3), food_remaining=11), ((8, 5), food_remaining=11), ((12, 3), food_remaining=12), ((5, 5), food_remaining=11), ((3, 5), food_remaining=11), ((5, 3), food_remaining=11), ((4, 4), food_remaining=10), ((16, 3), food_remaining=13), ((11, 5), food_remaining=10), ((1, 3), food_remaining=11), ((1, 3), food_remaining=12), ((1, 4), food_remaining=11), ((4, 3), food_remaining=10), ((13, 5), food_remaining=11), ((9, 5), food_remaining=11), ((9, 3), food_remaining=11), ((3, 3), food_remaining=11), ((8, 3), food_remaining=11), ((3, 5), food_remaining=12), ((13, 5), food_remaining=10), ((3, 3), food_remaining=12), ((4, 4), food_remaining=11), ((16, 3), food_remaining=12), ((2, 5), food_remaining=10), ((2, 5), food_remaining=11), ((2, 5), food_remaining=11), ((14, 5), food_remaining=9), ... (+13 more)]","[((3, 5), food_remaining=9), ((4, 5), food_remaining=10), ((3, 3), food_remaining=9), ((13, 3), food_remaining=10), ((14, 3), food_remaining=12), ((3, 5), food_remaining=11), ((12, 5), food_remaining=11), ((11, 5), food_remaining=11), ((13, 4), food_remaining=11), ((12, 5), food_remaining=10), ((14, 3), food_remaining=11), ((13, 4), food_remaining=10), ((4, 5), food_remaining=10), ((12, 3), food_remaining=11), ((8, 5), food_remaining=11), ((12, 3), food_remaining=12), ((5, 5), food_remaining=11), ((3, 5), food_remaining=11), ((5, 3), food_remaining=11), ((4, 4), food_remaining=10), ((16, 3), food_remaining=13), ((11, 5), food_remaining=10), ((1, 3), food_remaining=11), ((1, 3), food_remaining=12), ((1, 4), food_remaining=11), ((4, 3), food_remaining=10), ((13, 5), food_remaining=11), ((9, 5), food_remaining=11), ((9, 3), food_remaining=11), ((3, 3), food_remaining=11), ((8, 3), food_remaining=11), ((3, 5), food_remaining=12), ((13, 5), food_remaining=10), ((3, 3), food_remaining=12), ((4, 4), food_remaining=11), ((16, 3), food_remaining=12), ((2, 5), food_remaining=10), ((2, 5), food_remaining=11), ((2, 5), food_remaining=11), ((14, 5), food_remaining=9), ... (+13 more)]","[((5, 5), food_remaining=12), ((9, 5), food_remaining=12), ((15, 3), food_remaining=12), ((1, 5), food_remaining=11), ((1, 5), food_remaining=10), ((5, 5), food_remaining=12), ((5, 5), food_remaining=11), ((4, 3), food_remaining=12), ((4, 3), food_remaining=11), ((1, 4), food_remaining=10), ((1, 4), food_remaining=9), ((14, 5), food_remaining=10), ((3, 3), food_remaining=10), ((5, 3), food_remaining=12), ((2, 5), food_remaining=10), ((2, 5), food_remaining=11), ((12, 3), food_remaining=13), ((12, 3), food_remaining=12), ((1, 5), food_remaining=10), ((1, 5), food_remaining=9), ((3, 3), food_remaining=13), ((3, 3), food_remaining=12), ((12, 5), food_remaining=12), ((2, 5), food_remaining=12), ((12, 5), food_remaining=10), ((5, 5), food_remaining=12), ((13, 3), food_remaining=13), ((13, 3), food_remaining=12), ((1, 3), food_remaining=10), ((1, 3), food_remaining=9), ((6, 5), food_remaining=12), ((6, 5), food_remaining=11), ((1, 3), food_remaining=12), ((1, 3), food_remaining=11), ((13, 3), food_remaining=12), ((13, 5), food_remaining=11), ((13, 5), food_remaining=10), ((13, 3), food_remaining=11), ((10, 4), food_remaining=12), ((10, 4), food_remaining=11), ... (+106 more)]",14,45,59
147,"((3, 5), food_remaining=9)","((2, 5), food_remaining=9)",East,"['((4, 5), food_remaining=9)', '((2, 5), food_remaining=9)']","[((3, 5), food_remaining=9), ((4, 5), food_remaining=10), ((3, 3), food_remaining=9), ((13, 3), food_remaining=10), ((14, 3), food_remaining=12), ((3, 5), food_remaining=11), ((12, 5), food_remaining=11), ((11, 5), food_remaining=11), ((13, 4), food_remaining=11), ((12, 5), food_remaining=10), ((14, 3), food_remaining=11), ((13, 4), food_remaining=10), ((4, 5), food_remaining=10), ((12, 3), food_remaining=11), ((8, 5), food_remaining=11), ((12, 3), food_remaining=12), ((5, 5), food_remaining=11), ((3, 5), food_remaining=11), ((5, 3), food_remaining=11), ((4, 4), food_remaining=10), ((16, 3), food_remaining=13), ((11, 5), food_remaining=10), ((1, 3), food_remaining=11), ((1, 3), food_remaining=12), ((1, 4), food_remaining=11), ((4, 3), food_remaining=10), ((13, 5), food_remaining=11), ((9, 5), food_remaining=11), ((9, 3), food_remaining=11), ((3, 3), food_remaining=11), ((8, 3), food_remaining=11), ((3, 5), food_remaining=12), ((13, 5), food_remaining=10), ((3, 3), food_remaining=12), ((4, 4), food_remaining=11), ((16, 3), food_remaining=12), ((2, 5), food_remaining=10), ((2, 5), food_remaining=11), ((2, 5), food_remaining=11), ((14, 5), food_remaining=9), ... (+13 more)]","[((3, 3), food_remaining=9), ((4, 5), food_remaining=10), ((3, 5), food_remaining=11), ((13, 3), food_remaining=10), ((14, 3), food_remaining=12), ((4, 5), food_remaining=10), ((12, 5), food_remaining=11), ((11, 5), food_remaining=11), ((13, 4), food_remaining=11), ((12, 5), food_remaining=10), ((14, 3), food_remaining=11), ((13, 4), food_remaining=10), ((4, 3), food_remaining=10), ((12, 3), food_remaining=11), ((8, 5), food_remaining=11), ((12, 3), food_remaining=12), ((5, 5), food_remaining=11), ((3, 5), food_remaining=11), ((5, 3), food_remaining=11), ((4, 4), food_remaining=10), ((16, 3), food_remaining=13), ((11, 5), food_remaining=10), ((1, 3), food_remaining=11), ((1, 3), food_remaining=12), ((1, 4), food_remaining=11), ((4, 3), food_remaining=10), ((13, 5), food_remaining=11), ((9, 5), food_remaining=11), ((9, 3), food_remaining=11), ((3, 3), food_remaining=11), ((8, 3), food_remaining=11), ((3, 5), food_remaining=12), ((13, 5), food_remaining=10), ((3, 3), food_remaining=12), ((4, 4), food_remaining=11), ((16, 3), food_remaining=12), ((2, 5), food_remaining=10), ((2, 5), food_remaining=11), ((2, 5), food_remaining=11), ((14, 5), food_remaining=9), ... (+13 more)]","[((5, 5), food_remaining=12), ((9, 5), food_remaining=12), ((15, 3), food_remaining=12), ((1, 5), food_remaining=11), ((1, 5), food_remaining=10), ((5, 5), food_remaining=12), ((5, 5), food_remaining=11), ((4, 3), food_remaining=12), ((4, 3), food_remaining=11), ((1, 4), food_remaining=10), ((1, 4), food_remaining=9), ((14, 5), food_remaining=10), ((3, 3), food_remaining=10), ((5, 3), food_remaining=12), ((2, 5), food_remaining=10), ((2, 5), food_remaining=11), ((12, 3), food_remaining=13), ((12, 3), food_remaining=12), ((1, 5), food_remaining=10), ((1, 5), food_remaining=9), ((3, 3), food_remaining=13), ((3, 3), food_remaining=12), ((12, 5), food_remaining=12), ((2, 5), food_remaining=12), ((12, 5), food_remaining=10), ((5, 5), food_remaining=12), ((13, 3), food_remaining=13), ((13, 3), food_remaining=12), ((1, 3), food_remaining=10), ((1, 3), food_remaining=9), ((6, 5), food_remaining=12), ((6, 5), food_remaining=11), ((1, 3), food_remaining=12), ((1, 3), food_remaining=11), ((13, 3), food_remaining=12), ((13, 5), food_remaining=11), ((13, 5), food_remaining=10), ((13, 3), food_remaining=11), ((10, 4), food_remaining=12), ((10, 4), food_remaining=11), ... (+107 more)]",16,43,59
148,"((3, 3), food_remaining=9)","((2, 3), food_remaining=9)",East,"['((4, 3), food_remaining=9)', '((2, 3), food_remaining=9)']","[((3, 3), food_remaining=9), ((4, 5), food_remaining=10), ((3, 5), food_remaining=11), ((13, 3), food_remaining=10), ((14, 3), food_remaining=12), ((4, 5), food_remaining=10), ((12, 5), food_remaining=11), ((11, 5), food_remaining=11), ((13, 4), food_remaining=11), ((12, 5), food_remaining=10), ((14, 3), food_remaining=11), ((13, 4), food_remaining=10), ((4, 3), food_remaining=10), ((12, 3), food_remaining=11), ((8, 5), food_remaining=11), ((12, 3), food_remaining=12), ((5, 5), food_remaining=11), ((3, 5), food_remaining=11), ((5, 3), food_remaining=11), ((4, 4), food_remaining=10), ((16, 3), food_remaining=13), ((11, 5), food_remaining=10), ((1, 3), food_remaining=11), ((1, 3), food_remaining=12), ((1, 4), food_remaining=11), ((4, 3), food_remaining=10), ((13, 5), food_remaining=11), ((9, 5), food_remaining=11), ((9, 3), food_remaining=11), ((3, 3), food_remaining=11), ((8, 3), food_remaining=11), ((3, 5), food_remaining=12), ((13, 5), food_remaining=10), ((3, 3), food_remaining=12), ((4, 4), food_remaining=11), ((16, 3), food_remaining=12), ((2, 5), food_remaining=10), ((2, 5), food_remaining=11), ((2, 5), food_remaining=11), ((14, 5), food_remaining=9), ... (+13 more)]","[((3, 5), food_remaining=11), ((4, 5), food_remaining=10), ((4, 5), food_remaining=10), ((13, 3), food_remaining=10), ((14, 3), food_remaining=12), ((4, 3), food_remaining=10), ((12, 5), food_remaining=11), ((11, 5), food_remaining=11), ((13, 4), food_remaining=11), ((12, 5), food_remaining=10), ((14, 3), food_remaining=11), ((13, 4), food_remaining=10), ((4, 3), food_remaining=10), ((12, 3), food_remaining=11), ((8, 5), food_remaining=11), ((12, 3), food_remaining=12), ((5, 5), food_remaining=11), ((3, 5), food_remaining=11), ((5, 3), food_remaining=11), ((4, 4), food_remaining=10), ((16, 3), food_remaining=13), ((11, 5), food_remaining=10), ((1, 3), food_remaining=11), ((1, 3), food_remaining=12), ((1, 4), food_remaining=11), ((4, 5), food_remaining=9), ((13, 5), food_remaining=11), ((9, 5), food_remaining=11), ((9, 3), food_remaining=11), ((3, 3), food_remaining=11), ((8, 3), food_remaining=11), ((3, 5), food_remaining=12), ((13, 5), food_remaining=10), ((3, 3), food_remaining=12), ((4, 4), food_remaining=11), ((16, 3), food_remaining=12), ((2, 5), food_remaining=10), ((2, 5), food_remaining=11), ((2, 5), food_remaining=11), ((14, 5), food_remaining=9), ... (+13 more)]","[((5, 5), food_remaining=12), ((9, 5), food_remaining=12), ((15, 3), food_remaining=12), ((1, 5), food_remaining=11), ((1, 5), food_remaining=10), ((5, 5), food_remaining=12), ((5, 5), food_remaining=11), ((4, 3), food_remaining=12), ((4, 3), food_remaining=11), ((1, 4), food_remaining=10), ((1, 4), food_remaining=9), ((14, 5), food_remaining=10), ((3, 3), food_remaining=10), ((5, 3), food_remaining=12), ((2, 5), food_remaining=10), ((2, 5), food_remaining=11), ((12, 3), food_remaining=13), ((12, 3), food_remaining=12), ((1, 5), food_remaining=10), ((1, 5), food_remaining=9), ((3, 3), food_remaining=13), ((3, 3), food_remaining=12), ((12, 5), food_remaining=12), ((2, 5), food_remaining=12), ((12, 5), food_remaining=10), ((5, 5), food_remaining=12), ((13, 3), food_remaining=13), ((13, 3), food_remaining=12), ((1, 3), food_remaining=10), ((1, 3), food_remaining=9), ((6, 5), food_remaining=12), ((6, 5), food_remaining=11), ((1, 3), food_remaining=12), ((1, 3), food_remaining=11), ((13, 3), food_remaining=12), ((13, 5), food_remaining=11), ((13, 5), food_remaining=10), ((13, 3), food_remaining=11), ((10, 4), food_remaining=12), ((10, 4), food_remaining=11), ... (+108 more)]",16,43,59
149,"((3, 5), food_remaining=11)","((2, 5), food_remaining=11)",East,"['((4, 5), food_remaining=11)', '((2, 5), food_remaining=11)']","[((3, 5), food_remaining=11), ((4, 5), food_remaining=10), ((4, 5), food_remaining=10), ((13, 3), food_remaining=10), ((14, 3), food_remaining=12), ((4, 3), food_remaining=10), ((12, 5), food_remaining=11), ((11, 5), food_remaining=11), ((13, 4), food_remaining=11), ((12, 5), food_remaining=10), ((14, 3), food_remaining=11), ((13, 4), food_remaining=10), ((4, 3), food_remaining=10), ((12, 3), food_remaining=11), ((8, 5), food_remaining=11), ((12, 3), food_remaining=12), ((5, 5), food_remaining=11), ((3, 5), food_remaining=11), ((5, 3), food_remaining=11), ((4, 4), food_remaining=10), ((16, 3), food_remaining=13), ((11, 5), food_remaining=10), ((1, 3), food_remaining=11), ((1, 3), food_remaining=12), ((1, 4), food_remaining=11), ((4, 5), food_remaining=9), ((13, 5), food_remaining=11), ((9, 5), food_remaining=11), ((9, 3), food_remaining=11), ((3, 3), food_remaining=11), ((8, 3), food_remaining=11), ((3, 5), food_remaining=12), ((13, 5), food_remaining=10), ((3, 3), food_remaining=12), ((4, 4), food_remaining=11), ((16, 3), food_remaining=12), ((2, 5), food_remaining=10), ((2, 5), food_remaining=11), ((2, 5), food_remaining=11), ((14, 5), food_remaining=9), ... (+13 more)]","[((4, 5), food_remaining=10), ((4, 5), food_remaining=10), ((4, 3), food_remaining=10), ((13, 3), food_remaining=10), ((14, 3), food_remaining=12), ((4, 3), food_remaining=10), ((12, 5), food_remaining=11), ((11, 5), food_remaining=11), ((13, 4), food_remaining=11), ((12, 5), food_remaining=10), ((14, 3), food_remaining=11), ((13, 4), food_remaining=10), ((4, 5), food_remaining=9), ((12, 3), food_remaining=11), ((8, 5), food_remaining=11), ((12, 3), food_remaining=12), ((5, 5), food_remaining=11), ((3, 5), food_remaining=11), ((5, 3), food_remaining=11), ((4, 4), food_remaining=10), ((16, 3), food_remaining=13), ((11, 5), food_remaining=10), ((1, 3), food_remaining=11), ((1, 3), food_remaining=12), ((1, 4), food_remaining=11), ((4, 3), food_remaining=9), ((13, 5), food_remaining=11), ((9, 5), food_remaining=11), ((9, 3), food_remaining=11), ((3, 3), food_remaining=11), ((8, 3), food_remaining=11), ((3, 5), food_remaining=12), ((13, 5), food_remaining=10), ((3, 3), food_remaining=12), ((4, 4), food_remaining=11), ((16, 3), food_remaining=12), ((2, 5), food_remaining=10), ((2, 5), food_remaining=11), ((2, 5), food_remaining=11), ((14, 5), food_remaining=9), ... (+13 more)]","[((5, 5), food_remaining=12), ((9, 5), food_remaining=12), ((15, 3), food_remaining=12), ((1, 5), food_remaining=11), ((1, 5), food_remaining=10), ((5, 5), food_remaining=12), ((5, 5), food_remaining=11), ((4, 3), food_remaining=12), ((4, 3), food_remaining=11), ((1, 4), food_remaining=10), ((1, 4), food_remaining=9), ((14, 5), food_remaining=10), ((3, 3), food_remaining=10), ((5, 3), food_remaining=12), ((2, 5), food_remaining=10), ((2, 5), food_remaining=11), ((12, 3), food_remaining=13), ((12, 3), food_remaining=12), ((1, 5), food_remaining=10), ((1, 5), food_remaining=9), ((3, 3), food_remaining=13), ((3, 3), food_remaining=12), ((12, 5), food_remaining=12), ((2, 5), food_remaining=12), ((12, 5), food_remaining=10), ((5, 5), food_remaining=12), ((13, 3), food_remaining=13), ((13, 3), food_remaining=12), ((1, 3), food_remaining=10), ((1, 3), food_remaining=9), ((6, 5), food_remaining=12), ((6, 5), food_remaining=11), ((1, 3), food_remaining=12), ((1, 3), food_remaining=11), ((13, 3), food_remaining=12), ((13, 5), food_remaining=11), ((13, 5), food_remaining=10), ((13, 3), food_remaining=11), ((10, 4), food_remaining=12), ((10, 4), food_remaining=11), ... (+109 more)]",12,47,59
150,"((4, 5), food_remaining=10)","((3, 5), food_remaining=10)",East,"['((4, 4), food_remaining=9)', '((5, 5), food_remaining=10)', '((3, 5), food_remaining=10)']","[((4, 5), food_remaining=10), ((4, 5), food_remaining=10), ((4, 3), food_remaining=10), ((13, 3), food_remaining=10), ((14, 3), food_remaining=12), ((4, 3), food_remaining=10), ((12, 5), food_remaining=11), ((11, 5), food_remaining=11), ((13, 4), food_remaining=11), ((12, 5), food_remaining=10), ((14, 3), food_remaining=11), ((13, 4), food_remaining=10), ((4, 5), food_remaining=9), ((12, 3), food_remaining=11), ((8, 5), food_remaining=11), ((12, 3), food_remaining=12), ((5, 5), food_remaining=11), ((3, 5), food_remaining=11), ((5, 3), food_remaining=11), ((4, 4), food_remaining=10), ((16, 3), food_remaining=13), ((11, 5), food_remaining=10), ((1, 3), food_remaining=11), ((1, 3), food_remaining=12), ((1, 4), food_remaining=11), ((4, 3), food_remaining=9), ((13, 5), food_remaining=11), ((9, 5), food_remaining=11), ((9, 3), food_remaining=11), ((3, 3), food_remaining=11), ((8, 3), food_remaining=11), ((3, 5), food_remaining=12), ((13, 5), food_remaining=10), ((3, 3), food_remaining=12), ((4, 4), food_remaining=11), ((16, 3), food_remaining=12), ((2, 5), food_remaining=10), ((2, 5), food_remaining=11), ((2, 5), food_remaining=11), ((14, 5), food_remaining=9), ... (+13 more)]","[((4, 3), food_remaining=10), ((4, 5), food_remaining=10), ((4, 3), food_remaining=10), ((13, 3), food_remaining=10), ((14, 3), food_remaining=12), ((4, 5), food_remaining=9), ((12, 5), food_remaining=11), ((11, 5), food_remaining=11), ((13, 4), food_remaining=11), ((12, 5), food_remaining=10), ((14, 3), food_remaining=11), ((13, 4), food_remaining=10), ((4, 3), food_remaining=9), ((12, 3), food_remaining=11), ((8, 5), food_remaining=11), ((12, 3), food_remaining=12), ((5, 5), food_remaining=11), ((3, 5), food_remaining=11), ((5, 3), food_remaining=11), ((4, 4), food_remaining=10), ((16, 3), food_remaining=13), ((11, 5), food_remaining=10), ((1, 3), food_remaining=11), ((1, 3), food_remaining=12), ((1, 4), food_remaining=11), ((4, 5), food_remaining=11), ((13, 5), food_remaining=11), ((9, 5), food_remaining=11), ((9, 3), food_remaining=11), ((3, 3), food_remaining=11), ((8, 3), food_remaining=11), ((3, 5), food_remaining=12), ((13, 5), food_remaining=10), ((3, 3), food_remaining=12), ((4, 4), food_remaining=11), ((16, 3), food_remaining=12), ((2, 5), food_remaining=10), ((2, 5), food_remaining=11), ((2, 5), food_remaining=11), ((14, 5), food_remaining=9), ... (+14 more)]","[((5, 5), food_remaining=12), ((9, 5), food_remaining=12), ((15, 3), food_remaining=12), ((1, 5), food_remaining=11), ((1, 5), food_remaining=10), ((5, 5), food_remaining=12), ((5, 5), food_remaining=11), ((4, 3), food_remaining=12), ((4, 3), food_remaining=11), ((1, 4), food_remaining=10), ((1, 4), food_remaining=9), ((14, 5), food_remaining=10), ((3, 3), food_remaining=10), ((5, 3), food_remaining=12), ((2, 5), food_remaining=10), ((2, 5), food_remaining=11), ((12, 3), food_remaining=13), ((12, 3), food_remaining=12), ((1, 5), food_remaining=10), ((1, 5), food_remaining=9), ((3, 3), food_remaining=13), ((3, 3), food_remaining=12), ((12, 5), food_remaining=12), ((2, 5), food_remaining=12), ((12, 5), food_remaining=10), ((5, 5), food_remaining=12), ((13, 3), food_remaining=13), ((13, 3), food_remaining=12), ((1, 3), food_remaining=10), ((1, 3), food_remaining=9), ((6, 5), food_remaining=12), ((6, 5), food_remaining=11), ((1, 3), food_remaining=12), ((1, 3), food_remaining=11), ((13, 3), food_remaining=12), ((13, 5), food_remaining=11), ((13, 5), food_remaining=10), ((13, 3), food_remaining=11), ((10, 4), food_remaining=12), ((10, 4), food_remaining=11), ... (+110 more)]",15,44,59
151,"((4, 3), food_remaining=10)","((3, 3), food_remaining=10)",East,"['((4, 4), food_remaining=9)', '((5, 3), food_remaining=10)', '((3, 3), food_remaining=10)']","[((4, 3), food_remaining=10), ((4, 5), food_remaining=10), ((4, 3), food_remaining=10), ((13, 3), food_remaining=10), ((14, 3), food_remaining=12), ((4, 5), food_remaining=9), ((12, 5), food_remaining=11), ((11, 5), food_remaining=11), ((13, 4), food_remaining=11), ((12, 5), food_remaining=10), ((14, 3), food_remaining=11), ((13, 4), food_remaining=10), ((4, 3), food_remaining=9), ((12, 3), food_remaining=11), ((8, 5), food_remaining=11), ((12, 3), food_remaining=12), ((5, 5), food_remaining=11), ((3, 5), food_remaining=11), ((5, 3), food_remaining=11), ((4, 4), food_remaining=10), ((16, 3), food_remaining=13), ((11, 5), food_remaining=10), ((1, 3), food_remaining=11), ((1, 3), food_remaining=12), ((1, 4), food_remaining=11), ((4, 5), food_remaining=11), ((13, 5), food_remaining=11), ((9, 5), food_remaining=11), ((9, 3), food_remaining=11), ((3, 3), food_remaining=11), ((8, 3), food_remaining=11), ((3, 5), food_remaining=12), ((13, 5), food_remaining=10), ((3, 3), food_remaining=12), ((4, 4), food_remaining=11), ((16, 3), food_remaining=12), ((2, 5), food_remaining=10), ((2, 5), food_remaining=11), ((2, 5), food_remaining=11), ((14, 5), food_remaining=9), ... (+14 more)]","[((4, 5), food_remaining=10), ((13, 3), food_remaining=10), ((4, 3), food_remaining=10), ((11, 5), food_remaining=11), ((14, 3), food_remaining=12), ((4, 5), food_remaining=9), ((12, 5), food_remaining=11), ((12, 3), food_remaining=12), ((13, 4), food_remaining=11), ((12, 5), food_remaining=10), ((14, 3), food_remaining=11), ((13, 4), food_remaining=10), ((4, 3), food_remaining=9), ((12, 3), food_remaining=11), ((8, 5), food_remaining=11), ((3, 5), food_remaining=12), ((5, 5), food_remaining=11), ((3, 5), food_remaining=11), ((5, 3), food_remaining=11), ((4, 4), food_remaining=10), ((16, 3), food_remaining=13), ((11, 5), food_remaining=10), ((1, 3), food_remaining=11), ((1, 3), food_remaining=12), ((1, 4), food_remaining=11), ((4, 5), food_remaining=11), ((13, 5), food_remaining=11), ((9, 5), food_remaining=11), ((9, 3), food_remaining=11), ((3, 3), food_remaining=11), ((8, 3), food_remaining=11), ((5, 5), food_remaining=10), ((13, 5), food_remaining=10), ((3, 3), food_remaining=12), ((4, 4), food_remaining=11), ((16, 3), food_remaining=12), ((2, 5), food_remaining=10), ((2, 5), food_remaining=11), ((2, 5), food_remaining=11), ((14, 5), food_remaining=9), ... (+14 more)]","[((5, 5), food_remaining=12), ((9, 5), food_remaining=12), ((15, 3), food_remaining=12), ((1, 5), food_remaining=11), ((1, 5), food_remaining=10), ((5, 5), food_remaining=12), ((5, 5), food_remaining=11), ((4, 3), food_remaining=12), ((4, 3), food_remaining=11), ((1, 4), food_remaining=10), ((1, 4), food_remaining=9), ((14, 5), food_remaining=10), ((3, 3), food_remaining=10), ((5, 3), food_remaining=12), ((2, 5), food_remaining=10), ((2, 5), food_remaining=11), ((12, 3), food_remaining=13), ((12, 3), food_remaining=12), ((1, 5), food_remaining=10), ((1, 5), food_remaining=9), ((3, 3), food_remaining=13), ((3, 3), food_remaining=12), ((12, 5), food_remaining=12), ((2, 5), food_remaining=12), ((12, 5), food_remaining=10), ((5, 5), food_remaining=12), ((13, 3), food_remaining=13), ((13, 3), food_remaining=12), ((1, 3), food_remaining=10), ((1, 3), food_remaining=9), ((6, 5), food_remaining=12), ((6, 5), food_remaining=11), ((1, 3), food_remaining=12), ((1, 3), food_remaining=11), ((13, 3), food_remaining=12), ((13, 5), food_remaining=11), ((13, 5), food_remaining=10), ((13, 3), food_remaining=11), ((10, 4), food_remaining=12), ((10, 4), food_remaining=11), ... (+111 more)]",15,44,59
152,"((4, 5), food_remaining=10)","((3, 5), food_remaining=10)",East,"['((4, 4), food_remaining=10)', '((5, 5), food_remaining=10)', '((3, 5), food_remaining=10)']","[((4, 5), food_remaining=10), ((13, 3), food_remaining=10), ((4, 3), food_remaining=10), ((11, 5), food_remaining=11), ((14, 3), food_remaining=12), ((4, 5), food_remaining=9), ((12, 5), food_remaining=11), ((12, 3), food_remaining=12), ((13, 4), food_remaining=11), ((12, 5), food_remaining=10), ((14, 3), food_remaining=11), ((13, 4), food_remaining=10), ((4, 3), food_remaining=9), ((12, 3), food_remaining=11), ((8, 5), food_remaining=11), ((3, 5), food_remaining=12), ((5, 5), food_remaining=11), ((3, 5), food_remaining=11), ((5, 3), food_remaining=11), ((4, 4), food_remaining=10), ((16, 3), food_remaining=13), ((11, 5), food_remaining=10), ((1, 3), food_remaining=11), ((1, 3), food_remaining=12), ((1, 4), food_remaining=11), ((4, 5), food_remaining=11), ((13, 5), food_remaining=11), ((9, 5), food_remaining=11), ((9, 3), food_remaining=11), ((3, 3), food_remaining=11), ((8, 3), food_remaining=11), ((5, 5), food_remaining=10), ((13, 5), food_remaining=10), ((3, 3), food_remaining=12), ((4, 4), food_remaining=11), ((16, 3), food_remaining=12), ((2, 5), food_remaining=10), ((2, 5), food_remaining=11), ((2, 5), food_remaining=11), ((14, 5), food_remaining=9), ... (+14 more)]","[((4, 3), food_remaining=10), ((13, 3), food_remaining=10), ((4, 5), food_remaining=9), ((11, 5), food_remaining=11), ((14, 3), food_remaining=12), ((4, 3), food_remaining=9), ((12, 5), food_remaining=11), ((12, 3), food_remaining=12), ((13, 4), food_remaining=11), ((12, 5), food_remaining=10), ((14, 3), food_remaining=11), ((13, 4), food_remaining=10), ((4, 5), food_remaining=11), ((12, 3), food_remaining=11), ((8, 5), food_remaining=11), ((3, 5), food_remaining=12), ((5, 5), food_remaining=11), ((3, 5), food_remaining=11), ((5, 3), food_remaining=11), ((4, 4), food_remaining=10), ((16, 3), food_remaining=13), ((11, 5), food_remaining=10), ((1, 3), food_remaining=11), ((1, 3), food_remaining=12), ((1, 4), food_remaining=11), ((4, 4), food_remaining=9), ((5, 5), food_remaining=10), ((9, 5), food_remaining=11), ((9, 3), food_remaining=11), ((3, 3), food_remaining=11), ((8, 3), food_remaining=11), ((5, 5), food_remaining=10), ((13, 5), food_remaining=10), ((3, 3), food_remaining=12), ((4, 4), food_remaining=11), ((16, 3), food_remaining=12), ((2, 5), food_remaining=10), ((2, 5), food_remaining=11), ((2, 5), food_remaining=11), ((14, 5), food_remaining=9), ... (+15 more)]","[((5, 5), food_remaining=12), ((9, 5), food_remaining=12), ((15, 3), food_remaining=12), ((1, 5), food_remaining=11), ((1, 5), food_remaining=10), ((5, 5), food_remaining=12), ((5, 5), food_remaining=11), ((4, 3), food_remaining=12), ((4, 3), food_remaining=11), ((1, 4), food_remaining=10), ((1, 4), food_remaining=9), ((14, 5), food_remaining=10), ((3, 3), food_remaining=10), ((5, 3), food_remaining=12), ((2, 5), food_remaining=10), ((2, 5), food_remaining=11), ((12, 3), food_remaining=13), ((12, 3), food_remaining=12), ((1, 5), food_remaining=10), ((1, 5), food_remaining=9), ((3, 3), food_remaining=13), ((3, 3), food_remaining=12), ((12, 5), food_remaining=12), ((2, 5), food_remaining=12), ((12, 5), food_remaining=10), ((5, 5), food_remaining=12), ((13, 3), food_remaining=13), ((13, 3), food_remaining=12), ((1, 3), food_remaining=10), ((1, 3), food_remaining=9), ((6, 5), food_remaining=12), ((6, 5), food_remaining=11), ((1, 3), food_remaining=12), ((1, 3), food_remaining=11), ((13, 3), food_remaining=12), ((13, 5), food_remaining=11), ((13, 5), food_remaining=10), ((13, 3), food_remaining=11), ((10, 4), food_remaining=12), ((10, 4), food_remaining=11), ... (+112 more)]",15,44,59
153,"((4, 3), food_remaining=10)","((3, 3), food_remaining=10)",East,"['((4, 4), food_remaining=10)', '((5, 3), food_remaining=10)', '((3, 3), food_remaining=10)']","[((4, 3), food_remaining=10), ((13, 3), food_remaining=10), ((4, 5), food_remaining=9), ((11, 5), food_remaining=11), ((14, 3), food_remaining=12), ((4, 3), food_remaining=9), ((12, 5), food_remaining=11), ((12, 3), food_remaining=12), ((13, 4), food_remaining=11), ((12, 5), food_remaining=10), ((14, 3), food_remaining=11), ((13, 4), food_remaining=10), ((4, 5), food_remaining=11), ((12, 3), food_remaining=11), ((8, 5), food_remaining=11), ((3, 5), food_remaining=12), ((5, 5), food_remaining=11), ((3, 5), food_remaining=11), ((5, 3), food_remaining=11), ((4, 4), food_remaining=10), ((16, 3), food_remaining=13), ((11, 5), food_remaining=10), ((1, 3), food_remaining=11), ((1, 3), food_remaining=12), ((1, 4), food_remaining=11), ((4, 4), food_remaining=9), ((5, 5), food_remaining=10), ((9, 5), food_remaining=11), ((9, 3), food_remaining=11), ((3, 3), food_remaining=11), ((8, 3), food_remaining=11), ((5, 5), food_remaining=10), ((13, 5), food_remaining=10), ((3, 3), food_remaining=12), ((4, 4), food_remaining=11), ((16, 3), food_remaining=12), ((2, 5), food_remaining=10), ((2, 5), food_remaining=11), ((2, 5), food_remaining=11), ((14, 5), food_remaining=9), ... (+15 more)]","[((4, 5), food_remaining=9), ((13, 3), food_remaining=10), ((4, 3), food_remaining=9), ((11, 5), food_remaining=11), ((14, 3), food_remaining=12), ((4, 5), food_remaining=11), ((12, 5), food_remaining=11), ((12, 3), food_remaining=12), ((13, 4), food_remaining=11), ((12, 5), food_remaining=10), ((14, 3), food_remaining=11), ((13, 4), food_remaining=10), ((4, 4), food_remaining=9), ((12, 3), food_remaining=11), ((8, 5), food_remaining=11), ((3, 5), food_remaining=12), ((5, 5), food_remaining=11), ((3, 5), food_remaining=11), ((5, 3), food_remaining=11), ((4, 4), food_remaining=10), ((16, 3), food_remaining=13), ((11, 5), food_remaining=10), ((1, 3), food_remaining=11), ((1, 3), food_remaining=12), ((1, 4), food_remaining=11), ((13, 5), food_remaining=11), ((5, 5), food_remaining=10), ((9, 5), food_remaining=11), ((9, 3), food_remaining=11), ((3, 3), food_remaining=11), ((8, 3), food_remaining=11), ((5, 5), food_remaining=10), ((13, 5), food_remaining=10), ((3, 3), food_remaining=12), ((4, 4), food_remaining=11), ((16, 3), food_remaining=12), ((2, 5), food_remaining=10), ((2, 5), food_remaining=11), ((2, 5), food_remaining=11), ((14, 5), food_remaining=9), ... (+15 more)]","[((5, 5), food_remaining=12), ((4, 3), food_remaining=10), ((9, 5), food_remaining=12), ((15, 3), food_remaining=12), ((1, 5), food_remaining=11), ((1, 5), food_remaining=10), ((5, 5), food_remaining=12), ((5, 5), food_remaining=11), ((4, 3), food_remaining=12), ((4, 3), food_remaining=11), ((1, 4), food_remaining=10), ((1, 4), food_remaining=9), ((14, 5), food_remaining=10), ((3, 3), food_remaining=10), ((5, 3), food_remaining=12), ((2, 5), food_remaining=10), ((2, 5), food_remaining=11), ((12, 3), food_remaining=13), ((12, 3), food_remaining=12), ((1, 5), food_remaining=10), ((1, 5), food_remaining=9), ((3, 3), food_remaining=13), ((3, 3), food_remaining=12), ((12, 5), food_remaining=12), ((2, 5), food_remaining=12), ((12, 5), food_remaining=10), ((5, 5), food_remaining=12), ((13, 3), food_remaining=13), ((13, 3), food_remaining=12), ((1, 3), food_remaining=10), ((1, 3), food_remaining=9), ((6, 5), food_remaining=12), ((6, 5), food_remaining=11), ((1, 3), food_remaining=12), ((1, 3), food_remaining=11), ((13, 3), food_remaining=12), ((13, 5), food_remaining=11), ((13, 5), food_remaining=10), ((13, 3), food_remaining=11), ((10, 4), food_remaining=12), ... (+113 more)]",15,44,59
154,"((4, 5), food_remaining=9)","((3, 5), food_remaining=9)",East,"['((4, 4), food_remaining=9)', '((5, 5), food_remaining=9)', '((3, 5), food_remaining=9)']","[((4, 5), food_remaining=9), ((13, 3), food_remaining=10), ((4, 3), food_remaining=9), ((11, 5), food_remaining=11), ((14, 3), food_remaining=12), ((4, 5), food_remaining=11), ((12, 5), food_remaining=11), ((12, 3), food_remaining=12), ((13, 4), food_remaining=11), ((12, 5), food_remaining=10), ((14, 3), food_remaining=11), ((13, 4), food_remaining=10), ((4, 4), food_remaining=9), ((12, 3), food_remaining=11), ((8, 5), food_remaining=11), ((3, 5), food_remaining=12), ((5, 5), food_remaining=11), ((3, 5), food_remaining=11), ((5, 3), food_remaining=11), ((4, 4), food_remaining=10), ((16, 3), food_remaining=13), ((11, 5), food_remaining=10), ((1, 3), food_remaining=11), ((1, 3), food_remaining=12), ((1, 4), food_remaining=11), ((13, 5), food_remaining=11), ((5, 5), food_remaining=10), ((9, 5), food_remaining=11), ((9, 3), food_remaining=11), ((3, 3), food_remaining=11), ((8, 3), food_remaining=11), ((5, 5), food_remaining=10), ((13, 5), food_remaining=10), ((3, 3), food_remaining=12), ((4, 4), food_remaining=11), ((16, 3), food_remaining=12), ((2, 5), food_remaining=10), ((2, 5), food_remaining=11), ((2, 5), food_remaining=11), ((14, 5), food_remaining=9), ... (+15 more)]","[((4, 3), food_remaining=9), ((13, 3), food_remaining=10), ((4, 5), food_remaining=11), ((11, 5), food_remaining=11), ((14, 3), food_remaining=12), ((4, 4), food_remaining=9), ((12, 5), food_remaining=11), ((12, 3), food_remaining=12), ((13, 4), food_remaining=11), ((12, 5), food_remaining=10), ((14, 3), food_remaining=11), ((13, 4), food_remaining=10), ((5, 5), food_remaining=10), ((12, 3), food_remaining=11), ((8, 5), food_remaining=11), ((3, 5), food_remaining=12), ((5, 5), food_remaining=11), ((3, 5), food_remaining=11), ((5, 3), food_remaining=11), ((4, 4), food_remaining=10), ((16, 3), food_remaining=13), ((11, 5), food_remaining=10), ((1, 3), food_remaining=11), ((1, 3), food_remaining=12), ((1, 4), food_remaining=11), ((13, 5), food_remaining=11), ((5, 3), food_remaining=10), ((9, 5), food_remaining=11), ((9, 3), food_remaining=11), ((3, 3), food_remaining=11), ((8, 3), food_remaining=11), ((5, 5), food_remaining=10), ((13, 5), food_remaining=10), ((3, 3), food_remaining=12), ((4, 4), food_remaining=11), ((16, 3), food_remaining=12), ((2, 5), food_remaining=10), ((2, 5), food_remaining=11), ((2, 5), food_remaining=11), ((14, 5), food_remaining=9), ... (+15 more)]","[((5, 5), food_remaining=12), ((4, 3), food_remaining=10), ((9, 5), food_remaining=12), ((15, 3), food_remaining=12), ((1, 5), food_remaining=11), ((1, 5), food_remaining=10), ((5, 5), food_remaining=12), ((5, 5), food_remaining=11), ((4, 3), food_remaining=12), ((4, 3), food_remaining=11), ((1, 4), food_remaining=10), ((1, 4), food_remaining=9), ((14, 5), food_remaining=10), ((3, 3), food_remaining=10), ((5, 3), food_remaining=12), ((2, 5), food_remaining=10), ((2, 5), food_remaining=11), ((12, 3), food_remaining=13), ((12, 3), food_remaining=12), ((1, 5), food_remaining=10), ((1, 5), food_remaining=9), ((3, 3), food_remaining=13), ((3, 3), food_remaining=12), ((12, 5), food_remaining=12), ((2, 5), food_remaining=12), ((12, 5), food_remaining=10), ((5, 5), food_remaining=12), ((13, 3), food_remaining=13), ((13, 3), food_remaining=12), ((1, 3), food_remaining=10), ((1, 3), food_remaining=9), ((6, 5), food_remaining=12), ((6, 5), food_remaining=11), ((1, 3), food_remaining=12), ((1, 3), food_remaining=11), ((13, 3), food_remaining=12), ((13, 5), food_remaining=11), ((13, 5), food_remaining=10), ((13, 3), food_remaining=11), ((10, 4), food_remaining=12), ... (+114 more)]",17,42,59
155,"((4, 3), food_remaining=9)","((3, 3), food_remaining=9)",East,"['((4, 4), food_remaining=9)', '((5, 3), food_remaining=9)', '((3, 3), food_remaining=9)']","[((4, 3), food_remaining=9), ((13, 3), food_remaining=10), ((4, 5), food_remaining=11), ((11, 5), food_remaining=11), ((14, 3), food_remaining=12), ((4, 4), food_remaining=9), ((12, 5), food_remaining=11), ((12, 3), food_remaining=12), ((13, 4), food_remaining=11), ((12, 5), food_remaining=10), ((14, 3), food_remaining=11), ((13, 4), food_remaining=10), ((5, 5), food_remaining=10), ((12, 3), food_remaining=11), ((8, 5), food_remaining=11), ((3, 5), food_remaining=12), ((5, 5), food_remaining=11), ((3, 5), food_remaining=11), ((5, 3), food_remaining=11), ((4, 4), food_remaining=10), ((16, 3), food_remaining=13), ((11, 5), food_remaining=10), ((1, 3), food_remaining=11), ((1, 3), food_remaining=12), ((1, 4), food_remaining=11), ((13, 5), food_remaining=11), ((5, 3), food_remaining=10), ((9, 5), food_remaining=11), ((9, 3), food_remaining=11), ((3, 3), food_remaining=11), ((8, 3), food_remaining=11), ((5, 5), food_remaining=10), ((13, 5), food_remaining=10), ((3, 3), food_remaining=12), ((4, 4), food_remaining=11), ((16, 3), food_remaining=12), ((2, 5), food_remaining=10), ((2, 5), food_remaining=11), ((2, 5), food_remaining=11), ((14, 5), food_remaining=9), ... (+15 more)]","[((4, 5), food_remaining=11), ((13, 3), food_remaining=10), ((4, 4), food_remaining=9), ((11, 5), food_remaining=11), ((14, 3), food_remaining=12), ((5, 5), food_remaining=10), ((12, 5), food_remaining=11), ((12, 3), food_remaining=12), ((13, 4), food_remaining=11), ((12, 5), food_remaining=10), ((14, 3), food_remaining=11), ((13, 4), food_remaining=10), ((5, 3), food_remaining=10), ((12, 3), food_remaining=11), ((8, 5), food_remaining=11), ((3, 5), food_remaining=12), ((5, 5), food_remaining=11), ((3, 5), food_remaining=11), ((5, 3), food_remaining=11), ((4, 4), food_remaining=10), ((16, 3), food_remaining=13), ((11, 5), food_remaining=10), ((1, 3), food_remaining=11), ((1, 3), food_remaining=12), ((1, 4), food_remaining=11), ((13, 5), food_remaining=11), ((5, 5), food_remaining=9), ((9, 5), food_remaining=11), ((9, 3), food_remaining=11), ((3, 3), food_remaining=11), ((8, 3), food_remaining=11), ((5, 5), food_remaining=10), ((13, 5), food_remaining=10), ((3, 3), food_remaining=12), ((4, 4), food_remaining=11), ((16, 3), food_remaining=12), ((2, 5), food_remaining=10), ((2, 5), food_remaining=11), ((2, 5), food_remaining=11), ((14, 5), food_remaining=9), ... (+15 more)]","[((5, 5), food_remaining=12), ((4, 3), food_remaining=10), ((4, 3), food_remaining=9), ((9, 5), food_remaining=12), ((15, 3), food_remaining=12), ((1, 5), food_remaining=11), ((1, 5), food_remaining=10), ((5, 5), food_remaining=12), ((5, 5), food_remaining=11), ((4, 3), food_remaining=12), ((4, 3), food_remaining=11), ((1, 4), food_remaining=10), ((1, 4), food_remaining=9), ((14, 5), food_remaining=10), ((3, 3), food_remaining=10), ((5, 3), food_remaining=12), ((2, 5), food_remaining=10), ((2, 5), food_remaining=11), ((12, 3), food_remaining=13), ((12, 3), food_remaining=12), ((1, 5), food_remaining=10), ((1, 5), food_remaining=9), ((3, 3), food_remaining=13), ((3, 3), food_remaining=12), ((12, 5), food_remaining=12), ((2, 5), food_remaining=12), ((12, 5), food_remaining=10), ((5, 5), food_remaining=12), ((13, 3), food_remaining=13), ((13, 3), food_remaining=12), ((1, 3), food_remaining=10), ((1, 3), food_remaining=9), ((6, 5), food_remaining=12), ((6, 5), food_remaining=11), ((1, 3), food_remaining=12), ((1, 3), food_remaining=11), ((13, 3), food_remaining=12), ((13, 5), food_remaining=11), ((13, 5), food_remaining=10), ((13, 3), food_remaining=11), ... (+115 more)]",17,42,59
156,"((4, 5), food_remaining=11)","((3, 5), food_remaining=11)",East,"['((4, 4), food_remaining=10)', '((5, 5), food_remaining=11)', '((3, 5), food_remaining=11)']","[((4, 5), food_remaining=11), ((13, 3), food_remaining=10), ((4, 4), food_remaining=9), ((11, 5), food_remaining=11), ((14, 3), food_remaining=12), ((5, 5), food_remaining=10), ((12, 5), food_remaining=11), ((12, 3), food_remaining=12), ((13, 4), food_remaining=11), ((12, 5), food_remaining=10), ((14, 3), food_remaining=11), ((13, 4), food_remaining=10), ((5, 3), food_remaining=10), ((12, 3), food_remaining=11), ((8, 5), food_remaining=11), ((3, 5), food_remaining=12), ((5, 5), food_remaining=11), ((3, 5), food_remaining=11), ((5, 3), food_remaining=11), ((4, 4), food_remaining=10), ((16, 3), food_remaining=13), ((11, 5), food_remaining=10), ((1, 3), food_remaining=11), ((1, 3), food_remaining=12), ((1, 4), food_remaining=11), ((13, 5), food_remaining=11), ((5, 5), food_remaining=9), ((9, 5), food_remaining=11), ((9, 3), food_remaining=11), ((3, 3), food_remaining=11), ((8, 3), food_remaining=11), ((5, 5), food_remaining=10), ((13, 5), food_remaining=10), ((3, 3), food_remaining=12), ((4, 4), food_remaining=11), ((16, 3), food_remaining=12), ((2, 5), food_remaining=10), ((2, 5), food_remaining=11), ((2, 5), food_remaining=11), ((14, 5), food_remaining=9), ... (+15 more)]","[((4, 4), food_remaining=9), ((13, 3), food_remaining=10), ((5, 5), food_remaining=10), ((11, 5), food_remaining=11), ((14, 3), food_remaining=12), ((5, 3), food_remaining=10), ((12, 5), food_remaining=11), ((12, 3), food_remaining=12), ((13, 4), food_remaining=11), ((12, 5), food_remaining=10), ((14, 3), food_remaining=11), ((13, 4), food_remaining=10), ((5, 5), food_remaining=9), ((12, 3), food_remaining=11), ((8, 5), food_remaining=11), ((3, 5), food_remaining=12), ((5, 5), food_remaining=11), ((3, 5), food_remaining=11), ((5, 3), food_remaining=11), ((4, 4), food_remaining=10), ((16, 3), food_remaining=13), ((11, 5), food_remaining=10), ((1, 3), food_remaining=11), ((1, 3), food_remaining=12), ((1, 4), food_remaining=11), ((13, 5), food_remaining=11), ((5, 3), food_remaining=9), ((9, 5), food_remaining=11), ((9, 3), food_remaining=11), ((3, 3), food_remaining=11), ((8, 3), food_remaining=11), ((5, 5), food_remaining=10), ((13, 5), food_remaining=10), ((3, 3), food_remaining=12), ((4, 4), food_remaining=11), ((16, 3), food_remaining=12), ((2, 5), food_remaining=10), ((2, 5), food_remaining=11), ((2, 5), food_remaining=11), ((14, 5), food_remaining=9), ... (+16 more)]","[((5, 5), food_remaining=12), ((4, 3), food_remaining=10), ((4, 3), food_remaining=9), ((9, 5), food_remaining=12), ((15, 3), food_remaining=12), ((1, 5), food_remaining=11), ((1, 5), food_remaining=10), ((5, 5), food_remaining=12), ((5, 5), food_remaining=11), ((4, 3), food_remaining=12), ((4, 3), food_remaining=11), ((1, 4), food_remaining=10), ((1, 4), food_remaining=9), ((14, 5), food_remaining=10), ((3, 3), food_remaining=10), ((5, 3), food_remaining=12), ((2, 5), food_remaining=10), ((2, 5), food_remaining=11), ((12, 3), food_remaining=13), ((12, 3), food_remaining=12), ((1, 5), food_remaining=10), ((1, 5), food_remaining=9), ((3, 3), food_remaining=13), ((3, 3), food_remaining=12), ((12, 5), food_remaining=12), ((2, 5), food_remaining=12), ((12, 5), food_remaining=10), ((5, 5), food_remaining=12), ((13, 3), food_remaining=13), ((13, 3), food_remaining=12), ((1, 3), food_remaining=10), ((1, 3), food_remaining=9), ((6, 5), food_remaining=12), ((6, 5), food_remaining=11), ((1, 3), food_remaining=12), ((1, 3), food_remaining=11), ((13, 3), food_remaining=12), ((13, 5), food_remaining=11), ((13, 5), food_remaining=10), ((13, 3), food_remaining=11), ... (+116 more)]",13,46,59
157,"((4, 4), food_remaining=9)","((4, 5), food_remaining=10)",South,"['((4, 5), food_remaining=9)', '((4, 3), food_remaining=9)']","[((4, 4), food_remaining=9), ((13, 3), food_remaining=10), ((5, 5), food_remaining=10), ((11, 5), food_remaining=11), ((14, 3), food_remaining=12), ((5, 3), food_remaining=10), ((12, 5), food_remaining=11), ((12, 3), food_remaining=12), ((13, 4), food_remaining=11), ((12, 5), food_remaining=10), ((14, 3), food_remaining=11), ((13, 4), food_remaining=10), ((5, 5), food_remaining=9), ((12, 3), food_remaining=11), ((8, 5), food_remaining=11), ((3, 5), food_remaining=12), ((5, 5), food_remaining=11), ((3, 5), food_remaining=11), ((5, 3), food_remaining=11), ((4, 4), food_remaining=10), ((16, 3), food_remaining=13), ((11, 5), food_remaining=10), ((1, 3), food_remaining=11), ((1, 3), food_remaining=12), ((1, 4), food_remaining=11), ((13, 5), food_remaining=11), ((5, 3), food_remaining=9), ((9, 5), food_remaining=11), ((9, 3), food_remaining=11), ((3, 3), food_remaining=11), ((8, 3), food_remaining=11), ((5, 5), food_remaining=10), ((13, 5), food_remaining=10), ((3, 3), food_remaining=12), ((4, 4), food_remaining=11), ((16, 3), food_remaining=12), ((2, 5), food_remaining=10), ((2, 5), food_remaining=11), ((2, 5), food_remaining=11), ((14, 5), food_remaining=9), ... (+16 more)]","[((5, 5), food_remaining=10), ((13, 3), food_remaining=10), ((5, 3), food_remaining=10), ((11, 5), food_remaining=11), ((14, 3), food_remaining=12), ((5, 5), food_remaining=9), ((12, 5), food_remaining=11), ((12, 3), food_remaining=12), ((13, 4), food_remaining=11), ((12, 5), food_remaining=10), ((14, 3), food_remaining=11), ((13, 4), food_remaining=10), ((5, 3), food_remaining=9), ((12, 3), food_remaining=11), ((8, 5), food_remaining=11), ((3, 5), food_remaining=12), ((5, 5), food_remaining=11), ((3, 5), food_remaining=11), ((5, 3), food_remaining=11), ((4, 4), food_remaining=10), ((16, 3), food_remaining=13), ((11, 5), food_remaining=10), ((1, 3), food_remaining=11), ((1, 3), food_remaining=12), ((1, 4), food_remaining=11), ((13, 5), food_remaining=11), ((4, 4), food_remaining=10), ((9, 5), food_remaining=11), ((9, 3), food_remaining=11), ((3, 3), food_remaining=11), ((8, 3), food_remaining=11), ((5, 5), food_remaining=10), ((13, 5), food_remaining=10), ((3, 3), food_remaining=12), ((4, 4), food_remaining=11), ((16, 3), food_remaining=12), ((2, 5), food_remaining=10), ((2, 5), food_remaining=11), ((2, 5), food_remaining=11), ((14, 5), food_remaining=9), ... (+15 more)]","[((5, 5), food_remaining=12), ((4, 3), food_remaining=10), ((4, 3), food_remaining=9), ((9, 5), food_remaining=12), ((15, 3), food_remaining=12), ((1, 5), food_remaining=11), ((1, 5), food_remaining=10), ((5, 5), food_remaining=12), ((5, 5), food_remaining=11), ((4, 3), food_remaining=12), ((4, 3), food_remaining=11), ((1, 4), food_remaining=10), ((1, 4), food_remaining=9), ((14, 5), food_remaining=10), ((3, 3), food_remaining=10), ((5, 3), food_remaining=12), ((2, 5), food_remaining=10), ((2, 5), food_remaining=11), ((12, 3), food_remaining=13), ((12, 3), food_remaining=12), ((1, 5), food_remaining=10), ((1, 5), food_remaining=9), ((3, 3), food_remaining=13), ((3, 3), food_remaining=12), ((12, 5), food_remaining=12), ((2, 5), food_remaining=12), ((12, 5), food_remaining=10), ((5, 5), food_remaining=12), ((13, 3), food_remaining=13), ((13, 3), food_remaining=12), ((1, 3), food_remaining=10), ((1, 3), food_remaining=9), ((6, 5), food_remaining=12), ((6, 5), food_remaining=11), ((1, 3), food_remaining=12), ((1, 3), food_remaining=11), ((13, 3), food_remaining=12), ((13, 5), food_remaining=11), ((13, 5), food_remaining=10), ((13, 3), food_remaining=11), ... (+117 more)]",16,43,59
158,"((5, 5), food_remaining=10)","((4, 5), food_remaining=10)",East,"['((6, 5), food_remaining=10)', '((4, 5), food_remaining=10)']","[((5, 5), food_remaining=10), ((13, 3), food_remaining=10), ((5, 3), food_remaining=10), ((11, 5), food_remaining=11), ((14, 3), food_remaining=12), ((5, 5), food_remaining=9), ((12, 5), food_remaining=11), ((12, 3), food_remaining=12), ((13, 4), food_remaining=11), ((12, 5), food_remaining=10), ((14, 3), food_remaining=11), ((13, 4), food_remaining=10), ((5, 3), food_remaining=9), ((12, 3), food_remaining=11), ((8, 5), food_remaining=11), ((3, 5), food_remaining=12), ((5, 5), food_remaining=11), ((3, 5), food_remaining=11), ((5, 3), food_remaining=11), ((4, 4), food_remaining=10), ((16, 3), food_remaining=13), ((11, 5), food_remaining=10), ((1, 3), food_remaining=11), ((1, 3), food_remaining=12), ((1, 4), food_remaining=11), ((13, 5), food_remaining=11), ((4, 4), food_remaining=10), ((9, 5), food_remaining=11), ((9, 3), food_remaining=11), ((3, 3), food_remaining=11), ((8, 3), food_remaining=11), ((5, 5), food_remaining=10), ((13, 5), food_remaining=10), ((3, 3), food_remaining=12), ((4, 4), food_remaining=11), ((16, 3), food_remaining=12), ((2, 5), food_remaining=10), ((2, 5), food_remaining=11), ((2, 5), food_remaining=11), ((14, 5), food_remaining=9), ... (+15 more)]","[((5, 3), food_remaining=10), ((13, 3), food_remaining=10), ((5, 5), food_remaining=9), ((11, 5), food_remaining=11), ((14, 3), food_remaining=12), ((5, 3), food_remaining=9), ((12, 5), food_remaining=11), ((12, 3), food_remaining=12), ((13, 4), food_remaining=11), ((12, 5), food_remaining=10), ((14, 3), food_remaining=11), ((13, 4), food_remaining=10), ((4, 4), food_remaining=10), ((12, 3), food_remaining=11), ((8, 5), food_remaining=11), ((3, 5), food_remaining=12), ((5, 5), food_remaining=11), ((3, 5), food_remaining=11), ((5, 3), food_remaining=11), ((4, 4), food_remaining=10), ((16, 3), food_remaining=13), ((11, 5), food_remaining=10), ((1, 3), food_remaining=11), ((1, 3), food_remaining=12), ((1, 4), food_remaining=11), ((13, 5), food_remaining=11), ((6, 5), food_remaining=10), ((9, 5), food_remaining=11), ((9, 3), food_remaining=11), ((3, 3), food_remaining=11), ((8, 3), food_remaining=11), ((5, 5), food_remaining=10), ((13, 5), food_remaining=10), ((3, 3), food_remaining=12), ((4, 4), food_remaining=11), ((16, 3), food_remaining=12), ((2, 5), food_remaining=10), ((2, 5), food_remaining=11), ((2, 5), food_remaining=11), ((14, 5), food_remaining=9), ... (+15 more)]","[((5, 5), food_remaining=12), ((4, 3), food_remaining=10), ((4, 3), food_remaining=9), ((9, 5), food_remaining=12), ((15, 3), food_remaining=12), ((1, 5), food_remaining=11), ((1, 5), food_remaining=10), ((5, 5), food_remaining=12), ((5, 5), food_remaining=11), ((4, 3), food_remaining=12), ((4, 3), food_remaining=11), ((1, 4), food_remaining=10), ((1, 4), food_remaining=9), ((14, 5), food_remaining=10), ((3, 3), food_remaining=10), ((5, 3), food_remaining=12), ((2, 5), food_remaining=10), ((2, 5), food_remaining=11), ((12, 3), food_remaining=13), ((12, 3), food_remaining=12), ((1, 5), food_remaining=10), ((1, 5), food_remaining=9), ((3, 3), food_remaining=13), ((3, 3), food_remaining=12), ((12, 5), food_remaining=12), ((2, 5), food_remaining=12), ((12, 5), food_remaining=10), ((5, 5), food_remaining=10), ((5, 5), food_remaining=12), ((13, 3), food_remaining=13), ((13, 3), food_remaining=12), ((1, 3), food_remaining=10), ((1, 3), food_remaining=9), ((6, 5), food_remaining=12), ((6, 5), food_remaining=11), ((1, 3), food_remaining=12), ((1, 3), food_remaining=11), ((13, 3), food_remaining=12), ((13, 5), food_remaining=11), ((13, 5), food_remaining=10), ... (+118 more)]",16,43,59
159,"((5, 3), food_remaining=10)","((4, 3), food_remaining=10)",East,"['((6, 3), food_remaining=10)', '((4, 3), food_remaining=10)']","[((5, 3), food_remaining=10), ((13, 3), food_remaining=10), ((5, 5), food_remaining=9), ((11, 5), food_remaining=11), ((14, 3), food_remaining=12), ((5, 3), food_remaining=9), ((12, 5), food_remaining=11), ((12, 3), food_remaining=12), ((13, 4), food_remaining=11), ((12, 5), food_remaining=10), ((14, 3), food_remaining=11), ((13, 4), food_remaining=10), ((4, 4), food_remaining=10), ((12, 3), food_remaining=11), ((8, 5), food_remaining=11), ((3, 5), food_remaining=12), ((5, 5), food_remaining=11), ((3, 5), food_remaining=11), ((5, 3), food_remaining=11), ((4, 4), food_remaining=10), ((16, 3), food_remaining=13), ((11, 5), food_remaining=10), ((1, 3), food_remaining=11), ((1, 3), food_remaining=12), ((1, 4), food_remaining=11), ((13, 5), food_remaining=11), ((6, 5), food_remaining=10), ((9, 5), food_remaining=11), ((9, 3), food_remaining=11), ((3, 3), food_remaining=11), ((8, 3), food_remaining=11), ((5, 5), food_remaining=10), ((13, 5), food_remaining=10), ((3, 3), food_remaining=12), ((4, 4), food_remaining=11), ((16, 3), food_remaining=12), ((2, 5), food_remaining=10), ((2, 5), food_remaining=11), ((2, 5), food_remaining=11), ((14, 5), food_remaining=9), ... (+15 more)]","[((5, 5), food_remaining=9), ((13, 3), food_remaining=10), ((5, 3), food_remaining=9), ((11, 5), food_remaining=11), ((14, 3), food_remaining=12), ((4, 4), food_remaining=10), ((12, 5), food_remaining=11), ((12, 3), food_remaining=12), ((13, 4), food_remaining=11), ((12, 5), food_remaining=10), ((14, 3), food_remaining=11), ((13, 4), food_remaining=10), ((6, 5), food_remaining=10), ((12, 3), food_remaining=11), ((8, 5), food_remaining=11), ((3, 5), food_remaining=12), ((5, 5), food_remaining=11), ((3, 5), food_remaining=11), ((5, 3), food_remaining=11), ((4, 4), food_remaining=10), ((16, 3), food_remaining=13), ((11, 5), food_remaining=10), ((1, 3), food_remaining=11), ((1, 3), food_remaining=12), ((1, 4), food_remaining=11), ((13, 5), food_remaining=11), ((6, 3), food_remaining=10), ((9, 5), food_remaining=11), ((9, 3), food_remaining=11), ((3, 3), food_remaining=11), ((8, 3), food_remaining=11), ((5, 5), food_remaining=10), ((13, 5), food_remaining=10), ((3, 3), food_remaining=12), ((4, 4), food_remaining=11), ((16, 3), food_remaining=12), ((2, 5), food_remaining=10), ((2, 5), food_remaining=11), ((2, 5), food_remaining=11), ((14, 5), food_remaining=9), ... (+15 more)]","[((5, 5), food_remaining=12), ((4, 3), food_remaining=10), ((4, 3), food_remaining=9), ((9, 5), food_remaining=12), ((15, 3), food_remaining=12), ((1, 5), food_remaining=11), ((1, 5), food_remaining=10), ((5, 5), food_remaining=12), ((5, 5), food_remaining=11), ((4, 3), food_remaining=12), ((4, 3), food_remaining=11), ((1, 4), food_remaining=10), ((1, 4), food_remaining=9), ((5, 3), food_remaining=10), ((14, 5), food_remaining=10), ((3, 3), food_remaining=10), ((5, 3), food_remaining=12), ((2, 5), food_remaining=10), ((2, 5), food_remaining=11), ((12, 3), food_remaining=13), ((12, 3), food_remaining=12), ((1, 5), food_remaining=10), ((1, 5), food_remaining=9), ((3, 3), food_remaining=13), ((3, 3), food_remaining=12), ((12, 5), food_remaining=12), ((2, 5), food_remaining=12), ((12, 5), food_remaining=10), ((5, 5), food_remaining=10), ((5, 5), food_remaining=12), ((13, 3), food_remaining=13), ((13, 3), food_remaining=12), ((1, 3), food_remaining=10), ((1, 3), food_remaining=9), ((6, 5), food_remaining=12), ((6, 5), food_remaining=11), ((1, 3), food_remaining=12), ((1, 3), food_remaining=11), ((13, 3), food_remaining=12), ((13, 5), food_remaining=11), ... (+119 more)]",16,43,59
160,"((5, 5), food_remaining=9)","((4, 5), food_remaining=9)",East,"['((6, 5), food_remaining=9)', '((4, 5), food_remaining=9)']","[((5, 5), food_remaining=9), ((13, 3), food_remaining=10), ((5, 3), food_remaining=9), ((11, 5), food_remaining=11), ((14, 3), food_remaining=12), ((4, 4), food_remaining=10), ((12, 5), food_remaining=11), ((12, 3), food_remaining=12), ((13, 4), food_remaining=11), ((12, 5), food_remaining=10), ((14, 3), food_remaining=11), ((13, 4), food_remaining=10), ((6, 5), food_remaining=10), ((12, 3), food_remaining=11), ((8, 5), food_remaining=11), ((3, 5), food_remaining=12), ((5, 5), food_remaining=11), ((3, 5), food_remaining=11), ((5, 3), food_remaining=11), ((4, 4), food_remaining=10), ((16, 3), food_remaining=13), ((11, 5), food_remaining=10), ((1, 3), food_remaining=11), ((1, 3), food_remaining=12), ((1, 4), food_remaining=11), ((13, 5), food_remaining=11), ((6, 3), food_remaining=10), ((9, 5), food_remaining=11), ((9, 3), food_remaining=11), ((3, 3), food_remaining=11), ((8, 3), food_remaining=11), ((5, 5), food_remaining=10), ((13, 5), food_remaining=10), ((3, 3), food_remaining=12), ((4, 4), food_remaining=11), ((16, 3), food_remaining=12), ((2, 5), food_remaining=10), ((2, 5), food_remaining=11), ((2, 5), food_remaining=11), ((14, 5), food_remaining=9), ... (+15 more)]","[((5, 3), food_remaining=9), ((13, 3), food_remaining=10), ((4, 4), food_remaining=10), ((11, 5), food_remaining=11), ((14, 3), food_remaining=12), ((6, 5), food_remaining=10), ((12, 5), food_remaining=11), ((12, 3), food_remaining=12), ((13, 4), food_remaining=11), ((12, 5), food_remaining=10), ((14, 3), food_remaining=11), ((13, 4), food_remaining=10), ((6, 3), food_remaining=10), ((12, 3), food_remaining=11), ((8, 5), food_remaining=11), ((3, 5), food_remaining=12), ((5, 5), food_remaining=11), ((3, 5), food_remaining=11), ((5, 3), food_remaining=11), ((4, 4), food_remaining=10), ((16, 3), food_remaining=13), ((11, 5), food_remaining=10), ((1, 3), food_remaining=11), ((1, 3), food_remaining=12), ((1, 4), food_remaining=11), ((13, 5), food_remaining=11), ((6, 5), food_remaining=9), ((9, 5), food_remaining=11), ((9, 3), food_remaining=11), ((3, 3), food_remaining=11), ((8, 3), food_remaining=11), ((5, 5), food_remaining=10), ((13, 5), food_remaining=10), ((3, 3), food_remaining=12), ((4, 4), food_remaining=11), ((16, 3), food_remaining=12), ((2, 5), food_remaining=10), ((2, 5), food_remaining=11), ((2, 5), food_remaining=11), ((14, 5), food_remaining=9), ... (+15 more)]","[((5, 5), food_remaining=12), ((4, 3), food_remaining=10), ((4, 3), food_remaining=9), ((9, 5), food_remaining=12), ((15, 3), food_remaining=12), ((1, 5), food_remaining=11), ((1, 5), food_remaining=10), ((5, 5), food_remaining=12), ((5, 5), food_remaining=11), ((4, 3), food_remaining=12), ((4, 3), food_remaining=11), ((1, 4), food_remaining=10), ((1, 4), food_remaining=9), ((5, 3), food_remaining=10), ((14, 5), food_remaining=10), ((3, 3), food_remaining=10), ((5, 3), food_remaining=12), ((2, 5), food_remaining=10), ((2, 5), food_remaining=11), ((12, 3), food_remaining=13), ((12, 3), food_remaining=12), ((1, 5), food_remaining=10), ((1, 5), food_remaining=9), ((3, 3), food_remaining=13), ((3, 3), food_remaining=12), ((12, 5), food_remaining=12), ((2, 5), food_remaining=12), ((12, 5), food_remaining=10), ((5, 5), food_remaining=10), ((5, 5), food_remaining=9), ((5, 5), food_remaining=12), ((13, 3), food_remaining=13), ((13, 3), food_remaining=12), ((1, 3), food_remaining=10), ((1, 3), food_remaining=9), ((6, 5), food_remaining=12), ((6, 5), food_remaining=11), ((1, 3), food_remaining=12), ((1, 3), food_remaining=11), ((13, 3), food_remaining=12), ... (+120 more)]",18,41,59
161,"((5, 3), food_remaining=9)","((4, 3), food_remaining=9)",East,"['((6, 3), food_remaining=9)', '((4, 3), food_remaining=9)']","[((5, 3), food_remaining=9), ((13, 3), food_remaining=10), ((4, 4), food_remaining=10), ((11, 5), food_remaining=11), ((14, 3), food_remaining=12), ((6, 5), food_remaining=10), ((12, 5), food_remaining=11), ((12, 3), food_remaining=12), ((13, 4), food_remaining=11), ((12, 5), food_remaining=10), ((14, 3), food_remaining=11), ((13, 4), food_remaining=10), ((6, 3), food_remaining=10), ((12, 3), food_remaining=11), ((8, 5), food_remaining=11), ((3, 5), food_remaining=12), ((5, 5), food_remaining=11), ((3, 5), food_remaining=11), ((5, 3), food_remaining=11), ((4, 4), food_remaining=10), ((16, 3), food_remaining=13), ((11, 5), food_remaining=10), ((1, 3), food_remaining=11), ((1, 3), food_remaining=12), ((1, 4), food_remaining=11), ((13, 5), food_remaining=11), ((6, 5), food_remaining=9), ((9, 5), food_remaining=11), ((9, 3), food_remaining=11), ((3, 3), food_remaining=11), ((8, 3), food_remaining=11), ((5, 5), food_remaining=10), ((13, 5), food_remaining=10), ((3, 3), food_remaining=12), ((4, 4), food_remaining=11), ((16, 3), food_remaining=12), ((2, 5), food_remaining=10), ((2, 5), food_remaining=11), ((2, 5), food_remaining=11), ((14, 5), food_remaining=9), ... (+15 more)]","[((4, 4), food_remaining=10), ((13, 3), food_remaining=10), ((6, 5), food_remaining=10), ((11, 5), food_remaining=11), ((14, 3), food_remaining=12), ((6, 3), food_remaining=10), ((12, 5), food_remaining=11), ((12, 3), food_remaining=12), ((13, 4), food_remaining=11), ((12, 5), food_remaining=10), ((14, 3), food_remaining=11), ((13, 4), food_remaining=10), ((6, 5), food_remaining=9), ((12, 3), food_remaining=11), ((8, 5), food_remaining=11), ((3, 5), food_remaining=12), ((5, 5), food_remaining=11), ((3, 5), food_remaining=11), ((5, 3), food_remaining=11), ((4, 4), food_remaining=10), ((16, 3), food_remaining=13), ((11, 5), food_remaining=10), ((1, 3), food_remaining=11), ((1, 3), food_remaining=12), ((1, 4), food_remaining=11), ((13, 5), food_remaining=11), ((6, 3), food_remaining=9), ((9, 5), food_remaining=11), ((9, 3), food_remaining=11), ((3, 3), food_remaining=11), ((8, 3), food_remaining=11), ((5, 5), food_remaining=10), ((13, 5), food_remaining=10), ((3, 3), food_remaining=12), ((4, 4), food_remaining=11), ((16, 3), food_remaining=12), ((2, 5), food_remaining=10), ((2, 5), food_remaining=11), ((2, 5), food_remaining=11), ((14, 5), food_remaining=9), ... (+15 more)]","[((5, 5), food_remaining=12), ((4, 3), food_remaining=10), ((4, 3), food_remaining=9), ((9, 5), food_remaining=12), ((15, 3), food_remaining=12), ((1, 5), food_remaining=11), ((1, 5), food_remaining=10), ((5, 5), food_remaining=12), ((5, 5), food_remaining=11), ((4, 3), food_remaining=12), ((4, 3), food_remaining=11), ((1, 4), food_remaining=10), ((1, 4), food_remaining=9), ((5, 3), food_remaining=10), ((5, 3), food_remaining=9), ((14, 5), food_remaining=10), ((3, 3), food_remaining=10), ((5, 3), food_remaining=12), ((2, 5), food_remaining=10), ((2, 5), food_remaining=11), ((12, 3), food_remaining=13), ((12, 3), food_remaining=12), ((1, 5), food_remaining=10), ((1, 5), food_remaining=9), ((3, 3), food_remaining=13), ((3, 3), food_remaining=12), ((12, 5), food_remaining=12), ((2, 5), food_remaining=12), ((12, 5), food_remaining=10), ((5, 5), food_remaining=10), ((5, 5), food_remaining=9), ((5, 5), food_remaining=12), ((13, 3), food_remaining=13), ((13, 3), food_remaining=12), ((1, 3), food_remaining=10), ((1, 3), food_remaining=9), ((6, 5), food_remaining=12), ((6, 5), food_remaining=11), ((1, 3), food_remaining=12), ((1, 3), food_remaining=11), ... (+121 more)]",18,41,59
162,"((4, 4), food_remaining=10)","((4, 5), food_remaining=11)",South,"['((4, 5), food_remaining=10)', '((4, 3), food_remaining=10)']","[((4, 4), food_remaining=10), ((13, 3), food_remaining=10), ((6, 5), food_remaining=10), ((11, 5), food_remaining=11), ((14, 3), food_remaining=12), ((6, 3), food_remaining=10), ((12, 5), food_remaining=11), ((12, 3), food_remaining=12), ((13, 4), food_remaining=11), ((12, 5), food_remaining=10), ((14, 3), food_remaining=11), ((13, 4), food_remaining=10), ((6, 5), food_remaining=9), ((12, 3), food_remaining=11), ((8, 5), food_remaining=11), ((3, 5), food_remaining=12), ((5, 5), food_remaining=11), ((3, 5), food_remaining=11), ((5, 3), food_remaining=11), ((4, 4), food_remaining=10), ((16, 3), food_remaining=13), ((11, 5), food_remaining=10), ((1, 3), food_remaining=11), ((1, 3), food_remaining=12), ((1, 4), food_remaining=11), ((13, 5), food_remaining=11), ((6, 3), food_remaining=9), ((9, 5), food_remaining=11), ((9, 3), food_remaining=11), ((3, 3), food_remaining=11), ((8, 3), food_remaining=11), ((5, 5), food_remaining=10), ((13, 5), food_remaining=10), ((3, 3), food_remaining=12), ((4, 4), food_remaining=11), ((16, 3), food_remaining=12), ((2, 5), food_remaining=10), ((2, 5), food_remaining=11), ((2, 5), food_remaining=11), ((14, 5), food_remaining=9), ... (+15 more)]","[((6, 5), food_remaining=10), ((13, 3), food_remaining=10), ((6, 3), food_remaining=10), ((11, 5), food_remaining=11), ((14, 3), food_remaining=12), ((6, 5), food_remaining=9), ((12, 5), food_remaining=11), ((12, 3), food_remaining=12), ((13, 4), food_remaining=11), ((12, 5), food_remaining=10), ((14, 3), food_remaining=11), ((13, 4), food_remaining=10), ((6, 3), food_remaining=9), ((12, 3), food_remaining=11), ((8, 5), food_remaining=11), ((3, 5), food_remaining=12), ((5, 5), food_remaining=11), ((3, 5), food_remaining=11), ((5, 3), food_remaining=11), ((4, 4), food_remaining=10), ((16, 3), food_remaining=13), ((11, 5), food_remaining=10), ((1, 3), food_remaining=11), ((1, 3), food_remaining=12), ((1, 4), food_remaining=11), ((13, 5), food_remaining=11), ((4, 4), food_remaining=10), ((9, 5), food_remaining=11), ((9, 3), food_remaining=11), ((3, 3), food_remaining=11), ((8, 3), food_remaining=11), ((5, 5), food_remaining=10), ((13, 5), food_remaining=10), ((3, 3), food_remaining=12), ((4, 4), food_remaining=11), ((16, 3), food_remaining=12), ((2, 5), food_remaining=10), ((2, 5), food_remaining=11), ((2, 5), food_remaining=11), ((14, 5), food_remaining=9), ... (+14 more)]","[((5, 5), food_remaining=12), ((4, 3), food_remaining=10), ((4, 3), food_remaining=9), ((9, 5), food_remaining=12), ((15, 3), food_remaining=12), ((1, 5), food_remaining=11), ((1, 5), food_remaining=10), ((5, 5), food_remaining=12), ((5, 5), food_remaining=11), ((4, 3), food_remaining=12), ((4, 3), food_remaining=11), ((1, 4), food_remaining=10), ((1, 4), food_remaining=9), ((5, 3), food_remaining=10), ((5, 3), food_remaining=9), ((14, 5), food_remaining=10), ((3, 3), food_remaining=10), ((5, 3), food_remaining=12), ((2, 5), food_remaining=10), ((2, 5), food_remaining=11), ((12, 3), food_remaining=13), ((12, 3), food_remaining=12), ((1, 5), food_remaining=10), ((1, 5), food_remaining=9), ((3, 3), food_remaining=13), ((3, 3), food_remaining=12), ((12, 5), food_remaining=12), ((2, 5), food_remaining=12), ((12, 5), food_remaining=10), ((5, 5), food_remaining=10), ((5, 5), food_remaining=9), ((5, 5), food_remaining=12), ((13, 3), food_remaining=13), ((13, 3), food_remaining=12), ((1, 3), food_remaining=10), ((1, 3), food_remaining=9), ((6, 5), food_remaining=12), ((6, 5), food_remaining=11), ((1, 3), food_remaining=12), ((1, 3), food_remaining=11), ... (+122 more)]",14,45,59
163,"((6, 5), food_remaining=10)","((5, 5), food_remaining=10)",East,"['((7, 5), food_remaining=10)', '((5, 5), food_remaining=10)']","[((6, 5), food_remaining=10), ((13, 3), food_remaining=10), ((6, 3), food_remaining=10), ((11, 5), food_remaining=11), ((14, 3), food_remaining=12), ((6, 5), food_remaining=9), ((12, 5), food_remaining=11), ((12, 3), food_remaining=12), ((13, 4), food_remaining=11), ((12, 5), food_remaining=10), ((14, 3), food_remaining=11), ((13, 4), food_remaining=10), ((6, 3), food_remaining=9), ((12, 3), food_remaining=11), ((8, 5), food_remaining=11), ((3, 5), food_remaining=12), ((5, 5), food_remaining=11), ((3, 5), food_remaining=11), ((5, 3), food_remaining=11), ((4, 4), food_remaining=10), ((16, 3), food_remaining=13), ((11, 5), food_remaining=10), ((1, 3), food_remaining=11), ((1, 3), food_remaining=12), ((1, 4), food_remaining=11), ((13, 5), food_remaining=11), ((4, 4), food_remaining=10), ((9, 5), food_remaining=11), ((9, 3), food_remaining=11), ((3, 3), food_remaining=11), ((8, 3), food_remaining=11), ((5, 5), food_remaining=10), ((13, 5), food_remaining=10), ((3, 3), food_remaining=12), ((4, 4), food_remaining=11), ((16, 3), food_remaining=12), ((2, 5), food_remaining=10), ((2, 5), food_remaining=11), ((2, 5), food_remaining=11), ((14, 5), food_remaining=9), ... (+14 more)]","[((6, 3), food_remaining=10), ((13, 3), food_remaining=10), ((6, 5), food_remaining=9), ((11, 5), food_remaining=11), ((14, 3), food_remaining=12), ((6, 3), food_remaining=9), ((12, 5), food_remaining=11), ((12, 3), food_remaining=12), ((13, 4), food_remaining=11), ((12, 5), food_remaining=10), ((14, 3), food_remaining=11), ((13, 4), food_remaining=10), ((7, 5), food_remaining=10), ((12, 3), food_remaining=11), ((8, 5), food_remaining=11), ((3, 5), food_remaining=12), ((5, 5), food_remaining=11), ((3, 5), food_remaining=11), ((5, 3), food_remaining=11), ((4, 4), food_remaining=10), ((16, 3), food_remaining=13), ((11, 5), food_remaining=10), ((1, 3), food_remaining=11), ((1, 3), food_remaining=12), ((1, 4), food_remaining=11), ((5, 3), food_remaining=10), ((13, 5), food_remaining=11), ((9, 5), food_remaining=11), ((9, 3), food_remaining=11), ((3, 3), food_remaining=11), ((8, 3), food_remaining=11), ((5, 5), food_remaining=10), ((13, 5), food_remaining=10), ((3, 3), food_remaining=12), ((4, 4), food_remaining=11), ((16, 3), food_remaining=12), ((2, 5), food_remaining=10), ((2, 5), food_remaining=11), ((2, 5), food_remaining=11), ((14, 5), food_remaining=9), ... (+14 more)]","[((5, 5), food_remaining=12), ((4, 3), food_remaining=10), ((4, 3), food_remaining=9), ((9, 5), food_remaining=12), ((15, 3), food_remaining=12), ((1, 5), food_remaining=11), ((1, 5), food_remaining=10), ((5, 5), food_remaining=12), ((5, 5), food_remaining=11), ((4, 3), food_remaining=12), ((4, 3), food_remaining=11), ((1, 4), food_remaining=10), ((1, 4), food_remaining=9), ((5, 3), food_remaining=10), ((5, 3), food_remaining=9), ((14, 5), food_remaining=10), ((3, 3), food_remaining=10), ((5, 3), food_remaining=12), ((2, 5), food_remaining=10), ((2, 5), food_remaining=11), ((12, 3), food_remaining=13), ((12, 3), food_remaining=12), ((1, 5), food_remaining=10), ((1, 5), food_remaining=9), ((3, 3), food_remaining=13), ((3, 3), food_remaining=12), ((12, 5), food_remaining=12), ((2, 5), food_remaining=12), ((12, 5), food_remaining=10), ((5, 5), food_remaining=10), ((5, 5), food_remaining=9), ((5, 5), food_remaining=12), ((13, 3), food_remaining=13), ((13, 3), food_remaining=12), ((1, 3), food_remaining=10), ((1, 3), food_remaining=9), ((6, 5), food_remaining=12), ((6, 5), food_remaining=11), ((1, 3), food_remaining=12), ((1, 3), food_remaining=11), ... (+123 more)]",17,42,59
164,"((6, 3), food_remaining=10)","((5, 3), food_remaining=10)",East,"['((7, 3), food_remaining=10)', '((5, 3), food_remaining=10)']","[((6, 3), food_remaining=10), ((13, 3), food_remaining=10), ((6, 5), food_remaining=9), ((11, 5), food_remaining=11), ((14, 3), food_remaining=12), ((6, 3), food_remaining=9), ((12, 5), food_remaining=11), ((12, 3), food_remaining=12), ((13, 4), food_remaining=11), ((12, 5), food_remaining=10), ((14, 3), food_remaining=11), ((13, 4), food_remaining=10), ((7, 5), food_remaining=10), ((12, 3), food_remaining=11), ((8, 5), food_remaining=11), ((3, 5), food_remaining=12), ((5, 5), food_remaining=11), ((3, 5), food_remaining=11), ((5, 3), food_remaining=11), ((4, 4), food_remaining=10), ((16, 3), food_remaining=13), ((11, 5), food_remaining=10), ((1, 3), food_remaining=11), ((1, 3), food_remaining=12), ((1, 4), food_remaining=11), ((5, 3), food_remaining=10), ((13, 5), food_remaining=11), ((9, 5), food_remaining=11), ((9, 3), food_remaining=11), ((3, 3), food_remaining=11), ((8, 3), food_remaining=11), ((5, 5), food_remaining=10), ((13, 5), food_remaining=10), ((3, 3), food_remaining=12), ((4, 4), food_remaining=11), ((16, 3), food_remaining=12), ((2, 5), food_remaining=10), ((2, 5), food_remaining=11), ((2, 5), food_remaining=11), ((14, 5), food_remaining=9), ... (+14 more)]","[((6, 5), food_remaining=9), ((13, 3), food_remaining=10), ((6, 3), food_remaining=9), ((11, 5), food_remaining=11), ((14, 3), food_remaining=12), ((7, 5), food_remaining=10), ((12, 5), food_remaining=11), ((12, 3), food_remaining=12), ((13, 4), food_remaining=11), ((12, 5), food_remaining=10), ((14, 3), food_remaining=11), ((13, 4), food_remaining=10), ((7, 3), food_remaining=10), ((12, 3), food_remaining=11), ((8, 5), food_remaining=11), ((3, 5), food_remaining=12), ((5, 5), food_remaining=11), ((3, 5), food_remaining=11), ((5, 3), food_remaining=11), ((4, 4), food_remaining=10), ((16, 3), food_remaining=13), ((11, 5), food_remaining=10), ((1, 3), food_remaining=11), ((1, 3), food_remaining=12), ((1, 4), food_remaining=11), ((5, 3), food_remaining=10), ((13, 5), food_remaining=11), ((9, 5), food_remaining=11), ((9, 3), food_remaining=11), ((3, 3), food_remaining=11), ((8, 3), food_remaining=11), ((5, 5), food_remaining=10), ((13, 5), food_remaining=10), ((3, 3), food_remaining=12), ((4, 4), food_remaining=11), ((16, 3), food_remaining=12), ((2, 5), food_remaining=10), ((2, 5), food_remaining=11), ((2, 5), food_remaining=11), ((14, 5), food_remaining=9), ... (+14 more)]","[((5, 5), food_remaining=12), ((4, 3), food_remaining=10), ((4, 3), food_remaining=9), ((9, 5), food_remaining=12), ((15, 3), food_remaining=12), ((1, 5), food_remaining=11), ((1, 5), food_remaining=10), ((5, 5), food_remaining=12), ((5, 5), food_remaining=11), ((4, 3), food_remaining=12), ((4, 3), food_remaining=11), ((1, 4), food_remaining=10), ((1, 4), food_remaining=9), ((5, 3), food_remaining=10), ((5, 3), food_remaining=9), ((14, 5), food_remaining=10), ((3, 3), food_remaining=10), ((5, 3), food_remaining=12), ((2, 5), food_remaining=10), ((2, 5), food_remaining=11), ((12, 3), food_remaining=13), ((12, 3), food_remaining=12), ((1, 5), food_remaining=10), ((1, 5), food_remaining=9), ((3, 3), food_remaining=13), ((3, 3), food_remaining=12), ((12, 5), food_remaining=12), ((2, 5), food_remaining=12), ((12, 5), food_remaining=10), ((5, 5), food_remaining=10), ((5, 5), food_remaining=9), ((5, 5), food_remaining=12), ((13, 3), food_remaining=13), ((13, 3), food_remaining=12), ((1, 3), food_remaining=10), ((1, 3), food_remaining=9), ((6, 5), food_remaining=12), ((6, 5), food_remaining=11), ((1, 3), food_remaining=12), ((1, 3), food_remaining=11), ... (+124 more)]",17,42,59
165,"((6, 5), food_remaining=9)","((5, 5), food_remaining=9)",East,"['((7, 5), food_remaining=9)', '((5, 5), food_remaining=9)']","[((6, 5), food_remaining=9), ((13, 3), food_remaining=10), ((6, 3), food_remaining=9), ((11, 5), food_remaining=11), ((14, 3), food_remaining=12), ((7, 5), food_remaining=10), ((12, 5), food_remaining=11), ((12, 3), food_remaining=12), ((13, 4), food_remaining=11), ((12, 5), food_remaining=10), ((14, 3), food_remaining=11), ((13, 4), food_remaining=10), ((7, 3), food_remaining=10), ((12, 3), food_remaining=11), ((8, 5), food_remaining=11), ((3, 5), food_remaining=12), ((5, 5), food_remaining=11), ((3, 5), food_remaining=11), ((5, 3), food_remaining=11), ((4, 4), food_remaining=10), ((16, 3), food_remaining=13), ((11, 5), food_remaining=10), ((1, 3), food_remaining=11), ((1, 3), food_remaining=12), ((1, 4), food_remaining=11), ((5, 3), food_remaining=10), ((13, 5), food_remaining=11), ((9, 5), food_remaining=11), ((9, 3), food_remaining=11), ((3, 3), food_remaining=11), ((8, 3), food_remaining=11), ((5, 5), food_remaining=10), ((13, 5), food_remaining=10), ((3, 3), food_remaining=12), ((4, 4), food_remaining=11), ((16, 3), food_remaining=12), ((2, 5), food_remaining=10), ((2, 5), food_remaining=11), ((2, 5), food_remaining=11), ((14, 5), food_remaining=9), ... (+14 more)]","[((6, 3), food_remaining=9), ((13, 3), food_remaining=10), ((7, 5), food_remaining=10), ((11, 5), food_remaining=11), ((14, 3), food_remaining=12), ((7, 3), food_remaining=10), ((12, 5), food_remaining=11), ((12, 3), food_remaining=12), ((13, 4), food_remaining=11), ((12, 5), food_remaining=10), ((14, 3), food_remaining=11), ((13, 4), food_remaining=10), ((7, 5), food_remaining=9), ((12, 3), food_remaining=11), ((8, 5), food_remaining=11), ((3, 5), food_remaining=12), ((5, 5), food_remaining=11), ((3, 5), food_remaining=11), ((5, 3), food_remaining=11), ((4, 4), food_remaining=10), ((16, 3), food_remaining=13), ((11, 5), food_remaining=10), ((1, 3), food_remaining=11), ((1, 3), food_remaining=12), ((1, 4), food_remaining=11), ((5, 3), food_remaining=10), ((13, 5), food_remaining=11), ((9, 5), food_remaining=11), ((9, 3), food_remaining=11), ((3, 3), food_remaining=11), ((8, 3), food_remaining=11), ((5, 5), food_remaining=10), ((13, 5), food_remaining=10), ((3, 3), food_remaining=12), ((4, 4), food_remaining=11), ((16, 3), food_remaining=12), ((2, 5), food_remaining=10), ((2, 5), food_remaining=11), ((2, 5), food_remaining=11), ((14, 5), food_remaining=9), ... (+14 more)]","[((5, 5), food_remaining=12), ((4, 3), food_remaining=10), ((4, 3), food_remaining=9), ((9, 5), food_remaining=12), ((15, 3), food_remaining=12), ((1, 5), food_remaining=11), ((1, 5), food_remaining=10), ((5, 5), food_remaining=12), ((5, 5), food_remaining=11), ((4, 3), food_remaining=12), ((4, 3), food_remaining=11), ((1, 4), food_remaining=10), ((1, 4), food_remaining=9), ((5, 3), food_remaining=10), ((5, 3), food_remaining=9), ((14, 5), food_remaining=10), ((3, 3), food_remaining=10), ((5, 3), food_remaining=12), ((2, 5), food_remaining=10), ((2, 5), food_remaining=11), ((12, 3), food_remaining=13), ((12, 3), food_remaining=12), ((1, 5), food_remaining=10), ((1, 5), food_remaining=9), ((3, 3), food_remaining=13), ((3, 3), food_remaining=12), ((12, 5), food_remaining=12), ((2, 5), food_remaining=12), ((12, 5), food_remaining=10), ((5, 5), food_remaining=10), ((5, 5), food_remaining=9), ((5, 5), food_remaining=12), ((13, 3), food_remaining=13), ((13, 3), food_remaining=12), ((1, 3), food_remaining=10), ((1, 3), food_remaining=9), ((6, 5), food_remaining=12), ((6, 5), food_remaining=11), ((1, 3), food_remaining=12), ((1, 3), food_remaining=11), ... (+125 more)]",19,40,59
166,"((6, 3), food_remaining=9)","((5, 3), food_remaining=9)",East,"['((7, 3), food_remaining=9)', '((5, 3), food_remaining=9)']","[((6, 3), food_remaining=9), ((13, 3), food_remaining=10), ((7, 5), food_remaining=10), ((11, 5), food_remaining=11), ((14, 3), food_remaining=12), ((7, 3), food_remaining=10), ((12, 5), food_remaining=11), ((12, 3), food_remaining=12), ((13, 4), food_remaining=11), ((12, 5), food_remaining=10), ((14, 3), food_remaining=11), ((13, 4), food_remaining=10), ((7, 5), food_remaining=9), ((12, 3), food_remaining=11), ((8, 5), food_remaining=11), ((3, 5), food_remaining=12), ((5, 5), food_remaining=11), ((3, 5), food_remaining=11), ((5, 3), food_remaining=11), ((4, 4), food_remaining=10), ((16, 3), food_remaining=13), ((11, 5), food_remaining=10), ((1, 3), food_remaining=11), ((1, 3), food_remaining=12), ((1, 4), food_remaining=11), ((5, 3), food_remaining=10), ((13, 5), food_remaining=11), ((9, 5), food_remaining=11), ((9, 3), food_remaining=11), ((3, 3), food_remaining=11), ((8, 3), food_remaining=11), ((5, 5), food_remaining=10), ((13, 5), food_remaining=10), ((3, 3), food_remaining=12), ((4, 4), food_remaining=11), ((16, 3), food_remaining=12), ((2, 5), food_remaining=10), ((2, 5), food_remaining=11), ((2, 5), food_remaining=11), ((14, 5), food_remaining=9), ... (+14 more)]","[((7, 5), food_remaining=10), ((13, 3), food_remaining=10), ((7, 3), food_remaining=10), ((11, 5), food_remaining=11), ((14, 3), food_remaining=12), ((7, 5), food_remaining=9), ((12, 5), food_remaining=11), ((12, 3), food_remaining=12), ((13, 4), food_remaining=11), ((12, 5), food_remaining=10), ((14, 3), food_remaining=11), ((13, 4), food_remaining=10), ((7, 3), food_remaining=9), ((12, 3), food_remaining=11), ((8, 5), food_remaining=11), ((3, 5), food_remaining=12), ((5, 5), food_remaining=11), ((3, 5), food_remaining=11), ((5, 3), food_remaining=11), ((4, 4), food_remaining=10), ((16, 3), food_remaining=13), ((11, 5), food_remaining=10), ((1, 3), food_remaining=11), ((1, 3), food_remaining=12), ((1, 4), food_remaining=11), ((5, 3), food_remaining=10), ((13, 5), food_remaining=11), ((9, 5), food_remaining=11), ((9, 3), food_remaining=11), ((3, 3), food_remaining=11), ((8, 3), food_remaining=11), ((5, 5), food_remaining=10), ((13, 5), food_remaining=10), ((3, 3), food_remaining=12), ((4, 4), food_remaining=11), ((16, 3), food_remaining=12), ((2, 5), food_remaining=10), ((2, 5), food_remaining=11), ((2, 5), food_remaining=11), ((14, 5), food_remaining=9), ... (+14 more)]","[((5, 5), food_remaining=12), ((4, 3), food_remaining=10), ((4, 3), food_remaining=9), ((9, 5), food_remaining=12), ((15, 3), food_remaining=12), ((1, 5), food_remaining=11), ((1, 5), food_remaining=10), ((5, 5), food_remaining=12), ((5, 5), food_remaining=11), ((4, 3), food_remaining=12), ((4, 3), food_remaining=11), ((1, 4), food_remaining=10), ((1, 4), food_remaining=9), ((5, 3), food_remaining=10), ((5, 3), food_remaining=9), ((14, 5), food_remaining=10), ((3, 3), food_remaining=10), ((5, 3), food_remaining=12), ((2, 5), food_remaining=10), ((2, 5), food_remaining=11), ((12, 3), food_remaining=13), ((12, 3), food_remaining=12), ((1, 5), food_remaining=10), ((1, 5), food_remaining=9), ((3, 3), food_remaining=13), ((3, 3), food_remaining=12), ((12, 5), food_remaining=12), ((2, 5), food_remaining=12), ((12, 5), food_remaining=10), ((5, 5), food_remaining=10), ((5, 5), food_remaining=9), ((5, 5), food_remaining=12), ((13, 3), food_remaining=13), ((13, 3), food_remaining=12), ((1, 3), food_remaining=10), ((1, 3), food_remaining=9), ((6, 5), food_remaining=12), ((6, 5), food_remaining=11), ((1, 3), food_remaining=12), ((1, 3), food_remaining=11), ... (+126 more)]",19,40,59
167,"((7, 5), food_remaining=10)","((6, 5), food_remaining=10)",East,"['((7, 4), food_remaining=9)', '((8, 5), food_remaining=10)', '((6, 5), food_remaining=10)']","[((7, 5), food_remaining=10), ((13, 3), food_remaining=10), ((7, 3), food_remaining=10), ((11, 5), food_remaining=11), ((14, 3), food_remaining=12), ((7, 5), food_remaining=9), ((12, 5), food_remaining=11), ((12, 3), food_remaining=12), ((13, 4), food_remaining=11), ((12, 5), food_remaining=10), ((14, 3), food_remaining=11), ((13, 4), food_remaining=10), ((7, 3), food_remaining=9), ((12, 3), food_remaining=11), ((8, 5), food_remaining=11), ((3, 5), food_remaining=12), ((5, 5), food_remaining=11), ((3, 5), food_remaining=11), ((5, 3), food_remaining=11), ((4, 4), food_remaining=10), ((16, 3), food_remaining=13), ((11, 5), food_remaining=10), ((1, 3), food_remaining=11), ((1, 3), food_remaining=12), ((1, 4), food_remaining=11), ((5, 3), food_remaining=10), ((13, 5), food_remaining=11), ((9, 5), food_remaining=11), ((9, 3), food_remaining=11), ((3, 3), food_remaining=11), ((8, 3), food_remaining=11), ((5, 5), food_remaining=10), ((13, 5), food_remaining=10), ((3, 3), food_remaining=12), ((4, 4), food_remaining=11), ((16, 3), food_remaining=12), ((2, 5), food_remaining=10), ((2, 5), food_remaining=11), ((2, 5), food_remaining=11), ((14, 5), food_remaining=9), ... (+14 more)]","[((7, 3), food_remaining=10), ((13, 3), food_remaining=10), ((7, 5), food_remaining=9), ((11, 5), food_remaining=11), ((14, 3), food_remaining=12), ((7, 3), food_remaining=9), ((12, 5), food_remaining=11), ((12, 3), food_remaining=12), ((13, 4), food_remaining=11), ((12, 5), food_remaining=10), ((14, 3), food_remaining=11), ((13, 4), food_remaining=10), ((7, 4), food_remaining=9), ((12, 3), food_remaining=11), ((8, 5), food_remaining=11), ((3, 5), food_remaining=12), ((5, 5), food_remaining=11), ((3, 5), food_remaining=11), ((5, 3), food_remaining=11), ((4, 4), food_remaining=10), ((16, 3), food_remaining=13), ((11, 5), food_remaining=10), ((1, 3), food_remaining=11), ((1, 3), food_remaining=12), ((1, 4), food_remaining=11), ((5, 3), food_remaining=10), ((13, 5), food_remaining=11), ((9, 5), food_remaining=11), ((9, 3), food_remaining=11), ((3, 3), food_remaining=11), ((8, 3), food_remaining=11), ((5, 5), food_remaining=10), ((13, 5), food_remaining=10), ((3, 3), food_remaining=12), ((4, 4), food_remaining=11), ((16, 3), food_remaining=12), ((2, 5), food_remaining=10), ((2, 5), food_remaining=11), ((2, 5), food_remaining=11), ((14, 5), food_remaining=9), ... (+15 more)]","[((5, 5), food_remaining=12), ((4, 3), food_remaining=10), ((4, 3), food_remaining=9), ((9, 5), food_remaining=12), ((15, 3), food_remaining=12), ((1, 5), food_remaining=11), ((1, 5), food_remaining=10), ((5, 5), food_remaining=12), ((5, 5), food_remaining=11), ((4, 3), food_remaining=12), ((4, 3), food_remaining=11), ((1, 4), food_remaining=10), ((1, 4), food_remaining=9), ((5, 3), food_remaining=10), ((5, 3), food_remaining=9), ((14, 5), food_remaining=10), ((3, 3), food_remaining=10), ((5, 3), food_remaining=12), ((2, 5), food_remaining=10), ((2, 5), food_remaining=11), ((12, 3), food_remaining=13), ((12, 3), food_remaining=12), ((1, 5), food_remaining=10), ((1, 5), food_remaining=9), ((3, 3), food_remaining=13), ((3, 3), food_remaining=12), ((12, 5), food_remaining=12), ((2, 5), food_remaining=12), ((12, 5), food_remaining=10), ((5, 5), food_remaining=10), ((5, 5), food_remaining=9), ((5, 5), food_remaining=12), ((13, 3), food_remaining=13), ((13, 3), food_remaining=12), ((1, 3), food_remaining=10), ((1, 3), food_remaining=9), ((6, 5), food_remaining=12), ((6, 5), food_remaining=11), ((1, 3), food_remaining=12), ((1, 3), food_remaining=11), ... (+127 more)]",18,41,59
168,"((7, 3), food_remaining=10)","((6, 3), food_remaining=10)",East,"['((7, 4), food_remaining=9)', '((8, 3), food_remaining=10)', '((6, 3), food_remaining=10)']","[((7, 3), food_remaining=10), ((13, 3), food_remaining=10), ((7, 5), food_remaining=9), ((11, 5), food_remaining=11), ((14, 3), food_remaining=12), ((7, 3), food_remaining=9), ((12, 5), food_remaining=11), ((12, 3), food_remaining=12), ((13, 4), food_remaining=11), ((12, 5), food_remaining=10), ((14, 3), food_remaining=11), ((13, 4), food_remaining=10), ((7, 4), food_remaining=9), ((12, 3), food_remaining=11), ((8, 5), food_remaining=11), ((3, 5), food_remaining=12), ((5, 5), food_remaining=11), ((3, 5), food_remaining=11), ((5, 3), food_remaining=11), ((4, 4), food_remaining=10), ((16, 3), food_remaining=13), ((11, 5), food_remaining=10), ((1, 3), food_remaining=11), ((1, 3), food_remaining=12), ((1, 4), food_remaining=11), ((5, 3), food_remaining=10), ((13, 5), food_remaining=11), ((9, 5), food_remaining=11), ((9, 3), food_remaining=11), ((3, 3), food_remaining=11), ((8, 3), food_remaining=11), ((5, 5), food_remaining=10), ((13, 5), food_remaining=10), ((3, 3), food_remaining=12), ((4, 4), food_remaining=11), ((16, 3), food_remaining=12), ((2, 5), food_remaining=10), ((2, 5), food_remaining=11), ((2, 5), food_remaining=11), ((14, 5), food_remaining=9), ... (+15 more)]","[((7, 5), food_remaining=9), ((13, 3), food_remaining=10), ((7, 3), food_remaining=9), ((11, 5), food_remaining=11), ((14, 3), food_remaining=12), ((7, 4), food_remaining=9), ((12, 5), food_remaining=11), ((12, 3), food_remaining=12), ((13, 4), food_remaining=11), ((12, 5), food_remaining=10), ((14, 3), food_remaining=11), ((13, 4), food_remaining=10), ((13, 5), food_remaining=11), ((12, 3), food_remaining=11), ((8, 5), food_remaining=11), ((3, 5), food_remaining=12), ((5, 5), food_remaining=11), ((3, 5), food_remaining=11), ((5, 3), food_remaining=11), ((4, 4), food_remaining=10), ((16, 3), food_remaining=13), ((11, 5), food_remaining=10), ((1, 3), food_remaining=11), ((1, 3), food_remaining=12), ((1, 4), food_remaining=11), ((5, 3), food_remaining=10), ((4, 4), food_remaining=10), ((9, 5), food_remaining=11), ((9, 3), food_remaining=11), ((3, 3), food_remaining=11), ((8, 3), food_remaining=11), ((5, 5), food_remaining=10), ((13, 5), food_remaining=10), ((3, 3), food_remaining=12), ((4, 4), food_remaining=11), ((16, 3), food_remaining=12), ((2, 5), food_remaining=10), ((2, 5), food_remaining=11), ((2, 5), food_remaining=11), ((14, 5), food_remaining=9), ... (+15 more)]","[((5, 5), food_remaining=12), ((4, 3), food_remaining=10), ((4, 3), food_remaining=9), ((9, 5), food_remaining=12), ((15, 3), food_remaining=12), ((1, 5), food_remaining=11), ((1, 5), food_remaining=10), ((5, 5), food_remaining=12), ((5, 5), food_remaining=11), ((4, 3), food_remaining=12), ((4, 3), food_remaining=11), ((1, 4), food_remaining=10), ((1, 4), food_remaining=9), ((5, 3), food_remaining=10), ((5, 3), food_remaining=9), ((14, 5), food_remaining=10), ((3, 3), food_remaining=10), ((5, 3), food_remaining=12), ((2, 5), food_remaining=10), ((2, 5), food_remaining=11), ((12, 3), food_remaining=13), ((12, 3), food_remaining=12), ((1, 5), food_remaining=10), ((1, 5), food_remaining=9), ((3, 3), food_remaining=13), ((3, 3), food_remaining=12), ((12, 5), food_remaining=12), ((2, 5), food_remaining=12), ((12, 5), food_remaining=10), ((5, 5), food_remaining=10), ((5, 5), food_remaining=9), ((5, 5), food_remaining=12), ((13, 3), food_remaining=13), ((13, 3), food_remaining=12), ((1, 3), food_remaining=10), ((1, 3), food_remaining=9), ((6, 5), food_remaining=12), ((6, 5), food_remaining=11), ((1, 3), food_remaining=12), ((1, 3), food_remaining=11), ... (+128 more)]",18,41,59
169,"((7, 5), food_remaining=9)","((6, 5), food_remaining=9)",East,"['((7, 4), food_remaining=9)', '((8, 5), food_remaining=9)', '((6, 5), food_remaining=9)']","[((7, 5), food_remaining=9), ((13, 3), food_remaining=10), ((7, 3), food_remaining=9), ((11, 5), food_remaining=11), ((14, 3), food_remaining=12), ((7, 4), food_remaining=9), ((12, 5), food_remaining=11), ((12, 3), food_remaining=12), ((13, 4), food_remaining=11), ((12, 5), food_remaining=10), ((14, 3), food_remaining=11), ((13, 4), food_remaining=10), ((13, 5), food_remaining=11), ((12, 3), food_remaining=11), ((8, 5), food_remaining=11), ((3, 5), food_remaining=12), ((5, 5), food_remaining=11), ((3, 5), food_remaining=11), ((5, 3), food_remaining=11), ((4, 4), food_remaining=10), ((16, 3), food_remaining=13), ((11, 5), food_remaining=10), ((1, 3), food_remaining=11), ((1, 3), food_remaining=12), ((1, 4), food_remaining=11), ((5, 3), food_remaining=10), ((4, 4), food_remaining=10), ((9, 5), food_remaining=11), ((9, 3), food_remaining=11), ((3, 3), food_remaining=11), ((8, 3), food_remaining=11), ((5, 5), food_remaining=10), ((13, 5), food_remaining=10), ((3, 3), food_remaining=12), ((4, 4), food_remaining=11), ((16, 3), food_remaining=12), ((2, 5), food_remaining=10), ((2, 5), food_remaining=11), ((2, 5), food_remaining=11), ((14, 5), food_remaining=9), ... (+15 more)]","[((7, 3), food_remaining=9), ((13, 3), food_remaining=10), ((7, 4), food_remaining=9), ((11, 5), food_remaining=11), ((14, 3), food_remaining=12), ((8, 5), food_remaining=9), ((12, 5), food_remaining=11), ((12, 3), food_remaining=12), ((13, 4), food_remaining=11), ((12, 5), food_remaining=10), ((14, 3), food_remaining=11), ((13, 4), food_remaining=10), ((13, 5), food_remaining=11), ((12, 3), food_remaining=11), ((8, 5), food_remaining=11), ((3, 5), food_remaining=12), ((5, 5), food_remaining=11), ((3, 5), food_remaining=11), ((5, 3), food_remaining=11), ((4, 4), food_remaining=10), ((16, 3), food_remaining=13), ((11, 5), food_remaining=10), ((1, 3), food_remaining=11), ((1, 3), food_remaining=12), ((1, 4), food_remaining=11), ((5, 5), food_remaining=11), ((5, 3), food_remaining=10), ((9, 5), food_remaining=11), ((9, 3), food_remaining=11), ((3, 3), food_remaining=11), ((8, 3), food_remaining=11), ((5, 5), food_remaining=10), ((13, 5), food_remaining=10), ((3, 3), food_remaining=12), ((4, 4), food_remaining=11), ((16, 3), food_remaining=12), ((2, 5), food_remaining=10), ((2, 5), food_remaining=11), ((2, 5), food_remaining=11), ((14, 5), food_remaining=9), ... (+15 more)]","[((5, 5), food_remaining=12), ((4, 3), food_remaining=10), ((4, 3), food_remaining=9), ((9, 5), food_remaining=12), ((15, 3), food_remaining=12), ((1, 5), food_remaining=11), ((1, 5), food_remaining=10), ((5, 5), food_remaining=12), ((5, 5), food_remaining=11), ((4, 3), food_remaining=12), ((4, 3), food_remaining=11), ((1, 4), food_remaining=10), ((1, 4), food_remaining=9), ((5, 3), food_remaining=10), ((5, 3), food_remaining=9), ((14, 5), food_remaining=10), ((3, 3), food_remaining=10), ((5, 3), food_remaining=12), ((2, 5), food_remaining=10), ((2, 5), food_remaining=11), ((12, 3), food_remaining=13), ((12, 3), food_remaining=12), ((1, 5), food_remaining=10), ((1, 5), food_remaining=9), ((3, 3), food_remaining=13), ((3, 3), food_remaining=12), ((12, 5), food_remaining=12), ((2, 5), food_remaining=12), ((12, 5), food_remaining=10), ((5, 5), food_remaining=10), ((5, 5), food_remaining=9), ((5, 5), food_remaining=12), ((13, 3), food_remaining=13), ((13, 3), food_remaining=12), ((1, 3), food_remaining=10), ((1, 3), food_remaining=9), ((6, 5), food_remaining=12), ((6, 5), food_remaining=11), ((1, 3), food_remaining=12), ((1, 3), food_remaining=11), ... (+129 more)]",20,39,59
170,"((7, 3), food_remaining=9)","((6, 3), food_remaining=9)",East,"['((7, 4), food_remaining=9)', '((8, 3), food_remaining=9)', '((6, 3), food_remaining=9)']","[((7, 3), food_remaining=9), ((13, 3), food_remaining=10), ((7, 4), food_remaining=9), ((11, 5), food_remaining=11), ((14, 3), food_remaining=12), ((8, 5), food_remaining=9), ((12, 5), food_remaining=11), ((12, 3), food_remaining=12), ((13, 4), food_remaining=11), ((12, 5), food_remaining=10), ((14, 3), food_remaining=11), ((13, 4), food_remaining=10), ((13, 5), food_remaining=11), ((12, 3), food_remaining=11), ((8, 5), food_remaining=11), ((3, 5), food_remaining=12), ((5, 5), food_remaining=11), ((3, 5), food_remaining=11), ((5, 3), food_remaining=11), ((4, 4), food_remaining=10), ((16, 3), food_remaining=13), ((11, 5), food_remaining=10), ((1, 3), food_remaining=11), ((1, 3), food_remaining=12), ((1, 4), food_remaining=11), ((5, 5), food_remaining=11), ((5, 3), food_remaining=10), ((9, 5), food_remaining=11), ((9, 3), food_remaining=11), ((3, 3), food_remaining=11), ((8, 3), food_remaining=11), ((5, 5), food_remaining=10), ((13, 5), food_remaining=10), ((3, 3), food_remaining=12), ((4, 4), food_remaining=11), ((16, 3), food_remaining=12), ((2, 5), food_remaining=10), ((2, 5), food_remaining=11), ((2, 5), food_remaining=11), ((14, 5), food_remaining=9), ... (+15 more)]","[((7, 4), food_remaining=9), ((13, 3), food_remaining=10), ((8, 5), food_remaining=9), ((11, 5), food_remaining=11), ((14, 3), food_remaining=12), ((8, 3), food_remaining=9), ((12, 5), food_remaining=11), ((12, 3), food_remaining=12), ((13, 4), food_remaining=11), ((12, 5), food_remaining=10), ((14, 3), food_remaining=11), ((13, 4), food_remaining=10), ((13, 5), food_remaining=11), ((12, 3), food_remaining=11), ((8, 5), food_remaining=11), ((3, 5), food_remaining=12), ((5, 5), food_remaining=11), ((3, 5), food_remaining=11), ((5, 3), food_remaining=11), ((4, 4), food_remaining=10), ((16, 3), food_remaining=13), ((11, 5), food_remaining=10), ((1, 3), food_remaining=11), ((1, 3), food_remaining=12), ((1, 4), food_remaining=11), ((5, 5), food_remaining=11), ((5, 3), food_remaining=10), ((9, 5), food_remaining=11), ((9, 3), food_remaining=11), ((3, 3), food_remaining=11), ((8, 3), food_remaining=11), ((5, 5), food_remaining=10), ((13, 5), food_remaining=10), ((3, 3), food_remaining=12), ((4, 4), food_remaining=11), ((16, 3), food_remaining=12), ((2, 5), food_remaining=10), ((2, 5), food_remaining=11), ((2, 5), food_remaining=11), ((14, 5), food_remaining=9), ... (+15 more)]","[((5, 5), food_remaining=12), ((4, 3), food_remaining=10), ((4, 3), food_remaining=9), ((9, 5), food_remaining=12), ((15, 3), food_remaining=12), ((1, 5), food_remaining=11), ((1, 5), food_remaining=10), ((5, 5), food_remaining=12), ((5, 5), food_remaining=11), ((4, 3), food_remaining=12), ((4, 3), food_remaining=11), ((1, 4), food_remaining=10), ((1, 4), food_remaining=9), ((5, 3), food_remaining=10), ((5, 3), food_remaining=9), ((14, 5), food_remaining=10), ((3, 3), food_remaining=10), ((5, 3), food_remaining=12), ((2, 5), food_remaining=10), ((2, 5), food_remaining=11), ((12, 3), food_remaining=13), ((12, 3), food_remaining=12), ((1, 5), food_remaining=10), ((1, 5), food_remaining=9), ((3, 3), food_remaining=13), ((3, 3), food_remaining=12), ((12, 5), food_remaining=12), ((2, 5), food_remaining=12), ((12, 5), food_remaining=10), ((5, 5), food_remaining=10), ((5, 5), food_remaining=9), ((5, 5), food_remaining=12), ((13, 3), food_remaining=13), ((13, 3), food_remaining=12), ((1, 3), food_remaining=10), ((1, 3), food_remaining=9), ((6, 5), food_remaining=12), ((6, 5), food_remaining=11), ((1, 3), food_remaining=12), ((1, 3), food_remaining=11), ... (+130 more)]",20,39,59
171,"((7, 4), food_remaining=9)","((7, 5), food_remaining=10)",South,"['((7, 5), food_remaining=9)', '((7, 3), food_remaining=9)']","[((7, 4), food_remaining=9), ((13, 3), food_remaining=10), ((8, 5), food_remaining=9), ((11, 5), food_remaining=11), ((14, 3), food_remaining=12), ((8, 3), food_remaining=9), ((12, 5), food_remaining=11), ((12, 3), food_remaining=12), ((13, 4), food_remaining=11), ((12, 5), food_remaining=10), ((14, 3), food_remaining=11), ((13, 4), food_remaining=10), ((13, 5), food_remaining=11), ((12, 3), food_remaining=11), ((8, 5), food_remaining=11), ((3, 5), food_remaining=12), ((5, 5), food_remaining=11), ((3, 5), food_remaining=11), ((5, 3), food_remaining=11), ((4, 4), food_remaining=10), ((16, 3), food_remaining=13), ((11, 5), food_remaining=10), ((1, 3), food_remaining=11), ((1, 3), food_remaining=12), ((1, 4), food_remaining=11), ((5, 5), food_remaining=11), ((5, 3), food_remaining=10), ((9, 5), food_remaining=11), ((9, 3), food_remaining=11), ((3, 3), food_remaining=11), ((8, 3), food_remaining=11), ((5, 5), food_remaining=10), ((13, 5), food_remaining=10), ((3, 3), food_remaining=12), ((4, 4), food_remaining=11), ((16, 3), food_remaining=12), ((2, 5), food_remaining=10), ((2, 5), food_remaining=11), ((2, 5), food_remaining=11), ((14, 5), food_remaining=9), ... (+15 more)]","[((8, 5), food_remaining=9), ((13, 3), food_remaining=10), ((8, 3), food_remaining=9), ((11, 5), food_remaining=11), ((14, 3), food_remaining=12), ((13, 5), food_remaining=11), ((12, 5), food_remaining=11), ((12, 3), food_remaining=12), ((13, 4), food_remaining=11), ((12, 5), food_remaining=10), ((14, 3), food_remaining=11), ((13, 4), food_remaining=10), ((5, 3), food_remaining=10), ((12, 3), food_remaining=11), ((8, 5), food_remaining=11), ((3, 5), food_remaining=12), ((5, 5), food_remaining=11), ((3, 5), food_remaining=11), ((5, 3), food_remaining=11), ((4, 4), food_remaining=10), ((16, 3), food_remaining=13), ((11, 5), food_remaining=10), ((1, 3), food_remaining=11), ((1, 3), food_remaining=12), ((1, 4), food_remaining=11), ((5, 5), food_remaining=11), ((4, 4), food_remaining=10), ((9, 5), food_remaining=11), ((9, 3), food_remaining=11), ((3, 3), food_remaining=11), ((8, 3), food_remaining=11), ((5, 5), food_remaining=10), ((13, 5), food_remaining=10), ((3, 3), food_remaining=12), ((4, 4), food_remaining=11), ((16, 3), food_remaining=12), ((2, 5), food_remaining=10), ((2, 5), food_remaining=11), ((2, 5), food_remaining=11), ((14, 5), food_remaining=9), ... (+14 more)]","[((5, 5), food_remaining=12), ((4, 3), food_remaining=10), ((4, 3), food_remaining=9), ((9, 5), food_remaining=12), ((15, 3), food_remaining=12), ((1, 5), food_remaining=11), ((1, 5), food_remaining=10), ((5, 5), food_remaining=12), ((5, 5), food_remaining=11), ((4, 3), food_remaining=12), ((4, 3), food_remaining=11), ((1, 4), food_remaining=10), ((1, 4), food_remaining=9), ((5, 3), food_remaining=10), ((5, 3), food_remaining=9), ((14, 5), food_remaining=10), ((3, 3), food_remaining=10), ((5, 3), food_remaining=12), ((2, 5), food_remaining=10), ((2, 5), food_remaining=11), ((12, 3), food_remaining=13), ((12, 3), food_remaining=12), ((1, 5), food_remaining=10), ((1, 5), food_remaining=9), ((3, 3), food_remaining=13), ((3, 3), food_remaining=12), ((12, 5), food_remaining=12), ((2, 5), food_remaining=12), ((12, 5), food_remaining=10), ((5, 5), food_remaining=10), ((5, 5), food_remaining=9), ((5, 5), food_remaining=12), ((13, 3), food_remaining=13), ((13, 3), food_remaining=12), ((1, 3), food_remaining=10), ((1, 3), food_remaining=9), ((6, 5), food_remaining=12), ((6, 5), food_remaining=11), ((1, 3), food_remaining=12), ((1, 3), food_remaining=11), ... (+131 more)]",19,40,59
172,"((8, 5), food_remaining=9)","((7, 5), food_remaining=9)",East,"['((9, 5), food_remaining=9)', '((7, 5), food_remaining=9)']","[((8, 5), food_remaining=9), ((13, 3), food_remaining=10), ((8, 3), food_remaining=9), ((11, 5), food_remaining=11), ((14, 3), food_remaining=12), ((13, 5), food_remaining=11), ((12, 5), food_remaining=11), ((12, 3), food_remaining=12), ((13, 4), food_remaining=11), ((12, 5), food_remaining=10), ((14, 3), food_remaining=11), ((13, 4), food_remaining=10), ((5, 3), food_remaining=10), ((12, 3), food_remaining=11), ((8, 5), food_remaining=11), ((3, 5), food_remaining=12), ((5, 5), food_remaining=11), ((3, 5), food_remaining=11), ((5, 3), food_remaining=11), ((4, 4), food_remaining=10), ((16, 3), food_remaining=13), ((11, 5), food_remaining=10), ((1, 3), food_remaining=11), ((1, 3), food_remaining=12), ((1, 4), food_remaining=11), ((5, 5), food_remaining=11), ((4, 4), food_remaining=10), ((9, 5), food_remaining=11), ((9, 3), food_remaining=11), ((3, 3), food_remaining=11), ((8, 3), food_remaining=11), ((5, 5), food_remaining=10), ((13, 5), food_remaining=10), ((3, 3), food_remaining=12), ((4, 4), food_remaining=11), ((16, 3), food_remaining=12), ((2, 5), food_remaining=10), ((2, 5), food_remaining=11), ((2, 5), food_remaining=11), ((14, 5), food_remaining=9), ... (+14 more)]","[((8, 3), food_remaining=9), ((13, 3), food_remaining=10), ((9, 5), food_remaining=9), ((11, 5), food_remaining=11), ((14, 3), food_remaining=12), ((12, 5), food_remaining=11), ((12, 3), food_remaining=11), ((12, 3), food_remaining=12), ((13, 4), food_remaining=11), ((12, 5), food_remaining=10), ((14, 3), food_remaining=11), ((13, 4), food_remaining=10), ((13, 5), food_remaining=11), ((9, 5), food_remaining=11), ((8, 5), food_remaining=11), ((3, 5), food_remaining=12), ((5, 5), food_remaining=11), ((3, 5), food_remaining=11), ((5, 3), food_remaining=11), ((4, 4), food_remaining=10), ((16, 3), food_remaining=13), ((11, 5), food_remaining=10), ((1, 3), food_remaining=11), ((1, 3), food_remaining=12), ((1, 4), food_remaining=11), ((5, 5), food_remaining=11), ((5, 3), food_remaining=10), ((8, 5), food_remaining=10), ((9, 3), food_remaining=11), ((3, 3), food_remaining=11), ((8, 3), food_remaining=11), ((5, 5), food_remaining=10), ((13, 5), food_remaining=10), ((3, 3), food_remaining=12), ((4, 4), food_remaining=11), ((16, 3), food_remaining=12), ((2, 5), food_remaining=10), ((2, 5), food_remaining=11), ((2, 5), food_remaining=11), ((14, 5), food_remaining=9), ... (+14 more)]","[((5, 5), food_remaining=12), ((4, 3), food_remaining=10), ((4, 3), food_remaining=9), ((9, 5), food_remaining=12), ((15, 3), food_remaining=12), ((1, 5), food_remaining=11), ((1, 5), food_remaining=10), ((5, 5), food_remaining=12), ((5, 5), food_remaining=11), ((4, 3), food_remaining=12), ((4, 3), food_remaining=11), ((1, 4), food_remaining=10), ((1, 4), food_remaining=9), ((5, 3), food_remaining=10), ((5, 3), food_remaining=9), ((14, 5), food_remaining=10), ((3, 3), food_remaining=10), ((5, 3), food_remaining=12), ((2, 5), food_remaining=10), ((2, 5), food_remaining=11), ((12, 3), food_remaining=13), ((12, 3), food_remaining=12), ((1, 5), food_remaining=10), ((1, 5), food_remaining=9), ((3, 3), food_remaining=13), ((3, 3), food_remaining=12), ((12, 5), food_remaining=12), ((2, 5), food_remaining=12), ((12, 5), food_remaining=10), ((5, 5), food_remaining=10), ((5, 5), food_remaining=9), ((5, 5), food_remaining=12), ((13, 3), food_remaining=13), ((13, 3), food_remaining=12), ((1, 3), food_remaining=10), ((1, 3), food_remaining=9), ((6, 5), food_remaining=12), ((6, 5), food_remaining=11), ((1, 3), food_remaining=12), ((1, 3), food_remaining=11), ... (+132 more)]",21,38,59
173,"((8, 3), food_remaining=9)","((7, 3), food_remaining=9)",East,"['((9, 3), food_remaining=9)', '((7, 3), food_remaining=9)']","[((8, 3), food_remaining=9), ((13, 3), food_remaining=10), ((9, 5), food_remaining=9), ((11, 5), food_remaining=11), ((14, 3), food_remaining=12), ((12, 5), food_remaining=11), ((12, 3), food_remaining=11), ((12, 3), food_remaining=12), ((13, 4), food_remaining=11), ((12, 5), food_remaining=10), ((14, 3), food_remaining=11), ((13, 4), food_remaining=10), ((13, 5), food_remaining=11), ((9, 5), food_remaining=11), ((8, 5), food_remaining=11), ((3, 5), food_remaining=12), ((5, 5), food_remaining=11), ((3, 5), food_remaining=11), ((5, 3), food_remaining=11), ((4, 4), food_remaining=10), ((16, 3), food_remaining=13), ((11, 5), food_remaining=10), ((1, 3), food_remaining=11), ((1, 3), food_remaining=12), ((1, 4), food_remaining=11), ((5, 5), food_remaining=11), ((5, 3), food_remaining=10), ((8, 5), food_remaining=10), ((9, 3), food_remaining=11), ((3, 3), food_remaining=11), ((8, 3), food_remaining=11), ((5, 5), food_remaining=10), ((13, 5), food_remaining=10), ((3, 3), food_remaining=12), ((4, 4), food_remaining=11), ((16, 3), food_remaining=12), ((2, 5), food_remaining=10), ((2, 5), food_remaining=11), ((2, 5), food_remaining=11), ((14, 5), food_remaining=9), ... (+14 more)]","[((9, 5), food_remaining=9), ((13, 3), food_remaining=10), ((9, 3), food_remaining=9), ((11, 5), food_remaining=11), ((14, 3), food_remaining=12), ((12, 5), food_remaining=11), ((12, 3), food_remaining=11), ((12, 3), food_remaining=12), ((13, 4), food_remaining=11), ((12, 5), food_remaining=10), ((14, 3), food_remaining=11), ((13, 4), food_remaining=10), ((13, 5), food_remaining=11), ((9, 5), food_remaining=11), ((8, 5), food_remaining=11), ((3, 5), food_remaining=12), ((5, 5), food_remaining=11), ((3, 5), food_remaining=11), ((5, 3), food_remaining=11), ((4, 4), food_remaining=10), ((16, 3), food_remaining=13), ((11, 5), food_remaining=10), ((1, 3), food_remaining=11), ((1, 3), food_remaining=12), ((1, 4), food_remaining=11), ((5, 5), food_remaining=11), ((5, 3), food_remaining=10), ((8, 5), food_remaining=10), ((9, 3), food_remaining=11), ((3, 3), food_remaining=11), ((8, 3), food_remaining=11), ((5, 5), food_remaining=10), ((13, 5), food_remaining=10), ((3, 3), food_remaining=12), ((4, 4), food_remaining=11), ((16, 3), food_remaining=12), ((2, 5), food_remaining=10), ((2, 5), food_remaining=11), ((2, 5), food_remaining=11), ((14, 5), food_remaining=9), ... (+14 more)]","[((5, 5), food_remaining=12), ((4, 3), food_remaining=10), ((4, 3), food_remaining=9), ((9, 5), food_remaining=12), ((15, 3), food_remaining=12), ((1, 5), food_remaining=11), ((1, 5), food_remaining=10), ((5, 5), food_remaining=12), ((5, 5), food_remaining=11), ((4, 3), food_remaining=12), ((4, 3), food_remaining=11), ((1, 4), food_remaining=10), ((1, 4), food_remaining=9), ((5, 3), food_remaining=10), ((5, 3), food_remaining=9), ((14, 5), food_remaining=10), ((3, 3), food_remaining=10), ((5, 3), food_remaining=12), ((2, 5), food_remaining=10), ((2, 5), food_remaining=11), ((12, 3), food_remaining=13), ((12, 3), food_remaining=12), ((1, 5), food_remaining=10), ((1, 5), food_remaining=9), ((3, 3), food_remaining=13), ((3, 3), food_remaining=12), ((12, 5), food_remaining=12), ((2, 5), food_remaining=12), ((12, 5), food_remaining=10), ((5, 5), food_remaining=10), ((5, 5), food_remaining=9), ((5, 5), food_remaining=12), ((13, 3), food_remaining=13), ((13, 3), food_remaining=12), ((1, 3), food_remaining=10), ((1, 3), food_remaining=9), ((6, 5), food_remaining=12), ((6, 5), food_remaining=11), ((1, 3), food_remaining=12), ((1, 3), food_remaining=11), ... (+133 more)]",21,38,59
174,"((9, 5), food_remaining=9)","((8, 5), food_remaining=9)",East,"['((10, 5), food_remaining=9)', '((8, 5), food_remaining=9)']","[((9, 5), food_remaining=9), ((13, 3), food_remaining=10), ((9, 3), food_remaining=9), ((11, 5), food_remaining=11), ((14, 3), food_remaining=12), ((12, 5), food_remaining=11), ((12, 3), food_remaining=11), ((12, 3), food_remaining=12), ((13, 4), food_remaining=11), ((12, 5), food_remaining=10), ((14, 3), food_remaining=11), ((13, 4), food_remaining=10), ((13, 5), food_remaining=11), ((9, 5), food_remaining=11), ((8, 5), food_remaining=11), ((3, 5), food_remaining=12), ((5, 5), food_remaining=11), ((3, 5), food_remaining=11), ((5, 3), food_remaining=11), ((4, 4), food_remaining=10), ((16, 3), food_remaining=13), ((11, 5), food_remaining=10), ((1, 3), food_remaining=11), ((1, 3), food_remaining=12), ((1, 4), food_remaining=11), ((5, 5), food_remaining=11), ((5, 3), food_remaining=10), ((8, 5), food_remaining=10), ((9, 3), food_remaining=11), ((3, 3), food_remaining=11), ((8, 3), food_remaining=11), ((5, 5), food_remaining=10), ((13, 5), food_remaining=10), ((3, 3), food_remaining=12), ((4, 4), food_remaining=11), ((16, 3), food_remaining=12), ((2, 5), food_remaining=10), ((2, 5), food_remaining=11), ((2, 5), food_remaining=11), ((14, 5), food_remaining=9), ... (+14 more)]","[((9, 3), food_remaining=9), ((13, 3), food_remaining=10), ((10, 5), food_remaining=9), ((11, 5), food_remaining=11), ((14, 3), food_remaining=12), ((12, 5), food_remaining=11), ((12, 3), food_remaining=11), ((12, 3), food_remaining=12), ((13, 4), food_remaining=11), ((12, 5), food_remaining=10), ((14, 3), food_remaining=11), ((13, 4), food_remaining=10), ((13, 5), food_remaining=11), ((9, 5), food_remaining=11), ((8, 5), food_remaining=11), ((3, 5), food_remaining=12), ((5, 5), food_remaining=11), ((3, 5), food_remaining=11), ((5, 3), food_remaining=11), ((4, 4), food_remaining=10), ((16, 3), food_remaining=13), ((11, 5), food_remaining=10), ((1, 3), food_remaining=11), ((1, 3), food_remaining=12), ((1, 4), food_remaining=11), ((5, 5), food_remaining=11), ((5, 3), food_remaining=10), ((8, 5), food_remaining=10), ((9, 3), food_remaining=11), ((3, 3), food_remaining=11), ((8, 3), food_remaining=11), ((5, 5), food_remaining=10), ((13, 5), food_remaining=10), ((3, 3), food_remaining=12), ((4, 4), food_remaining=11), ((16, 3), food_remaining=12), ((2, 5), food_remaining=10), ((2, 5), food_remaining=11), ((2, 5), food_remaining=11), ((14, 5), food_remaining=9), ... (+14 more)]","[((5, 5), food_remaining=12), ((4, 3), food_remaining=10), ((4, 3), food_remaining=9), ((9, 5), food_remaining=12), ((15, 3), food_remaining=12), ((1, 5), food_remaining=11), ((1, 5), food_remaining=10), ((5, 5), food_remaining=12), ((5, 5), food_remaining=11), ((4, 3), food_remaining=12), ((4, 3), food_remaining=11), ((1, 4), food_remaining=10), ((1, 4), food_remaining=9), ((5, 3), food_remaining=10), ((5, 3), food_remaining=9), ((14, 5), food_remaining=10), ((3, 3), food_remaining=10), ((5, 3), food_remaining=12), ((2, 5), food_remaining=10), ((2, 5), food_remaining=11), ((12, 3), food_remaining=13), ((12, 3), food_remaining=12), ((1, 5), food_remaining=10), ((1, 5), food_remaining=9), ((3, 3), food_remaining=13), ((3, 3), food_remaining=12), ((12, 5), food_remaining=12), ((2, 5), food_remaining=12), ((12, 5), food_remaining=10), ((5, 5), food_remaining=10), ((5, 5), food_remaining=9), ((5, 5), food_remaining=12), ((13, 3), food_remaining=13), ((13, 3), food_remaining=12), ((1, 3), food_remaining=10), ((1, 3), food_remaining=9), ((6, 5), food_remaining=12), ((6, 5), food_remaining=11), ((1, 3), food_remaining=12), ((1, 3), food_remaining=11), ... (+134 more)]",22,37,59
175,"((9, 3), food_remaining=9)","((8, 3), food_remaining=9)",East,"['((10, 3), food_remaining=9)', '((8, 3), food_remaining=9)']","[((9, 3), food_remaining=9), ((13, 3), food_remaining=10), ((10, 5), food_remaining=9), ((11, 5), food_remaining=11), ((14, 3), food_remaining=12), ((12, 5), food_remaining=11), ((12, 3), food_remaining=11), ((12, 3), food_remaining=12), ((13, 4), food_remaining=11), ((12, 5), food_remaining=10), ((14, 3), food_remaining=11), ((13, 4), food_remaining=10), ((13, 5), food_remaining=11), ((9, 5), food_remaining=11), ((8, 5), food_remaining=11), ((3, 5), food_remaining=12), ((5, 5), food_remaining=11), ((3, 5), food_remaining=11), ((5, 3), food_remaining=11), ((4, 4), food_remaining=10), ((16, 3), food_remaining=13), ((11, 5), food_remaining=10), ((1, 3), food_remaining=11), ((1, 3), food_remaining=12), ((1, 4), food_remaining=11), ((5, 5), food_remaining=11), ((5, 3), food_remaining=10), ((8, 5), food_remaining=10), ((9, 3), food_remaining=11), ((3, 3), food_remaining=11), ((8, 3), food_remaining=11), ((5, 5), food_remaining=10), ((13, 5), food_remaining=10), ((3, 3), food_remaining=12), ((4, 4), food_remaining=11), ((16, 3), food_remaining=12), ((2, 5), food_remaining=10), ((2, 5), food_remaining=11), ((2, 5), food_remaining=11), ((14, 5), food_remaining=9), ... (+14 more)]","[((10, 5), food_remaining=9), ((13, 3), food_remaining=10), ((10, 3), food_remaining=9), ((11, 5), food_remaining=11), ((14, 3), food_remaining=12), ((12, 5), food_remaining=11), ((12, 3), food_remaining=11), ((12, 3), food_remaining=12), ((13, 4), food_remaining=11), ((12, 5), food_remaining=10), ((14, 3), food_remaining=11), ((13, 4), food_remaining=10), ((13, 5), food_remaining=11), ((9, 5), food_remaining=11), ((8, 5), food_remaining=11), ((3, 5), food_remaining=12), ((5, 5), food_remaining=11), ((3, 5), food_remaining=11), ((5, 3), food_remaining=11), ((4, 4), food_remaining=10), ((16, 3), food_remaining=13), ((11, 5), food_remaining=10), ((1, 3), food_remaining=11), ((1, 3), food_remaining=12), ((1, 4), food_remaining=11), ((5, 5), food_remaining=11), ((5, 3), food_remaining=10), ((8, 5), food_remaining=10), ((9, 3), food_remaining=11), ((3, 3), food_remaining=11), ((8, 3), food_remaining=11), ((5, 5), food_remaining=10), ((13, 5), food_remaining=10), ((3, 3), food_remaining=12), ((4, 4), food_remaining=11), ((16, 3), food_remaining=12), ((2, 5), food_remaining=10), ((2, 5), food_remaining=11), ((2, 5), food_remaining=11), ((14, 5), food_remaining=9), ... (+14 more)]","[((5, 5), food_remaining=12), ((4, 3), food_remaining=10), ((4, 3), food_remaining=9), ((9, 5), food_remaining=12), ((15, 3), food_remaining=12), ((1, 5), food_remaining=11), ((1, 5), food_remaining=10), ((5, 5), food_remaining=12), ((5, 5), food_remaining=11), ((4, 3), food_remaining=12), ((4, 3), food_remaining=11), ((1, 4), food_remaining=10), ((1, 4), food_remaining=9), ((5, 3), food_remaining=10), ((5, 3), food_remaining=9), ((14, 5), food_remaining=10), ((3, 3), food_remaining=10), ((5, 3), food_remaining=12), ((2, 5), food_remaining=10), ((2, 5), food_remaining=11), ((12, 3), food_remaining=13), ((12, 3), food_remaining=12), ((1, 5), food_remaining=10), ((1, 5), food_remaining=9), ((3, 3), food_remaining=13), ((3, 3), food_remaining=12), ((12, 5), food_remaining=12), ((2, 5), food_remaining=12), ((12, 5), food_remaining=10), ((5, 5), food_remaining=10), ((5, 5), food_remaining=9), ((5, 5), food_remaining=12), ((13, 3), food_remaining=13), ((13, 3), food_remaining=12), ((1, 3), food_remaining=10), ((1, 3), food_remaining=9), ((6, 5), food_remaining=12), ((6, 5), food_remaining=11), ((1, 3), food_remaining=12), ((1, 3), food_remaining=11), ... (+135 more)]",22,37,59
176,"((10, 5), food_remaining=9)","((9, 5), food_remaining=9)",East,"['((10, 4), food_remaining=8)', '((11, 5), food_remaining=9)', '((9, 5), food_remaining=9)']","[((10, 5), food_remaining=9), ((13, 3), food_remaining=10), ((10, 3), food_remaining=9), ((11, 5), food_remaining=11), ((14, 3), food_remaining=12), ((12, 5), food_remaining=11), ((12, 3), food_remaining=11), ((12, 3), food_remaining=12), ((13, 4), food_remaining=11), ((12, 5), food_remaining=10), ((14, 3), food_remaining=11), ((13, 4), food_remaining=10), ((13, 5), food_remaining=11), ((9, 5), food_remaining=11), ((8, 5), food_remaining=11), ((3, 5), food_remaining=12), ((5, 5), food_remaining=11), ((3, 5), food_remaining=11), ((5, 3), food_remaining=11), ((4, 4), food_remaining=10), ((16, 3), food_remaining=13), ((11, 5), food_remaining=10), ((1, 3), food_remaining=11), ((1, 3), food_remaining=12), ((1, 4), food_remaining=11), ((5, 5), food_remaining=11), ((5, 3), food_remaining=10), ((8, 5), food_remaining=10), ((9, 3), food_remaining=11), ((3, 3), food_remaining=11), ((8, 3), food_remaining=11), ((5, 5), food_remaining=10), ((13, 5), food_remaining=10), ((3, 3), food_remaining=12), ((4, 4), food_remaining=11), ((16, 3), food_remaining=12), ((2, 5), food_remaining=10), ((2, 5), food_remaining=11), ((2, 5), food_remaining=11), ((14, 5), food_remaining=9), ... (+14 more)]","[((10, 3), food_remaining=9), ((13, 3), food_remaining=10), ((10, 4), food_remaining=8), ((11, 5), food_remaining=11), ((14, 3), food_remaining=12), ((12, 5), food_remaining=11), ((12, 3), food_remaining=11), ((12, 3), food_remaining=12), ((13, 4), food_remaining=11), ((12, 5), food_remaining=10), ((14, 3), food_remaining=11), ((13, 4), food_remaining=10), ((13, 5), food_remaining=11), ((9, 5), food_remaining=11), ((8, 5), food_remaining=11), ((3, 5), food_remaining=12), ((5, 5), food_remaining=11), ((3, 5), food_remaining=11), ((5, 3), food_remaining=11), ((4, 4), food_remaining=10), ((16, 3), food_remaining=13), ((11, 5), food_remaining=10), ((1, 3), food_remaining=11), ((1, 3), food_remaining=12), ((1, 4), food_remaining=11), ((5, 5), food_remaining=11), ((5, 3), food_remaining=10), ((8, 5), food_remaining=10), ((9, 3), food_remaining=11), ((3, 3), food_remaining=11), ((8, 3), food_remaining=11), ((5, 5), food_remaining=10), ((13, 5), food_remaining=10), ((3, 3), food_remaining=12), ((4, 4), food_remaining=11), ((16, 3), food_remaining=12), ((2, 5), food_remaining=10), ((2, 5), food_remaining=11), ((2, 5), food_remaining=11), ((14, 5), food_remaining=9), ... (+15 more)]","[((5, 5), food_remaining=12), ((4, 3), food_remaining=10), ((4, 3), food_remaining=9), ((9, 5), food_remaining=12), ((15, 3), food_remaining=12), ((1, 5), food_remaining=11), ((1, 5), food_remaining=10), ((5, 5), food_remaining=12), ((5, 5), food_remaining=11), ((4, 3), food_remaining=12), ((4, 3), food_remaining=11), ((1, 4), food_remaining=10), ((1, 4), food_remaining=9), ((5, 3), food_remaining=10), ((5, 3), food_remaining=9), ((14, 5), food_remaining=10), ((3, 3), food_remaining=10), ((5, 3), food_remaining=12), ((2, 5), food_remaining=10), ((2, 5), food_remaining=11), ((12, 3), food_remaining=13), ((12, 3), food_remaining=12), ((1, 5), food_remaining=10), ((1, 5), food_remaining=9), ((3, 3), food_remaining=13), ((3, 3), food_remaining=12), ((12, 5), food_remaining=12), ((2, 5), food_remaining=12), ((12, 5), food_remaining=10), ((5, 5), food_remaining=10), ((5, 5), food_remaining=9), ((5, 5), food_remaining=12), ((13, 3), food_remaining=13), ((13, 3), food_remaining=12), ((1, 3), food_remaining=10), ((1, 3), food_remaining=9), ((6, 5), food_remaining=12), ((6, 5), food_remaining=11), ((1, 3), food_remaining=12), ((1, 3), food_remaining=11), ... (+136 more)]",23,36,59
177,"((10, 3), food_remaining=9)","((9, 3), food_remaining=9)",East,"['((10, 4), food_remaining=8)', '((11, 3), food_remaining=9)', '((9, 3), food_remaining=9)']","[((10, 3), food_remaining=9), ((13, 3), food_remaining=10), ((10, 4), food_remaining=8), ((11, 5), food_remaining=11), ((14, 3), food_remaining=12), ((12, 5), food_remaining=11), ((12, 3), food_remaining=11), ((12, 3), food_remaining=12), ((13, 4), food_remaining=11), ((12, 5), food_remaining=10), ((14, 3), food_remaining=11), ((13, 4), food_remaining=10), ((13, 5), food_remaining=11), ((9, 5), food_remaining=11), ((8, 5), food_remaining=11), ((3, 5), food_remaining=12), ((5, 5), food_remaining=11), ((3, 5), food_remaining=11), ((5, 3), food_remaining=11), ((4, 4), food_remaining=10), ((16, 3), food_remaining=13), ((11, 5), food_remaining=10), ((1, 3), food_remaining=11), ((1, 3), food_remaining=12), ((1, 4), food_remaining=11), ((5, 5), food_remaining=11), ((5, 3), food_remaining=10), ((8, 5), food_remaining=10), ((9, 3), food_remaining=11), ((3, 3), food_remaining=11), ((8, 3), food_remaining=11), ((5, 5), food_remaining=10), ((13, 5), food_remaining=10), ((3, 3), food_remaining=12), ((4, 4), food_remaining=11), ((16, 3), food_remaining=12), ((2, 5), food_remaining=10), ((2, 5), food_remaining=11), ((2, 5), food_remaining=11), ((14, 5), food_remaining=9), ... (+15 more)]","[((10, 4), food_remaining=8), ((13, 3), food_remaining=10), ((12, 5), food_remaining=11), ((11, 5), food_remaining=11), ((14, 3), food_remaining=12), ((13, 5), food_remaining=11), ((12, 3), food_remaining=11), ((12, 3), food_remaining=12), ((13, 4), food_remaining=11), ((12, 5), food_remaining=10), ((14, 3), food_remaining=11), ((13, 4), food_remaining=10), ((5, 3), food_remaining=10), ((9, 5), food_remaining=11), ((8, 5), food_remaining=11), ((3, 5), food_remaining=12), ((5, 5), food_remaining=11), ((3, 5), food_remaining=11), ((5, 3), food_remaining=11), ((4, 4), food_remaining=10), ((16, 3), food_remaining=13), ((11, 5), food_remaining=10), ((1, 3), food_remaining=11), ((1, 3), food_remaining=12), ((1, 4), food_remaining=11), ((5, 5), food_remaining=11), ((4, 4), food_remaining=10), ((8, 5), food_remaining=10), ((9, 3), food_remaining=11), ((3, 3), food_remaining=11), ((8, 3), food_remaining=11), ((5, 5), food_remaining=10), ((13, 5), food_remaining=10), ((3, 3), food_remaining=12), ((4, 4), food_remaining=11), ((16, 3), food_remaining=12), ((2, 5), food_remaining=10), ((2, 5), food_remaining=11), ((2, 5), food_remaining=11), ((14, 5), food_remaining=9), ... (+15 more)]","[((5, 5), food_remaining=12), ((4, 3), food_remaining=10), ((4, 3), food_remaining=9), ((9, 5), food_remaining=12), ((15, 3), food_remaining=12), ((1, 5), food_remaining=11), ((1, 5), food_remaining=10), ((5, 5), food_remaining=12), ((5, 5), food_remaining=11), ((4, 3), food_remaining=12), ((4, 3), food_remaining=11), ((1, 4), food_remaining=10), ((1, 4), food_remaining=9), ((5, 3), food_remaining=10), ((5, 3), food_remaining=9), ((14, 5), food_remaining=10), ((3, 3), food_remaining=10), ((5, 3), food_remaining=12), ((2, 5), food_remaining=10), ((2, 5), food_remaining=11), ((12, 3), food_remaining=13), ((12, 3), food_remaining=12), ((1, 5), food_remaining=10), ((1, 5), food_remaining=9), ((3, 3), food_remaining=13), ((3, 3), food_remaining=12), ((12, 5), food_remaining=12), ((2, 5), food_remaining=12), ((12, 5), food_remaining=10), ((5, 5), food_remaining=10), ((5, 5), food_remaining=9), ((5, 5), food_remaining=12), ((13, 3), food_remaining=13), ((13, 3), food_remaining=12), ((1, 3), food_remaining=10), ((1, 3), food_remaining=9), ((6, 5), food_remaining=12), ((6, 5), food_remaining=11), ((1, 3), food_remaining=12), ((1, 3), food_remaining=11), ... (+137 more)]",23,36,59
178,"((10, 4), food_remaining=8)","((10, 5), food_remaining=9)",South,"['((10, 5), food_remaining=8)', '((10, 3), food_remaining=8)']","[((10, 4), food_remaining=8), ((13, 3), food_remaining=10), ((12, 5), food_remaining=11), ((11, 5), food_remaining=11), ((14, 3), food_remaining=12), ((13, 5), food_remaining=11), ((12, 3), food_remaining=11), ((12, 3), food_remaining=12), ((13, 4), food_remaining=11), ((12, 5), food_remaining=10), ((14, 3), food_remaining=11), ((13, 4), food_remaining=10), ((5, 3), food_remaining=10), ((9, 5), food_remaining=11), ((8, 5), food_remaining=11), ((3, 5), food_remaining=12), ((5, 5), food_remaining=11), ((3, 5), food_remaining=11), ((5, 3), food_remaining=11), ((4, 4), food_remaining=10), ((16, 3), food_remaining=13), ((11, 5), food_remaining=10), ((1, 3), food_remaining=11), ((1, 3), food_remaining=12), ((1, 4), food_remaining=11), ((5, 5), food_remaining=11), ((4, 4), food_remaining=10), ((8, 5), food_remaining=10), ((9, 3), food_remaining=11), ((3, 3), food_remaining=11), ((8, 3), food_remaining=11), ((5, 5), food_remaining=10), ((13, 5), food_remaining=10), ((3, 3), food_remaining=12), ((4, 4), food_remaining=11), ((16, 3), food_remaining=12), ((2, 5), food_remaining=10), ((2, 5), food_remaining=11), ((2, 5), food_remaining=11), ((14, 5), food_remaining=9), ... (+15 more)]","[((10, 5), food_remaining=8), ((11, 5), food_remaining=11), ((13, 3), food_remaining=10), ((13, 4), food_remaining=11), ((14, 3), food_remaining=12), ((12, 5), food_remaining=11), ((12, 3), food_remaining=11), ((12, 3), food_remaining=12), ((3, 5), food_remaining=11), ((12, 5), food_remaining=10), ((14, 3), food_remaining=11), ((13, 4), food_remaining=10), ((13, 5), food_remaining=11), ((9, 5), food_remaining=11), ((8, 5), food_remaining=11), ((3, 5), food_remaining=12), ((5, 5), food_remaining=11), ((16, 3), food_remaining=12), ((5, 3), food_remaining=11), ((4, 4), food_remaining=10), ((16, 3), food_remaining=13), ((11, 5), food_remaining=10), ((1, 3), food_remaining=11), ((1, 3), food_remaining=12), ((1, 4), food_remaining=11), ((5, 5), food_remaining=11), ((5, 3), food_remaining=10), ((10, 3), food_remaining=8), ((9, 3), food_remaining=11), ((3, 3), food_remaining=11), ((8, 3), food_remaining=11), ((5, 5), food_remaining=10), ((13, 5), food_remaining=10), ((3, 3), food_remaining=12), ((4, 4), food_remaining=11), ((11, 3), food_remaining=9), ((2, 5), food_remaining=10), ((2, 5), food_remaining=11), ((2, 5), food_remaining=11), ((14, 5), food_remaining=9), ... (+16 more)]","[((5, 5), food_remaining=12), ((4, 3), food_remaining=10), ((4, 3), food_remaining=9), ((9, 5), food_remaining=12), ((15, 3), food_remaining=12), ((1, 5), food_remaining=11), ((1, 5), food_remaining=10), ((5, 5), food_remaining=12), ((5, 5), food_remaining=11), ((4, 3), food_remaining=12), ((4, 3), food_remaining=11), ((1, 4), food_remaining=10), ((1, 4), food_remaining=9), ((5, 3), food_remaining=10), ((5, 3), food_remaining=9), ((14, 5), food_remaining=10), ((3, 3), food_remaining=10), ((5, 3), food_remaining=12), ((2, 5), food_remaining=10), ((2, 5), food_remaining=11), ((12, 3), food_remaining=13), ((12, 3), food_remaining=12), ((1, 5), food_remaining=10), ((1, 5), food_remaining=9), ((3, 3), food_remaining=13), ((3, 3), food_remaining=12), ((12, 5), food_remaining=12), ((2, 5), food_remaining=12), ((12, 5), food_remaining=10), ((5, 5), food_remaining=10), ((5, 5), food_remaining=9), ((5, 5), food_remaining=12), ((13, 3), food_remaining=13), ((13, 3), food_remaining=12), ((1, 3), food_remaining=10), ((1, 3), food_remaining=9), ((6, 5), food_remaining=12), ((6, 5), food_remaining=11), ((1, 3), food_remaining=12), ((1, 3), food_remaining=11), ... (+138 more)]",24,35,59
179,"((10, 5), food_remaining=8)","((10, 4), food_remaining=8)",North,"['((10, 4), food_remaining=8)', '((11, 5), food_remaining=8)', '((9, 5), food_remaining=8)']","[((10, 5), food_remaining=8), ((11, 5), food_remaining=11), ((13, 3), food_remaining=10), ((13, 4), food_remaining=11), ((14, 3), food_remaining=12), ((12, 5), food_remaining=11), ((12, 3), food_remaining=11), ((12, 3), food_remaining=12), ((3, 5), food_remaining=11), ((12, 5), food_remaining=10), ((14, 3), food_remaining=11), ((13, 4), food_remaining=10), ((13, 5), food_remaining=11), ((9, 5), food_remaining=11), ((8, 5), food_remaining=11), ((3, 5), food_remaining=12), ((5, 5), food_remaining=11), ((16, 3), food_remaining=12), ((5, 3), food_remaining=11), ((4, 4), food_remaining=10), ((16, 3), food_remaining=13), ((11, 5), food_remaining=10), ((1, 3), food_remaining=11), ((1, 3), food_remaining=12), ((1, 4), food_remaining=11), ((5, 5), food_remaining=11), ((5, 3), food_remaining=10), ((10, 3), food_remaining=8), ((9, 3), food_remaining=11), ((3, 3), food_remaining=11), ((8, 3), food_remaining=11), ((5, 5), food_remaining=10), ((13, 5), food_remaining=10), ((3, 3), food_remaining=12), ((4, 4), food_remaining=11), ((11, 3), food_remaining=9), ((2, 5), food_remaining=10), ((2, 5), food_remaining=11), ((2, 5), food_remaining=11), ((14, 5), food_remaining=9), ... (+16 more)]","[((11, 5), food_remaining=8), ((11, 5), food_remaining=11), ((13, 3), food_remaining=10), ((13, 4), food_remaining=11), ((14, 3), food_remaining=12), ((13, 5), food_remaining=11), ((12, 5), food_remaining=11), ((12, 3), food_remaining=12), ((3, 5), food_remaining=11), ((12, 5), food_remaining=10), ((14, 3), food_remaining=11), ((13, 4), food_remaining=10), ((5, 3), food_remaining=10), ((12, 3), food_remaining=11), ((8, 5), food_remaining=11), ((3, 5), food_remaining=12), ((5, 5), food_remaining=11), ((16, 3), food_remaining=12), ((5, 3), food_remaining=11), ((4, 4), food_remaining=10), ((16, 3), food_remaining=13), ((11, 5), food_remaining=10), ((1, 3), food_remaining=11), ((1, 3), food_remaining=12), ((1, 4), food_remaining=11), ((5, 5), food_remaining=11), ((4, 4), food_remaining=10), ((9, 5), food_remaining=11), ((9, 3), food_remaining=11), ((3, 3), food_remaining=11), ((8, 3), food_remaining=11), ((5, 5), food_remaining=10), ((13, 5), food_remaining=10), ((3, 3), food_remaining=12), ((4, 4), food_remaining=11), ((11, 3), food_remaining=9), ((2, 5), food_remaining=10), ((2, 5), food_remaining=11), ((2, 5), food_remaining=11), ((14, 5), food_remaining=9), ... (+17 more)]","[((5, 5), food_remaining=12), ((4, 3), food_remaining=10), ((4, 3), food_remaining=9), ((9, 5), food_remaining=12), ((15, 3), food_remaining=12), ((1, 5), food_remaining=11), ((1, 5), food_remaining=10), ((5, 5), food_remaining=12), ((5, 5), food_remaining=11), ((4, 3), food_remaining=12), ((4, 3), food_remaining=11), ((1, 4), food_remaining=10), ((1, 4), food_remaining=9), ((5, 3), food_remaining=10), ((5, 3), food_remaining=9), ((14, 5), food_remaining=10), ((3, 3), food_remaining=10), ((5, 3), food_remaining=12), ((2, 5), food_remaining=10), ((2, 5), food_remaining=11), ((12, 3), food_remaining=13), ((12, 3), food_remaining=12), ((1, 5), food_remaining=10), ((1, 5), food_remaining=9), ((3, 3), food_remaining=13), ((3, 3), food_remaining=12), ((12, 5), food_remaining=12), ((2, 5), food_remaining=12), ((12, 5), food_remaining=10), ((5, 5), food_remaining=10), ((5, 5), food_remaining=9), ((5, 5), food_remaining=12), ((13, 3), food_remaining=13), ((13, 3), food_remaining=12), ((1, 3), food_remaining=10), ((1, 3), food_remaining=9), ((6, 5), food_remaining=12), ((6, 5), food_remaining=11), ((1, 3), food_remaining=12), ((1, 3), food_remaining=11), ... (+139 more)]",25,34,59
180,"((11, 5), food_remaining=8)","((10, 5), food_remaining=8)",East,"['((12, 5), food_remaining=8)', '((10, 5), food_remaining=8)']","[((11, 5), food_remaining=8), ((11, 5), food_remaining=11), ((13, 3), food_remaining=10), ((13, 4), food_remaining=11), ((14, 3), food_remaining=12), ((13, 5), food_remaining=11), ((12, 5), food_remaining=11), ((12, 3), food_remaining=12), ((3, 5), food_remaining=11), ((12, 5), food_remaining=10), ((14, 3), food_remaining=11), ((13, 4), food_remaining=10), ((5, 3), food_remaining=10), ((12, 3), food_remaining=11), ((8, 5), food_remaining=11), ((3, 5), food_remaining=12), ((5, 5), food_remaining=11), ((16, 3), food_remaining=12), ((5, 3), food_remaining=11), ((4, 4), food_remaining=10), ((16, 3), food_remaining=13), ((11, 5), food_remaining=10), ((1, 3), food_remaining=11), ((1, 3), food_remaining=12), ((1, 4), food_remaining=11), ((5, 5), food_remaining=11), ((4, 4), food_remaining=10), ((9, 5), food_remaining=11), ((9, 3), food_remaining=11), ((3, 3), food_remaining=11), ((8, 3), food_remaining=11), ((5, 5), food_remaining=10), ((13, 5), food_remaining=10), ((3, 3), food_remaining=12), ((4, 4), food_remaining=11), ((11, 3), food_remaining=9), ((2, 5), food_remaining=10), ((2, 5), food_remaining=11), ((2, 5), food_remaining=11), ((14, 5), food_remaining=9), ... (+17 more)]","[((12, 5), food_remaining=8), ((11, 5), food_remaining=11), ((13, 3), food_remaining=10), ((13, 4), food_remaining=11), ((14, 3), food_remaining=12), ((13, 5), food_remaining=11), ((12, 5), food_remaining=11), ((12, 3), food_remaining=12), ((3, 5), food_remaining=11), ((12, 5), food_remaining=10), ((14, 3), food_remaining=11), ((13, 4), food_remaining=10), ((5, 3), food_remaining=10), ((12, 3), food_remaining=11), ((8, 5), food_remaining=11), ((3, 5), food_remaining=12), ((5, 5), food_remaining=11), ((16, 3), food_remaining=12), ((5, 3), food_remaining=11), ((4, 4), food_remaining=10), ((16, 3), food_remaining=13), ((11, 5), food_remaining=10), ((1, 3), food_remaining=11), ((1, 3), food_remaining=12), ((1, 4), food_remaining=11), ((5, 5), food_remaining=11), ((4, 4), food_remaining=10), ((9, 5), food_remaining=11), ((9, 3), food_remaining=11), ((3, 3), food_remaining=11), ((8, 3), food_remaining=11), ((5, 5), food_remaining=10), ((13, 5), food_remaining=10), ((3, 3), food_remaining=12), ((4, 4), food_remaining=11), ((11, 3), food_remaining=9), ((2, 5), food_remaining=10), ((2, 5), food_remaining=11), ((2, 5), food_remaining=11), ((14, 5), food_remaining=9), ... (+17 more)]","[((5, 5), food_remaining=12), ((4, 3), food_remaining=10), ((4, 3), food_remaining=9), ((9, 5), food_remaining=12), ((15, 3), food_remaining=12), ((1, 5), food_remaining=11), ((1, 5), food_remaining=10), ((5, 5), food_remaining=12), ((5, 5), food_remaining=11), ((4, 3), food_remaining=12), ((4, 3), food_remaining=11), ((1, 4), food_remaining=10), ((1, 4), food_remaining=9), ((5, 3), food_remaining=10), ((5, 3), food_remaining=9), ((14, 5), food_remaining=10), ((3, 3), food_remaining=10), ((5, 3), food_remaining=12), ((2, 5), food_remaining=10), ((2, 5), food_remaining=11), ((12, 3), food_remaining=13), ((12, 3), food_remaining=12), ((1, 5), food_remaining=10), ((1, 5), food_remaining=9), ((3, 3), food_remaining=13), ((3, 3), food_remaining=12), ((12, 5), food_remaining=12), ((2, 5), food_remaining=12), ((12, 5), food_remaining=10), ((5, 5), food_remaining=10), ((5, 5), food_remaining=9), ((5, 5), food_remaining=12), ((13, 3), food_remaining=13), ((13, 3), food_remaining=12), ((1, 3), food_remaining=10), ((1, 3), food_remaining=9), ((6, 5), food_remaining=12), ((6, 5), food_remaining=11), ((1, 3), food_remaining=12), ((1, 3), food_remaining=11), ... (+140 more)]",26,33,59
181,"((12, 5), food_remaining=8)","((11, 5), food_remaining=8)",East,"['((13, 5), food_remaining=7)', '((11, 5), food_remaining=8)']","[((12, 5), food_remaining=8), ((11, 5), food_remaining=11), ((13, 3), food_remaining=10), ((13, 4), food_remaining=11), ((14, 3), food_remaining=12), ((13, 5), food_remaining=11), ((12, 5), food_remaining=11), ((12, 3), food_remaining=12), ((3, 5), food_remaining=11), ((12, 5), food_remaining=10), ((14, 3), food_remaining=11), ((13, 4), food_remaining=10), ((5, 3), food_remaining=10), ((12, 3), food_remaining=11), ((8, 5), food_remaining=11), ((3, 5), food_remaining=12), ((5, 5), food_remaining=11), ((16, 3), food_remaining=12), ((5, 3), food_remaining=11), ((4, 4), food_remaining=10), ((16, 3), food_remaining=13), ((11, 5), food_remaining=10), ((1, 3), food_remaining=11), ((1, 3), food_remaining=12), ((1, 4), food_remaining=11), ((5, 5), food_remaining=11), ((4, 4), food_remaining=10), ((9, 5), food_remaining=11), ((9, 3), food_remaining=11), ((3, 3), food_remaining=11), ((8, 3), food_remaining=11), ((5, 5), food_remaining=10), ((13, 5), food_remaining=10), ((3, 3), food_remaining=12), ((4, 4), food_remaining=11), ((11, 3), food_remaining=9), ((2, 5), food_remaining=10), ((2, 5), food_remaining=11), ((2, 5), food_remaining=11), ((14, 5), food_remaining=9), ... (+17 more)]","[((13, 3), food_remaining=10), ((11, 5), food_remaining=11), ((12, 5), food_remaining=11), ((13, 4), food_remaining=11), ((14, 3), food_remaining=12), ((13, 5), food_remaining=11), ((12, 3), food_remaining=11), ((12, 3), food_remaining=12), ((3, 5), food_remaining=11), ((12, 5), food_remaining=10), ((14, 3), food_remaining=11), ((13, 4), food_remaining=10), ((5, 3), food_remaining=10), ((9, 5), food_remaining=11), ((8, 5), food_remaining=11), ((3, 5), food_remaining=12), ((5, 5), food_remaining=11), ((16, 3), food_remaining=12), ((5, 3), food_remaining=11), ((4, 4), food_remaining=10), ((16, 3), food_remaining=13), ((11, 5), food_remaining=10), ((1, 3), food_remaining=11), ((1, 3), food_remaining=12), ((1, 4), food_remaining=11), ((5, 5), food_remaining=11), ((4, 4), food_remaining=10), ((10, 3), food_remaining=8), ((9, 3), food_remaining=11), ((3, 3), food_remaining=11), ((8, 3), food_remaining=11), ((5, 5), food_remaining=10), ((13, 5), food_remaining=10), ((3, 3), food_remaining=12), ((4, 4), food_remaining=11), ((11, 3), food_remaining=9), ((2, 5), food_remaining=10), ((2, 5), food_remaining=11), ((2, 5), food_remaining=11), ((14, 5), food_remaining=9), ... (+17 more)]","[((5, 5), food_remaining=12), ((4, 3), food_remaining=10), ((4, 3), food_remaining=9), ((9, 5), food_remaining=12), ((15, 3), food_remaining=12), ((1, 5), food_remaining=11), ((1, 5), food_remaining=10), ((5, 5), food_remaining=12), ((5, 5), food_remaining=11), ((4, 3), food_remaining=12), ((4, 3), food_remaining=11), ((1, 4), food_remaining=10), ((1, 4), food_remaining=9), ((5, 3), food_remaining=10), ((5, 3), food_remaining=9), ((14, 5), food_remaining=10), ((3, 3), food_remaining=10), ((5, 3), food_remaining=12), ((2, 5), food_remaining=10), ((2, 5), food_remaining=11), ((12, 3), food_remaining=13), ((12, 3), food_remaining=12), ((1, 5), food_remaining=10), ((1, 5), food_remaining=9), ((3, 3), food_remaining=13), ((3, 3), food_remaining=12), ((12, 5), food_remaining=12), ((2, 5), food_remaining=12), ((12, 5), food_remaining=10), ((5, 5), food_remaining=10), ((5, 5), food_remaining=9), ((5, 5), food_remaining=12), ((13, 3), food_remaining=13), ((13, 3), food_remaining=12), ((1, 3), food_remaining=10), ((1, 3), food_remaining=9), ((6, 5), food_remaining=12), ((6, 5), food_remaining=11), ((1, 3), food_remaining=12), ((1, 3), food_remaining=11), ... (+141 more)]",27,32,59
182,"((13, 3), food_remaining=10)","((13, 4), food_remaining=10)",South,"['((13, 4), food_remaining=10)', '((14, 3), food_remaining=10)', '((12, 3), food_remaining=10)']","[((13, 3), food_remaining=10), ((11, 5), food_remaining=11), ((12, 5), food_remaining=11), ((13, 4), food_remaining=11), ((14, 3), food_remaining=12), ((13, 5), food_remaining=11), ((12, 3), food_remaining=11), ((12, 3), food_remaining=12), ((3, 5), food_remaining=11), ((12, 5), food_remaining=10), ((14, 3), food_remaining=11), ((13, 4), food_remaining=10), ((5, 3), food_remaining=10), ((9, 5), food_remaining=11), ((8, 5), food_remaining=11), ((3, 5), food_remaining=12), ((5, 5), food_remaining=11), ((16, 3), food_remaining=12), ((5, 3), food_remaining=11), ((4, 4), food_remaining=10), ((16, 3), food_remaining=13), ((11, 5), food_remaining=10), ((1, 3), food_remaining=11), ((1, 3), food_remaining=12), ((1, 4), food_remaining=11), ((5, 5), food_remaining=11), ((4, 4), food_remaining=10), ((10, 3), food_remaining=8), ((9, 3), food_remaining=11), ((3, 3), food_remaining=11), ((8, 3), food_remaining=11), ((5, 5), food_remaining=10), ((13, 5), food_remaining=10), ((3, 3), food_remaining=12), ((4, 4), food_remaining=11), ((11, 3), food_remaining=9), ((2, 5), food_remaining=10), ((2, 5), food_remaining=11), ((2, 5), food_remaining=11), ((14, 5), food_remaining=9), ... (+17 more)]","[((11, 5), food_remaining=11), ((13, 4), food_remaining=11), ((12, 5), food_remaining=11), ((12, 3), food_remaining=12), ((14, 3), food_remaining=12), ((13, 5), food_remaining=11), ((12, 3), food_remaining=11), ((5, 5), food_remaining=11), ((3, 5), food_remaining=11), ((12, 5), food_remaining=10), ((14, 3), food_remaining=11), ((13, 4), food_remaining=10), ((5, 3), food_remaining=10), ((9, 5), food_remaining=11), ((8, 5), food_remaining=11), ((3, 5), food_remaining=12), ((4, 4), food_remaining=11), ((16, 3), food_remaining=12), ((5, 3), food_remaining=11), ((4, 4), food_remaining=10), ((16, 3), food_remaining=13), ((11, 5), food_remaining=10), ((1, 3), food_remaining=11), ((1, 3), food_remaining=12), ((1, 4), food_remaining=11), ((5, 5), food_remaining=11), ((4, 4), food_remaining=10), ((10, 3), food_remaining=8), ((9, 3), food_remaining=11), ((3, 3), food_remaining=11), ((8, 3), food_remaining=11), ((5, 5), food_remaining=10), ((13, 5), food_remaining=10), ((3, 3), food_remaining=12), ((13, 5), food_remaining=7), ((11, 3), food_remaining=9), ((2, 5), food_remaining=10), ((2, 5), food_remaining=11), ((2, 5), food_remaining=11), ((14, 5), food_remaining=9), ... (+18 more)]","[((5, 5), food_remaining=12), ((4, 3), food_remaining=10), ((4, 3), food_remaining=9), ((9, 5), food_remaining=12), ((15, 3), food_remaining=12), ((1, 5), food_remaining=11), ((1, 5), food_remaining=10), ((5, 5), food_remaining=12), ((5, 5), food_remaining=11), ((4, 3), food_remaining=12), ((4, 3), food_remaining=11), ((1, 4), food_remaining=10), ((1, 4), food_remaining=9), ((5, 3), food_remaining=10), ((5, 3), food_remaining=9), ((14, 5), food_remaining=10), ((3, 3), food_remaining=10), ((5, 3), food_remaining=12), ((2, 5), food_remaining=10), ((2, 5), food_remaining=11), ((12, 3), food_remaining=13), ((12, 3), food_remaining=12), ((1, 5), food_remaining=10), ((1, 5), food_remaining=9), ((3, 3), food_remaining=13), ((3, 3), food_remaining=12), ((12, 5), food_remaining=12), ((2, 5), food_remaining=12), ((12, 5), food_remaining=10), ((5, 5), food_remaining=10), ((5, 5), food_remaining=9), ((5, 5), food_remaining=12), ((13, 3), food_remaining=13), ((13, 3), food_remaining=12), ((1, 3), food_remaining=10), ((1, 3), food_remaining=9), ((6, 5), food_remaining=12), ((6, 5), food_remaining=11), ((1, 3), food_remaining=12), ((1, 3), food_remaining=11), ... (+142 more)]",8,52,60
183,"((11, 5), food_remaining=11)","((12, 5), food_remaining=11)",West,"['((12, 5), food_remaining=11)', '((10, 5), food_remaining=11)']","[((11, 5), food_remaining=11), ((13, 4), food_remaining=11), ((12, 5), food_remaining=11), ((12, 3), food_remaining=12), ((14, 3), food_remaining=12), ((13, 5), food_remaining=11), ((12, 3), food_remaining=11), ((5, 5), food_remaining=11), ((3, 5), food_remaining=11), ((12, 5), food_remaining=10), ((14, 3), food_remaining=11), ((13, 4), food_remaining=10), ((5, 3), food_remaining=10), ((9, 5), food_remaining=11), ((8, 5), food_remaining=11), ((3, 5), food_remaining=12), ((4, 4), food_remaining=11), ((16, 3), food_remaining=12), ((5, 3), food_remaining=11), ((4, 4), food_remaining=10), ((16, 3), food_remaining=13), ((11, 5), food_remaining=10), ((1, 3), food_remaining=11), ((1, 3), food_remaining=12), ((1, 4), food_remaining=11), ((5, 5), food_remaining=11), ((4, 4), food_remaining=10), ((10, 3), food_remaining=8), ((9, 3), food_remaining=11), ((3, 3), food_remaining=11), ((8, 3), food_remaining=11), ((5, 5), food_remaining=10), ((13, 5), food_remaining=10), ((3, 3), food_remaining=12), ((13, 5), food_remaining=7), ((11, 3), food_remaining=9), ((2, 5), food_remaining=10), ((2, 5), food_remaining=11), ((2, 5), food_remaining=11), ((14, 5), food_remaining=9), ... (+18 more)]","[((13, 4), food_remaining=11), ((14, 3), food_remaining=12), ((12, 5), food_remaining=11), ((12, 3), food_remaining=12), ((12, 5), food_remaining=10), ((13, 5), food_remaining=11), ((12, 3), food_remaining=11), ((5, 5), food_remaining=11), ((3, 5), food_remaining=11), ((4, 4), food_remaining=10), ((14, 3), food_remaining=11), ((13, 4), food_remaining=10), ((5, 3), food_remaining=10), ((9, 5), food_remaining=11), ((8, 5), food_remaining=11), ((3, 5), food_remaining=12), ((4, 4), food_remaining=11), ((16, 3), food_remaining=12), ((5, 3), food_remaining=11), ((9, 5), food_remaining=10), ((16, 3), food_remaining=13), ((11, 5), food_remaining=10), ((1, 3), food_remaining=11), ((1, 3), food_remaining=12), ((1, 4), food_remaining=11), ((5, 5), food_remaining=11), ((4, 4), food_remaining=10), ((10, 3), food_remaining=8), ((9, 3), food_remaining=11), ((3, 3), food_remaining=11), ((8, 3), food_remaining=11), ((5, 5), food_remaining=10), ((13, 5), food_remaining=10), ((3, 3), food_remaining=12), ((13, 5), food_remaining=7), ((11, 3), food_remaining=9), ((2, 5), food_remaining=10), ((2, 5), food_remaining=11), ((2, 5), food_remaining=11), ((14, 5), food_remaining=9), ... (+18 more)]","[((5, 5), food_remaining=12), ((4, 3), food_remaining=10), ((4, 3), food_remaining=9), ((9, 5), food_remaining=12), ((15, 3), food_remaining=12), ((1, 5), food_remaining=11), ((1, 5), food_remaining=10), ((5, 5), food_remaining=12), ((5, 5), food_remaining=11), ((4, 3), food_remaining=12), ((4, 3), food_remaining=11), ((1, 4), food_remaining=10), ((1, 4), food_remaining=9), ((5, 3), food_remaining=10), ((5, 3), food_remaining=9), ((14, 5), food_remaining=10), ((3, 3), food_remaining=10), ((5, 3), food_remaining=12), ((2, 5), food_remaining=10), ((2, 5), food_remaining=11), ((12, 3), food_remaining=13), ((12, 3), food_remaining=12), ((1, 5), food_remaining=10), ((1, 5), food_remaining=9), ((3, 3), food_remaining=13), ((3, 3), food_remaining=12), ((12, 5), food_remaining=12), ((2, 5), food_remaining=12), ((12, 5), food_remaining=10), ((5, 5), food_remaining=10), ((5, 5), food_remaining=9), ((5, 5), food_remaining=12), ((13, 3), food_remaining=13), ((13, 3), food_remaining=12), ((1, 3), food_remaining=10), ((1, 3), food_remaining=9), ((6, 5), food_remaining=12), ((6, 5), food_remaining=11), ((1, 3), food_remaining=12), ((1, 3), food_remaining=11), ... (+143 more)]",8,52,60
184,"((13, 4), food_remaining=11)","((13, 5), food_remaining=11)",South,"['((13, 5), food_remaining=11)', '((13, 3), food_remaining=11)']","[((13, 4), food_remaining=11), ((14, 3), food_remaining=12), ((12, 5), food_remaining=11), ((12, 3), food_remaining=12), ((12, 5), food_remaining=10), ((13, 5), food_remaining=11), ((12, 3), food_remaining=11), ((5, 5), food_remaining=11), ((3, 5), food_remaining=11), ((4, 4), food_remaining=10), ((14, 3), food_remaining=11), ((13, 4), food_remaining=10), ((5, 3), food_remaining=10), ((9, 5), food_remaining=11), ((8, 5), food_remaining=11), ((3, 5), food_remaining=12), ((4, 4), food_remaining=11), ((16, 3), food_remaining=12), ((5, 3), food_remaining=11), ((9, 5), food_remaining=10), ((16, 3), food_remaining=13), ((11, 5), food_remaining=10), ((1, 3), food_remaining=11), ((1, 3), food_remaining=12), ((1, 4), food_remaining=11), ((5, 5), food_remaining=11), ((4, 4), food_remaining=10), ((10, 3), food_remaining=8), ((9, 3), food_remaining=11), ((3, 3), food_remaining=11), ((8, 3), food_remaining=11), ((5, 5), food_remaining=10), ((13, 5), food_remaining=10), ((3, 3), food_remaining=12), ((13, 5), food_remaining=7), ((11, 3), food_remaining=9), ((2, 5), food_remaining=10), ((2, 5), food_remaining=11), ((2, 5), food_remaining=11), ((14, 5), food_remaining=9), ... (+18 more)]","[((12, 5), food_remaining=11), ((14, 3), food_remaining=12), ((12, 3), food_remaining=11), ((12, 3), food_remaining=12), ((12, 5), food_remaining=10), ((13, 5), food_remaining=11), ((8, 5), food_remaining=11), ((5, 5), food_remaining=11), ((3, 5), food_remaining=11), ((4, 4), food_remaining=10), ((14, 3), food_remaining=11), ((13, 4), food_remaining=10), ((5, 3), food_remaining=10), ((9, 5), food_remaining=11), ((8, 3), food_remaining=11), ((3, 5), food_remaining=12), ((4, 4), food_remaining=11), ((16, 3), food_remaining=12), ((5, 3), food_remaining=11), ((9, 5), food_remaining=10), ((16, 3), food_remaining=13), ((11, 5), food_remaining=10), ((1, 3), food_remaining=11), ((1, 3), food_remaining=12), ((1, 4), food_remaining=11), ((5, 5), food_remaining=11), ((4, 4), food_remaining=10), ((10, 3), food_remaining=8), ((9, 3), food_remaining=11), ((3, 3), food_remaining=11), ((10, 5), food_remaining=11), ((5, 5), food_remaining=10), ((13, 5), food_remaining=10), ((3, 3), food_remaining=12), ((13, 5), food_remaining=7), ((11, 3), food_remaining=9), ((2, 5), food_remaining=10), ((2, 5), food_remaining=11), ((2, 5), food_remaining=11), ((14, 5), food_remaining=9), ... (+18 more)]","[((5, 5), food_remaining=12), ((4, 3), food_remaining=10), ((4, 3), food_remaining=9), ((9, 5), food_remaining=12), ((15, 3), food_remaining=12), ((1, 5), food_remaining=11), ((1, 5), food_remaining=10), ((5, 5), food_remaining=12), ((5, 5), food_remaining=11), ((4, 3), food_remaining=12), ((4, 3), food_remaining=11), ((1, 4), food_remaining=10), ((1, 4), food_remaining=9), ((5, 3), food_remaining=10), ((5, 3), food_remaining=9), ((14, 5), food_remaining=10), ((3, 3), food_remaining=10), ((5, 3), food_remaining=12), ((2, 5), food_remaining=10), ((2, 5), food_remaining=11), ((12, 3), food_remaining=13), ((12, 3), food_remaining=12), ((1, 5), food_remaining=10), ((1, 5), food_remaining=9), ((3, 3), food_remaining=13), ((3, 3), food_remaining=12), ((12, 5), food_remaining=12), ((2, 5), food_remaining=12), ((12, 5), food_remaining=10), ((5, 5), food_remaining=10), ((5, 5), food_remaining=9), ((5, 5), food_remaining=12), ((13, 3), food_remaining=13), ((13, 3), food_remaining=12), ((1, 3), food_remaining=10), ((1, 3), food_remaining=9), ((6, 5), food_remaining=12), ((6, 5), food_remaining=11), ((1, 3), food_remaining=12), ((1, 3), food_remaining=11), ... (+144 more)]",7,53,60
185,"((12, 5), food_remaining=11)","((13, 5), food_remaining=11)",West,"['((13, 5), food_remaining=11)', '((11, 5), food_remaining=11)']","[((12, 5), food_remaining=11), ((14, 3), food_remaining=12), ((12, 3), food_remaining=11), ((12, 3), food_remaining=12), ((12, 5), food_remaining=10), ((13, 5), food_remaining=11), ((8, 5), food_remaining=11), ((5, 5), food_remaining=11), ((3, 5), food_remaining=11), ((4, 4), food_remaining=10), ((14, 3), food_remaining=11), ((13, 4), food_remaining=10), ((5, 3), food_remaining=10), ((9, 5), food_remaining=11), ((8, 3), food_remaining=11), ((3, 5), food_remaining=12), ((4, 4), food_remaining=11), ((16, 3), food_remaining=12), ((5, 3), food_remaining=11), ((9, 5), food_remaining=10), ((16, 3), food_remaining=13), ((11, 5), food_remaining=10), ((1, 3), food_remaining=11), ((1, 3), food_remaining=12), ((1, 4), food_remaining=11), ((5, 5), food_remaining=11), ((4, 4), food_remaining=10), ((10, 3), food_remaining=8), ((9, 3), food_remaining=11), ((3, 3), food_remaining=11), ((10, 5), food_remaining=11), ((5, 5), food_remaining=10), ((13, 5), food_remaining=10), ((3, 3), food_remaining=12), ((13, 5), food_remaining=7), ((11, 3), food_remaining=9), ((2, 5), food_remaining=10), ((2, 5), food_remaining=11), ((2, 5), food_remaining=11), ((14, 5), food_remaining=9), ... (+18 more)]","[((14, 3), food_remaining=12), ((12, 3), food_remaining=12), ((12, 3), food_remaining=11), ((5, 5), food_remaining=11), ((12, 5), food_remaining=10), ((13, 5), food_remaining=11), ((8, 5), food_remaining=11), ((4, 4), food_remaining=11), ((3, 5), food_remaining=11), ((4, 4), food_remaining=10), ((14, 3), food_remaining=11), ((13, 4), food_remaining=10), ((5, 3), food_remaining=10), ((9, 5), food_remaining=11), ((8, 3), food_remaining=11), ((3, 5), food_remaining=12), ((3, 3), food_remaining=12), ((16, 3), food_remaining=12), ((5, 3), food_remaining=11), ((9, 5), food_remaining=10), ((16, 3), food_remaining=13), ((11, 5), food_remaining=10), ((1, 3), food_remaining=11), ((1, 3), food_remaining=12), ((1, 4), food_remaining=11), ((5, 5), food_remaining=11), ((4, 4), food_remaining=10), ((10, 3), food_remaining=8), ((9, 3), food_remaining=11), ((3, 3), food_remaining=11), ((10, 5), food_remaining=11), ((5, 5), food_remaining=10), ((13, 5), food_remaining=10), ((13, 3), food_remaining=11), ((13, 5), food_remaining=7), ((11, 3), food_remaining=9), ((2, 5), food_remaining=10), ((2, 5), food_remaining=11), ((2, 5), food_remaining=11), ((14, 5), food_remaining=9), ... (+18 more)]","[((5, 5), food_remaining=12), ((4, 3), food_remaining=10), ((4, 3), food_remaining=9), ((9, 5), food_remaining=12), ((15, 3), food_remaining=12), ((1, 5), food_remaining=11), ((1, 5), food_remaining=10), ((5, 5), food_remaining=12), ((5, 5), food_remaining=11), ((4, 3), food_remaining=12), ((4, 3), food_remaining=11), ((1, 4), food_remaining=10), ((1, 4), food_remaining=9), ((5, 3), food_remaining=10), ((5, 3), food_remaining=9), ((14, 5), food_remaining=10), ((3, 3), food_remaining=10), ((5, 3), food_remaining=12), ((2, 5), food_remaining=10), ((2, 5), food_remaining=11), ((12, 3), food_remaining=13), ((12, 3), food_remaining=12), ((1, 5), food_remaining=10), ((1, 5), food_remaining=9), ((3, 3), food_remaining=13), ((3, 3), food_remaining=12), ((12, 5), food_remaining=12), ((2, 5), food_remaining=12), ((12, 5), food_remaining=10), ((12, 5), food_remaining=11), ((5, 5), food_remaining=10), ((5, 5), food_remaining=9), ((5, 5), food_remaining=12), ((13, 3), food_remaining=13), ((13, 3), food_remaining=12), ((1, 3), food_remaining=10), ((1, 3), food_remaining=9), ((6, 5), food_remaining=12), ((6, 5), food_remaining=11), ((1, 3), food_remaining=12), ... (+145 more)]",7,53,60
186,"((14, 3), food_remaining=12)","((13, 3), food_remaining=12)",East,"['((15, 3), food_remaining=12)', '((13, 3), food_remaining=12)']","[((14, 3), food_remaining=12), ((12, 3), food_remaining=12), ((12, 3), food_remaining=11), ((5, 5), food_remaining=11), ((12, 5), food_remaining=10), ((13, 5), food_remaining=11), ((8, 5), food_remaining=11), ((4, 4), food_remaining=11), ((3, 5), food_remaining=11), ((4, 4), food_remaining=10), ((14, 3), food_remaining=11), ((13, 4), food_remaining=10), ((5, 3), food_remaining=10), ((9, 5), food_remaining=11), ((8, 3), food_remaining=11), ((3, 5), food_remaining=12), ((3, 3), food_remaining=12), ((16, 3), food_remaining=12), ((5, 3), food_remaining=11), ((9, 5), food_remaining=10), ((16, 3), food_remaining=13), ((11, 5), food_remaining=10), ((1, 3), food_remaining=11), ((1, 3), food_remaining=12), ((1, 4), food_remaining=11), ((5, 5), food_remaining=11), ((4, 4), food_remaining=10), ((10, 3), food_remaining=8), ((9, 3), food_remaining=11), ((3, 3), food_remaining=11), ((10, 5), food_remaining=11), ((5, 5), food_remaining=10), ((13, 5), food_remaining=10), ((13, 3), food_remaining=11), ((13, 5), food_remaining=7), ((11, 3), food_remaining=9), ((2, 5), food_remaining=10), ((2, 5), food_remaining=11), ((2, 5), food_remaining=11), ((14, 5), food_remaining=9), ... (+18 more)]","[((12, 3), food_remaining=12), ((12, 5), food_remaining=10), ((12, 3), food_remaining=11), ((5, 5), food_remaining=11), ((14, 3), food_remaining=11), ((13, 5), food_remaining=11), ((8, 5), food_remaining=11), ((4, 4), food_remaining=11), ((3, 5), food_remaining=11), ((4, 4), food_remaining=10), ((11, 5), food_remaining=10), ((13, 4), food_remaining=10), ((5, 3), food_remaining=10), ((9, 5), food_remaining=11), ((8, 3), food_remaining=11), ((3, 5), food_remaining=12), ((3, 3), food_remaining=12), ((16, 3), food_remaining=12), ((5, 3), food_remaining=11), ((9, 5), food_remaining=10), ((16, 3), food_remaining=13), ((13, 4), food_remaining=11), ((1, 3), food_remaining=11), ((1, 3), food_remaining=12), ((1, 4), food_remaining=11), ((5, 5), food_remaining=11), ((4, 4), food_remaining=10), ((10, 3), food_remaining=8), ((9, 3), food_remaining=11), ((3, 3), food_remaining=11), ((10, 5), food_remaining=11), ((5, 5), food_remaining=10), ((13, 5), food_remaining=10), ((13, 3), food_remaining=11), ((13, 5), food_remaining=7), ((11, 3), food_remaining=9), ((2, 5), food_remaining=10), ((2, 5), food_remaining=11), ((2, 5), food_remaining=11), ((14, 5), food_remaining=9), ... (+18 more)]","[((5, 5), food_remaining=12), ((4, 3), food_remaining=10), ((4, 3), food_remaining=9), ((9, 5), food_remaining=12), ((15, 3), food_remaining=12), ((1, 5), food_remaining=11), ((1, 5), food_remaining=10), ((5, 5), food_remaining=12), ((5, 5), food_remaining=11), ((4, 3), food_remaining=12), ((4, 3), food_remaining=11), ((1, 4), food_remaining=10), ((1, 4), food_remaining=9), ((5, 3), food_remaining=10), ((5, 3), food_remaining=9), ((14, 5), food_remaining=10), ((3, 3), food_remaining=10), ((5, 3), food_remaining=12), ((2, 5), food_remaining=10), ((2, 5), food_remaining=11), ((12, 3), food_remaining=13), ((12, 3), food_remaining=12), ((1, 5), food_remaining=10), ((1, 5), food_remaining=9), ((3, 3), food_remaining=13), ((3, 3), food_remaining=12), ((12, 5), food_remaining=12), ((2, 5), food_remaining=12), ((12, 5), food_remaining=10), ((12, 5), food_remaining=11), ((5, 5), food_remaining=10), ((5, 5), food_remaining=9), ((5, 5), food_remaining=12), ((13, 3), food_remaining=13), ((13, 3), food_remaining=12), ((1, 3), food_remaining=10), ((1, 3), food_remaining=9), ((6, 5), food_remaining=12), ((6, 5), food_remaining=11), ((1, 3), food_remaining=12), ... (+146 more)]",7,53,60
187,"((12, 3), food_remaining=12)","((13, 3), food_remaining=12)",West,"['((13, 3), food_remaining=12)', '((11, 3), food_remaining=12)']","[((12, 3), food_remaining=12), ((12, 5), food_remaining=10), ((12, 3), food_remaining=11), ((5, 5), food_remaining=11), ((14, 3), food_remaining=11), ((13, 5), food_remaining=11), ((8, 5), food_remaining=11), ((4, 4), food_remaining=11), ((3, 5), food_remaining=11), ((4, 4), food_remaining=10), ((11, 5), food_remaining=10), ((13, 4), food_remaining=10), ((5, 3), food_remaining=10), ((9, 5), food_remaining=11), ((8, 3), food_remaining=11), ((3, 5), food_remaining=12), ((3, 3), food_remaining=12), ((16, 3), food_remaining=12), ((5, 3), food_remaining=11), ((9, 5), food_remaining=10), ((16, 3), food_remaining=13), ((13, 4), food_remaining=11), ((1, 3), food_remaining=11), ((1, 3), food_remaining=12), ((1, 4), food_remaining=11), ((5, 5), food_remaining=11), ((4, 4), food_remaining=10), ((10, 3), food_remaining=8), ((9, 3), food_remaining=11), ((3, 3), food_remaining=11), ((10, 5), food_remaining=11), ((5, 5), food_remaining=10), ((13, 5), food_remaining=10), ((13, 3), food_remaining=11), ((13, 5), food_remaining=7), ((11, 3), food_remaining=9), ((2, 5), food_remaining=10), ((2, 5), food_remaining=11), ((2, 5), food_remaining=11), ((14, 5), food_remaining=9), ... (+18 more)]","[((12, 5), food_remaining=10), ((14, 3), food_remaining=11), ((12, 3), food_remaining=11), ((5, 5), food_remaining=11), ((11, 5), food_remaining=10), ((13, 5), food_remaining=11), ((8, 5), food_remaining=11), ((4, 4), food_remaining=11), ((3, 5), food_remaining=11), ((4, 4), food_remaining=10), ((13, 4), food_remaining=11), ((13, 4), food_remaining=10), ((5, 3), food_remaining=10), ((9, 5), food_remaining=11), ((8, 3), food_remaining=11), ((3, 5), food_remaining=12), ((3, 3), food_remaining=12), ((16, 3), food_remaining=12), ((5, 3), food_remaining=11), ((9, 5), food_remaining=10), ((16, 3), food_remaining=13), ((8, 5), food_remaining=12), ((1, 3), food_remaining=11), ((1, 3), food_remaining=12), ((1, 4), food_remaining=11), ((5, 5), food_remaining=11), ((4, 4), food_remaining=10), ((10, 3), food_remaining=8), ((11, 3), food_remaining=12), ((3, 3), food_remaining=11), ((10, 5), food_remaining=11), ((5, 5), food_remaining=10), ((13, 5), food_remaining=10), ((13, 3), food_remaining=11), ((13, 5), food_remaining=7), ((11, 3), food_remaining=9), ((2, 5), food_remaining=10), ((2, 5), food_remaining=11), ((2, 5), food_remaining=11), ((14, 5), food_remaining=9), ... (+18 more)]","[((5, 5), food_remaining=12), ((4, 3), food_remaining=10), ((4, 3), food_remaining=9), ((9, 5), food_remaining=12), ((15, 3), food_remaining=12), ((1, 5), food_remaining=11), ((1, 5), food_remaining=10), ((5, 5), food_remaining=12), ((5, 5), food_remaining=11), ((4, 3), food_remaining=12), ((4, 3), food_remaining=11), ((1, 4), food_remaining=10), ((1, 4), food_remaining=9), ((5, 3), food_remaining=10), ((5, 3), food_remaining=9), ((14, 5), food_remaining=10), ((3, 3), food_remaining=10), ((5, 3), food_remaining=12), ((2, 5), food_remaining=10), ((2, 5), food_remaining=11), ((12, 3), food_remaining=13), ((12, 3), food_remaining=12), ((1, 5), food_remaining=10), ((1, 5), food_remaining=9), ((3, 3), food_remaining=13), ((3, 3), food_remaining=12), ((12, 5), food_remaining=12), ((2, 5), food_remaining=12), ((12, 5), food_remaining=10), ((12, 5), food_remaining=11), ((5, 5), food_remaining=10), ((5, 5), food_remaining=9), ((5, 5), food_remaining=12), ((13, 3), food_remaining=13), ((13, 3), food_remaining=12), ((1, 3), food_remaining=10), ((1, 3), food_remaining=9), ((6, 5), food_remaining=12), ((6, 5), food_remaining=11), ((1, 3), food_remaining=12), ... (+147 more)]",7,53,60
188,"((12, 5), food_remaining=10)","((13, 5), food_remaining=10)",West,"['((13, 5), food_remaining=10)', '((11, 5), food_remaining=10)']","[((12, 5), food_remaining=10), ((14, 3), food_remaining=11), ((12, 3), food_remaining=11), ((5, 5), food_remaining=11), ((11, 5), food_remaining=10), ((13, 5), food_remaining=11), ((8, 5), food_remaining=11), ((4, 4), food_remaining=11), ((3, 5), food_remaining=11), ((4, 4), food_remaining=10), ((13, 4), food_remaining=11), ((13, 4), food_remaining=10), ((5, 3), food_remaining=10), ((9, 5), food_remaining=11), ((8, 3), food_remaining=11), ((3, 5), food_remaining=12), ((3, 3), food_remaining=12), ((16, 3), food_remaining=12), ((5, 3), food_remaining=11), ((9, 5), food_remaining=10), ((16, 3), food_remaining=13), ((8, 5), food_remaining=12), ((1, 3), food_remaining=11), ((1, 3), food_remaining=12), ((1, 4), food_remaining=11), ((5, 5), food_remaining=11), ((4, 4), food_remaining=10), ((10, 3), food_remaining=8), ((11, 3), food_remaining=12), ((3, 3), food_remaining=11), ((10, 5), food_remaining=11), ((5, 5), food_remaining=10), ((13, 5), food_remaining=10), ((13, 3), food_remaining=11), ((13, 5), food_remaining=7), ((11, 3), food_remaining=9), ((2, 5), food_remaining=10), ((2, 5), food_remaining=11), ((2, 5), food_remaining=11), ((14, 5), food_remaining=9), ... (+18 more)]","[((14, 3), food_remaining=11), ((11, 5), food_remaining=10), ((12, 3), food_remaining=11), ((5, 5), food_remaining=11), ((4, 4), food_remaining=10), ((13, 5), food_remaining=11), ((8, 5), food_remaining=11), ((4, 4), food_remaining=11), ((3, 5), food_remaining=11), ((16, 3), food_remaining=13), ((13, 4), food_remaining=11), ((13, 4), food_remaining=10), ((5, 3), food_remaining=10), ((9, 5), food_remaining=11), ((8, 3), food_remaining=11), ((3, 5), food_remaining=12), ((3, 3), food_remaining=12), ((16, 3), food_remaining=12), ((5, 3), food_remaining=11), ((9, 5), food_remaining=10), ((9, 3), food_remaining=11), ((8, 5), food_remaining=12), ((1, 3), food_remaining=11), ((1, 3), food_remaining=12), ((1, 4), food_remaining=11), ((5, 5), food_remaining=11), ((4, 4), food_remaining=10), ((10, 3), food_remaining=8), ((11, 3), food_remaining=12), ((3, 3), food_remaining=11), ((10, 5), food_remaining=11), ((5, 5), food_remaining=10), ((13, 5), food_remaining=10), ((13, 3), food_remaining=11), ((13, 5), food_remaining=7), ((11, 3), food_remaining=9), ((2, 5), food_remaining=10), ((2, 5), food_remaining=11), ((2, 5), food_remaining=11), ((14, 5), food_remaining=9), ... (+18 more)]","[((5, 5), food_remaining=12), ((4, 3), food_remaining=10), ((4, 3), food_remaining=9), ((9, 5), food_remaining=12), ((15, 3), food_remaining=12), ((1, 5), food_remaining=11), ((1, 5), food_remaining=10), ((5, 5), food_remaining=12), ((5, 5), food_remaining=11), ((4, 3), food_remaining=12), ((4, 3), food_remaining=11), ((1, 4), food_remaining=10), ((1, 4), food_remaining=9), ((5, 3), food_remaining=10), ((5, 3), food_remaining=9), ((14, 5), food_remaining=10), ((3, 3), food_remaining=10), ((5, 3), food_remaining=12), ((2, 5), food_remaining=10), ((2, 5), food_remaining=11), ((12, 3), food_remaining=13), ((12, 3), food_remaining=12), ((1, 5), food_remaining=10), ((1, 5), food_remaining=9), ((3, 3), food_remaining=13), ((3, 3), food_remaining=12), ((12, 5), food_remaining=12), ((2, 5), food_remaining=12), ((12, 5), food_remaining=10), ((12, 5), food_remaining=11), ((5, 5), food_remaining=10), ((5, 5), food_remaining=9), ((5, 5), food_remaining=12), ((13, 3), food_remaining=13), ((13, 3), food_remaining=12), ((1, 3), food_remaining=10), ((1, 3), food_remaining=9), ((6, 5), food_remaining=12), ((6, 5), food_remaining=11), ((1, 3), food_remaining=12), ... (+148 more)]",9,51,60
189,"((14, 3), food_remaining=11)","((13, 3), food_remaining=11)",East,"['((15, 3), food_remaining=11)', '((13, 3), food_remaining=11)']","[((14, 3), food_remaining=11), ((11, 5), food_remaining=10), ((12, 3), food_remaining=11), ((5, 5), food_remaining=11), ((4, 4), food_remaining=10), ((13, 5), food_remaining=11), ((8, 5), food_remaining=11), ((4, 4), food_remaining=11), ((3, 5), food_remaining=11), ((16, 3), food_remaining=13), ((13, 4), food_remaining=11), ((13, 4), food_remaining=10), ((5, 3), food_remaining=10), ((9, 5), food_remaining=11), ((8, 3), food_remaining=11), ((3, 5), food_remaining=12), ((3, 3), food_remaining=12), ((16, 3), food_remaining=12), ((5, 3), food_remaining=11), ((9, 5), food_remaining=10), ((9, 3), food_remaining=11), ((8, 5), food_remaining=12), ((1, 3), food_remaining=11), ((1, 3), food_remaining=12), ((1, 4), food_remaining=11), ((5, 5), food_remaining=11), ((4, 4), food_remaining=10), ((10, 3), food_remaining=8), ((11, 3), food_remaining=12), ((3, 3), food_remaining=11), ((10, 5), food_remaining=11), ((5, 5), food_remaining=10), ((13, 5), food_remaining=10), ((13, 3), food_remaining=11), ((13, 5), food_remaining=7), ((11, 3), food_remaining=9), ((2, 5), food_remaining=10), ((2, 5), food_remaining=11), ((2, 5), food_remaining=11), ((14, 5), food_remaining=9), ... (+18 more)]","[((12, 3), food_remaining=11), ((11, 5), food_remaining=10), ((8, 5), food_remaining=11), ((5, 5), food_remaining=11), ((4, 4), food_remaining=10), ((13, 5), food_remaining=11), ((8, 3), food_remaining=11), ((4, 4), food_remaining=11), ((3, 5), food_remaining=11), ((16, 3), food_remaining=13), ((13, 4), food_remaining=11), ((13, 4), food_remaining=10), ((5, 3), food_remaining=10), ((9, 5), food_remaining=11), ((3, 3), food_remaining=11), ((3, 5), food_remaining=12), ((3, 3), food_remaining=12), ((16, 3), food_remaining=12), ((5, 3), food_remaining=11), ((9, 5), food_remaining=10), ((9, 3), food_remaining=11), ((8, 5), food_remaining=12), ((1, 3), food_remaining=11), ((1, 3), food_remaining=12), ((1, 4), food_remaining=11), ((5, 5), food_remaining=11), ((4, 4), food_remaining=10), ((10, 3), food_remaining=8), ((11, 3), food_remaining=12), ((11, 5), food_remaining=10), ((10, 5), food_remaining=11), ((5, 5), food_remaining=10), ((13, 5), food_remaining=10), ((13, 3), food_remaining=11), ((13, 5), food_remaining=7), ((11, 3), food_remaining=9), ((2, 5), food_remaining=10), ((2, 5), food_remaining=11), ((2, 5), food_remaining=11), ((14, 5), food_remaining=9), ... (+18 more)]","[((5, 5), food_remaining=12), ((4, 3), food_remaining=10), ((4, 3), food_remaining=9), ((9, 5), food_remaining=12), ((15, 3), food_remaining=12), ((1, 5), food_remaining=11), ((1, 5), food_remaining=10), ((5, 5), food_remaining=12), ((5, 5), food_remaining=11), ((4, 3), food_remaining=12), ((4, 3), food_remaining=11), ((1, 4), food_remaining=10), ((1, 4), food_remaining=9), ((5, 3), food_remaining=10), ((5, 3), food_remaining=9), ((14, 5), food_remaining=10), ((3, 3), food_remaining=10), ((5, 3), food_remaining=12), ((2, 5), food_remaining=10), ((2, 5), food_remaining=11), ((12, 3), food_remaining=13), ((12, 3), food_remaining=12), ((1, 5), food_remaining=10), ((1, 5), food_remaining=9), ((3, 3), food_remaining=13), ((3, 3), food_remaining=12), ((12, 5), food_remaining=12), ((2, 5), food_remaining=12), ((12, 5), food_remaining=10), ((12, 5), food_remaining=11), ((5, 5), food_remaining=10), ((5, 5), food_remaining=9), ((5, 5), food_remaining=12), ((13, 3), food_remaining=13), ((13, 3), food_remaining=12), ((1, 3), food_remaining=10), ((1, 3), food_remaining=9), ((6, 5), food_remaining=12), ((6, 5), food_remaining=11), ((1, 3), food_remaining=12), ... (+149 more)]",9,51,60
190,"((12, 3), food_remaining=11)","((13, 3), food_remaining=11)",West,"['((13, 3), food_remaining=11)', '((11, 3), food_remaining=11)']","[((12, 3), food_remaining=11), ((11, 5), food_remaining=10), ((8, 5), food_remaining=11), ((5, 5), food_remaining=11), ((4, 4), food_remaining=10), ((13, 5), food_remaining=11), ((8, 3), food_remaining=11), ((4, 4), food_remaining=11), ((3, 5), food_remaining=11), ((16, 3), food_remaining=13), ((13, 4), food_remaining=11), ((13, 4), food_remaining=10), ((5, 3), food_remaining=10), ((9, 5), food_remaining=11), ((3, 3), food_remaining=11), ((3, 5), food_remaining=12), ((3, 3), food_remaining=12), ((16, 3), food_remaining=12), ((5, 3), food_remaining=11), ((9, 5), food_remaining=10), ((9, 3), food_remaining=11), ((8, 5), food_remaining=12), ((1, 3), food_remaining=11), ((1, 3), food_remaining=12), ((1, 4), food_remaining=11), ((5, 5), food_remaining=11), ((4, 4), food_remaining=10), ((10, 3), food_remaining=8), ((11, 3), food_remaining=12), ((11, 5), food_remaining=10), ((10, 5), food_remaining=11), ((5, 5), food_remaining=10), ((13, 5), food_remaining=10), ((13, 3), food_remaining=11), ((13, 5), food_remaining=7), ((11, 3), food_remaining=9), ((2, 5), food_remaining=10), ((2, 5), food_remaining=11), ((2, 5), food_remaining=11), ((14, 5), food_remaining=9), ... (+18 more)]","[((11, 5), food_remaining=10), ((5, 5), food_remaining=11), ((8, 5), food_remaining=11), ((4, 4), food_remaining=11), ((4, 4), food_remaining=10), ((13, 5), food_remaining=11), ((8, 3), food_remaining=11), ((3, 5), food_remaining=12), ((3, 5), food_remaining=11), ((16, 3), food_remaining=13), ((13, 4), food_remaining=11), ((13, 4), food_remaining=10), ((5, 3), food_remaining=10), ((9, 5), food_remaining=11), ((3, 3), food_remaining=11), ((13, 5), food_remaining=10), ((3, 3), food_remaining=12), ((16, 3), food_remaining=12), ((5, 3), food_remaining=11), ((9, 5), food_remaining=10), ((9, 3), food_remaining=11), ((8, 5), food_remaining=12), ((1, 3), food_remaining=11), ((1, 3), food_remaining=12), ((1, 4), food_remaining=11), ((5, 5), food_remaining=11), ((4, 4), food_remaining=10), ((10, 3), food_remaining=8), ((11, 3), food_remaining=12), ((11, 5), food_remaining=10), ((10, 5), food_remaining=11), ((5, 5), food_remaining=10), ((15, 3), food_remaining=11), ((13, 3), food_remaining=11), ((13, 5), food_remaining=7), ((11, 3), food_remaining=9), ((2, 5), food_remaining=10), ((2, 5), food_remaining=11), ((2, 5), food_remaining=11), ((14, 5), food_remaining=9), ... (+18 more)]","[((5, 5), food_remaining=12), ((4, 3), food_remaining=10), ((4, 3), food_remaining=9), ((9, 5), food_remaining=12), ((15, 3), food_remaining=12), ((1, 5), food_remaining=11), ((1, 5), food_remaining=10), ((5, 5), food_remaining=12), ((5, 5), food_remaining=11), ((4, 3), food_remaining=12), ((4, 3), food_remaining=11), ((1, 4), food_remaining=10), ((1, 4), food_remaining=9), ((5, 3), food_remaining=10), ((5, 3), food_remaining=9), ((14, 5), food_remaining=10), ((3, 3), food_remaining=10), ((5, 3), food_remaining=12), ((2, 5), food_remaining=10), ((2, 5), food_remaining=11), ((12, 3), food_remaining=13), ((12, 3), food_remaining=12), ((1, 5), food_remaining=10), ((1, 5), food_remaining=9), ((3, 3), food_remaining=13), ((3, 3), food_remaining=12), ((12, 5), food_remaining=12), ((2, 5), food_remaining=12), ((12, 5), food_remaining=10), ((12, 5), food_remaining=11), ((5, 5), food_remaining=10), ((5, 5), food_remaining=9), ((5, 5), food_remaining=12), ((13, 3), food_remaining=13), ((13, 3), food_remaining=12), ((1, 3), food_remaining=10), ((1, 3), food_remaining=9), ((12, 3), food_remaining=11), ((6, 5), food_remaining=12), ((6, 5), food_remaining=11), ... (+150 more)]",9,51,60
191,"((11, 5), food_remaining=10)","((12, 5), food_remaining=10)",West,"['((12, 5), food_remaining=10)', '((10, 5), food_remaining=10)']","[((11, 5), food_remaining=10), ((5, 5), food_remaining=11), ((8, 5), food_remaining=11), ((4, 4), food_remaining=11), ((4, 4), food_remaining=10), ((13, 5), food_remaining=11), ((8, 3), food_remaining=11), ((3, 5), food_remaining=12), ((3, 5), food_remaining=11), ((16, 3), food_remaining=13), ((13, 4), food_remaining=11), ((13, 4), food_remaining=10), ((5, 3), food_remaining=10), ((9, 5), food_remaining=11), ((3, 3), food_remaining=11), ((13, 5), food_remaining=10), ((3, 3), food_remaining=12), ((16, 3), food_remaining=12), ((5, 3), food_remaining=11), ((9, 5), food_remaining=10), ((9, 3), food_remaining=11), ((8, 5), food_remaining=12), ((1, 3), food_remaining=11), ((1, 3), food_remaining=12), ((1, 4), food_remaining=11), ((5, 5), food_remaining=11), ((4, 4), food_remaining=10), ((10, 3), food_remaining=8), ((11, 3), food_remaining=12), ((11, 5), food_remaining=10), ((10, 5), food_remaining=11), ((5, 5), food_remaining=10), ((15, 3), food_remaining=11), ((13, 3), food_remaining=11), ((13, 5), food_remaining=7), ((11, 3), food_remaining=9), ((2, 5), food_remaining=10), ((2, 5), food_remaining=11), ((2, 5), food_remaining=11), ((14, 5), food_remaining=9), ... (+18 more)]","[((8, 5), food_remaining=11), ((5, 5), food_remaining=11), ((8, 3), food_remaining=11), ((4, 4), food_remaining=11), ((4, 4), food_remaining=10), ((13, 5), food_remaining=11), ((9, 5), food_remaining=11), ((3, 5), food_remaining=12), ((3, 5), food_remaining=11), ((16, 3), food_remaining=13), ((13, 4), food_remaining=11), ((13, 4), food_remaining=10), ((5, 3), food_remaining=10), ((10, 3), food_remaining=8), ((3, 3), food_remaining=11), ((13, 5), food_remaining=10), ((3, 3), food_remaining=12), ((16, 3), food_remaining=12), ((5, 3), food_remaining=11), ((9, 5), food_remaining=10), ((9, 3), food_remaining=11), ((8, 5), food_remaining=12), ((1, 3), food_remaining=11), ((1, 3), food_remaining=12), ((1, 4), food_remaining=11), ((5, 5), food_remaining=11), ((4, 4), food_remaining=10), ((9, 5), food_remaining=8), ((11, 3), food_remaining=12), ((11, 5), food_remaining=10), ((10, 5), food_remaining=11), ((5, 5), food_remaining=10), ((15, 3), food_remaining=11), ((13, 3), food_remaining=11), ((13, 5), food_remaining=7), ((11, 3), food_remaining=9), ((2, 5), food_remaining=10), ((2, 5), food_remaining=11), ((2, 5), food_remaining=11), ((14, 5), food_remaining=9), ... (+18 more)]","[((5, 5), food_remaining=12), ((4, 3), food_remaining=10), ((4, 3), food_remaining=9), ((9, 5), food_remaining=12), ((15, 3), food_remaining=12), ((1, 5), food_remaining=11), ((1, 5), food_remaining=10), ((5, 5), food_remaining=12), ((5, 5), food_remaining=11), ((4, 3), food_remaining=12), ((4, 3), food_remaining=11), ((1, 4), food_remaining=10), ((1, 4), food_remaining=9), ((5, 3), food_remaining=10), ((5, 3), food_remaining=9), ((14, 5), food_remaining=10), ((3, 3), food_remaining=10), ((5, 3), food_remaining=12), ((2, 5), food_remaining=10), ((2, 5), food_remaining=11), ((12, 3), food_remaining=13), ((12, 3), food_remaining=12), ((1, 5), food_remaining=10), ((1, 5), food_remaining=9), ((3, 3), food_remaining=13), ((3, 3), food_remaining=12), ((12, 5), food_remaining=12), ((2, 5), food_remaining=12), ((12, 5), food_remaining=10), ((12, 5), food_remaining=11), ((5, 5), food_remaining=10), ((5, 5), food_remaining=9), ((5, 5), food_remaining=12), ((13, 3), food_remaining=13), ((13, 3), food_remaining=12), ((1, 3), food_remaining=10), ((1, 3), food_remaining=9), ((12, 3), food_remaining=11), ((6, 5), food_remaining=12), ((6, 5), food_remaining=11), ... (+151 more)]",10,50,60
192,"((8, 5), food_remaining=11)","((7, 5), food_remaining=11)",East,"['((9, 5), food_remaining=11)', '((7, 5), food_remaining=11)']","[((8, 5), food_remaining=11), ((5, 5), food_remaining=11), ((8, 3), food_remaining=11), ((4, 4), food_remaining=11), ((4, 4), food_remaining=10), ((13, 5), food_remaining=11), ((9, 5), food_remaining=11), ((3, 5), food_remaining=12), ((3, 5), food_remaining=11), ((16, 3), food_remaining=13), ((13, 4), food_remaining=11), ((13, 4), food_remaining=10), ((5, 3), food_remaining=10), ((10, 3), food_remaining=8), ((3, 3), food_remaining=11), ((13, 5), food_remaining=10), ((3, 3), food_remaining=12), ((16, 3), food_remaining=12), ((5, 3), food_remaining=11), ((9, 5), food_remaining=10), ((9, 3), food_remaining=11), ((8, 5), food_remaining=12), ((1, 3), food_remaining=11), ((1, 3), food_remaining=12), ((1, 4), food_remaining=11), ((5, 5), food_remaining=11), ((4, 4), food_remaining=10), ((9, 5), food_remaining=8), ((11, 3), food_remaining=12), ((11, 5), food_remaining=10), ((10, 5), food_remaining=11), ((5, 5), food_remaining=10), ((15, 3), food_remaining=11), ((13, 3), food_remaining=11), ((13, 5), food_remaining=7), ((11, 3), food_remaining=9), ((2, 5), food_remaining=10), ((2, 5), food_remaining=11), ((2, 5), food_remaining=11), ((14, 5), food_remaining=9), ... (+18 more)]","[((8, 3), food_remaining=11), ((5, 5), food_remaining=11), ((9, 5), food_remaining=11), ((4, 4), food_remaining=11), ((4, 4), food_remaining=10), ((13, 5), food_remaining=11), ((3, 3), food_remaining=11), ((3, 5), food_remaining=12), ((3, 5), food_remaining=11), ((16, 3), food_remaining=13), ((13, 4), food_remaining=11), ((13, 4), food_remaining=10), ((5, 3), food_remaining=10), ((10, 3), food_remaining=8), ((10, 5), food_remaining=11), ((13, 5), food_remaining=10), ((3, 3), food_remaining=12), ((16, 3), food_remaining=12), ((5, 3), food_remaining=11), ((9, 5), food_remaining=10), ((9, 3), food_remaining=11), ((8, 5), food_remaining=12), ((1, 3), food_remaining=11), ((1, 3), food_remaining=12), ((1, 4), food_remaining=11), ((5, 5), food_remaining=11), ((4, 4), food_remaining=10), ((9, 5), food_remaining=8), ((11, 3), food_remaining=12), ((11, 5), food_remaining=10), ((10, 5), food_remaining=10), ((5, 5), food_remaining=10), ((15, 3), food_remaining=11), ((13, 3), food_remaining=11), ((13, 5), food_remaining=7), ((11, 3), food_remaining=9), ((2, 5), food_remaining=10), ((2, 5), food_remaining=11), ((2, 5), food_remaining=11), ((14, 5), food_remaining=9), ... (+17 more)]","[((5, 5), food_remaining=12), ((4, 3), food_remaining=10), ((4, 3), food_remaining=9), ((9, 5), food_remaining=12), ((15, 3), food_remaining=12), ((1, 5), food_remaining=11), ((1, 5), food_remaining=10), ((5, 5), food_remaining=12), ((5, 5), food_remaining=11), ((4, 3), food_remaining=12), ((4, 3), food_remaining=11), ((1, 4), food_remaining=10), ((1, 4), food_remaining=9), ((5, 3), food_remaining=10), ((5, 3), food_remaining=9), ((14, 5), food_remaining=10), ((3, 3), food_remaining=10), ((5, 3), food_remaining=12), ((2, 5), food_remaining=10), ((2, 5), food_remaining=11), ((12, 3), food_remaining=13), ((12, 3), food_remaining=12), ((1, 5), food_remaining=10), ((1, 5), food_remaining=9), ((3, 3), food_remaining=13), ((3, 3), food_remaining=12), ((12, 5), food_remaining=12), ((2, 5), food_remaining=12), ((12, 5), food_remaining=10), ((12, 5), food_remaining=11), ((5, 5), food_remaining=10), ((5, 5), food_remaining=9), ((5, 5), food_remaining=12), ((13, 3), food_remaining=13), ((13, 3), food_remaining=12), ((1, 3), food_remaining=10), ((1, 3), food_remaining=9), ((12, 3), food_remaining=11), ((6, 5), food_remaining=12), ((6, 5), food_remaining=11), ... (+152 more)]",9,51,60
193,"((8, 3), food_remaining=11)","((7, 3), food_remaining=11)",East,"['((9, 3), food_remaining=11)', '((7, 3), food_remaining=11)']","[((8, 3), food_remaining=11), ((5, 5), food_remaining=11), ((9, 5), food_remaining=11), ((4, 4), food_remaining=11), ((4, 4), food_remaining=10), ((13, 5), food_remaining=11), ((3, 3), food_remaining=11), ((3, 5), food_remaining=12), ((3, 5), food_remaining=11), ((16, 3), food_remaining=13), ((13, 4), food_remaining=11), ((13, 4), food_remaining=10), ((5, 3), food_remaining=10), ((10, 3), food_remaining=8), ((10, 5), food_remaining=11), ((13, 5), food_remaining=10), ((3, 3), food_remaining=12), ((16, 3), food_remaining=12), ((5, 3), food_remaining=11), ((9, 5), food_remaining=10), ((9, 3), food_remaining=11), ((8, 5), food_remaining=12), ((1, 3), food_remaining=11), ((1, 3), food_remaining=12), ((1, 4), food_remaining=11), ((5, 5), food_remaining=11), ((4, 4), food_remaining=10), ((9, 5), food_remaining=8), ((11, 3), food_remaining=12), ((11, 5), food_remaining=10), ((10, 5), food_remaining=10), ((5, 5), food_remaining=10), ((15, 3), food_remaining=11), ((13, 3), food_remaining=11), ((13, 5), food_remaining=7), ((11, 3), food_remaining=9), ((2, 5), food_remaining=10), ((2, 5), food_remaining=11), ((2, 5), food_remaining=11), ((14, 5), food_remaining=9), ... (+17 more)]","[((9, 5), food_remaining=11), ((5, 5), food_remaining=11), ((13, 5), food_remaining=11), ((4, 4), food_remaining=11), ((4, 4), food_remaining=10), ((13, 4), food_remaining=10), ((3, 3), food_remaining=11), ((3, 5), food_remaining=12), ((3, 5), food_remaining=11), ((16, 3), food_remaining=13), ((13, 4), food_remaining=11), ((1, 3), food_remaining=12), ((5, 3), food_remaining=10), ((10, 3), food_remaining=8), ((10, 5), food_remaining=11), ((13, 5), food_remaining=10), ((3, 3), food_remaining=12), ((16, 3), food_remaining=12), ((5, 3), food_remaining=11), ((9, 5), food_remaining=10), ((9, 3), food_remaining=11), ((8, 5), food_remaining=12), ((1, 3), food_remaining=11), ((13, 4), food_remaining=9), ((1, 4), food_remaining=11), ((5, 5), food_remaining=11), ((4, 4), food_remaining=10), ((9, 5), food_remaining=8), ((11, 3), food_remaining=12), ((11, 5), food_remaining=10), ((10, 5), food_remaining=10), ((5, 5), food_remaining=10), ((15, 3), food_remaining=11), ((13, 3), food_remaining=11), ((13, 5), food_remaining=7), ((11, 3), food_remaining=9), ((2, 5), food_remaining=10), ((2, 5), food_remaining=11), ((2, 5), food_remaining=11), ((14, 5), food_remaining=9), ... (+16 more)]","[((5, 5), food_remaining=12), ((4, 3), food_remaining=10), ((4, 3), food_remaining=9), ((9, 5), food_remaining=12), ((15, 3), food_remaining=12), ((1, 5), food_remaining=11), ((1, 5), food_remaining=10), ((5, 5), food_remaining=12), ((5, 5), food_remaining=11), ((4, 3), food_remaining=12), ((4, 3), food_remaining=11), ((1, 4), food_remaining=10), ((1, 4), food_remaining=9), ((5, 3), food_remaining=10), ((5, 3), food_remaining=9), ((14, 5), food_remaining=10), ((3, 3), food_remaining=10), ((5, 3), food_remaining=12), ((2, 5), food_remaining=10), ((2, 5), food_remaining=11), ((12, 3), food_remaining=13), ((12, 3), food_remaining=12), ((1, 5), food_remaining=10), ((1, 5), food_remaining=9), ((3, 3), food_remaining=13), ((3, 3), food_remaining=12), ((12, 5), food_remaining=12), ((2, 5), food_remaining=12), ((12, 5), food_remaining=10), ((12, 5), food_remaining=11), ((5, 5), food_remaining=10), ((5, 5), food_remaining=9), ((5, 5), food_remaining=12), ((13, 3), food_remaining=13), ((13, 3), food_remaining=12), ((1, 3), food_remaining=10), ((1, 3), food_remaining=9), ((12, 3), food_remaining=11), ((6, 5), food_remaining=12), ((6, 5), food_remaining=11), ... (+153 more)]",9,51,60
194,"((9, 5), food_remaining=11)","((10, 5), food_remaining=11)",West,"['((10, 5), food_remaining=11)', '((8, 5), food_remaining=11)']","[((9, 5), food_remaining=11), ((5, 5), food_remaining=11), ((13, 5), food_remaining=11), ((4, 4), food_remaining=11), ((4, 4), food_remaining=10), ((13, 4), food_remaining=10), ((3, 3), food_remaining=11), ((3, 5), food_remaining=12), ((3, 5), food_remaining=11), ((16, 3), food_remaining=13), ((13, 4), food_remaining=11), ((1, 3), food_remaining=12), ((5, 3), food_remaining=10), ((10, 3), food_remaining=8), ((10, 5), food_remaining=11), ((13, 5), food_remaining=10), ((3, 3), food_remaining=12), ((16, 3), food_remaining=12), ((5, 3), food_remaining=11), ((9, 5), food_remaining=10), ((9, 3), food_remaining=11), ((8, 5), food_remaining=12), ((1, 3), food_remaining=11), ((13, 4), food_remaining=9), ((1, 4), food_remaining=11), ((5, 5), food_remaining=11), ((4, 4), food_remaining=10), ((9, 5), food_remaining=8), ((11, 3), food_remaining=12), ((11, 5), food_remaining=10), ((10, 5), food_remaining=10), ((5, 5), food_remaining=10), ((15, 3), food_remaining=11), ((13, 3), food_remaining=11), ((13, 5), food_remaining=7), ((11, 3), food_remaining=9), ((2, 5), food_remaining=10), ((2, 5), food_remaining=11), ((2, 5), food_remaining=11), ((14, 5), food_remaining=9), ... (+16 more)]","[((13, 5), food_remaining=11), ((5, 5), food_remaining=11), ((3, 3), food_remaining=11), ((4, 4), food_remaining=11), ((4, 4), food_remaining=10), ((13, 4), food_remaining=10), ((10, 3), food_remaining=8), ((3, 5), food_remaining=12), ((3, 5), food_remaining=11), ((16, 3), food_remaining=13), ((13, 4), food_remaining=11), ((1, 3), food_remaining=12), ((5, 3), food_remaining=10), ((11, 3), food_remaining=12), ((10, 5), food_remaining=11), ((13, 5), food_remaining=10), ((3, 3), food_remaining=12), ((16, 3), food_remaining=12), ((5, 3), food_remaining=11), ((9, 5), food_remaining=10), ((9, 3), food_remaining=11), ((8, 5), food_remaining=12), ((1, 3), food_remaining=11), ((13, 4), food_remaining=9), ((1, 4), food_remaining=11), ((5, 5), food_remaining=11), ((4, 4), food_remaining=10), ((9, 5), food_remaining=8), ((11, 3), food_remaining=11), ((11, 5), food_remaining=10), ((10, 5), food_remaining=10), ((5, 5), food_remaining=10), ((15, 3), food_remaining=11), ((13, 3), food_remaining=11), ((13, 5), food_remaining=7), ((11, 3), food_remaining=9), ((2, 5), food_remaining=10), ((2, 5), food_remaining=11), ((2, 5), food_remaining=11), ((14, 5), food_remaining=9), ... (+15 more)]","[((5, 5), food_remaining=12), ((4, 3), food_remaining=10), ((4, 3), food_remaining=9), ((9, 5), food_remaining=12), ((15, 3), food_remaining=12), ((9, 5), food_remaining=11), ((1, 5), food_remaining=11), ((1, 5), food_remaining=10), ((5, 5), food_remaining=12), ((5, 5), food_remaining=11), ((4, 3), food_remaining=12), ((4, 3), food_remaining=11), ((1, 4), food_remaining=10), ((1, 4), food_remaining=9), ((5, 3), food_remaining=10), ((5, 3), food_remaining=9), ((14, 5), food_remaining=10), ((3, 3), food_remaining=10), ((5, 3), food_remaining=12), ((2, 5), food_remaining=10), ((2, 5), food_remaining=11), ((12, 3), food_remaining=13), ((12, 3), food_remaining=12), ((1, 5), food_remaining=10), ((1, 5), food_remaining=9), ((3, 3), food_remaining=13), ((3, 3), food_remaining=12), ((12, 5), food_remaining=12), ((2, 5), food_remaining=12), ((12, 5), food_remaining=10), ((12, 5), food_remaining=11), ((5, 5), food_remaining=10), ((5, 5), food_remaining=9), ((5, 5), food_remaining=12), ((13, 3), food_remaining=13), ((13, 3), food_remaining=12), ((1, 3), food_remaining=10), ((1, 3), food_remaining=9), ((12, 3), food_remaining=11), ((6, 5), food_remaining=12), ... (+154 more)]",10,50,60
195,"((13, 5), food_remaining=11)","((12, 5), food_remaining=12)",East,"['((13, 4), food_remaining=10)', '((14, 5), food_remaining=10)', '((12, 5), food_remaining=11)']","[((13, 5), food_remaining=11), ((5, 5), food_remaining=11), ((3, 3), food_remaining=11), ((4, 4), food_remaining=11), ((4, 4), food_remaining=10), ((13, 4), food_remaining=10), ((10, 3), food_remaining=8), ((3, 5), food_remaining=12), ((3, 5), food_remaining=11), ((16, 3), food_remaining=13), ((13, 4), food_remaining=11), ((1, 3), food_remaining=12), ((5, 3), food_remaining=10), ((11, 3), food_remaining=12), ((10, 5), food_remaining=11), ((13, 5), food_remaining=10), ((3, 3), food_remaining=12), ((16, 3), food_remaining=12), ((5, 3), food_remaining=11), ((9, 5), food_remaining=10), ((9, 3), food_remaining=11), ((8, 5), food_remaining=12), ((1, 3), food_remaining=11), ((13, 4), food_remaining=9), ((1, 4), food_remaining=11), ((5, 5), food_remaining=11), ((4, 4), food_remaining=10), ((9, 5), food_remaining=8), ((11, 3), food_remaining=11), ((11, 5), food_remaining=10), ((10, 5), food_remaining=10), ((5, 5), food_remaining=10), ((15, 3), food_remaining=11), ((13, 3), food_remaining=11), ((13, 5), food_remaining=7), ((11, 3), food_remaining=9), ((2, 5), food_remaining=10), ((2, 5), food_remaining=11), ((2, 5), food_remaining=11), ((14, 5), food_remaining=9), ... (+15 more)]","[((5, 5), food_remaining=11), ((4, 4), food_remaining=11), ((3, 3), food_remaining=11), ((3, 5), food_remaining=12), ((4, 4), food_remaining=10), ((13, 4), food_remaining=10), ((10, 3), food_remaining=8), ((3, 3), food_remaining=12), ((3, 5), food_remaining=11), ((16, 3), food_remaining=13), ((13, 4), food_remaining=11), ((1, 3), food_remaining=12), ((5, 3), food_remaining=10), ((11, 3), food_remaining=12), ((10, 5), food_remaining=11), ((13, 5), food_remaining=10), ((13, 5), food_remaining=7), ((16, 3), food_remaining=12), ((5, 3), food_remaining=11), ((9, 5), food_remaining=10), ((9, 3), food_remaining=11), ((8, 5), food_remaining=12), ((1, 3), food_remaining=11), ((13, 4), food_remaining=9), ((1, 4), food_remaining=11), ((5, 5), food_remaining=11), ((4, 4), food_remaining=10), ((14, 5), food_remaining=10), ((11, 3), food_remaining=11), ((11, 5), food_remaining=10), ((10, 5), food_remaining=10), ((5, 5), food_remaining=10), ((15, 3), food_remaining=11), ((13, 3), food_remaining=11), ((8, 5), food_remaining=10), ((11, 3), food_remaining=9), ((2, 5), food_remaining=10), ((2, 5), food_remaining=11), ((2, 5), food_remaining=11), ((14, 5), food_remaining=9), ... (+17 more)]","[((5, 5), food_remaining=12), ((4, 3), food_remaining=10), ((4, 3), food_remaining=9), ((9, 5), food_remaining=12), ((15, 3), food_remaining=12), ((9, 5), food_remaining=11), ((1, 5), food_remaining=11), ((1, 5), food_remaining=10), ((5, 5), food_remaining=12), ((5, 5), food_remaining=11), ((4, 3), food_remaining=12), ((4, 3), food_remaining=11), ((1, 4), food_remaining=10), ((1, 4), food_remaining=9), ((5, 3), food_remaining=10), ((5, 3), food_remaining=9), ((14, 5), food_remaining=10), ((3, 3), food_remaining=10), ((5, 3), food_remaining=12), ((2, 5), food_remaining=10), ((2, 5), food_remaining=11), ((12, 3), food_remaining=13), ((12, 3), food_remaining=12), ((1, 5), food_remaining=10), ((1, 5), food_remaining=9), ((3, 3), food_remaining=13), ((3, 3), food_remaining=12), ((12, 5), food_remaining=12), ((2, 5), food_remaining=12), ((12, 5), food_remaining=10), ((12, 5), food_remaining=11), ((5, 5), food_remaining=10), ((5, 5), food_remaining=9), ((5, 5), food_remaining=12), ((13, 3), food_remaining=13), ((13, 3), food_remaining=12), ((1, 3), food_remaining=10), ((1, 3), food_remaining=9), ((12, 3), food_remaining=11), ((6, 5), food_remaining=12), ... (+155 more)]",10,50,60
196,"((5, 5), food_remaining=11)","((4, 5), food_remaining=11)",East,"['((6, 5), food_remaining=11)', '((4, 5), food_remaining=11)']","[((5, 5), food_remaining=11), ((4, 4), food_remaining=11), ((3, 3), food_remaining=11), ((3, 5), food_remaining=12), ((4, 4), food_remaining=10), ((13, 4), food_remaining=10), ((10, 3), food_remaining=8), ((3, 3), food_remaining=12), ((3, 5), food_remaining=11), ((16, 3), food_remaining=13), ((13, 4), food_remaining=11), ((1, 3), food_remaining=12), ((5, 3), food_remaining=10), ((11, 3), food_remaining=12), ((10, 5), food_remaining=11), ((13, 5), food_remaining=10), ((13, 5), food_remaining=7), ((16, 3), food_remaining=12), ((5, 3), food_remaining=11), ((9, 5), food_remaining=10), ((9, 3), food_remaining=11), ((8, 5), food_remaining=12), ((1, 3), food_remaining=11), ((13, 4), food_remaining=9), ((1, 4), food_remaining=11), ((5, 5), food_remaining=11), ((4, 4), food_remaining=10), ((14, 5), food_remaining=10), ((11, 3), food_remaining=11), ((11, 5), food_remaining=10), ((10, 5), food_remaining=10), ((5, 5), food_remaining=10), ((15, 3), food_remaining=11), ((13, 3), food_remaining=11), ((8, 5), food_remaining=10), ((11, 3), food_remaining=9), ((2, 5), food_remaining=10), ((2, 5), food_remaining=11), ((2, 5), food_remaining=11), ((14, 5), food_remaining=9), ... (+17 more)]","[((4, 4), food_remaining=11), ((3, 5), food_remaining=12), ((3, 3), food_remaining=11), ((3, 3), food_remaining=12), ((4, 4), food_remaining=10), ((13, 4), food_remaining=10), ((10, 3), food_remaining=8), ((13, 5), food_remaining=10), ((3, 5), food_remaining=11), ((16, 3), food_remaining=13), ((13, 4), food_remaining=11), ((1, 3), food_remaining=12), ((5, 3), food_remaining=10), ((11, 3), food_remaining=12), ((10, 5), food_remaining=11), ((5, 5), food_remaining=10), ((13, 5), food_remaining=7), ((16, 3), food_remaining=12), ((5, 3), food_remaining=11), ((9, 5), food_remaining=10), ((9, 3), food_remaining=11), ((8, 5), food_remaining=12), ((1, 3), food_remaining=11), ((13, 4), food_remaining=9), ((1, 4), food_remaining=11), ((5, 5), food_remaining=11), ((4, 4), food_remaining=10), ((14, 5), food_remaining=10), ((11, 3), food_remaining=11), ((11, 5), food_remaining=10), ((10, 5), food_remaining=10), ((12, 5), food_remaining=11), ((15, 3), food_remaining=11), ((13, 3), food_remaining=11), ((8, 5), food_remaining=10), ((11, 3), food_remaining=9), ((2, 5), food_remaining=10), ((2, 5), food_remaining=11), ((2, 5), food_remaining=11), ((14, 5), food_remaining=9), ... (+17 more)]","[((5, 5), food_remaining=12), ((4, 3), food_remaining=10), ((4, 3), food_remaining=9), ((9, 5), food_remaining=12), ((15, 3), food_remaining=12), ((9, 5), food_remaining=11), ((1, 5), food_remaining=11), ((1, 5), food_remaining=10), ((5, 5), food_remaining=12), ((5, 5), food_remaining=11), ((4, 3), food_remaining=12), ((4, 3), food_remaining=11), ((1, 4), food_remaining=10), ((1, 4), food_remaining=9), ((5, 3), food_remaining=10), ((5, 3), food_remaining=9), ((14, 5), food_remaining=10), ((3, 3), food_remaining=10), ((5, 3), food_remaining=12), ((2, 5), food_remaining=10), ((2, 5), food_remaining=11), ((12, 3), food_remaining=13), ((12, 3), food_remaining=12), ((1, 5), food_remaining=10), ((1, 5), food_remaining=9), ((3, 3), food_remaining=13), ((3, 3), food_remaining=12), ((12, 5), food_remaining=12), ((2, 5), food_remaining=12), ((12, 5), food_remaining=10), ((12, 5), food_remaining=11), ((5, 5), food_remaining=10), ((5, 5), food_remaining=9), ((5, 5), food_remaining=12), ((5, 5), food_remaining=11), ((13, 3), food_remaining=13), ((13, 3), food_remaining=12), ((1, 3), food_remaining=10), ((1, 3), food_remaining=9), ((12, 3), food_remaining=11), ... (+156 more)]",10,50,60
197,"((4, 4), food_remaining=11)","((4, 5), food_remaining=12)",South,"['((4, 5), food_remaining=11)', '((4, 3), food_remaining=11)']","[((4, 4), food_remaining=11), ((3, 5), food_remaining=12), ((3, 3), food_remaining=11), ((3, 3), food_remaining=12), ((4, 4), food_remaining=10), ((13, 4), food_remaining=10), ((10, 3), food_remaining=8), ((13, 5), food_remaining=10), ((3, 5), food_remaining=11), ((16, 3), food_remaining=13), ((13, 4), food_remaining=11), ((1, 3), food_remaining=12), ((5, 3), food_remaining=10), ((11, 3), food_remaining=12), ((10, 5), food_remaining=11), ((5, 5), food_remaining=10), ((13, 5), food_remaining=7), ((16, 3), food_remaining=12), ((5, 3), food_remaining=11), ((9, 5), food_remaining=10), ((9, 3), food_remaining=11), ((8, 5), food_remaining=12), ((1, 3), food_remaining=11), ((13, 4), food_remaining=9), ((1, 4), food_remaining=11), ((5, 5), food_remaining=11), ((4, 4), food_remaining=10), ((14, 5), food_remaining=10), ((11, 3), food_remaining=11), ((11, 5), food_remaining=10), ((10, 5), food_remaining=10), ((12, 5), food_remaining=11), ((15, 3), food_remaining=11), ((13, 3), food_remaining=11), ((8, 5), food_remaining=10), ((11, 3), food_remaining=9), ((2, 5), food_remaining=10), ((2, 5), food_remaining=11), ((2, 5), food_remaining=11), ((14, 5), food_remaining=9), ... (+17 more)]","[((3, 5), food_remaining=12), ((3, 3), food_remaining=12), ((3, 3), food_remaining=11), ((13, 5), food_remaining=10), ((4, 4), food_remaining=10), ((13, 4), food_remaining=10), ((10, 3), food_remaining=8), ((13, 5), food_remaining=7), ((3, 5), food_remaining=11), ((16, 3), food_remaining=13), ((13, 4), food_remaining=11), ((1, 3), food_remaining=12), ((5, 3), food_remaining=10), ((11, 3), food_remaining=12), ((10, 5), food_remaining=11), ((5, 5), food_remaining=10), ((8, 5), food_remaining=10), ((16, 3), food_remaining=12), ((5, 3), food_remaining=11), ((9, 5), food_remaining=10), ((9, 3), food_remaining=11), ((8, 5), food_remaining=12), ((1, 3), food_remaining=11), ((13, 4), food_remaining=9), ((1, 4), food_remaining=11), ((5, 5), food_remaining=11), ((4, 4), food_remaining=10), ((14, 5), food_remaining=10), ((4, 3), food_remaining=11), ((11, 5), food_remaining=10), ((10, 5), food_remaining=10), ((12, 5), food_remaining=11), ((15, 3), food_remaining=11), ((13, 3), food_remaining=11), ((6, 5), food_remaining=11), ((11, 3), food_remaining=9), ((2, 5), food_remaining=10), ((2, 5), food_remaining=11), ((2, 5), food_remaining=11), ((14, 5), food_remaining=9), ... (+18 more)]","[((5, 5), food_remaining=12), ((4, 3), food_remaining=10), ((4, 3), food_remaining=9), ((9, 5), food_remaining=12), ((15, 3), food_remaining=12), ((9, 5), food_remaining=11), ((1, 5), food_remaining=11), ((1, 5), food_remaining=10), ((5, 5), food_remaining=12), ((5, 5), food_remaining=11), ((4, 3), food_remaining=12), ((4, 3), food_remaining=11), ((1, 4), food_remaining=10), ((1, 4), food_remaining=9), ((5, 3), food_remaining=10), ((5, 3), food_remaining=9), ((14, 5), food_remaining=10), ((3, 3), food_remaining=10), ((5, 3), food_remaining=12), ((2, 5), food_remaining=10), ((2, 5), food_remaining=11), ((12, 3), food_remaining=13), ((12, 3), food_remaining=12), ((1, 5), food_remaining=10), ((1, 5), food_remaining=9), ((3, 3), food_remaining=13), ((3, 3), food_remaining=12), ((12, 5), food_remaining=12), ((2, 5), food_remaining=12), ((12, 5), food_remaining=10), ((12, 5), food_remaining=11), ((5, 5), food_remaining=10), ((5, 5), food_remaining=9), ((5, 5), food_remaining=12), ((5, 5), food_remaining=11), ((13, 3), food_remaining=13), ((13, 3), food_remaining=12), ((1, 3), food_remaining=10), ((1, 3), food_remaining=9), ((12, 3), food_remaining=11), ... (+157 more)]",10,50,60
198,"((3, 5), food_remaining=12)","((4, 5), food_remaining=12)",West,"['((4, 5), food_remaining=12)', '((2, 5), food_remaining=12)']","[((3, 5), food_remaining=12), ((3, 3), food_remaining=12), ((3, 3), food_remaining=11), ((13, 5), food_remaining=10), ((4, 4), food_remaining=10), ((13, 4), food_remaining=10), ((10, 3), food_remaining=8), ((13, 5), food_remaining=7), ((3, 5), food_remaining=11), ((16, 3), food_remaining=13), ((13, 4), food_remaining=11), ((1, 3), food_remaining=12), ((5, 3), food_remaining=10), ((11, 3), food_remaining=12), ((10, 5), food_remaining=11), ((5, 5), food_remaining=10), ((8, 5), food_remaining=10), ((16, 3), food_remaining=12), ((5, 3), food_remaining=11), ((9, 5), food_remaining=10), ((9, 3), food_remaining=11), ((8, 5), food_remaining=12), ((1, 3), food_remaining=11), ((13, 4), food_remaining=9), ((1, 4), food_remaining=11), ((5, 5), food_remaining=11), ((4, 4), food_remaining=10), ((14, 5), food_remaining=10), ((4, 3), food_remaining=11), ((11, 5), food_remaining=10), ((10, 5), food_remaining=10), ((12, 5), food_remaining=11), ((15, 3), food_remaining=11), ((13, 3), food_remaining=11), ((6, 5), food_remaining=11), ((11, 3), food_remaining=9), ((2, 5), food_remaining=10), ((2, 5), food_remaining=11), ((2, 5), food_remaining=11), ((14, 5), food_remaining=9), ... (+18 more)]","[((3, 3), food_remaining=12), ((13, 5), food_remaining=10), ((3, 3), food_remaining=11), ((3, 5), food_remaining=11), ((4, 4), food_remaining=10), ((13, 4), food_remaining=10), ((10, 3), food_remaining=8), ((13, 5), food_remaining=7), ((16, 3), food_remaining=12), ((16, 3), food_remaining=13), ((13, 4), food_remaining=11), ((1, 3), food_remaining=12), ((5, 3), food_remaining=10), ((11, 3), food_remaining=12), ((10, 5), food_remaining=11), ((5, 5), food_remaining=10), ((8, 5), food_remaining=10), ((2, 5), food_remaining=10), ((5, 3), food_remaining=11), ((9, 5), food_remaining=10), ((9, 3), food_remaining=11), ((8, 5), food_remaining=12), ((1, 3), food_remaining=11), ((13, 4), food_remaining=9), ((1, 4), food_remaining=11), ((5, 5), food_remaining=11), ((4, 4), food_remaining=10), ((14, 5), food_remaining=10), ((2, 5), food_remaining=12), ((11, 5), food_remaining=10), ((10, 5), food_remaining=10), ((12, 5), food_remaining=11), ((15, 3), food_remaining=11), ((13, 3), food_remaining=11), ((6, 5), food_remaining=11), ((11, 3), food_remaining=9), ((11, 3), food_remaining=11), ((2, 5), food_remaining=11), ((2, 5), food_remaining=11), ((14, 5), food_remaining=9), ... (+18 more)]","[((5, 5), food_remaining=12), ((4, 3), food_remaining=10), ((4, 3), food_remaining=9), ((9, 5), food_remaining=12), ((15, 3), food_remaining=12), ((9, 5), food_remaining=11), ((1, 5), food_remaining=11), ((1, 5), food_remaining=10), ((5, 5), food_remaining=12), ((5, 5), food_remaining=11), ((4, 3), food_remaining=12), ((4, 3), food_remaining=11), ((1, 4), food_remaining=10), ((1, 4), food_remaining=9), ((5, 3), food_remaining=10), ((5, 3), food_remaining=9), ((14, 5), food_remaining=10), ((3, 3), food_remaining=10), ((5, 3), food_remaining=12), ((2, 5), food_remaining=10), ((2, 5), food_remaining=11), ((12, 3), food_remaining=13), ((12, 3), food_remaining=12), ((1, 5), food_remaining=10), ((1, 5), food_remaining=9), ((3, 3), food_remaining=13), ((3, 3), food_remaining=12), ((12, 5), food_remaining=12), ((2, 5), food_remaining=12), ((12, 5), food_remaining=10), ((12, 5), food_remaining=11), ((5, 5), food_remaining=10), ((5, 5), food_remaining=9), ((5, 5), food_remaining=12), ((5, 5), food_remaining=11), ((13, 3), food_remaining=13), ((13, 3), food_remaining=12), ((1, 3), food_remaining=10), ((1, 3), food_remaining=9), ((12, 3), food_remaining=11), ... (+158 more)]",10,50,60
199,"((3, 3), food_remaining=12)","((4, 3), food_remaining=12)",West,"['((4, 3), food_remaining=12)', '((2, 3), food_remaining=12)']","[((3, 3), food_remaining=12), ((13, 5), food_remaining=10), ((3, 3), food_remaining=11), ((3, 5), food_remaining=11), ((4, 4), food_remaining=10), ((13, 4), food_remaining=10), ((10, 3), food_remaining=8), ((13, 5), food_remaining=7), ((16, 3), food_remaining=12), ((16, 3), food_remaining=13), ((13, 4), food_remaining=11), ((1, 3), food_remaining=12), ((5, 3), food_remaining=10), ((11, 3), food_remaining=12), ((10, 5), food_remaining=11), ((5, 5), food_remaining=10), ((8, 5), food_remaining=10), ((2, 5), food_remaining=10), ((5, 3), food_remaining=11), ((9, 5), food_remaining=10), ((9, 3), food_remaining=11), ((8, 5), food_remaining=12), ((1, 3), food_remaining=11), ((13, 4), food_remaining=9), ((1, 4), food_remaining=11), ((5, 5), food_remaining=11), ((4, 4), food_remaining=10), ((14, 5), food_remaining=10), ((2, 5), food_remaining=12), ((11, 5), food_remaining=10), ((10, 5), food_remaining=10), ((12, 5), food_remaining=11), ((15, 3), food_remaining=11), ((13, 3), food_remaining=11), ((6, 5), food_remaining=11), ((11, 3), food_remaining=9), ((11, 3), food_remaining=11), ((2, 5), food_remaining=11), ((2, 5), food_remaining=11), ((14, 5), food_remaining=9), ... (+18 more)]","[((13, 5), food_remaining=10), ((4, 4), food_remaining=10), ((3, 3), food_remaining=11), ((3, 5), food_remaining=11), ((13, 4), food_remaining=11), ((13, 4), food_remaining=10), ((10, 3), food_remaining=8), ((13, 5), food_remaining=7), ((16, 3), food_remaining=12), ((16, 3), food_remaining=13), ((1, 3), food_remaining=11), ((1, 3), food_remaining=12), ((5, 3), food_remaining=10), ((11, 3), food_remaining=12), ((10, 5), food_remaining=11), ((5, 5), food_remaining=10), ((8, 5), food_remaining=10), ((2, 5), food_remaining=10), ((5, 3), food_remaining=11), ((9, 5), food_remaining=10), ((9, 3), food_remaining=11), ((8, 5), food_remaining=12), ((8, 3), food_remaining=12), ((13, 4), food_remaining=9), ((1, 4), food_remaining=11), ((5, 5), food_remaining=11), ((4, 4), food_remaining=10), ((14, 5), food_remaining=10), ((2, 5), food_remaining=12), ((11, 5), food_remaining=10), ((10, 5), food_remaining=10), ((12, 5), food_remaining=11), ((15, 3), food_remaining=11), ((13, 3), food_remaining=11), ((6, 5), food_remaining=11), ((11, 3), food_remaining=9), ((11, 3), food_remaining=11), ((2, 5), food_remaining=11), ((2, 5), food_remaining=11), ((14, 5), food_remaining=9), ... (+18 more)]","[((5, 5), food_remaining=12), ((4, 3), food_remaining=10), ((4, 3), food_remaining=9), ((9, 5), food_remaining=12), ((15, 3), food_remaining=12), ((9, 5), food_remaining=11), ((1, 5), food_remaining=11), ((1, 5), food_remaining=10), ((5, 5), food_remaining=12), ((5, 5), food_remaining=11), ((4, 3), food_remaining=12), ((4, 3), food_remaining=11), ((1, 4), food_remaining=10), ((1, 4), food_remaining=9), ((5, 3), food_remaining=10), ((5, 3), food_remaining=9), ((14, 5), food_remaining=10), ((3, 3), food_remaining=10), ((5, 3), food_remaining=12), ((2, 5), food_remaining=10), ((2, 5), food_remaining=11), ((12, 3), food_remaining=13), ((12, 3), food_remaining=12), ((1, 5), food_remaining=10), ((1, 5), food_remaining=9), ((3, 3), food_remaining=13), ((3, 3), food_remaining=12), ((12, 5), food_remaining=12), ((2, 5), food_remaining=12), ((12, 5), food_remaining=10), ((12, 5), food_remaining=11), ((3, 3), food_remaining=12), ((5, 5), food_remaining=10), ((5, 5), food_remaining=9), ((5, 5), food_remaining=12), ((5, 5), food_remaining=11), ((13, 3), food_remaining=13), ((13, 3), food_remaining=12), ((1, 3), food_remaining=10), ((1, 3), food_remaining=9), ... (+159 more)]",10,50,60
200,"((13, 5), food_remaining=10)","((12, 5), food_remaining=11)",East,"['((13, 4), food_remaining=9)', '((14, 5), food_remaining=9)', '((12, 5), food_remaining=10)']","[((13, 5), food_remaining=10), ((4, 4), food_remaining=10), ((3, 3), food_remaining=11), ((3, 5), food_remaining=11), ((13, 4), food_remaining=11), ((13, 4), food_remaining=10), ((10, 3), food_remaining=8), ((13, 5), food_remaining=7), ((16, 3), food_remaining=12), ((16, 3), food_remaining=13), ((1, 3), food_remaining=11), ((1, 3), food_remaining=12), ((5, 3), food_remaining=10), ((11, 3), food_remaining=12), ((10, 5), food_remaining=11), ((5, 5), food_remaining=10), ((8, 5), food_remaining=10), ((2, 5), food_remaining=10), ((5, 3), food_remaining=11), ((9, 5), food_remaining=10), ((9, 3), food_remaining=11), ((8, 5), food_remaining=12), ((8, 3), food_remaining=12), ((13, 4), food_remaining=9), ((1, 4), food_remaining=11), ((5, 5), food_remaining=11), ((4, 4), food_remaining=10), ((14, 5), food_remaining=10), ((2, 5), food_remaining=12), ((11, 5), food_remaining=10), ((10, 5), food_remaining=10), ((12, 5), food_remaining=11), ((15, 3), food_remaining=11), ((13, 3), food_remaining=11), ((6, 5), food_remaining=11), ((11, 3), food_remaining=9), ((11, 3), food_remaining=11), ((2, 5), food_remaining=11), ((2, 5), food_remaining=11), ((14, 5), food_remaining=9), ... (+18 more)]","[((4, 4), food_remaining=10), ((3, 5), food_remaining=11), ((3, 3), food_remaining=11), ((13, 5), food_remaining=7), ((13, 4), food_remaining=11), ((13, 4), food_remaining=10), ((10, 3), food_remaining=8), ((5, 5), food_remaining=10), ((16, 3), food_remaining=12), ((16, 3), food_remaining=13), ((1, 3), food_remaining=11), ((1, 3), food_remaining=12), ((5, 3), food_remaining=10), ((11, 3), food_remaining=12), ((10, 5), food_remaining=11), ((2, 3), food_remaining=12), ((8, 5), food_remaining=10), ((2, 5), food_remaining=10), ((5, 3), food_remaining=11), ((9, 5), food_remaining=10), ((9, 3), food_remaining=11), ((8, 5), food_remaining=12), ((8, 3), food_remaining=12), ((13, 4), food_remaining=9), ((1, 4), food_remaining=11), ((5, 5), food_remaining=11), ((4, 4), food_remaining=10), ((14, 5), food_remaining=10), ((2, 5), food_remaining=12), ((11, 5), food_remaining=10), ((10, 5), food_remaining=10), ((12, 5), food_remaining=11), ((15, 3), food_remaining=11), ((13, 3), food_remaining=11), ((6, 5), food_remaining=11), ((11, 3), food_remaining=9), ((11, 3), food_remaining=11), ((2, 5), food_remaining=11), ((2, 5), food_remaining=11), ((14, 5), food_remaining=9), ... (+20 more)]","[((5, 5), food_remaining=12), ((4, 3), food_remaining=10), ((4, 3), food_remaining=9), ((9, 5), food_remaining=12), ((15, 3), food_remaining=12), ((9, 5), food_remaining=11), ((1, 5), food_remaining=11), ((1, 5), food_remaining=10), ((5, 5), food_remaining=12), ((5, 5), food_remaining=11), ((4, 3), food_remaining=12), ((4, 3), food_remaining=11), ((1, 4), food_remaining=10), ((1, 4), food_remaining=9), ((5, 3), food_remaining=10), ((5, 3), food_remaining=9), ((14, 5), food_remaining=10), ((3, 3), food_remaining=10), ((5, 3), food_remaining=12), ((2, 5), food_remaining=10), ((2, 5), food_remaining=11), ((12, 3), food_remaining=13), ((12, 3), food_remaining=12), ((1, 5), food_remaining=10), ((1, 5), food_remaining=9), ((3, 3), food_remaining=13), ((3, 3), food_remaining=12), ((12, 5), food_remaining=12), ((2, 5), food_remaining=12), ((12, 5), food_remaining=10), ((12, 5), food_remaining=11), ((3, 3), food_remaining=12), ((5, 5), food_remaining=10), ((5, 5), food_remaining=9), ((5, 5), food_remaining=12), ((5, 5), food_remaining=11), ((13, 3), food_remaining=13), ((13, 3), food_remaining=12), ((1, 3), food_remaining=10), ((1, 3), food_remaining=9), ... (+160 more)]",12,48,60
201,"((4, 4), food_remaining=10)","((4, 5), food_remaining=11)",South,"['((4, 5), food_remaining=10)', '((4, 3), food_remaining=10)']","[((4, 4), food_remaining=10), ((3, 5), food_remaining=11), ((3, 3), food_remaining=11), ((13, 5), food_remaining=7), ((13, 4), food_remaining=11), ((13, 4), food_remaining=10), ((10, 3), food_remaining=8), ((5, 5), food_remaining=10), ((16, 3), food_remaining=12), ((16, 3), food_remaining=13), ((1, 3), food_remaining=11), ((1, 3), food_remaining=12), ((5, 3), food_remaining=10), ((11, 3), food_remaining=12), ((10, 5), food_remaining=11), ((2, 3), food_remaining=12), ((8, 5), food_remaining=10), ((2, 5), food_remaining=10), ((5, 3), food_remaining=11), ((9, 5), food_remaining=10), ((9, 3), food_remaining=11), ((8, 5), food_remaining=12), ((8, 3), food_remaining=12), ((13, 4), food_remaining=9), ((1, 4), food_remaining=11), ((5, 5), food_remaining=11), ((4, 4), food_remaining=10), ((14, 5), food_remaining=10), ((2, 5), food_remaining=12), ((11, 5), food_remaining=10), ((10, 5), food_remaining=10), ((12, 5), food_remaining=11), ((15, 3), food_remaining=11), ((13, 3), food_remaining=11), ((6, 5), food_remaining=11), ((11, 3), food_remaining=9), ((11, 3), food_remaining=11), ((2, 5), food_remaining=11), ((2, 5), food_remaining=11), ((14, 5), food_remaining=9), ... (+20 more)]","[((3, 5), food_remaining=11), ((13, 4), food_remaining=11), ((3, 3), food_remaining=11), ((13, 5), food_remaining=7), ((16, 3), food_remaining=13), ((13, 4), food_remaining=10), ((10, 3), food_remaining=8), ((5, 5), food_remaining=10), ((16, 3), food_remaining=12), ((9, 3), food_remaining=11), ((1, 3), food_remaining=11), ((1, 3), food_remaining=12), ((5, 3), food_remaining=10), ((11, 3), food_remaining=12), ((4, 5), food_remaining=10), ((2, 3), food_remaining=12), ((8, 5), food_remaining=10), ((2, 5), food_remaining=10), ((5, 3), food_remaining=11), ((9, 5), food_remaining=10), ((13, 4), food_remaining=10), ((8, 5), food_remaining=12), ((8, 3), food_remaining=12), ((13, 4), food_remaining=9), ((1, 4), food_remaining=11), ((5, 5), food_remaining=11), ((4, 4), food_remaining=10), ((14, 5), food_remaining=10), ((2, 5), food_remaining=12), ((4, 3), food_remaining=10), ((10, 5), food_remaining=10), ((12, 5), food_remaining=11), ((15, 3), food_remaining=11), ((13, 3), food_remaining=11), ((6, 5), food_remaining=11), ((11, 3), food_remaining=9), ((11, 3), food_remaining=11), ((2, 5), food_remaining=11), ((2, 5), food_remaining=11), ((14, 5), food_remaining=9), ... (+21 more)]","[((5, 5), food_remaining=12), ((4, 3), food_remaining=10), ((4, 3), food_remaining=9), ((9, 5), food_remaining=12), ((15, 3), food_remaining=12), ((9, 5), food_remaining=11), ((1, 5), food_remaining=11), ((1, 5), food_remaining=10), ((5, 5), food_remaining=12), ((5, 5), food_remaining=11), ((4, 3), food_remaining=12), ((4, 3), food_remaining=11), ((1, 4), food_remaining=10), ((1, 4), food_remaining=9), ((5, 3), food_remaining=10), ((5, 3), food_remaining=9), ((14, 5), food_remaining=10), ((3, 3), food_remaining=10), ((5, 3), food_remaining=12), ((2, 5), food_remaining=10), ((2, 5), food_remaining=11), ((12, 3), food_remaining=13), ((12, 3), food_remaining=12), ((1, 5), food_remaining=10), ((1, 5), food_remaining=9), ((3, 3), food_remaining=13), ((3, 3), food_remaining=12), ((12, 5), food_remaining=12), ((2, 5), food_remaining=12), ((12, 5), food_remaining=10), ((12, 5), food_remaining=11), ((3, 3), food_remaining=12), ((5, 5), food_remaining=10), ((5, 5), food_remaining=9), ((5, 5), food_remaining=12), ((5, 5), food_remaining=11), ((13, 3), food_remaining=13), ((13, 3), food_remaining=12), ((1, 3), food_remaining=10), ((1, 3), food_remaining=9), ... (+161 more)]",12,48,60
202,"((3, 5), food_remaining=11)","((4, 5), food_remaining=11)",West,"['((4, 5), food_remaining=11)', '((2, 5), food_remaining=11)']","[((3, 5), food_remaining=11), ((13, 4), food_remaining=11), ((3, 3), food_remaining=11), ((13, 5), food_remaining=7), ((16, 3), food_remaining=13), ((13, 4), food_remaining=10), ((10, 3), food_remaining=8), ((5, 5), food_remaining=10), ((16, 3), food_remaining=12), ((9, 3), food_remaining=11), ((1, 3), food_remaining=11), ((1, 3), food_remaining=12), ((5, 3), food_remaining=10), ((11, 3), food_remaining=12), ((4, 5), food_remaining=10), ((2, 3), food_remaining=12), ((8, 5), food_remaining=10), ((2, 5), food_remaining=10), ((5, 3), food_remaining=11), ((9, 5), food_remaining=10), ((13, 4), food_remaining=10), ((8, 5), food_remaining=12), ((8, 3), food_remaining=12), ((13, 4), food_remaining=9), ((1, 4), food_remaining=11), ((5, 5), food_remaining=11), ((4, 4), food_remaining=10), ((14, 5), food_remaining=10), ((2, 5), food_remaining=12), ((4, 3), food_remaining=10), ((10, 5), food_remaining=10), ((12, 5), food_remaining=11), ((15, 3), food_remaining=11), ((13, 3), food_remaining=11), ((6, 5), food_remaining=11), ((11, 3), food_remaining=9), ((11, 3), food_remaining=11), ((2, 5), food_remaining=11), ((2, 5), food_remaining=11), ((14, 5), food_remaining=9), ... (+21 more)]","[((3, 3), food_remaining=11), ((13, 4), food_remaining=11), ((13, 4), food_remaining=10), ((13, 5), food_remaining=7), ((16, 3), food_remaining=13), ((1, 3), food_remaining=12), ((10, 3), food_remaining=8), ((5, 5), food_remaining=10), ((16, 3), food_remaining=12), ((9, 3), food_remaining=11), ((1, 3), food_remaining=11), ((1, 4), food_remaining=11), ((5, 3), food_remaining=10), ((11, 3), food_remaining=12), ((4, 5), food_remaining=10), ((2, 3), food_remaining=12), ((8, 5), food_remaining=10), ((2, 5), food_remaining=10), ((5, 3), food_remaining=11), ((9, 5), food_remaining=10), ((13, 4), food_remaining=10), ((8, 5), food_remaining=12), ((8, 3), food_remaining=12), ((13, 4), food_remaining=9), ((1, 3), food_remaining=11), ((5, 5), food_remaining=11), ((4, 4), food_remaining=10), ((14, 5), food_remaining=10), ((2, 5), food_remaining=12), ((2, 5), food_remaining=11), ((10, 5), food_remaining=10), ((12, 5), food_remaining=11), ((15, 3), food_remaining=11), ((13, 3), food_remaining=11), ((6, 5), food_remaining=11), ((11, 3), food_remaining=9), ((11, 3), food_remaining=11), ((2, 5), food_remaining=11), ((2, 5), food_remaining=11), ((14, 5), food_remaining=9), ... (+21 more)]","[((5, 5), food_remaining=12), ((4, 3), food_remaining=10), ((4, 3), food_remaining=9), ((9, 5), food_remaining=12), ((15, 3), food_remaining=12), ((9, 5), food_remaining=11), ((1, 5), food_remaining=11), ((1, 5), food_remaining=10), ((5, 5), food_remaining=12), ((5, 5), food_remaining=11), ((4, 3), food_remaining=12), ((4, 3), food_remaining=11), ((1, 4), food_remaining=10), ((1, 4), food_remaining=9), ((5, 3), food_remaining=10), ((5, 3), food_remaining=9), ((14, 5), food_remaining=10), ((3, 3), food_remaining=10), ((5, 3), food_remaining=12), ((2, 5), food_remaining=10), ((2, 5), food_remaining=11), ((12, 3), food_remaining=13), ((12, 3), food_remaining=12), ((1, 5), food_remaining=10), ((1, 5), food_remaining=9), ((3, 3), food_remaining=13), ((3, 3), food_remaining=12), ((12, 5), food_remaining=12), ((2, 5), food_remaining=12), ((12, 5), food_remaining=10), ((12, 5), food_remaining=11), ((3, 3), food_remaining=12), ((5, 5), food_remaining=10), ((5, 5), food_remaining=9), ((5, 5), food_remaining=12), ((5, 5), food_remaining=11), ((13, 3), food_remaining=13), ((13, 3), food_remaining=12), ((1, 3), food_remaining=10), ((1, 3), food_remaining=9), ... (+162 more)]",12,48,60
203,"((3, 3), food_remaining=11)","((4, 3), food_remaining=11)",West,"['((4, 3), food_remaining=11)', '((2, 3), food_remaining=11)']","[((3, 3), food_remaining=11), ((13, 4), food_remaining=11), ((13, 4), food_remaining=10), ((13, 5), food_remaining=7), ((16, 3), food_remaining=13), ((1, 3), food_remaining=12), ((10, 3), food_remaining=8), ((5, 5), food_remaining=10), ((16, 3), food_remaining=12), ((9, 3), food_remaining=11), ((1, 3), food_remaining=11), ((1, 4), food_remaining=11), ((5, 3), food_remaining=10), ((11, 3), food_remaining=12), ((4, 5), food_remaining=10), ((2, 3), food_remaining=12), ((8, 5), food_remaining=10), ((2, 5), food_remaining=10), ((5, 3), food_remaining=11), ((9, 5), food_remaining=10), ((13, 4), food_remaining=10), ((8, 5), food_remaining=12), ((8, 3), food_remaining=12), ((13, 4), food_remaining=9), ((1, 3), food_remaining=11), ((5, 5), food_remaining=11), ((4, 4), food_remaining=10), ((14, 5), food_remaining=10), ((2, 5), food_remaining=12), ((2, 5), food_remaining=11), ((10, 5), food_remaining=10), ((12, 5), food_remaining=11), ((15, 3), food_remaining=11), ((13, 3), food_remaining=11), ((6, 5), food_remaining=11), ((11, 3), food_remaining=9), ((11, 3), food_remaining=11), ((2, 5), food_remaining=11), ((2, 5), food_remaining=11), ((14, 5), food_remaining=9), ... (+21 more)]","[((13, 4), food_remaining=11), ((13, 5), food_remaining=7), ((13, 4), food_remaining=10), ((16, 3), food_remaining=12), ((16, 3), food_remaining=13), ((1, 3), food_remaining=12), ((10, 3), food_remaining=8), ((5, 5), food_remaining=10), ((5, 3), food_remaining=11), ((9, 3), food_remaining=11), ((1, 3), food_remaining=11), ((1, 4), food_remaining=11), ((5, 3), food_remaining=10), ((11, 3), food_remaining=12), ((4, 5), food_remaining=10), ((2, 3), food_remaining=12), ((8, 5), food_remaining=10), ((2, 5), food_remaining=10), ((2, 5), food_remaining=11), ((9, 5), food_remaining=10), ((13, 4), food_remaining=10), ((8, 5), food_remaining=12), ((8, 3), food_remaining=12), ((13, 4), food_remaining=9), ((1, 3), food_remaining=11), ((5, 5), food_remaining=11), ((4, 4), food_remaining=10), ((14, 5), food_remaining=10), ((2, 5), food_remaining=12), ((2, 5), food_remaining=11), ((10, 5), food_remaining=10), ((12, 5), food_remaining=11), ((15, 3), food_remaining=11), ((13, 3), food_remaining=11), ((6, 5), food_remaining=11), ((11, 3), food_remaining=9), ((11, 3), food_remaining=11), ((4, 3), food_remaining=10), ((2, 5), food_remaining=11), ((14, 5), food_remaining=9), ... (+21 more)]","[((5, 5), food_remaining=12), ((4, 3), food_remaining=10), ((4, 3), food_remaining=9), ((9, 5), food_remaining=12), ((15, 3), food_remaining=12), ((9, 5), food_remaining=11), ((1, 5), food_remaining=11), ((1, 5), food_remaining=10), ((5, 5), food_remaining=12), ((5, 5), food_remaining=11), ((4, 3), food_remaining=12), ((4, 3), food_remaining=11), ((1, 4), food_remaining=10), ((1, 4), food_remaining=9), ((5, 3), food_remaining=10), ((5, 3), food_remaining=9), ((14, 5), food_remaining=10), ((3, 3), food_remaining=10), ((5, 3), food_remaining=12), ((2, 5), food_remaining=10), ((2, 5), food_remaining=11), ((12, 3), food_remaining=13), ((12, 3), food_remaining=12), ((1, 5), food_remaining=10), ((1, 5), food_remaining=9), ((3, 3), food_remaining=13), ((3, 3), food_remaining=12), ((12, 5), food_remaining=12), ((2, 5), food_remaining=12), ((12, 5), food_remaining=10), ((12, 5), food_remaining=11), ((3, 3), food_remaining=12), ((3, 3), food_remaining=11), ((5, 5), food_remaining=10), ((5, 5), food_remaining=9), ((5, 5), food_remaining=12), ((5, 5), food_remaining=11), ((13, 3), food_remaining=13), ((13, 3), food_remaining=12), ((1, 3), food_remaining=10), ... (+163 more)]",12,48,60
204,"((13, 4), food_remaining=11)","((13, 3), food_remaining=12)",North,"['((13, 5), food_remaining=10)', '((13, 3), food_remaining=11)']","[((13, 4), food_remaining=11), ((13, 5), food_remaining=7), ((13, 4), food_remaining=10), ((16, 3), food_remaining=12), ((16, 3), food_remaining=13), ((1, 3), food_remaining=12), ((10, 3), food_remaining=8), ((5, 5), food_remaining=10), ((5, 3), food_remaining=11), ((9, 3), food_remaining=11), ((1, 3), food_remaining=11), ((1, 4), food_remaining=11), ((5, 3), food_remaining=10), ((11, 3), food_remaining=12), ((4, 5), food_remaining=10), ((2, 3), food_remaining=12), ((8, 5), food_remaining=10), ((2, 5), food_remaining=10), ((2, 5), food_remaining=11), ((9, 5), food_remaining=10), ((13, 4), food_remaining=10), ((8, 5), food_remaining=12), ((8, 3), food_remaining=12), ((13, 4), food_remaining=9), ((1, 3), food_remaining=11), ((5, 5), food_remaining=11), ((4, 4), food_remaining=10), ((14, 5), food_remaining=10), ((2, 5), food_remaining=12), ((2, 5), food_remaining=11), ((10, 5), food_remaining=10), ((12, 5), food_remaining=11), ((15, 3), food_remaining=11), ((13, 3), food_remaining=11), ((6, 5), food_remaining=11), ((11, 3), food_remaining=9), ((11, 3), food_remaining=11), ((4, 3), food_remaining=10), ((2, 5), food_remaining=11), ((14, 5), food_remaining=9), ... (+21 more)]","[((13, 4), food_remaining=10), ((13, 5), food_remaining=7), ((10, 3), food_remaining=8), ((16, 3), food_remaining=12), ((16, 3), food_remaining=13), ((1, 3), food_remaining=12), ((11, 3), food_remaining=12), ((5, 5), food_remaining=10), ((5, 3), food_remaining=11), ((9, 3), food_remaining=11), ((1, 3), food_remaining=11), ((1, 4), food_remaining=11), ((5, 3), food_remaining=10), ((14, 5), food_remaining=10), ((4, 5), food_remaining=10), ((2, 3), food_remaining=12), ((8, 5), food_remaining=10), ((2, 5), food_remaining=10), ((2, 5), food_remaining=11), ((9, 5), food_remaining=10), ((13, 4), food_remaining=10), ((8, 5), food_remaining=12), ((8, 3), food_remaining=12), ((13, 4), food_remaining=9), ((1, 3), food_remaining=11), ((5, 5), food_remaining=11), ((4, 4), food_remaining=10), ((4, 5), food_remaining=11), ((2, 5), food_remaining=12), ((2, 5), food_remaining=11), ((10, 5), food_remaining=10), ((12, 5), food_remaining=11), ((15, 3), food_remaining=11), ((13, 3), food_remaining=11), ((6, 5), food_remaining=11), ((11, 3), food_remaining=9), ((11, 3), food_remaining=11), ((4, 3), food_remaining=10), ((2, 5), food_remaining=11), ((14, 5), food_remaining=9), ... (+22 more)]","[((5, 5), food_remaining=12), ((4, 3), food_remaining=10), ((4, 3), food_remaining=9), ((9, 5), food_remaining=12), ((15, 3), food_remaining=12), ((9, 5), food_remaining=11), ((1, 5), food_remaining=11), ((1, 5), food_remaining=10), ((5, 5), food_remaining=12), ((5, 5), food_remaining=11), ((4, 3), food_remaining=12), ((4, 3), food_remaining=11), ((1, 4), food_remaining=10), ((1, 4), food_remaining=9), ((5, 3), food_remaining=10), ((5, 3), food_remaining=9), ((14, 5), food_remaining=10), ((3, 3), food_remaining=10), ((5, 3), food_remaining=12), ((2, 5), food_remaining=10), ((2, 5), food_remaining=11), ((12, 3), food_remaining=13), ((12, 3), food_remaining=12), ((1, 5), food_remaining=10), ((1, 5), food_remaining=9), ((3, 3), food_remaining=13), ((3, 3), food_remaining=12), ((12, 5), food_remaining=12), ((2, 5), food_remaining=12), ((12, 5), food_remaining=10), ((12, 5), food_remaining=11), ((3, 3), food_remaining=12), ((3, 3), food_remaining=11), ((5, 5), food_remaining=10), ((5, 5), food_remaining=9), ((5, 5), food_remaining=12), ((5, 5), food_remaining=11), ((13, 3), food_remaining=13), ((13, 3), food_remaining=12), ((1, 3), food_remaining=10), ... (+164 more)]",11,49,60
205,"((13, 4), food_remaining=10)","((13, 3), food_remaining=11)",North,"['((13, 5), food_remaining=9)', '((13, 3), food_remaining=10)']","[((13, 4), food_remaining=10), ((13, 5), food_remaining=7), ((10, 3), food_remaining=8), ((16, 3), food_remaining=12), ((16, 3), food_remaining=13), ((1, 3), food_remaining=12), ((11, 3), food_remaining=12), ((5, 5), food_remaining=10), ((5, 3), food_remaining=11), ((9, 3), food_remaining=11), ((1, 3), food_remaining=11), ((1, 4), food_remaining=11), ((5, 3), food_remaining=10), ((14, 5), food_remaining=10), ((4, 5), food_remaining=10), ((2, 3), food_remaining=12), ((8, 5), food_remaining=10), ((2, 5), food_remaining=10), ((2, 5), food_remaining=11), ((9, 5), food_remaining=10), ((13, 4), food_remaining=10), ((8, 5), food_remaining=12), ((8, 3), food_remaining=12), ((13, 4), food_remaining=9), ((1, 3), food_remaining=11), ((5, 5), food_remaining=11), ((4, 4), food_remaining=10), ((4, 5), food_remaining=11), ((2, 5), food_remaining=12), ((2, 5), food_remaining=11), ((10, 5), food_remaining=10), ((12, 5), food_remaining=11), ((15, 3), food_remaining=11), ((13, 3), food_remaining=11), ((6, 5), food_remaining=11), ((11, 3), food_remaining=9), ((11, 3), food_remaining=11), ((4, 3), food_remaining=10), ((2, 5), food_remaining=11), ((14, 5), food_remaining=9), ... (+22 more)]","[((10, 3), food_remaining=8), ((13, 5), food_remaining=7), ((11, 3), food_remaining=12), ((16, 3), food_remaining=12), ((16, 3), food_remaining=13), ((1, 3), food_remaining=12), ((14, 5), food_remaining=10), ((5, 5), food_remaining=10), ((5, 3), food_remaining=11), ((9, 3), food_remaining=11), ((1, 3), food_remaining=11), ((1, 4), food_remaining=11), ((5, 3), food_remaining=10), ((4, 5), food_remaining=11), ((4, 5), food_remaining=10), ((2, 3), food_remaining=12), ((8, 5), food_remaining=10), ((2, 5), food_remaining=10), ((2, 5), food_remaining=11), ((9, 5), food_remaining=10), ((13, 4), food_remaining=10), ((8, 5), food_remaining=12), ((8, 3), food_remaining=12), ((13, 4), food_remaining=9), ((1, 3), food_remaining=11), ((5, 5), food_remaining=11), ((4, 4), food_remaining=10), ((9, 5), food_remaining=8), ((2, 5), food_remaining=12), ((2, 5), food_remaining=11), ((10, 5), food_remaining=10), ((12, 5), food_remaining=11), ((15, 3), food_remaining=11), ((13, 3), food_remaining=11), ((6, 5), food_remaining=11), ((11, 3), food_remaining=9), ((11, 3), food_remaining=11), ((4, 3), food_remaining=10), ((2, 5), food_remaining=11), ((14, 5), food_remaining=9), ... (+23 more)]","[((5, 5), food_remaining=12), ((4, 3), food_remaining=10), ((4, 3), food_remaining=9), ((9, 5), food_remaining=12), ((15, 3), food_remaining=12), ((9, 5), food_remaining=11), ((1, 5), food_remaining=11), ((1, 5), food_remaining=10), ((5, 5), food_remaining=12), ((5, 5), food_remaining=11), ((4, 3), food_remaining=12), ((4, 3), food_remaining=11), ((1, 4), food_remaining=10), ((1, 4), food_remaining=9), ((5, 3), food_remaining=10), ((5, 3), food_remaining=9), ((14, 5), food_remaining=10), ((3, 3), food_remaining=10), ((5, 3), food_remaining=12), ((2, 5), food_remaining=10), ((2, 5), food_remaining=11), ((12, 3), food_remaining=13), ((12, 3), food_remaining=12), ((1, 5), food_remaining=10), ((1, 5), food_remaining=9), ((3, 3), food_remaining=13), ((3, 3), food_remaining=12), ((12, 5), food_remaining=12), ((2, 5), food_remaining=12), ((12, 5), food_remaining=10), ((12, 5), food_remaining=11), ((3, 3), food_remaining=12), ((3, 3), food_remaining=11), ((5, 5), food_remaining=10), ((5, 5), food_remaining=9), ((5, 5), food_remaining=12), ((5, 5), food_remaining=11), ((13, 3), food_remaining=13), ((13, 3), food_remaining=12), ((1, 3), food_remaining=10), ... (+165 more)]",13,47,60
206,"((10, 3), food_remaining=8)","((10, 4), food_remaining=8)",South,"['((10, 4), food_remaining=8)', '((11, 3), food_remaining=8)', '((9, 3), food_remaining=8)']","[((10, 3), food_remaining=8), ((13, 5), food_remaining=7), ((11, 3), food_remaining=12), ((16, 3), food_remaining=12), ((16, 3), food_remaining=13), ((1, 3), food_remaining=12), ((14, 5), food_remaining=10), ((5, 5), food_remaining=10), ((5, 3), food_remaining=11), ((9, 3), food_remaining=11), ((1, 3), food_remaining=11), ((1, 4), food_remaining=11), ((5, 3), food_remaining=10), ((4, 5), food_remaining=11), ((4, 5), food_remaining=10), ((2, 3), food_remaining=12), ((8, 5), food_remaining=10), ((2, 5), food_remaining=10), ((2, 5), food_remaining=11), ((9, 5), food_remaining=10), ((13, 4), food_remaining=10), ((8, 5), food_remaining=12), ((8, 3), food_remaining=12), ((13, 4), food_remaining=9), ((1, 3), food_remaining=11), ((5, 5), food_remaining=11), ((4, 4), food_remaining=10), ((9, 5), food_remaining=8), ((2, 5), food_remaining=12), ((2, 5), food_remaining=11), ((10, 5), food_remaining=10), ((12, 5), food_remaining=11), ((15, 3), food_remaining=11), ((13, 3), food_remaining=11), ((6, 5), food_remaining=11), ((11, 3), food_remaining=9), ((11, 3), food_remaining=11), ((4, 3), food_remaining=10), ((2, 5), food_remaining=11), ((14, 5), food_remaining=9), ... (+23 more)]","[((13, 5), food_remaining=7), ((16, 3), food_remaining=13), ((11, 3), food_remaining=12), ((16, 3), food_remaining=12), ((9, 3), food_remaining=11), ((1, 3), food_remaining=12), ((14, 5), food_remaining=10), ((5, 5), food_remaining=10), ((5, 3), food_remaining=11), ((13, 4), food_remaining=10), ((1, 3), food_remaining=11), ((1, 4), food_remaining=11), ((5, 3), food_remaining=10), ((4, 5), food_remaining=11), ((4, 5), food_remaining=10), ((2, 3), food_remaining=12), ((8, 5), food_remaining=10), ((2, 5), food_remaining=10), ((2, 5), food_remaining=11), ((9, 5), food_remaining=10), ((14, 3), food_remaining=12), ((8, 5), food_remaining=12), ((8, 3), food_remaining=12), ((13, 4), food_remaining=9), ((1, 3), food_remaining=11), ((5, 5), food_remaining=11), ((4, 4), food_remaining=10), ((9, 5), food_remaining=8), ((2, 5), food_remaining=12), ((2, 5), food_remaining=11), ((11, 3), food_remaining=8), ((12, 5), food_remaining=11), ((15, 3), food_remaining=11), ((13, 3), food_remaining=11), ((6, 5), food_remaining=11), ((11, 3), food_remaining=9), ((11, 3), food_remaining=11), ((4, 3), food_remaining=10), ((2, 5), food_remaining=11), ((14, 5), food_remaining=9), ... (+24 more)]","[((5, 5), food_remaining=12), ((4, 3), food_remaining=10), ((4, 3), food_remaining=9), ((9, 5), food_remaining=12), ((15, 3), food_remaining=12), ((9, 5), food_remaining=11), ((1, 5), food_remaining=11), ((1, 5), food_remaining=10), ((5, 5), food_remaining=12), ((5, 5), food_remaining=11), ((4, 3), food_remaining=12), ((4, 3), food_remaining=11), ((1, 4), food_remaining=10), ((1, 4), food_remaining=9), ((5, 3), food_remaining=10), ((5, 3), food_remaining=9), ((14, 5), food_remaining=10), ((3, 3), food_remaining=10), ((5, 3), food_remaining=12), ((2, 5), food_remaining=10), ((2, 5), food_remaining=11), ((12, 3), food_remaining=13), ((12, 3), food_remaining=12), ((1, 5), food_remaining=10), ((1, 5), food_remaining=9), ((3, 3), food_remaining=13), ((3, 3), food_remaining=12), ((12, 5), food_remaining=12), ((2, 5), food_remaining=12), ((12, 5), food_remaining=10), ((12, 5), food_remaining=11), ((3, 3), food_remaining=12), ((3, 3), food_remaining=11), ((5, 5), food_remaining=10), ((5, 5), food_remaining=9), ((5, 5), food_remaining=12), ((5, 5), food_remaining=11), ((13, 3), food_remaining=13), ((13, 3), food_remaining=12), ((1, 3), food_remaining=10), ... (+166 more)]",25,35,60
207,"((13, 5), food_remaining=7)","((12, 5), food_remaining=8)",East,"['((13, 4), food_remaining=6)', '((14, 5), food_remaining=6)', '((12, 5), food_remaining=7)']","[((13, 5), food_remaining=7), ((16, 3), food_remaining=13), ((11, 3), food_remaining=12), ((16, 3), food_remaining=12), ((9, 3), food_remaining=11), ((1, 3), food_remaining=12), ((14, 5), food_remaining=10), ((5, 5), food_remaining=10), ((5, 3), food_remaining=11), ((13, 4), food_remaining=10), ((1, 3), food_remaining=11), ((1, 4), food_remaining=11), ((5, 3), food_remaining=10), ((4, 5), food_remaining=11), ((4, 5), food_remaining=10), ((2, 3), food_remaining=12), ((8, 5), food_remaining=10), ((2, 5), food_remaining=10), ((2, 5), food_remaining=11), ((9, 5), food_remaining=10), ((14, 3), food_remaining=12), ((8, 5), food_remaining=12), ((8, 3), food_remaining=12), ((13, 4), food_remaining=9), ((1, 3), food_remaining=11), ((5, 5), food_remaining=11), ((4, 4), food_remaining=10), ((9, 5), food_remaining=8), ((2, 5), food_remaining=12), ((2, 5), food_remaining=11), ((11, 3), food_remaining=8), ((12, 5), food_remaining=11), ((15, 3), food_remaining=11), ((13, 3), food_remaining=11), ((6, 5), food_remaining=11), ((11, 3), food_remaining=9), ((11, 3), food_remaining=11), ((4, 3), food_remaining=10), ((2, 5), food_remaining=11), ((14, 5), food_remaining=9), ... (+24 more)]","[((11, 3), food_remaining=12), ((14, 5), food_remaining=6), ((14, 5), food_remaining=10), ((16, 3), food_remaining=13), ((9, 3), food_remaining=11), ((1, 3), food_remaining=12), ((4, 5), food_remaining=11), ((16, 3), food_remaining=12), ((5, 3), food_remaining=11), ((13, 4), food_remaining=10), ((1, 3), food_remaining=11), ((1, 4), food_remaining=11), ((5, 3), food_remaining=10), ((2, 5), food_remaining=12), ((4, 5), food_remaining=10), ((5, 5), food_remaining=10), ((8, 5), food_remaining=10), ((2, 5), food_remaining=10), ((2, 5), food_remaining=11), ((9, 5), food_remaining=10), ((14, 3), food_remaining=12), ((8, 5), food_remaining=12), ((8, 3), food_remaining=12), ((13, 4), food_remaining=9), ((1, 3), food_remaining=11), ((5, 5), food_remaining=11), ((4, 4), food_remaining=10), ((9, 5), food_remaining=8), ((14, 5), food_remaining=9), ((2, 5), food_remaining=11), ((11, 3), food_remaining=8), ((2, 3), food_remaining=12), ((15, 3), food_remaining=11), ((13, 3), food_remaining=11), ((6, 5), food_remaining=11), ((11, 3), food_remaining=9), ((11, 3), food_remaining=11), ((4, 3), food_remaining=10), ((2, 5), food_remaining=11), ((14, 5), food_remaining=9), ... (+26 more)]","[((5, 5), food_remaining=12), ((4, 3), food_remaining=10), ((4, 3), food_remaining=9), ((9, 5), food_remaining=12), ((15, 3), food_remaining=12), ((9, 5), food_remaining=11), ((1, 5), food_remaining=11), ((1, 5), food_remaining=10), ((5, 5), food_remaining=12), ((5, 5), food_remaining=11), ((4, 3), food_remaining=12), ((4, 3), food_remaining=11), ((1, 4), food_remaining=10), ((1, 4), food_remaining=9), ((5, 3), food_remaining=10), ((5, 3), food_remaining=9), ((14, 5), food_remaining=10), ((3, 3), food_remaining=10), ((5, 3), food_remaining=12), ((2, 5), food_remaining=10), ((2, 5), food_remaining=11), ((12, 3), food_remaining=13), ((12, 3), food_remaining=12), ((1, 5), food_remaining=10), ((1, 5), food_remaining=9), ((3, 3), food_remaining=13), ((3, 3), food_remaining=12), ((13, 5), food_remaining=7), ((12, 5), food_remaining=12), ((2, 5), food_remaining=12), ((12, 5), food_remaining=10), ((12, 5), food_remaining=11), ((3, 3), food_remaining=12), ((3, 3), food_remaining=11), ((5, 5), food_remaining=10), ((5, 5), food_remaining=9), ((5, 5), food_remaining=12), ((5, 5), food_remaining=11), ((13, 3), food_remaining=13), ((13, 3), food_remaining=12), ... (+167 more)]",28,32,60
208,"((11, 3), food_remaining=12)","((12, 3), food_remaining=12)",West,"['((12, 3), food_remaining=12)', '((10, 3), food_remaining=12)']","[((11, 3), food_remaining=12), ((14, 5), food_remaining=6), ((14, 5), food_remaining=10), ((16, 3), food_remaining=13), ((9, 3), food_remaining=11), ((1, 3), food_remaining=12), ((4, 5), food_remaining=11), ((16, 3), food_remaining=12), ((5, 3), food_remaining=11), ((13, 4), food_remaining=10), ((1, 3), food_remaining=11), ((1, 4), food_remaining=11), ((5, 3), food_remaining=10), ((2, 5), food_remaining=12), ((4, 5), food_remaining=10), ((5, 5), food_remaining=10), ((8, 5), food_remaining=10), ((2, 5), food_remaining=10), ((2, 5), food_remaining=11), ((9, 5), food_remaining=10), ((14, 3), food_remaining=12), ((8, 5), food_remaining=12), ((8, 3), food_remaining=12), ((13, 4), food_remaining=9), ((1, 3), food_remaining=11), ((5, 5), food_remaining=11), ((4, 4), food_remaining=10), ((9, 5), food_remaining=8), ((14, 5), food_remaining=9), ((2, 5), food_remaining=11), ((11, 3), food_remaining=8), ((2, 3), food_remaining=12), ((15, 3), food_remaining=11), ((13, 3), food_remaining=11), ((6, 5), food_remaining=11), ((11, 3), food_remaining=9), ((11, 3), food_remaining=11), ((4, 3), food_remaining=10), ((2, 5), food_remaining=11), ((14, 5), food_remaining=9), ... (+26 more)]","[((14, 5), food_remaining=10), ((14, 5), food_remaining=6), ((4, 5), food_remaining=11), ((10, 3), food_remaining=12), ((9, 3), food_remaining=11), ((1, 3), food_remaining=12), ((2, 5), food_remaining=12), ((16, 3), food_remaining=13), ((5, 3), food_remaining=11), ((13, 4), food_remaining=10), ((1, 3), food_remaining=11), ((1, 4), food_remaining=11), ((5, 3), food_remaining=10), ((14, 5), food_remaining=9), ((4, 5), food_remaining=10), ((16, 3), food_remaining=12), ((8, 5), food_remaining=10), ((2, 5), food_remaining=10), ((2, 5), food_remaining=11), ((9, 5), food_remaining=10), ((14, 3), food_remaining=12), ((8, 5), food_remaining=12), ((8, 3), food_remaining=12), ((13, 4), food_remaining=9), ((1, 3), food_remaining=11), ((5, 5), food_remaining=11), ((4, 4), food_remaining=10), ((9, 5), food_remaining=8), ((13, 4), food_remaining=9), ((2, 5), food_remaining=11), ((11, 3), food_remaining=8), ((2, 3), food_remaining=12), ((5, 5), food_remaining=10), ((13, 3), food_remaining=11), ((6, 5), food_remaining=11), ((11, 3), food_remaining=9), ((11, 3), food_remaining=11), ((4, 3), food_remaining=10), ((2, 5), food_remaining=11), ((14, 5), food_remaining=9), ... (+26 more)]","[((5, 5), food_remaining=12), ((4, 3), food_remaining=10), ((4, 3), food_remaining=9), ((9, 5), food_remaining=12), ((15, 3), food_remaining=12), ((9, 5), food_remaining=11), ((1, 5), food_remaining=11), ((1, 5), food_remaining=10), ((5, 5), food_remaining=12), ((5, 5), food_remaining=11), ((4, 3), food_remaining=12), ((4, 3), food_remaining=11), ((1, 4), food_remaining=10), ((1, 4), food_remaining=9), ((5, 3), food_remaining=10), ((5, 3), food_remaining=9), ((14, 5), food_remaining=10), ((3, 3), food_remaining=10), ((5, 3), food_remaining=12), ((2, 5), food_remaining=10), ((2, 5), food_remaining=11), ((12, 3), food_remaining=13), ((12, 3), food_remaining=12), ((1, 5), food_remaining=10), ((1, 5), food_remaining=9), ((3, 3), food_remaining=13), ((3, 3), food_remaining=12), ((13, 5), food_remaining=7), ((12, 5), food_remaining=12), ((2, 5), food_remaining=12), ((12, 5), food_remaining=10), ((12, 5), food_remaining=11), ((3, 3), food_remaining=12), ((3, 3), food_remaining=11), ((5, 5), food_remaining=10), ((5, 5), food_remaining=9), ((5, 5), food_remaining=12), ((5, 5), food_remaining=11), ((13, 3), food_remaining=13), ((13, 3), food_remaining=12), ... (+168 more)]",8,52,60
209,"((14, 5), food_remaining=10)","((13, 5), food_remaining=11)",East,"['((13, 5), food_remaining=10)']","[((14, 5), food_remaining=10), ((14, 5), food_remaining=6), ((4, 5), food_remaining=11), ((10, 3), food_remaining=12), ((9, 3), food_remaining=11), ((1, 3), food_remaining=12), ((2, 5), food_remaining=12), ((16, 3), food_remaining=13), ((5, 3), food_remaining=11), ((13, 4), food_remaining=10), ((1, 3), food_remaining=11), ((1, 4), food_remaining=11), ((5, 3), food_remaining=10), ((14, 5), food_remaining=9), ((4, 5), food_remaining=10), ((16, 3), food_remaining=12), ((8, 5), food_remaining=10), ((2, 5), food_remaining=10), ((2, 5), food_remaining=11), ((9, 5), food_remaining=10), ((14, 3), food_remaining=12), ((8, 5), food_remaining=12), ((8, 3), food_remaining=12), ((13, 4), food_remaining=9), ((1, 3), food_remaining=11), ((5, 5), food_remaining=11), ((4, 4), food_remaining=10), ((9, 5), food_remaining=8), ((13, 4), food_remaining=9), ((2, 5), food_remaining=11), ((11, 3), food_remaining=8), ((2, 3), food_remaining=12), ((5, 5), food_remaining=10), ((13, 3), food_remaining=11), ((6, 5), food_remaining=11), ((11, 3), food_remaining=9), ((11, 3), food_remaining=11), ((4, 3), food_remaining=10), ((2, 5), food_remaining=11), ((14, 5), food_remaining=9), ... (+26 more)]","[((4, 5), food_remaining=11), ((14, 5), food_remaining=6), ((2, 5), food_remaining=12), ((10, 3), food_remaining=12), ((9, 3), food_remaining=11), ((1, 3), food_remaining=12), ((14, 5), food_remaining=9), ((13, 5), food_remaining=10), ((5, 3), food_remaining=11), ((13, 4), food_remaining=10), ((1, 3), food_remaining=11), ((1, 4), food_remaining=11), ((5, 3), food_remaining=10), ((9, 5), food_remaining=8), ((4, 5), food_remaining=10), ((16, 3), food_remaining=13), ((8, 5), food_remaining=10), ((2, 5), food_remaining=10), ((2, 5), food_remaining=11), ((9, 5), food_remaining=10), ((14, 3), food_remaining=12), ((8, 5), food_remaining=12), ((8, 3), food_remaining=12), ((13, 4), food_remaining=9), ((1, 3), food_remaining=11), ((5, 5), food_remaining=11), ((4, 4), food_remaining=10), ((2, 3), food_remaining=11), ((13, 4), food_remaining=9), ((2, 5), food_remaining=11), ((11, 3), food_remaining=8), ((2, 3), food_remaining=12), ((16, 3), food_remaining=12), ((13, 3), food_remaining=11), ((6, 5), food_remaining=11), ((11, 3), food_remaining=9), ((11, 3), food_remaining=11), ((4, 3), food_remaining=10), ((2, 5), food_remaining=11), ((14, 5), food_remaining=9), ... (+26 more)]","[((5, 5), food_remaining=12), ((4, 3), food_remaining=10), ((4, 3), food_remaining=9), ((9, 5), food_remaining=12), ((15, 3), food_remaining=12), ((9, 5), food_remaining=11), ((14, 5), food_remaining=10), ((1, 5), food_remaining=11), ((1, 5), food_remaining=10), ((5, 5), food_remaining=12), ((5, 5), food_remaining=11), ((4, 3), food_remaining=12), ((4, 3), food_remaining=11), ((1, 4), food_remaining=10), ((1, 4), food_remaining=9), ((5, 3), food_remaining=10), ((5, 3), food_remaining=9), ((14, 5), food_remaining=10), ((3, 3), food_remaining=10), ((5, 3), food_remaining=12), ((2, 5), food_remaining=10), ((2, 5), food_remaining=11), ((12, 3), food_remaining=13), ((12, 3), food_remaining=12), ((1, 5), food_remaining=10), ((1, 5), food_remaining=9), ((3, 3), food_remaining=13), ((3, 3), food_remaining=12), ((13, 5), food_remaining=7), ((12, 5), food_remaining=12), ((2, 5), food_remaining=12), ((12, 5), food_remaining=10), ((12, 5), food_remaining=11), ((3, 3), food_remaining=12), ((3, 3), food_remaining=11), ((5, 5), food_remaining=10), ((5, 5), food_remaining=9), ((5, 5), food_remaining=12), ((5, 5), food_remaining=11), ((13, 3), food_remaining=13), ... (+169 more)]",11,49,60
210,"((4, 5), food_remaining=11)","((4, 4), food_remaining=11)",North,"['((4, 4), food_remaining=11)', '((5, 5), food_remaining=11)', '((3, 5), food_remaining=11)']","[((4, 5), food_remaining=11), ((14, 5), food_remaining=6), ((2, 5), food_remaining=12), ((10, 3), food_remaining=12), ((9, 3), food_remaining=11), ((1, 3), food_remaining=12), ((14, 5), food_remaining=9), ((13, 5), food_remaining=10), ((5, 3), food_remaining=11), ((13, 4), food_remaining=10), ((1, 3), food_remaining=11), ((1, 4), food_remaining=11), ((5, 3), food_remaining=10), ((9, 5), food_remaining=8), ((4, 5), food_remaining=10), ((16, 3), food_remaining=13), ((8, 5), food_remaining=10), ((2, 5), food_remaining=10), ((2, 5), food_remaining=11), ((9, 5), food_remaining=10), ((14, 3), food_remaining=12), ((8, 5), food_remaining=12), ((8, 3), food_remaining=12), ((13, 4), food_remaining=9), ((1, 3), food_remaining=11), ((5, 5), food_remaining=11), ((4, 4), food_remaining=10), ((2, 3), food_remaining=11), ((13, 4), food_remaining=9), ((2, 5), food_remaining=11), ((11, 3), food_remaining=8), ((2, 3), food_remaining=12), ((16, 3), food_remaining=12), ((13, 3), food_remaining=11), ((6, 5), food_remaining=11), ((11, 3), food_remaining=9), ((11, 3), food_remaining=11), ((4, 3), food_remaining=10), ((2, 5), food_remaining=11), ((14, 5), food_remaining=9), ... (+26 more)]","[((2, 5), food_remaining=12), ((14, 5), food_remaining=6), ((14, 5), food_remaining=9), ((10, 3), food_remaining=12), ((9, 3), food_remaining=11), ((1, 3), food_remaining=12), ((4, 5), food_remaining=10), ((13, 5), food_remaining=10), ((5, 3), food_remaining=11), ((13, 4), food_remaining=10), ((1, 3), food_remaining=11), ((1, 4), food_remaining=11), ((5, 3), food_remaining=10), ((9, 5), food_remaining=8), ((2, 5), food_remaining=11), ((3, 5), food_remaining=11), ((8, 5), food_remaining=10), ((2, 5), food_remaining=10), ((2, 5), food_remaining=11), ((9, 5), food_remaining=10), ((14, 3), food_remaining=12), ((8, 5), food_remaining=12), ((8, 3), food_remaining=12), ((13, 4), food_remaining=9), ((1, 3), food_remaining=11), ((5, 5), food_remaining=11), ((4, 4), food_remaining=10), ((2, 3), food_remaining=11), ((13, 4), food_remaining=9), ((5, 5), food_remaining=10), ((11, 3), food_remaining=8), ((2, 3), food_remaining=12), ((16, 3), food_remaining=13), ((13, 3), food_remaining=11), ((6, 5), food_remaining=11), ((11, 3), food_remaining=9), ((11, 3), food_remaining=11), ((4, 3), food_remaining=10), ((2, 5), food_remaining=11), ((14, 5), food_remaining=9), ... (+27 more)]","[((5, 5), food_remaining=12), ((4, 3), food_remaining=10), ((4, 3), food_remaining=9), ((9, 5), food_remaining=12), ((15, 3), food_remaining=12), ((9, 5), food_remaining=11), ((14, 5), food_remaining=10), ((1, 5), food_remaining=11), ((1, 5), food_remaining=10), ((5, 5), food_remaining=12), ((5, 5), food_remaining=11), ((4, 3), food_remaining=12), ((4, 3), food_remaining=11), ((1, 4), food_remaining=10), ((1, 4), food_remaining=9), ((5, 3), food_remaining=10), ((5, 3), food_remaining=9), ((14, 5), food_remaining=10), ((3, 3), food_remaining=10), ((5, 3), food_remaining=12), ((2, 5), food_remaining=10), ((2, 5), food_remaining=11), ((12, 3), food_remaining=13), ((12, 3), food_remaining=12), ((1, 5), food_remaining=10), ((1, 5), food_remaining=9), ((3, 3), food_remaining=13), ((3, 3), food_remaining=12), ((13, 5), food_remaining=7), ((12, 5), food_remaining=12), ((2, 5), food_remaining=12), ((12, 5), food_remaining=10), ((12, 5), food_remaining=11), ((3, 3), food_remaining=12), ((3, 3), food_remaining=11), ((5, 5), food_remaining=10), ((5, 5), food_remaining=9), ((5, 5), food_remaining=12), ((5, 5), food_remaining=11), ((13, 3), food_remaining=13), ... (+170 more)]",11,49,60
211,"((2, 5), food_remaining=12)","((3, 5), food_remaining=12)",West,"['((3, 5), food_remaining=12)', '((1, 5), food_remaining=11)']","[((2, 5), food_remaining=12), ((14, 5), food_remaining=6), ((14, 5), food_remaining=9), ((10, 3), food_remaining=12), ((9, 3), food_remaining=11), ((1, 3), food_remaining=12), ((4, 5), food_remaining=10), ((13, 5), food_remaining=10), ((5, 3), food_remaining=11), ((13, 4), food_remaining=10), ((1, 3), food_remaining=11), ((1, 4), food_remaining=11), ((5, 3), food_remaining=10), ((9, 5), food_remaining=8), ((2, 5), food_remaining=11), ((3, 5), food_remaining=11), ((8, 5), food_remaining=10), ((2, 5), food_remaining=10), ((2, 5), food_remaining=11), ((9, 5), food_remaining=10), ((14, 3), food_remaining=12), ((8, 5), food_remaining=12), ((8, 3), food_remaining=12), ((13, 4), food_remaining=9), ((1, 3), food_remaining=11), ((5, 5), food_remaining=11), ((4, 4), food_remaining=10), ((2, 3), food_remaining=11), ((13, 4), food_remaining=9), ((5, 5), food_remaining=10), ((11, 3), food_remaining=8), ((2, 3), food_remaining=12), ((16, 3), food_remaining=13), ((13, 3), food_remaining=11), ((6, 5), food_remaining=11), ((11, 3), food_remaining=9), ((11, 3), food_remaining=11), ((4, 3), food_remaining=10), ((2, 5), food_remaining=11), ((14, 5), food_remaining=9), ... (+27 more)]","[((14, 5), food_remaining=9), ((14, 5), food_remaining=6), ((4, 5), food_remaining=10), ((10, 3), food_remaining=12), ((9, 3), food_remaining=11), ((1, 3), food_remaining=12), ((2, 5), food_remaining=11), ((13, 5), food_remaining=10), ((5, 3), food_remaining=11), ((13, 4), food_remaining=10), ((1, 3), food_remaining=11), ((1, 4), food_remaining=11), ((5, 3), food_remaining=10), ((9, 5), food_remaining=8), ((11, 3), food_remaining=8), ((3, 5), food_remaining=11), ((8, 5), food_remaining=10), ((2, 5), food_remaining=10), ((2, 5), food_remaining=11), ((9, 5), food_remaining=10), ((14, 3), food_remaining=12), ((8, 5), food_remaining=12), ((8, 3), food_remaining=12), ((13, 4), food_remaining=9), ((1, 3), food_remaining=11), ((5, 5), food_remaining=11), ((4, 4), food_remaining=10), ((2, 3), food_remaining=11), ((13, 4), food_remaining=9), ((5, 5), food_remaining=10), ((16, 3), food_remaining=12), ((2, 3), food_remaining=12), ((16, 3), food_remaining=13), ((13, 3), food_remaining=11), ((6, 5), food_remaining=11), ((11, 3), food_remaining=9), ((11, 3), food_remaining=11), ((4, 3), food_remaining=10), ((2, 5), food_remaining=11), ((14, 5), food_remaining=9), ... (+27 more)]","[((5, 5), food_remaining=12), ((4, 3), food_remaining=10), ((4, 3), food_remaining=9), ((9, 5), food_remaining=12), ((15, 3), food_remaining=12), ((9, 5), food_remaining=11), ((14, 5), food_remaining=10), ((1, 5), food_remaining=11), ((1, 5), food_remaining=10), ((5, 5), food_remaining=12), ((5, 5), food_remaining=11), ((4, 3), food_remaining=12), ((4, 3), food_remaining=11), ((1, 4), food_remaining=10), ((1, 4), food_remaining=9), ((5, 3), food_remaining=10), ((5, 3), food_remaining=9), ((14, 5), food_remaining=10), ((3, 3), food_remaining=10), ((5, 3), food_remaining=12), ((2, 5), food_remaining=10), ((2, 5), food_remaining=11), ((12, 3), food_remaining=13), ((12, 3), food_remaining=12), ((1, 5), food_remaining=10), ((1, 5), food_remaining=9), ((3, 3), food_remaining=13), ((3, 3), food_remaining=12), ((13, 5), food_remaining=7), ((12, 5), food_remaining=12), ((2, 5), food_remaining=12), ((12, 5), food_remaining=10), ((12, 5), food_remaining=11), ((3, 3), food_remaining=12), ((3, 3), food_remaining=11), ((5, 5), food_remaining=10), ((5, 5), food_remaining=9), ((5, 5), food_remaining=12), ((5, 5), food_remaining=11), ((13, 3), food_remaining=13), ... (+171 more)]",11,49,60
212,"((14, 5), food_remaining=9)","((13, 5), food_remaining=10)",East,"['((13, 5), food_remaining=9)']","[((14, 5), food_remaining=9), ((14, 5), food_remaining=6), ((4, 5), food_remaining=10), ((10, 3), food_remaining=12), ((9, 3), food_remaining=11), ((1, 3), food_remaining=12), ((2, 5), food_remaining=11), ((13, 5), food_remaining=10), ((5, 3), food_remaining=11), ((13, 4), food_remaining=10), ((1, 3), food_remaining=11), ((1, 4), food_remaining=11), ((5, 3), food_remaining=10), ((9, 5), food_remaining=8), ((11, 3), food_remaining=8), ((3, 5), food_remaining=11), ((8, 5), food_remaining=10), ((2, 5), food_remaining=10), ((2, 5), food_remaining=11), ((9, 5), food_remaining=10), ((14, 3), food_remaining=12), ((8, 5), food_remaining=12), ((8, 3), food_remaining=12), ((13, 4), food_remaining=9), ((1, 3), food_remaining=11), ((5, 5), food_remaining=11), ((4, 4), food_remaining=10), ((2, 3), food_remaining=11), ((13, 4), food_remaining=9), ((5, 5), food_remaining=10), ((16, 3), food_remaining=12), ((2, 3), food_remaining=12), ((16, 3), food_remaining=13), ((13, 3), food_remaining=11), ((6, 5), food_remaining=11), ((11, 3), food_remaining=9), ((11, 3), food_remaining=11), ((4, 3), food_remaining=10), ((2, 5), food_remaining=11), ((14, 5), food_remaining=9), ... (+27 more)]","[((4, 5), food_remaining=10), ((14, 5), food_remaining=6), ((2, 5), food_remaining=11), ((10, 3), food_remaining=12), ((9, 3), food_remaining=11), ((1, 3), food_remaining=12), ((11, 3), food_remaining=8), ((13, 5), food_remaining=10), ((5, 3), food_remaining=11), ((13, 4), food_remaining=10), ((1, 3), food_remaining=11), ((1, 4), food_remaining=11), ((5, 3), food_remaining=10), ((9, 5), food_remaining=8), ((16, 3), food_remaining=12), ((3, 5), food_remaining=11), ((8, 5), food_remaining=10), ((2, 5), food_remaining=10), ((2, 5), food_remaining=11), ((9, 5), food_remaining=10), ((14, 3), food_remaining=12), ((8, 5), food_remaining=12), ((8, 3), food_remaining=12), ((13, 4), food_remaining=9), ((1, 3), food_remaining=11), ((5, 5), food_remaining=11), ((4, 4), food_remaining=10), ((2, 3), food_remaining=11), ((13, 4), food_remaining=9), ((5, 5), food_remaining=10), ((1, 5), food_remaining=11), ((2, 3), food_remaining=12), ((13, 5), food_remaining=9), ((13, 3), food_remaining=11), ((6, 5), food_remaining=11), ((11, 3), food_remaining=9), ((11, 3), food_remaining=11), ((4, 3), food_remaining=10), ((2, 5), food_remaining=11), ((14, 5), food_remaining=9), ... (+27 more)]","[((5, 5), food_remaining=12), ((4, 3), food_remaining=10), ((4, 3), food_remaining=9), ((9, 5), food_remaining=12), ((15, 3), food_remaining=12), ((9, 5), food_remaining=11), ((14, 5), food_remaining=10), ((1, 5), food_remaining=11), ((1, 5), food_remaining=10), ((5, 5), food_remaining=12), ((5, 5), food_remaining=11), ((4, 3), food_remaining=12), ((4, 3), food_remaining=11), ((1, 4), food_remaining=10), ((1, 4), food_remaining=9), ((5, 3), food_remaining=10), ((5, 3), food_remaining=9), ((14, 5), food_remaining=10), ((14, 5), food_remaining=9), ((3, 3), food_remaining=10), ((5, 3), food_remaining=12), ((2, 5), food_remaining=10), ((2, 5), food_remaining=11), ((12, 3), food_remaining=13), ((12, 3), food_remaining=12), ((1, 5), food_remaining=10), ((1, 5), food_remaining=9), ((3, 3), food_remaining=13), ((3, 3), food_remaining=12), ((13, 5), food_remaining=7), ((12, 5), food_remaining=12), ((2, 5), food_remaining=12), ((12, 5), food_remaining=10), ((12, 5), food_remaining=11), ((3, 3), food_remaining=12), ((3, 3), food_remaining=11), ((5, 5), food_remaining=10), ((5, 5), food_remaining=9), ((5, 5), food_remaining=12), ((5, 5), food_remaining=11), ... (+172 more)]",13,47,60
213,"((4, 5), food_remaining=10)","((4, 4), food_remaining=10)",North,"['((4, 4), food_remaining=10)', '((5, 5), food_remaining=10)', '((3, 5), food_remaining=10)']","[((4, 5), food_remaining=10), ((14, 5), food_remaining=6), ((2, 5), food_remaining=11), ((10, 3), food_remaining=12), ((9, 3), food_remaining=11), ((1, 3), food_remaining=12), ((11, 3), food_remaining=8), ((13, 5), food_remaining=10), ((5, 3), food_remaining=11), ((13, 4), food_remaining=10), ((1, 3), food_remaining=11), ((1, 4), food_remaining=11), ((5, 3), food_remaining=10), ((9, 5), food_remaining=8), ((16, 3), food_remaining=12), ((3, 5), food_remaining=11), ((8, 5), food_remaining=10), ((2, 5), food_remaining=10), ((2, 5), food_remaining=11), ((9, 5), food_remaining=10), ((14, 3), food_remaining=12), ((8, 5), food_remaining=12), ((8, 3), food_remaining=12), ((13, 4), food_remaining=9), ((1, 3), food_remaining=11), ((5, 5), food_remaining=11), ((4, 4), food_remaining=10), ((2, 3), food_remaining=11), ((13, 4), food_remaining=9), ((5, 5), food_remaining=10), ((1, 5), food_remaining=11), ((2, 3), food_remaining=12), ((13, 5), food_remaining=9), ((13, 3), food_remaining=11), ((6, 5), food_remaining=11), ((11, 3), food_remaining=9), ((11, 3), food_remaining=11), ((4, 3), food_remaining=10), ((2, 5), food_remaining=11), ((14, 5), food_remaining=9), ... (+27 more)]","[((2, 5), food_remaining=11), ((14, 5), food_remaining=6), ((11, 3), food_remaining=8), ((10, 3), food_remaining=12), ((9, 3), food_remaining=11), ((1, 3), food_remaining=12), ((16, 3), food_remaining=13), ((13, 5), food_remaining=10), ((5, 3), food_remaining=11), ((13, 4), food_remaining=10), ((1, 3), food_remaining=11), ((1, 4), food_remaining=11), ((5, 3), food_remaining=10), ((9, 5), food_remaining=8), ((16, 3), food_remaining=12), ((3, 5), food_remaining=11), ((3, 5), food_remaining=10), ((2, 5), food_remaining=10), ((2, 5), food_remaining=11), ((9, 5), food_remaining=10), ((14, 3), food_remaining=12), ((8, 5), food_remaining=12), ((8, 3), food_remaining=12), ((13, 4), food_remaining=9), ((1, 3), food_remaining=11), ((5, 5), food_remaining=11), ((4, 4), food_remaining=10), ((2, 3), food_remaining=11), ((13, 4), food_remaining=9), ((5, 5), food_remaining=10), ((1, 5), food_remaining=11), ((2, 3), food_remaining=12), ((13, 5), food_remaining=9), ((8, 5), food_remaining=10), ((6, 5), food_remaining=11), ((11, 3), food_remaining=9), ((11, 3), food_remaining=11), ((4, 3), food_remaining=10), ((2, 5), food_remaining=11), ((14, 5), food_remaining=9), ... (+28 more)]","[((5, 5), food_remaining=12), ((4, 3), food_remaining=10), ((4, 3), food_remaining=9), ((9, 5), food_remaining=12), ((15, 3), food_remaining=12), ((9, 5), food_remaining=11), ((14, 5), food_remaining=10), ((1, 5), food_remaining=11), ((1, 5), food_remaining=10), ((5, 5), food_remaining=12), ((5, 5), food_remaining=11), ((4, 3), food_remaining=12), ((4, 3), food_remaining=11), ((1, 4), food_remaining=10), ((1, 4), food_remaining=9), ((5, 3), food_remaining=10), ((5, 3), food_remaining=9), ((14, 5), food_remaining=10), ((14, 5), food_remaining=9), ((3, 3), food_remaining=10), ((5, 3), food_remaining=12), ((2, 5), food_remaining=10), ((2, 5), food_remaining=11), ((12, 3), food_remaining=13), ((12, 3), food_remaining=12), ((1, 5), food_remaining=10), ((1, 5), food_remaining=9), ((3, 3), food_remaining=13), ((3, 3), food_remaining=12), ((13, 5), food_remaining=7), ((12, 5), food_remaining=12), ((2, 5), food_remaining=12), ((12, 5), food_remaining=10), ((12, 5), food_remaining=11), ((3, 3), food_remaining=12), ((3, 3), food_remaining=11), ((5, 5), food_remaining=10), ((5, 5), food_remaining=9), ((5, 5), food_remaining=12), ((5, 5), food_remaining=11), ... (+173 more)]",13,47,60
214,"((2, 5), food_remaining=11)","((3, 5), food_remaining=11)",West,"['((3, 5), food_remaining=11)', '((1, 5), food_remaining=10)']","[((2, 5), food_remaining=11), ((14, 5), food_remaining=6), ((11, 3), food_remaining=8), ((10, 3), food_remaining=12), ((9, 3), food_remaining=11), ((1, 3), food_remaining=12), ((16, 3), food_remaining=13), ((13, 5), food_remaining=10), ((5, 3), food_remaining=11), ((13, 4), food_remaining=10), ((1, 3), food_remaining=11), ((1, 4), food_remaining=11), ((5, 3), food_remaining=10), ((9, 5), food_remaining=8), ((16, 3), food_remaining=12), ((3, 5), food_remaining=11), ((3, 5), food_remaining=10), ((2, 5), food_remaining=10), ((2, 5), food_remaining=11), ((9, 5), food_remaining=10), ((14, 3), food_remaining=12), ((8, 5), food_remaining=12), ((8, 3), food_remaining=12), ((13, 4), food_remaining=9), ((1, 3), food_remaining=11), ((5, 5), food_remaining=11), ((4, 4), food_remaining=10), ((2, 3), food_remaining=11), ((13, 4), food_remaining=9), ((5, 5), food_remaining=10), ((1, 5), food_remaining=11), ((2, 3), food_remaining=12), ((13, 5), food_remaining=9), ((8, 5), food_remaining=10), ((6, 5), food_remaining=11), ((11, 3), food_remaining=9), ((11, 3), food_remaining=11), ((4, 3), food_remaining=10), ((2, 5), food_remaining=11), ((14, 5), food_remaining=9), ... (+28 more)]","[((11, 3), food_remaining=8), ((14, 5), food_remaining=6), ((16, 3), food_remaining=13), ((10, 3), food_remaining=12), ((9, 3), food_remaining=11), ((1, 3), food_remaining=12), ((16, 3), food_remaining=12), ((13, 5), food_remaining=10), ((5, 3), food_remaining=11), ((13, 4), food_remaining=10), ((1, 3), food_remaining=11), ((1, 4), food_remaining=11), ((5, 3), food_remaining=10), ((9, 5), food_remaining=8), ((5, 5), food_remaining=10), ((3, 5), food_remaining=11), ((3, 5), food_remaining=10), ((2, 5), food_remaining=10), ((2, 5), food_remaining=11), ((9, 5), food_remaining=10), ((14, 3), food_remaining=12), ((8, 5), food_remaining=12), ((8, 3), food_remaining=12), ((13, 4), food_remaining=9), ((1, 3), food_remaining=11), ((5, 5), food_remaining=11), ((4, 4), food_remaining=10), ((2, 3), food_remaining=11), ((13, 4), food_remaining=9), ((13, 3), food_remaining=11), ((1, 5), food_remaining=11), ((2, 3), food_remaining=12), ((13, 5), food_remaining=9), ((8, 5), food_remaining=10), ((6, 5), food_remaining=11), ((11, 3), food_remaining=9), ((11, 3), food_remaining=11), ((4, 3), food_remaining=10), ((2, 5), food_remaining=11), ((14, 5), food_remaining=9), ... (+28 more)]","[((5, 5), food_remaining=12), ((4, 3), food_remaining=10), ((4, 3), food_remaining=9), ((9, 5), food_remaining=12), ((15, 3), food_remaining=12), ((9, 5), food_remaining=11), ((14, 5), food_remaining=10), ((1, 5), food_remaining=11), ((1, 5), food_remaining=10), ((5, 5), food_remaining=12), ((5, 5), food_remaining=11), ((4, 3), food_remaining=12), ((4, 3), food_remaining=11), ((1, 4), food_remaining=10), ((1, 4), food_remaining=9), ((5, 3), food_remaining=10), ((5, 3), food_remaining=9), ((14, 5), food_remaining=10), ((14, 5), food_remaining=9), ((3, 3), food_remaining=10), ((5, 3), food_remaining=12), ((2, 5), food_remaining=10), ((2, 5), food_remaining=11), ((12, 3), food_remaining=13), ((12, 3), food_remaining=12), ((1, 5), food_remaining=10), ((1, 5), food_remaining=9), ((3, 3), food_remaining=13), ((3, 3), food_remaining=12), ((13, 5), food_remaining=7), ((12, 5), food_remaining=12), ((2, 5), food_remaining=12), ((12, 5), food_remaining=10), ((12, 5), food_remaining=11), ((3, 3), food_remaining=12), ((3, 3), food_remaining=11), ((5, 5), food_remaining=10), ((5, 5), food_remaining=9), ((5, 5), food_remaining=12), ((5, 5), food_remaining=11), ... (+174 more)]",13,47,60
215,"((11, 3), food_remaining=8)","((10, 3), food_remaining=8)",East,"['((12, 3), food_remaining=8)', '((10, 3), food_remaining=8)']","[((11, 3), food_remaining=8), ((14, 5), food_remaining=6), ((16, 3), food_remaining=13), ((10, 3), food_remaining=12), ((9, 3), food_remaining=11), ((1, 3), food_remaining=12), ((16, 3), food_remaining=12), ((13, 5), food_remaining=10), ((5, 3), food_remaining=11), ((13, 4), food_remaining=10), ((1, 3), food_remaining=11), ((1, 4), food_remaining=11), ((5, 3), food_remaining=10), ((9, 5), food_remaining=8), ((5, 5), food_remaining=10), ((3, 5), food_remaining=11), ((3, 5), food_remaining=10), ((2, 5), food_remaining=10), ((2, 5), food_remaining=11), ((9, 5), food_remaining=10), ((14, 3), food_remaining=12), ((8, 5), food_remaining=12), ((8, 3), food_remaining=12), ((13, 4), food_remaining=9), ((1, 3), food_remaining=11), ((5, 5), food_remaining=11), ((4, 4), food_remaining=10), ((2, 3), food_remaining=11), ((13, 4), food_remaining=9), ((13, 3), food_remaining=11), ((1, 5), food_remaining=11), ((2, 3), food_remaining=12), ((13, 5), food_remaining=9), ((8, 5), food_remaining=10), ((6, 5), food_remaining=11), ((11, 3), food_remaining=9), ((11, 3), food_remaining=11), ((4, 3), food_remaining=10), ((2, 5), food_remaining=11), ((14, 5), food_remaining=9), ... (+28 more)]","[((14, 5), food_remaining=6), ((10, 3), food_remaining=12), ((16, 3), food_remaining=13), ((13, 5), food_remaining=10), ((9, 3), food_remaining=11), ((1, 3), food_remaining=12), ((16, 3), food_remaining=12), ((3, 5), food_remaining=11), ((5, 3), food_remaining=11), ((13, 4), food_remaining=10), ((1, 3), food_remaining=11), ((1, 4), food_remaining=11), ((5, 3), food_remaining=10), ((9, 5), food_remaining=8), ((5, 5), food_remaining=10), ((13, 5), food_remaining=9), ((3, 5), food_remaining=10), ((2, 5), food_remaining=10), ((2, 5), food_remaining=11), ((9, 5), food_remaining=10), ((14, 3), food_remaining=12), ((8, 5), food_remaining=12), ((8, 3), food_remaining=12), ((13, 4), food_remaining=9), ((1, 3), food_remaining=11), ((5, 5), food_remaining=11), ((4, 4), food_remaining=10), ((2, 3), food_remaining=11), ((13, 4), food_remaining=9), ((13, 3), food_remaining=11), ((1, 5), food_remaining=11), ((2, 3), food_remaining=12), ((5, 5), food_remaining=11), ((12, 3), food_remaining=8), ((6, 5), food_remaining=11), ((11, 3), food_remaining=9), ((11, 3), food_remaining=11), ((4, 3), food_remaining=10), ((2, 5), food_remaining=11), ((14, 5), food_remaining=9), ... (+28 more)]","[((5, 5), food_remaining=12), ((4, 3), food_remaining=10), ((4, 3), food_remaining=9), ((9, 5), food_remaining=12), ((15, 3), food_remaining=12), ((9, 5), food_remaining=11), ((14, 5), food_remaining=10), ((1, 5), food_remaining=11), ((1, 5), food_remaining=10), ((5, 5), food_remaining=12), ((5, 5), food_remaining=11), ((4, 3), food_remaining=12), ((4, 3), food_remaining=11), ((1, 4), food_remaining=10), ((1, 4), food_remaining=9), ((5, 3), food_remaining=10), ((5, 3), food_remaining=9), ((14, 5), food_remaining=10), ((14, 5), food_remaining=9), ((3, 3), food_remaining=10), ((5, 3), food_remaining=12), ((2, 5), food_remaining=10), ((2, 5), food_remaining=11), ((12, 3), food_remaining=13), ((12, 3), food_remaining=12), ((1, 5), food_remaining=10), ((1, 5), food_remaining=9), ((3, 3), food_remaining=13), ((3, 3), food_remaining=12), ((13, 5), food_remaining=7), ((12, 5), food_remaining=12), ((2, 5), food_remaining=12), ((12, 5), food_remaining=10), ((12, 5), food_remaining=11), ((3, 3), food_remaining=12), ((3, 3), food_remaining=11), ((5, 5), food_remaining=10), ((5, 5), food_remaining=9), ((5, 5), food_remaining=12), ((5, 5), food_remaining=11), ... (+175 more)]",26,34,60
216,"((14, 5), food_remaining=6)","((13, 5), food_remaining=7)",East,"['((13, 5), food_remaining=6)']","[((14, 5), food_remaining=6), ((10, 3), food_remaining=12), ((16, 3), food_remaining=13), ((13, 5), food_remaining=10), ((9, 3), food_remaining=11), ((1, 3), food_remaining=12), ((16, 3), food_remaining=12), ((3, 5), food_remaining=11), ((5, 3), food_remaining=11), ((13, 4), food_remaining=10), ((1, 3), food_remaining=11), ((1, 4), food_remaining=11), ((5, 3), food_remaining=10), ((9, 5), food_remaining=8), ((5, 5), food_remaining=10), ((13, 5), food_remaining=9), ((3, 5), food_remaining=10), ((2, 5), food_remaining=10), ((2, 5), food_remaining=11), ((9, 5), food_remaining=10), ((14, 3), food_remaining=12), ((8, 5), food_remaining=12), ((8, 3), food_remaining=12), ((13, 4), food_remaining=9), ((1, 3), food_remaining=11), ((5, 5), food_remaining=11), ((4, 4), food_remaining=10), ((2, 3), food_remaining=11), ((13, 4), food_remaining=9), ((13, 3), food_remaining=11), ((1, 5), food_remaining=11), ((2, 3), food_remaining=12), ((5, 5), food_remaining=11), ((12, 3), food_remaining=8), ((6, 5), food_remaining=11), ((11, 3), food_remaining=9), ((11, 3), food_remaining=11), ((4, 3), food_remaining=10), ((2, 5), food_remaining=11), ((14, 5), food_remaining=9), ... (+28 more)]","[((10, 3), food_remaining=12), ((13, 5), food_remaining=10), ((16, 3), food_remaining=13), ((3, 5), food_remaining=11), ((9, 3), food_remaining=11), ((1, 3), food_remaining=12), ((16, 3), food_remaining=12), ((13, 5), food_remaining=9), ((5, 3), food_remaining=11), ((13, 4), food_remaining=10), ((1, 3), food_remaining=11), ((1, 4), food_remaining=11), ((5, 3), food_remaining=10), ((9, 5), food_remaining=8), ((5, 5), food_remaining=10), ((8, 5), food_remaining=10), ((3, 5), food_remaining=10), ((2, 5), food_remaining=10), ((2, 5), food_remaining=11), ((9, 5), food_remaining=10), ((14, 3), food_remaining=12), ((8, 5), food_remaining=12), ((8, 3), food_remaining=12), ((13, 4), food_remaining=9), ((1, 3), food_remaining=11), ((5, 5), food_remaining=11), ((4, 4), food_remaining=10), ((2, 3), food_remaining=11), ((13, 4), food_remaining=9), ((13, 3), food_remaining=11), ((1, 5), food_remaining=11), ((2, 3), food_remaining=12), ((5, 5), food_remaining=11), ((12, 3), food_remaining=8), ((6, 5), food_remaining=11), ((11, 3), food_remaining=9), ((11, 3), food_remaining=11), ((4, 3), food_remaining=10), ((2, 5), food_remaining=11), ((14, 5), food_remaining=9), ... (+28 more)]","[((5, 5), food_remaining=12), ((4, 3), food_remaining=10), ((4, 3), food_remaining=9), ((9, 5), food_remaining=12), ((15, 3), food_remaining=12), ((9, 5), food_remaining=11), ((14, 5), food_remaining=10), ((1, 5), food_remaining=11), ((1, 5), food_remaining=10), ((5, 5), food_remaining=12), ((5, 5), food_remaining=11), ((4, 3), food_remaining=12), ((4, 3), food_remaining=11), ((1, 4), food_remaining=10), ((1, 4), food_remaining=9), ((5, 3), food_remaining=10), ((5, 3), food_remaining=9), ((14, 5), food_remaining=10), ((14, 5), food_remaining=9), ((3, 3), food_remaining=10), ((5, 3), food_remaining=12), ((2, 5), food_remaining=10), ((2, 5), food_remaining=11), ((12, 3), food_remaining=13), ((12, 3), food_remaining=12), ((1, 5), food_remaining=10), ((1, 5), food_remaining=9), ((3, 3), food_remaining=13), ((3, 3), food_remaining=12), ((13, 5), food_remaining=7), ((12, 5), food_remaining=12), ((2, 5), food_remaining=12), ((12, 5), food_remaining=10), ((12, 5), food_remaining=11), ((3, 3), food_remaining=12), ((3, 3), food_remaining=11), ((5, 5), food_remaining=10), ((5, 5), food_remaining=9), ((5, 5), food_remaining=12), ((5, 5), food_remaining=11), ... (+176 more)]",29,31,60
217,"((10, 3), food_remaining=12)","((11, 3), food_remaining=12)",West,"['((10, 4), food_remaining=11)', '((11, 3), food_remaining=12)', '((9, 3), food_remaining=12)']","[((10, 3), food_remaining=12), ((13, 5), food_remaining=10), ((16, 3), food_remaining=13), ((3, 5), food_remaining=11), ((9, 3), food_remaining=11), ((1, 3), food_remaining=12), ((16, 3), food_remaining=12), ((13, 5), food_remaining=9), ((5, 3), food_remaining=11), ((13, 4), food_remaining=10), ((1, 3), food_remaining=11), ((1, 4), food_remaining=11), ((5, 3), food_remaining=10), ((9, 5), food_remaining=8), ((5, 5), food_remaining=10), ((8, 5), food_remaining=10), ((3, 5), food_remaining=10), ((2, 5), food_remaining=10), ((2, 5), food_remaining=11), ((9, 5), food_remaining=10), ((14, 3), food_remaining=12), ((8, 5), food_remaining=12), ((8, 3), food_remaining=12), ((13, 4), food_remaining=9), ((1, 3), food_remaining=11), ((5, 5), food_remaining=11), ((4, 4), food_remaining=10), ((2, 3), food_remaining=11), ((13, 4), food_remaining=9), ((13, 3), food_remaining=11), ((1, 5), food_remaining=11), ((2, 3), food_remaining=12), ((5, 5), food_remaining=11), ((12, 3), food_remaining=8), ((6, 5), food_remaining=11), ((11, 3), food_remaining=9), ((11, 3), food_remaining=11), ((4, 3), food_remaining=10), ((2, 5), food_remaining=11), ((14, 5), food_remaining=9), ... (+28 more)]","[((13, 5), food_remaining=10), ((3, 5), food_remaining=11), ((16, 3), food_remaining=13), ((13, 5), food_remaining=9), ((9, 3), food_remaining=11), ((1, 3), food_remaining=12), ((16, 3), food_remaining=12), ((3, 5), food_remaining=10), ((5, 3), food_remaining=11), ((13, 4), food_remaining=10), ((1, 3), food_remaining=11), ((1, 4), food_remaining=11), ((5, 3), food_remaining=10), ((9, 5), food_remaining=8), ((5, 5), food_remaining=10), ((8, 5), food_remaining=10), ((12, 3), food_remaining=8), ((2, 5), food_remaining=10), ((2, 5), food_remaining=11), ((9, 5), food_remaining=10), ((14, 3), food_remaining=12), ((8, 5), food_remaining=12), ((8, 3), food_remaining=12), ((13, 4), food_remaining=9), ((1, 3), food_remaining=11), ((5, 5), food_remaining=11), ((4, 4), food_remaining=10), ((2, 3), food_remaining=11), ((13, 4), food_remaining=9), ((13, 3), food_remaining=11), ((1, 5), food_remaining=11), ((2, 3), food_remaining=12), ((5, 5), food_remaining=11), ((13, 5), food_remaining=6), ((6, 5), food_remaining=11), ((11, 3), food_remaining=9), ((11, 3), food_remaining=11), ((4, 3), food_remaining=10), ((2, 5), food_remaining=11), ((14, 5), food_remaining=9), ... (+29 more)]","[((5, 5), food_remaining=12), ((4, 3), food_remaining=10), ((4, 3), food_remaining=9), ((9, 5), food_remaining=12), ((15, 3), food_remaining=12), ((9, 5), food_remaining=11), ((14, 5), food_remaining=10), ((1, 5), food_remaining=11), ((1, 5), food_remaining=10), ((5, 5), food_remaining=12), ((5, 5), food_remaining=11), ((4, 3), food_remaining=12), ((4, 3), food_remaining=11), ((1, 4), food_remaining=10), ((1, 4), food_remaining=9), ((5, 3), food_remaining=10), ((5, 3), food_remaining=9), ((14, 5), food_remaining=10), ((14, 5), food_remaining=9), ((3, 3), food_remaining=10), ((5, 3), food_remaining=12), ((2, 5), food_remaining=10), ((2, 5), food_remaining=11), ((12, 3), food_remaining=13), ((12, 3), food_remaining=12), ((1, 5), food_remaining=10), ((1, 5), food_remaining=9), ((3, 3), food_remaining=13), ((3, 3), food_remaining=12), ((13, 5), food_remaining=7), ((12, 5), food_remaining=12), ((2, 5), food_remaining=12), ((12, 5), food_remaining=10), ((12, 5), food_remaining=11), ((3, 3), food_remaining=12), ((3, 3), food_remaining=11), ((5, 5), food_remaining=10), ((5, 5), food_remaining=9), ((5, 5), food_remaining=12), ((5, 5), food_remaining=11), ... (+177 more)]",9,51,60
218,"((13, 5), food_remaining=10)","((14, 5), food_remaining=10)",West,"['((13, 4), food_remaining=9)', '((14, 5), food_remaining=10)', '((12, 5), food_remaining=10)']","[((13, 5), food_remaining=10), ((3, 5), food_remaining=11), ((16, 3), food_remaining=13), ((13, 5), food_remaining=9), ((9, 3), food_remaining=11), ((1, 3), food_remaining=12), ((16, 3), food_remaining=12), ((3, 5), food_remaining=10), ((5, 3), food_remaining=11), ((13, 4), food_remaining=10), ((1, 3), food_remaining=11), ((1, 4), food_remaining=11), ((5, 3), food_remaining=10), ((9, 5), food_remaining=8), ((5, 5), food_remaining=10), ((8, 5), food_remaining=10), ((12, 3), food_remaining=8), ((2, 5), food_remaining=10), ((2, 5), food_remaining=11), ((9, 5), food_remaining=10), ((14, 3), food_remaining=12), ((8, 5), food_remaining=12), ((8, 3), food_remaining=12), ((13, 4), food_remaining=9), ((1, 3), food_remaining=11), ((5, 5), food_remaining=11), ((4, 4), food_remaining=10), ((2, 3), food_remaining=11), ((13, 4), food_remaining=9), ((13, 3), food_remaining=11), ((1, 5), food_remaining=11), ((2, 3), food_remaining=12), ((5, 5), food_remaining=11), ((13, 5), food_remaining=6), ((6, 5), food_remaining=11), ((11, 3), food_remaining=9), ((11, 3), food_remaining=11), ((4, 3), food_remaining=10), ((2, 5), food_remaining=11), ((14, 5), food_remaining=9), ... (+29 more)]","[((3, 5), food_remaining=11), ((13, 5), food_remaining=9), ((16, 3), food_remaining=13), ((3, 5), food_remaining=10), ((9, 3), food_remaining=11), ((1, 3), food_remaining=12), ((16, 3), food_remaining=12), ((12, 3), food_remaining=8), ((5, 3), food_remaining=11), ((13, 4), food_remaining=10), ((1, 3), food_remaining=11), ((1, 4), food_remaining=11), ((5, 3), food_remaining=10), ((9, 5), food_remaining=8), ((5, 5), food_remaining=10), ((8, 5), food_remaining=10), ((13, 5), food_remaining=6), ((2, 5), food_remaining=10), ((2, 5), food_remaining=11), ((9, 5), food_remaining=10), ((14, 3), food_remaining=12), ((8, 5), food_remaining=12), ((8, 3), food_remaining=12), ((13, 4), food_remaining=9), ((1, 3), food_remaining=11), ((5, 5), food_remaining=11), ((4, 4), food_remaining=10), ((2, 3), food_remaining=11), ((13, 4), food_remaining=9), ((13, 3), food_remaining=11), ((1, 5), food_remaining=11), ((2, 3), food_remaining=12), ((5, 5), food_remaining=11), ((10, 4), food_remaining=11), ((6, 5), food_remaining=11), ((11, 3), food_remaining=9), ((11, 3), food_remaining=11), ((4, 3), food_remaining=10), ((2, 5), food_remaining=11), ((14, 5), food_remaining=9), ... (+30 more)]","[((5, 5), food_remaining=12), ((4, 3), food_remaining=10), ((4, 3), food_remaining=9), ((9, 5), food_remaining=12), ((15, 3), food_remaining=12), ((9, 5), food_remaining=11), ((14, 5), food_remaining=10), ((1, 5), food_remaining=11), ((1, 5), food_remaining=10), ((5, 5), food_remaining=12), ((5, 5), food_remaining=11), ((4, 3), food_remaining=12), ((4, 3), food_remaining=11), ((1, 4), food_remaining=10), ((1, 4), food_remaining=9), ((5, 3), food_remaining=10), ((5, 3), food_remaining=9), ((14, 5), food_remaining=10), ((14, 5), food_remaining=9), ((3, 3), food_remaining=10), ((5, 3), food_remaining=12), ((2, 5), food_remaining=10), ((2, 5), food_remaining=11), ((12, 3), food_remaining=13), ((12, 3), food_remaining=12), ((1, 5), food_remaining=10), ((1, 5), food_remaining=9), ((3, 3), food_remaining=13), ((3, 3), food_remaining=12), ((13, 5), food_remaining=7), ((12, 5), food_remaining=12), ((2, 5), food_remaining=12), ((12, 5), food_remaining=10), ((12, 5), food_remaining=11), ((3, 3), food_remaining=12), ((3, 3), food_remaining=11), ((5, 5), food_remaining=10), ((5, 5), food_remaining=9), ((5, 5), food_remaining=12), ((5, 5), food_remaining=11), ... (+178 more)]",12,48,60
219,"((3, 5), food_remaining=11)","((4, 5), food_remaining=11)",West,"['((4, 5), food_remaining=11)', '((2, 5), food_remaining=11)']","[((3, 5), food_remaining=11), ((13, 5), food_remaining=9), ((16, 3), food_remaining=13), ((3, 5), food_remaining=10), ((9, 3), food_remaining=11), ((1, 3), food_remaining=12), ((16, 3), food_remaining=12), ((12, 3), food_remaining=8), ((5, 3), food_remaining=11), ((13, 4), food_remaining=10), ((1, 3), food_remaining=11), ((1, 4), food_remaining=11), ((5, 3), food_remaining=10), ((9, 5), food_remaining=8), ((5, 5), food_remaining=10), ((8, 5), food_remaining=10), ((13, 5), food_remaining=6), ((2, 5), food_remaining=10), ((2, 5), food_remaining=11), ((9, 5), food_remaining=10), ((14, 3), food_remaining=12), ((8, 5), food_remaining=12), ((8, 3), food_remaining=12), ((13, 4), food_remaining=9), ((1, 3), food_remaining=11), ((5, 5), food_remaining=11), ((4, 4), food_remaining=10), ((2, 3), food_remaining=11), ((13, 4), food_remaining=9), ((13, 3), food_remaining=11), ((1, 5), food_remaining=11), ((2, 3), food_remaining=12), ((5, 5), food_remaining=11), ((10, 4), food_remaining=11), ((6, 5), food_remaining=11), ((11, 3), food_remaining=9), ((11, 3), food_remaining=11), ((4, 3), food_remaining=10), ((2, 5), food_remaining=11), ((14, 5), food_remaining=9), ... (+30 more)]","[((13, 5), food_remaining=9), ((3, 5), food_remaining=10), ((16, 3), food_remaining=13), ((12, 3), food_remaining=8), ((9, 3), food_remaining=11), ((1, 3), food_remaining=12), ((16, 3), food_remaining=12), ((13, 5), food_remaining=6), ((5, 3), food_remaining=11), ((13, 4), food_remaining=10), ((1, 3), food_remaining=11), ((1, 4), food_remaining=11), ((5, 3), food_remaining=10), ((9, 5), food_remaining=8), ((5, 5), food_remaining=10), ((8, 5), food_remaining=10), ((2, 5), food_remaining=11), ((2, 5), food_remaining=10), ((2, 5), food_remaining=11), ((9, 5), food_remaining=10), ((14, 3), food_remaining=12), ((8, 5), food_remaining=12), ((8, 3), food_remaining=12), ((13, 4), food_remaining=9), ((1, 3), food_remaining=11), ((5, 5), food_remaining=11), ((4, 4), food_remaining=10), ((2, 3), food_remaining=11), ((13, 4), food_remaining=9), ((13, 3), food_remaining=11), ((1, 5), food_remaining=11), ((2, 3), food_remaining=12), ((5, 5), food_remaining=11), ((10, 4), food_remaining=11), ((6, 5), food_remaining=11), ((11, 3), food_remaining=9), ((11, 3), food_remaining=11), ((4, 3), food_remaining=10), ((2, 5), food_remaining=11), ((14, 5), food_remaining=9), ... (+30 more)]","[((5, 5), food_remaining=12), ((4, 3), food_remaining=10), ((4, 3), food_remaining=9), ((9, 5), food_remaining=12), ((15, 3), food_remaining=12), ((9, 5), food_remaining=11), ((14, 5), food_remaining=10), ((1, 5), food_remaining=11), ((1, 5), food_remaining=10), ((5, 5), food_remaining=12), ((5, 5), food_remaining=11), ((4, 3), food_remaining=12), ((4, 3), food_remaining=11), ((1, 4), food_remaining=10), ((1, 4), food_remaining=9), ((5, 3), food_remaining=10), ((5, 3), food_remaining=9), ((14, 5), food_remaining=10), ((14, 5), food_remaining=9), ((3, 3), food_remaining=10), ((5, 3), food_remaining=12), ((2, 5), food_remaining=10), ((2, 5), food_remaining=11), ((12, 3), food_remaining=13), ((12, 3), food_remaining=12), ((1, 5), food_remaining=10), ((1, 5), food_remaining=9), ((3, 3), food_remaining=13), ((3, 3), food_remaining=12), ((13, 5), food_remaining=7), ((12, 5), food_remaining=12), ((2, 5), food_remaining=12), ((12, 5), food_remaining=10), ((12, 5), food_remaining=11), ((3, 3), food_remaining=12), ((3, 3), food_remaining=11), ((5, 5), food_remaining=10), ((5, 5), food_remaining=9), ((5, 5), food_remaining=12), ((5, 5), food_remaining=11), ... (+179 more)]",12,48,60
220,"((13, 5), food_remaining=9)","((14, 5), food_remaining=9)",West,"['((13, 4), food_remaining=8)', '((14, 5), food_remaining=9)', '((12, 5), food_remaining=9)']","[((13, 5), food_remaining=9), ((3, 5), food_remaining=10), ((16, 3), food_remaining=13), ((12, 3), food_remaining=8), ((9, 3), food_remaining=11), ((1, 3), food_remaining=12), ((16, 3), food_remaining=12), ((13, 5), food_remaining=6), ((5, 3), food_remaining=11), ((13, 4), food_remaining=10), ((1, 3), food_remaining=11), ((1, 4), food_remaining=11), ((5, 3), food_remaining=10), ((9, 5), food_remaining=8), ((5, 5), food_remaining=10), ((8, 5), food_remaining=10), ((2, 5), food_remaining=11), ((2, 5), food_remaining=10), ((2, 5), food_remaining=11), ((9, 5), food_remaining=10), ((14, 3), food_remaining=12), ((8, 5), food_remaining=12), ((8, 3), food_remaining=12), ((13, 4), food_remaining=9), ((1, 3), food_remaining=11), ((5, 5), food_remaining=11), ((4, 4), food_remaining=10), ((2, 3), food_remaining=11), ((13, 4), food_remaining=9), ((13, 3), food_remaining=11), ((1, 5), food_remaining=11), ((2, 3), food_remaining=12), ((5, 5), food_remaining=11), ((10, 4), food_remaining=11), ((6, 5), food_remaining=11), ((11, 3), food_remaining=9), ((11, 3), food_remaining=11), ((4, 3), food_remaining=10), ((2, 5), food_remaining=11), ((14, 5), food_remaining=9), ... (+30 more)]","[((3, 5), food_remaining=10), ((12, 3), food_remaining=8), ((16, 3), food_remaining=13), ((13, 5), food_remaining=6), ((9, 3), food_remaining=11), ((1, 3), food_remaining=12), ((16, 3), food_remaining=12), ((2, 5), food_remaining=11), ((5, 3), food_remaining=11), ((13, 4), food_remaining=10), ((1, 3), food_remaining=11), ((1, 4), food_remaining=11), ((5, 3), food_remaining=10), ((9, 5), food_remaining=8), ((5, 5), food_remaining=10), ((8, 5), food_remaining=10), ((6, 5), food_remaining=11), ((2, 5), food_remaining=10), ((2, 5), food_remaining=11), ((9, 5), food_remaining=10), ((14, 3), food_remaining=12), ((8, 5), food_remaining=12), ((8, 3), food_remaining=12), ((13, 4), food_remaining=9), ((1, 3), food_remaining=11), ((5, 5), food_remaining=11), ((4, 4), food_remaining=10), ((2, 3), food_remaining=11), ((13, 4), food_remaining=9), ((13, 3), food_remaining=11), ((1, 5), food_remaining=11), ((2, 3), food_remaining=12), ((5, 5), food_remaining=11), ((10, 4), food_remaining=11), ((12, 5), food_remaining=10), ((11, 3), food_remaining=9), ((11, 3), food_remaining=11), ((4, 3), food_remaining=10), ((2, 5), food_remaining=11), ((14, 5), food_remaining=9), ... (+31 more)]","[((5, 5), food_remaining=12), ((4, 3), food_remaining=10), ((4, 3), food_remaining=9), ((9, 5), food_remaining=12), ((15, 3), food_remaining=12), ((9, 5), food_remaining=11), ((14, 5), food_remaining=10), ((1, 5), food_remaining=11), ((1, 5), food_remaining=10), ((5, 5), food_remaining=12), ((5, 5), food_remaining=11), ((4, 3), food_remaining=12), ((4, 3), food_remaining=11), ((1, 4), food_remaining=10), ((1, 4), food_remaining=9), ((5, 3), food_remaining=10), ((5, 3), food_remaining=9), ((14, 5), food_remaining=10), ((14, 5), food_remaining=9), ((3, 3), food_remaining=10), ((5, 3), food_remaining=12), ((2, 5), food_remaining=10), ((2, 5), food_remaining=11), ((12, 3), food_remaining=13), ((12, 3), food_remaining=12), ((1, 5), food_remaining=10), ((1, 5), food_remaining=9), ((3, 3), food_remaining=13), ((3, 3), food_remaining=12), ((13, 5), food_remaining=7), ((12, 5), food_remaining=12), ((2, 5), food_remaining=12), ((12, 5), food_remaining=10), ((12, 5), food_remaining=11), ((3, 3), food_remaining=12), ((3, 3), food_remaining=11), ((5, 5), food_remaining=10), ((5, 5), food_remaining=9), ((5, 5), food_remaining=12), ((5, 5), food_remaining=11), ... (+180 more)]",14,46,60
221,"((3, 5), food_remaining=10)","((4, 5), food_remaining=10)",West,"['((4, 5), food_remaining=10)', '((2, 5), food_remaining=10)']","[((3, 5), food_remaining=10), ((12, 3), food_remaining=8), ((16, 3), food_remaining=13), ((13, 5), food_remaining=6), ((9, 3), food_remaining=11), ((1, 3), food_remaining=12), ((16, 3), food_remaining=12), ((2, 5), food_remaining=11), ((5, 3), food_remaining=11), ((13, 4), food_remaining=10), ((1, 3), food_remaining=11), ((1, 4), food_remaining=11), ((5, 3), food_remaining=10), ((9, 5), food_remaining=8), ((5, 5), food_remaining=10), ((8, 5), food_remaining=10), ((6, 5), food_remaining=11), ((2, 5), food_remaining=10), ((2, 5), food_remaining=11), ((9, 5), food_remaining=10), ((14, 3), food_remaining=12), ((8, 5), food_remaining=12), ((8, 3), food_remaining=12), ((13, 4), food_remaining=9), ((1, 3), food_remaining=11), ((5, 5), food_remaining=11), ((4, 4), food_remaining=10), ((2, 3), food_remaining=11), ((13, 4), food_remaining=9), ((13, 3), food_remaining=11), ((1, 5), food_remaining=11), ((2, 3), food_remaining=12), ((5, 5), food_remaining=11), ((10, 4), food_remaining=11), ((12, 5), food_remaining=10), ((11, 3), food_remaining=9), ((11, 3), food_remaining=11), ((4, 3), food_remaining=10), ((2, 5), food_remaining=11), ((14, 5), food_remaining=9), ... (+31 more)]","[((12, 3), food_remaining=8), ((13, 5), food_remaining=6), ((16, 3), food_remaining=13), ((2, 5), food_remaining=11), ((9, 3), food_remaining=11), ((1, 3), food_remaining=12), ((16, 3), food_remaining=12), ((2, 5), food_remaining=10), ((5, 3), food_remaining=11), ((13, 4), food_remaining=10), ((1, 3), food_remaining=11), ((1, 4), food_remaining=11), ((5, 3), food_remaining=10), ((9, 5), food_remaining=8), ((5, 5), food_remaining=10), ((2, 3), food_remaining=12), ((8, 5), food_remaining=10), ((2, 5), food_remaining=10), ((2, 5), food_remaining=11), ((9, 5), food_remaining=10), ((14, 3), food_remaining=12), ((8, 5), food_remaining=12), ((8, 3), food_remaining=12), ((13, 4), food_remaining=9), ((1, 3), food_remaining=11), ((5, 5), food_remaining=11), ((4, 4), food_remaining=10), ((2, 3), food_remaining=11), ((13, 4), food_remaining=9), ((13, 3), food_remaining=11), ((1, 5), food_remaining=11), ((12, 5), food_remaining=11), ((5, 5), food_remaining=11), ((10, 4), food_remaining=11), ((6, 5), food_remaining=11), ((11, 3), food_remaining=9), ((11, 3), food_remaining=11), ((4, 3), food_remaining=10), ((2, 5), food_remaining=11), ((14, 5), food_remaining=9), ... (+31 more)]","[((5, 5), food_remaining=12), ((4, 3), food_remaining=10), ((4, 3), food_remaining=9), ((9, 5), food_remaining=12), ((15, 3), food_remaining=12), ((9, 5), food_remaining=11), ((14, 5), food_remaining=10), ((1, 5), food_remaining=11), ((1, 5), food_remaining=10), ((5, 5), food_remaining=12), ((5, 5), food_remaining=11), ((4, 3), food_remaining=12), ((4, 3), food_remaining=11), ((1, 4), food_remaining=10), ((1, 4), food_remaining=9), ((5, 3), food_remaining=10), ((5, 3), food_remaining=9), ((14, 5), food_remaining=10), ((14, 5), food_remaining=9), ((3, 3), food_remaining=10), ((5, 3), food_remaining=12), ((2, 5), food_remaining=10), ((2, 5), food_remaining=11), ((12, 3), food_remaining=13), ((12, 3), food_remaining=12), ((1, 5), food_remaining=10), ((1, 5), food_remaining=9), ((3, 3), food_remaining=13), ((3, 3), food_remaining=12), ((13, 5), food_remaining=7), ((12, 5), food_remaining=12), ((2, 5), food_remaining=12), ((12, 5), food_remaining=10), ((12, 5), food_remaining=11), ((3, 3), food_remaining=12), ((3, 3), food_remaining=11), ((5, 5), food_remaining=10), ((5, 5), food_remaining=9), ((5, 5), food_remaining=12), ((5, 5), food_remaining=11), ... (+181 more)]",14,46,60
222,"((12, 3), food_remaining=8)","((11, 3), food_remaining=8)",East,"['((13, 3), food_remaining=8)', '((11, 3), food_remaining=8)']","[((12, 3), food_remaining=8), ((13, 5), food_remaining=6), ((16, 3), food_remaining=13), ((2, 5), food_remaining=11), ((9, 3), food_remaining=11), ((1, 3), food_remaining=12), ((16, 3), food_remaining=12), ((2, 5), food_remaining=10), ((5, 3), food_remaining=11), ((13, 4), food_remaining=10), ((1, 3), food_remaining=11), ((1, 4), food_remaining=11), ((5, 3), food_remaining=10), ((9, 5), food_remaining=8), ((5, 5), food_remaining=10), ((2, 3), food_remaining=12), ((8, 5), food_remaining=10), ((2, 5), food_remaining=10), ((2, 5), food_remaining=11), ((9, 5), food_remaining=10), ((14, 3), food_remaining=12), ((8, 5), food_remaining=12), ((8, 3), food_remaining=12), ((13, 4), food_remaining=9), ((1, 3), food_remaining=11), ((5, 5), food_remaining=11), ((4, 4), food_remaining=10), ((2, 3), food_remaining=11), ((13, 4), food_remaining=9), ((13, 3), food_remaining=11), ((1, 5), food_remaining=11), ((12, 5), food_remaining=11), ((5, 5), food_remaining=11), ((10, 4), food_remaining=11), ((6, 5), food_remaining=11), ((11, 3), food_remaining=9), ((11, 3), food_remaining=11), ((4, 3), food_remaining=10), ((2, 5), food_remaining=11), ((14, 5), food_remaining=9), ... (+31 more)]","[((13, 5), food_remaining=6), ((2, 5), food_remaining=11), ((16, 3), food_remaining=13), ((2, 5), food_remaining=10), ((9, 3), food_remaining=11), ((1, 3), food_remaining=12), ((16, 3), food_remaining=12), ((13, 3), food_remaining=8), ((5, 3), food_remaining=11), ((13, 4), food_remaining=10), ((1, 3), food_remaining=11), ((1, 4), food_remaining=11), ((5, 3), food_remaining=10), ((9, 5), food_remaining=8), ((5, 5), food_remaining=10), ((2, 3), food_remaining=12), ((8, 5), food_remaining=10), ((2, 5), food_remaining=10), ((2, 5), food_remaining=11), ((9, 5), food_remaining=10), ((14, 3), food_remaining=12), ((8, 5), food_remaining=12), ((8, 3), food_remaining=12), ((13, 4), food_remaining=9), ((1, 3), food_remaining=11), ((5, 5), food_remaining=11), ((4, 4), food_remaining=10), ((2, 3), food_remaining=11), ((13, 4), food_remaining=9), ((13, 3), food_remaining=11), ((1, 5), food_remaining=11), ((12, 5), food_remaining=11), ((5, 5), food_remaining=11), ((10, 4), food_remaining=11), ((6, 5), food_remaining=11), ((11, 3), food_remaining=9), ((11, 3), food_remaining=11), ((4, 3), food_remaining=10), ((2, 5), food_remaining=11), ((14, 5), food_remaining=9), ... (+31 more)]","[((5, 5), food_remaining=12), ((4, 3), food_remaining=10), ((4, 3), food_remaining=9), ((9, 5), food_remaining=12), ((15, 3), food_remaining=12), ((9, 5), food_remaining=11), ((14, 5), food_remaining=10), ((1, 5), food_remaining=11), ((1, 5), food_remaining=10), ((5, 5), food_remaining=12), ((5, 5), food_remaining=11), ((4, 3), food_remaining=12), ((4, 3), food_remaining=11), ((1, 4), food_remaining=10), ((1, 4), food_remaining=9), ((5, 3), food_remaining=10), ((5, 3), food_remaining=9), ((14, 5), food_remaining=10), ((14, 5), food_remaining=9), ((3, 3), food_remaining=10), ((5, 3), food_remaining=12), ((2, 5), food_remaining=10), ((2, 5), food_remaining=11), ((12, 3), food_remaining=13), ((12, 3), food_remaining=12), ((1, 5), food_remaining=10), ((1, 5), food_remaining=9), ((3, 3), food_remaining=13), ((3, 3), food_remaining=12), ((13, 5), food_remaining=7), ((12, 5), food_remaining=12), ((2, 5), food_remaining=12), ((12, 5), food_remaining=10), ((12, 5), food_remaining=11), ((3, 3), food_remaining=12), ((3, 3), food_remaining=11), ((5, 5), food_remaining=10), ((5, 5), food_remaining=9), ((5, 5), food_remaining=12), ((5, 5), food_remaining=11), ... (+182 more)]",27,33,60
223,"((13, 5), food_remaining=6)","((14, 5), food_remaining=6)",West,"['((13, 4), food_remaining=5)', '((14, 5), food_remaining=6)', '((12, 5), food_remaining=6)']","[((13, 5), food_remaining=6), ((2, 5), food_remaining=11), ((16, 3), food_remaining=13), ((2, 5), food_remaining=10), ((9, 3), food_remaining=11), ((1, 3), food_remaining=12), ((16, 3), food_remaining=12), ((13, 3), food_remaining=8), ((5, 3), food_remaining=11), ((13, 4), food_remaining=10), ((1, 3), food_remaining=11), ((1, 4), food_remaining=11), ((5, 3), food_remaining=10), ((9, 5), food_remaining=8), ((5, 5), food_remaining=10), ((2, 3), food_remaining=12), ((8, 5), food_remaining=10), ((2, 5), food_remaining=10), ((2, 5), food_remaining=11), ((9, 5), food_remaining=10), ((14, 3), food_remaining=12), ((8, 5), food_remaining=12), ((8, 3), food_remaining=12), ((13, 4), food_remaining=9), ((1, 3), food_remaining=11), ((5, 5), food_remaining=11), ((4, 4), food_remaining=10), ((2, 3), food_remaining=11), ((13, 4), food_remaining=9), ((13, 3), food_remaining=11), ((1, 5), food_remaining=11), ((12, 5), food_remaining=11), ((5, 5), food_remaining=11), ((10, 4), food_remaining=11), ((6, 5), food_remaining=11), ((11, 3), food_remaining=9), ((11, 3), food_remaining=11), ((4, 3), food_remaining=10), ((2, 5), food_remaining=11), ((14, 5), food_remaining=9), ... (+31 more)]","[((2, 5), food_remaining=11), ((2, 5), food_remaining=10), ((16, 3), food_remaining=13), ((13, 3), food_remaining=8), ((9, 3), food_remaining=11), ((1, 3), food_remaining=12), ((16, 3), food_remaining=12), ((13, 4), food_remaining=5), ((5, 3), food_remaining=11), ((13, 4), food_remaining=10), ((1, 3), food_remaining=11), ((1, 4), food_remaining=11), ((5, 3), food_remaining=10), ((9, 5), food_remaining=8), ((5, 5), food_remaining=10), ((2, 3), food_remaining=12), ((8, 5), food_remaining=10), ((2, 5), food_remaining=10), ((2, 5), food_remaining=11), ((9, 5), food_remaining=10), ((14, 3), food_remaining=12), ((8, 5), food_remaining=12), ((8, 3), food_remaining=12), ((13, 4), food_remaining=9), ((1, 3), food_remaining=11), ((5, 5), food_remaining=11), ((4, 4), food_remaining=10), ((2, 3), food_remaining=11), ((13, 4), food_remaining=9), ((13, 3), food_remaining=11), ((1, 5), food_remaining=11), ((12, 5), food_remaining=11), ((5, 5), food_remaining=11), ((10, 4), food_remaining=11), ((6, 5), food_remaining=11), ((11, 3), food_remaining=9), ((11, 3), food_remaining=11), ((4, 3), food_remaining=10), ((2, 5), food_remaining=11), ((14, 5), food_remaining=9), ... (+32 more)]","[((5, 5), food_remaining=12), ((4, 3), food_remaining=10), ((4, 3), food_remaining=9), ((9, 5), food_remaining=12), ((15, 3), food_remaining=12), ((9, 5), food_remaining=11), ((14, 5), food_remaining=10), ((1, 5), food_remaining=11), ((1, 5), food_remaining=10), ((5, 5), food_remaining=12), ((5, 5), food_remaining=11), ((4, 3), food_remaining=12), ((4, 3), food_remaining=11), ((1, 4), food_remaining=10), ((1, 4), food_remaining=9), ((5, 3), food_remaining=10), ((5, 3), food_remaining=9), ((14, 5), food_remaining=10), ((14, 5), food_remaining=9), ((3, 3), food_remaining=10), ((5, 3), food_remaining=12), ((2, 5), food_remaining=10), ((2, 5), food_remaining=11), ((12, 3), food_remaining=13), ((12, 3), food_remaining=12), ((1, 5), food_remaining=10), ((1, 5), food_remaining=9), ((3, 3), food_remaining=13), ((3, 3), food_remaining=12), ((13, 5), food_remaining=7), ((12, 5), food_remaining=12), ((2, 5), food_remaining=12), ((13, 5), food_remaining=6), ((12, 5), food_remaining=10), ((12, 5), food_remaining=11), ((3, 3), food_remaining=12), ((3, 3), food_remaining=11), ((5, 5), food_remaining=10), ((5, 5), food_remaining=9), ((5, 5), food_remaining=12), ... (+183 more)]",30,30,60
224,"((2, 5), food_remaining=11)","((3, 5), food_remaining=11)",West,"['((3, 5), food_remaining=11)', '((1, 5), food_remaining=10)']","[((2, 5), food_remaining=11), ((2, 5), food_remaining=10), ((16, 3), food_remaining=13), ((13, 3), food_remaining=8), ((9, 3), food_remaining=11), ((1, 3), food_remaining=12), ((16, 3), food_remaining=12), ((13, 4), food_remaining=5), ((5, 3), food_remaining=11), ((13, 4), food_remaining=10), ((1, 3), food_remaining=11), ((1, 4), food_remaining=11), ((5, 3), food_remaining=10), ((9, 5), food_remaining=8), ((5, 5), food_remaining=10), ((2, 3), food_remaining=12), ((8, 5), food_remaining=10), ((2, 5), food_remaining=10), ((2, 5), food_remaining=11), ((9, 5), food_remaining=10), ((14, 3), food_remaining=12), ((8, 5), food_remaining=12), ((8, 3), food_remaining=12), ((13, 4), food_remaining=9), ((1, 3), food_remaining=11), ((5, 5), food_remaining=11), ((4, 4), food_remaining=10), ((2, 3), food_remaining=11), ((13, 4), food_remaining=9), ((13, 3), food_remaining=11), ((1, 5), food_remaining=11), ((12, 5), food_remaining=11), ((5, 5), food_remaining=11), ((10, 4), food_remaining=11), ((6, 5), food_remaining=11), ((11, 3), food_remaining=9), ((11, 3), food_remaining=11), ((4, 3), food_remaining=10), ((2, 5), food_remaining=11), ((14, 5), food_remaining=9), ... (+32 more)]","[((2, 5), food_remaining=10), ((13, 3), food_remaining=8), ((16, 3), food_remaining=13), ((13, 4), food_remaining=5), ((9, 3), food_remaining=11), ((1, 3), food_remaining=12), ((16, 3), food_remaining=12), ((8, 5), food_remaining=10), ((5, 3), food_remaining=11), ((13, 4), food_remaining=10), ((1, 3), food_remaining=11), ((1, 4), food_remaining=11), ((5, 3), food_remaining=10), ((9, 5), food_remaining=8), ((5, 5), food_remaining=10), ((2, 3), food_remaining=12), ((6, 5), food_remaining=11), ((2, 5), food_remaining=10), ((2, 5), food_remaining=11), ((9, 5), food_remaining=10), ((14, 3), food_remaining=12), ((8, 5), food_remaining=12), ((8, 3), food_remaining=12), ((13, 4), food_remaining=9), ((1, 3), food_remaining=11), ((5, 5), food_remaining=11), ((4, 4), food_remaining=10), ((2, 3), food_remaining=11), ((13, 4), food_remaining=9), ((13, 3), food_remaining=11), ((1, 5), food_remaining=11), ((12, 5), food_remaining=11), ((5, 5), food_remaining=11), ((10, 4), food_remaining=11), ((12, 5), food_remaining=10), ((11, 3), food_remaining=9), ((11, 3), food_remaining=11), ((4, 3), food_remaining=10), ((2, 5), food_remaining=11), ((14, 5), food_remaining=9), ... (+32 more)]","[((5, 5), food_remaining=12), ((4, 3), food_remaining=10), ((4, 3), food_remaining=9), ((9, 5), food_remaining=12), ((15, 3), food_remaining=12), ((9, 5), food_remaining=11), ((14, 5), food_remaining=10), ((1, 5), food_remaining=11), ((1, 5), food_remaining=10), ((5, 5), food_remaining=12), ((5, 5), food_remaining=11), ((4, 3), food_remaining=12), ((4, 3), food_remaining=11), ((1, 4), food_remaining=10), ((1, 4), food_remaining=9), ((5, 3), food_remaining=10), ((5, 3), food_remaining=9), ((14, 5), food_remaining=10), ((14, 5), food_remaining=9), ((3, 3), food_remaining=10), ((5, 3), food_remaining=12), ((2, 5), food_remaining=10), ((2, 5), food_remaining=11), ((12, 3), food_remaining=13), ((12, 3), food_remaining=12), ((1, 5), food_remaining=10), ((1, 5), food_remaining=9), ((3, 3), food_remaining=13), ((3, 3), food_remaining=12), ((13, 5), food_remaining=7), ((12, 5), food_remaining=12), ((2, 5), food_remaining=12), ((13, 5), food_remaining=6), ((12, 5), food_remaining=10), ((12, 5), food_remaining=11), ((3, 3), food_remaining=12), ((3, 3), food_remaining=11), ((5, 5), food_remaining=10), ((5, 5), food_remaining=9), ((5, 5), food_remaining=12), ... (+184 more)]",13,47,60
225,"((2, 5), food_remaining=10)","((3, 5), food_remaining=10)",West,"['((3, 5), food_remaining=10)', '((1, 5), food_remaining=9)']","[((2, 5), food_remaining=10), ((13, 3), food_remaining=8), ((16, 3), food_remaining=13), ((13, 4), food_remaining=5), ((9, 3), food_remaining=11), ((1, 3), food_remaining=12), ((16, 3), food_remaining=12), ((8, 5), food_remaining=10), ((5, 3), food_remaining=11), ((13, 4), food_remaining=10), ((1, 3), food_remaining=11), ((1, 4), food_remaining=11), ((5, 3), food_remaining=10), ((9, 5), food_remaining=8), ((5, 5), food_remaining=10), ((2, 3), food_remaining=12), ((6, 5), food_remaining=11), ((2, 5), food_remaining=10), ((2, 5), food_remaining=11), ((9, 5), food_remaining=10), ((14, 3), food_remaining=12), ((8, 5), food_remaining=12), ((8, 3), food_remaining=12), ((13, 4), food_remaining=9), ((1, 3), food_remaining=11), ((5, 5), food_remaining=11), ((4, 4), food_remaining=10), ((2, 3), food_remaining=11), ((13, 4), food_remaining=9), ((13, 3), food_remaining=11), ((1, 5), food_remaining=11), ((12, 5), food_remaining=11), ((5, 5), food_remaining=11), ((10, 4), food_remaining=11), ((12, 5), food_remaining=10), ((11, 3), food_remaining=9), ((11, 3), food_remaining=11), ((4, 3), food_remaining=10), ((2, 5), food_remaining=11), ((14, 5), food_remaining=9), ... (+32 more)]","[((13, 3), food_remaining=8), ((13, 4), food_remaining=5), ((16, 3), food_remaining=13), ((5, 3), food_remaining=11), ((9, 3), food_remaining=11), ((1, 3), food_remaining=12), ((16, 3), food_remaining=12), ((8, 5), food_remaining=10), ((2, 5), food_remaining=11), ((13, 4), food_remaining=10), ((1, 3), food_remaining=11), ((1, 4), food_remaining=11), ((5, 3), food_remaining=10), ((9, 5), food_remaining=8), ((5, 5), food_remaining=10), ((2, 3), food_remaining=12), ((6, 5), food_remaining=11), ((2, 5), food_remaining=10), ((2, 5), food_remaining=11), ((9, 5), food_remaining=10), ((14, 3), food_remaining=12), ((8, 5), food_remaining=12), ((8, 3), food_remaining=12), ((13, 4), food_remaining=9), ((1, 3), food_remaining=11), ((5, 5), food_remaining=11), ((4, 4), food_remaining=10), ((2, 3), food_remaining=11), ((13, 4), food_remaining=9), ((13, 3), food_remaining=11), ((1, 5), food_remaining=11), ((12, 5), food_remaining=11), ((5, 5), food_remaining=11), ((10, 4), food_remaining=11), ((12, 5), food_remaining=10), ((11, 3), food_remaining=9), ((11, 3), food_remaining=11), ((4, 3), food_remaining=10), ((1, 5), food_remaining=10), ((14, 5), food_remaining=9), ... (+32 more)]","[((5, 5), food_remaining=12), ((4, 3), food_remaining=10), ((4, 3), food_remaining=9), ((9, 5), food_remaining=12), ((15, 3), food_remaining=12), ((9, 5), food_remaining=11), ((14, 5), food_remaining=10), ((1, 5), food_remaining=11), ((1, 5), food_remaining=10), ((5, 5), food_remaining=12), ((5, 5), food_remaining=11), ((4, 3), food_remaining=12), ((4, 3), food_remaining=11), ((1, 4), food_remaining=10), ((1, 4), food_remaining=9), ((5, 3), food_remaining=10), ((5, 3), food_remaining=9), ((14, 5), food_remaining=10), ((14, 5), food_remaining=9), ((3, 3), food_remaining=10), ((5, 3), food_remaining=12), ((2, 5), food_remaining=10), ((2, 5), food_remaining=11), ((12, 3), food_remaining=13), ((12, 3), food_remaining=12), ((1, 5), food_remaining=10), ((1, 5), food_remaining=9), ((3, 3), food_remaining=13), ((3, 3), food_remaining=12), ((13, 5), food_remaining=7), ((12, 5), food_remaining=12), ((2, 5), food_remaining=12), ((13, 5), food_remaining=6), ((12, 5), food_remaining=10), ((12, 5), food_remaining=11), ((3, 3), food_remaining=12), ((3, 3), food_remaining=11), ((5, 5), food_remaining=10), ((5, 5), food_remaining=9), ((5, 5), food_remaining=12), ... (+185 more)]",15,45,60
226,"((13, 3), food_remaining=8)","((12, 3), food_remaining=8)",East,"['((13, 4), food_remaining=7)', '((14, 3), food_remaining=8)', '((12, 3), food_remaining=8)']","[((13, 3), food_remaining=8), ((13, 4), food_remaining=5), ((16, 3), food_remaining=13), ((5, 3), food_remaining=11), ((9, 3), food_remaining=11), ((1, 3), food_remaining=12), ((16, 3), food_remaining=12), ((8, 5), food_remaining=10), ((2, 5), food_remaining=11), ((13, 4), food_remaining=10), ((1, 3), food_remaining=11), ((1, 4), food_remaining=11), ((5, 3), food_remaining=10), ((9, 5), food_remaining=8), ((5, 5), food_remaining=10), ((2, 3), food_remaining=12), ((6, 5), food_remaining=11), ((2, 5), food_remaining=10), ((2, 5), food_remaining=11), ((9, 5), food_remaining=10), ((14, 3), food_remaining=12), ((8, 5), food_remaining=12), ((8, 3), food_remaining=12), ((13, 4), food_remaining=9), ((1, 3), food_remaining=11), ((5, 5), food_remaining=11), ((4, 4), food_remaining=10), ((2, 3), food_remaining=11), ((13, 4), food_remaining=9), ((13, 3), food_remaining=11), ((1, 5), food_remaining=11), ((12, 5), food_remaining=11), ((5, 5), food_remaining=11), ((10, 4), food_remaining=11), ((12, 5), food_remaining=10), ((11, 3), food_remaining=9), ((11, 3), food_remaining=11), ((4, 3), food_remaining=10), ((1, 5), food_remaining=10), ((14, 5), food_remaining=9), ... (+32 more)]","[((13, 4), food_remaining=5), ((9, 3), food_remaining=11), ((16, 3), food_remaining=13), ((5, 3), food_remaining=11), ((13, 4), food_remaining=10), ((1, 3), food_remaining=12), ((16, 3), food_remaining=12), ((8, 5), food_remaining=10), ((2, 5), food_remaining=11), ((14, 3), food_remaining=12), ((1, 3), food_remaining=11), ((1, 4), food_remaining=11), ((5, 3), food_remaining=10), ((9, 5), food_remaining=8), ((5, 5), food_remaining=10), ((2, 3), food_remaining=12), ((6, 5), food_remaining=11), ((2, 5), food_remaining=10), ((2, 5), food_remaining=11), ((9, 5), food_remaining=10), ((1, 5), food_remaining=9), ((8, 5), food_remaining=12), ((8, 3), food_remaining=12), ((13, 4), food_remaining=9), ((1, 3), food_remaining=11), ((5, 5), food_remaining=11), ((4, 4), food_remaining=10), ((2, 3), food_remaining=11), ((13, 4), food_remaining=9), ((13, 3), food_remaining=11), ((1, 5), food_remaining=11), ((12, 5), food_remaining=11), ((5, 5), food_remaining=11), ((10, 4), food_remaining=11), ((12, 5), food_remaining=10), ((11, 3), food_remaining=9), ((11, 3), food_remaining=11), ((4, 3), food_remaining=10), ((1, 5), food_remaining=10), ((14, 5), food_remaining=9), ... (+33 more)]","[((5, 5), food_remaining=12), ((4, 3), food_remaining=10), ((4, 3), food_remaining=9), ((9, 5), food_remaining=12), ((15, 3), food_remaining=12), ((9, 5), food_remaining=11), ((14, 5), food_remaining=10), ((1, 5), food_remaining=11), ((1, 5), food_remaining=10), ((5, 5), food_remaining=12), ((5, 5), food_remaining=11), ((4, 3), food_remaining=12), ((4, 3), food_remaining=11), ((1, 4), food_remaining=10), ((1, 4), food_remaining=9), ((5, 3), food_remaining=10), ((5, 3), food_remaining=9), ((14, 5), food_remaining=10), ((14, 5), food_remaining=9), ((3, 3), food_remaining=10), ((5, 3), food_remaining=12), ((2, 5), food_remaining=10), ((2, 5), food_remaining=11), ((12, 3), food_remaining=13), ((12, 3), food_remaining=12), ((1, 5), food_remaining=10), ((1, 5), food_remaining=9), ((3, 3), food_remaining=13), ((3, 3), food_remaining=12), ((13, 5), food_remaining=7), ((12, 5), food_remaining=12), ((2, 5), food_remaining=12), ((13, 5), food_remaining=6), ((12, 5), food_remaining=10), ((12, 5), food_remaining=11), ((3, 3), food_remaining=12), ((3, 3), food_remaining=11), ((5, 5), food_remaining=10), ((5, 5), food_remaining=9), ((5, 5), food_remaining=12), ... (+186 more)]",28,32,60
227,"((13, 4), food_remaining=5)","((13, 5), food_remaining=6)",South,"['((13, 5), food_remaining=5)', '((13, 3), food_remaining=5)']","[((13, 4), food_remaining=5), ((9, 3), food_remaining=11), ((16, 3), food_remaining=13), ((5, 3), food_remaining=11), ((13, 4), food_remaining=10), ((1, 3), food_remaining=12), ((16, 3), food_remaining=12), ((8, 5), food_remaining=10), ((2, 5), food_remaining=11), ((14, 3), food_remaining=12), ((1, 3), food_remaining=11), ((1, 4), food_remaining=11), ((5, 3), food_remaining=10), ((9, 5), food_remaining=8), ((5, 5), food_remaining=10), ((2, 3), food_remaining=12), ((6, 5), food_remaining=11), ((2, 5), food_remaining=10), ((2, 5), food_remaining=11), ((9, 5), food_remaining=10), ((1, 5), food_remaining=9), ((8, 5), food_remaining=12), ((8, 3), food_remaining=12), ((13, 4), food_remaining=9), ((1, 3), food_remaining=11), ((5, 5), food_remaining=11), ((4, 4), food_remaining=10), ((2, 3), food_remaining=11), ((13, 4), food_remaining=9), ((13, 3), food_remaining=11), ((1, 5), food_remaining=11), ((12, 5), food_remaining=11), ((5, 5), food_remaining=11), ((10, 4), food_remaining=11), ((12, 5), food_remaining=10), ((11, 3), food_remaining=9), ((11, 3), food_remaining=11), ((4, 3), food_remaining=10), ((1, 5), food_remaining=10), ((14, 5), food_remaining=9), ... (+33 more)]","[((13, 3), food_remaining=5), ((16, 3), food_remaining=13), ((16, 3), food_remaining=12), ((9, 3), food_remaining=11), ((13, 4), food_remaining=10), ((1, 3), food_remaining=12), ((5, 5), food_remaining=10), ((8, 5), food_remaining=10), ((5, 3), food_remaining=11), ((14, 3), food_remaining=12), ((1, 3), food_remaining=11), ((1, 4), food_remaining=11), ((5, 3), food_remaining=10), ((9, 5), food_remaining=8), ((1, 5), food_remaining=11), ((2, 3), food_remaining=12), ((6, 5), food_remaining=11), ((2, 5), food_remaining=11), ((2, 5), food_remaining=11), ((9, 5), food_remaining=10), ((1, 5), food_remaining=9), ((8, 5), food_remaining=12), ((8, 3), food_remaining=12), ((13, 4), food_remaining=9), ((1, 3), food_remaining=11), ((5, 5), food_remaining=11), ((4, 4), food_remaining=10), ((2, 3), food_remaining=11), ((13, 4), food_remaining=9), ((13, 3), food_remaining=11), ((10, 5), food_remaining=10), ((12, 5), food_remaining=11), ((5, 5), food_remaining=11), ((10, 4), food_remaining=11), ((12, 5), food_remaining=10), ((11, 3), food_remaining=9), ((2, 5), food_remaining=10), ((4, 3), food_remaining=10), ((1, 5), food_remaining=10), ((14, 5), food_remaining=9), ... (+34 more)]","[((5, 5), food_remaining=12), ((4, 3), food_remaining=10), ((4, 3), food_remaining=9), ((9, 5), food_remaining=12), ((15, 3), food_remaining=12), ((9, 5), food_remaining=11), ((14, 5), food_remaining=10), ((1, 5), food_remaining=11), ((1, 5), food_remaining=10), ((5, 5), food_remaining=12), ((5, 5), food_remaining=11), ((4, 3), food_remaining=12), ((4, 3), food_remaining=11), ((1, 4), food_remaining=10), ((1, 4), food_remaining=9), ((5, 3), food_remaining=10), ((5, 3), food_remaining=9), ((14, 5), food_remaining=10), ((14, 5), food_remaining=9), ((3, 3), food_remaining=10), ((5, 3), food_remaining=12), ((2, 5), food_remaining=10), ((2, 5), food_remaining=11), ((12, 3), food_remaining=13), ((12, 3), food_remaining=12), ((1, 5), food_remaining=10), ((1, 5), food_remaining=9), ((3, 3), food_remaining=13), ((3, 3), food_remaining=12), ((13, 5), food_remaining=7), ((12, 5), food_remaining=12), ((2, 5), food_remaining=12), ((13, 5), food_remaining=6), ((12, 5), food_remaining=10), ((12, 5), food_remaining=11), ((3, 3), food_remaining=12), ((3, 3), food_remaining=11), ((5, 5), food_remaining=10), ((5, 5), food_remaining=9), ((5, 5), food_remaining=12), ... (+187 more)]",31,29,60
228,"((13, 3), food_remaining=5)","((13, 4), food_remaining=5)",South,"['((13, 4), food_remaining=5)', '((14, 3), food_remaining=5)', '((12, 3), food_remaining=5)']","[((13, 3), food_remaining=5), ((16, 3), food_remaining=13), ((16, 3), food_remaining=12), ((9, 3), food_remaining=11), ((13, 4), food_remaining=10), ((1, 3), food_remaining=12), ((5, 5), food_remaining=10), ((8, 5), food_remaining=10), ((5, 3), food_remaining=11), ((14, 3), food_remaining=12), ((1, 3), food_remaining=11), ((1, 4), food_remaining=11), ((5, 3), food_remaining=10), ((9, 5), food_remaining=8), ((1, 5), food_remaining=11), ((2, 3), food_remaining=12), ((6, 5), food_remaining=11), ((2, 5), food_remaining=11), ((2, 5), food_remaining=11), ((9, 5), food_remaining=10), ((1, 5), food_remaining=9), ((8, 5), food_remaining=12), ((8, 3), food_remaining=12), ((13, 4), food_remaining=9), ((1, 3), food_remaining=11), ((5, 5), food_remaining=11), ((4, 4), food_remaining=10), ((2, 3), food_remaining=11), ((13, 4), food_remaining=9), ((13, 3), food_remaining=11), ((10, 5), food_remaining=10), ((12, 5), food_remaining=11), ((5, 5), food_remaining=11), ((10, 4), food_remaining=11), ((12, 5), food_remaining=10), ((11, 3), food_remaining=9), ((2, 5), food_remaining=10), ((4, 3), food_remaining=10), ((1, 5), food_remaining=10), ((14, 5), food_remaining=9), ... (+34 more)]","[((14, 3), food_remaining=5), ((16, 3), food_remaining=13), ((16, 3), food_remaining=12), ((9, 3), food_remaining=11), ((13, 4), food_remaining=10), ((1, 3), food_remaining=12), ((5, 5), food_remaining=10), ((8, 5), food_remaining=10), ((5, 3), food_remaining=11), ((14, 3), food_remaining=12), ((1, 3), food_remaining=11), ((1, 4), food_remaining=11), ((5, 3), food_remaining=10), ((9, 5), food_remaining=8), ((1, 5), food_remaining=11), ((2, 3), food_remaining=12), ((6, 5), food_remaining=11), ((2, 5), food_remaining=11), ((2, 5), food_remaining=11), ((9, 5), food_remaining=10), ((1, 5), food_remaining=9), ((8, 5), food_remaining=12), ((8, 3), food_remaining=12), ((13, 4), food_remaining=9), ((1, 3), food_remaining=11), ((5, 5), food_remaining=11), ((4, 4), food_remaining=10), ((2, 3), food_remaining=11), ((13, 4), food_remaining=9), ((13, 3), food_remaining=11), ((10, 5), food_remaining=10), ((12, 5), food_remaining=11), ((5, 5), food_remaining=11), ((10, 4), food_remaining=11), ((12, 5), food_remaining=10), ((11, 3), food_remaining=9), ((2, 5), food_remaining=10), ((4, 3), food_remaining=10), ((1, 5), food_remaining=10), ((14, 5), food_remaining=9), ... (+35 more)]","[((5, 5), food_remaining=12), ((4, 3), food_remaining=10), ((4, 3), food_remaining=9), ((9, 5), food_remaining=12), ((15, 3), food_remaining=12), ((9, 5), food_remaining=11), ((14, 5), food_remaining=10), ((1, 5), food_remaining=11), ((1, 5), food_remaining=10), ((5, 5), food_remaining=12), ((5, 5), food_remaining=11), ((4, 3), food_remaining=12), ((4, 3), food_remaining=11), ((1, 4), food_remaining=10), ((1, 4), food_remaining=9), ((5, 3), food_remaining=10), ((5, 3), food_remaining=9), ((14, 5), food_remaining=10), ((14, 5), food_remaining=9), ((3, 3), food_remaining=10), ((5, 3), food_remaining=12), ((2, 5), food_remaining=10), ((2, 5), food_remaining=11), ((12, 3), food_remaining=13), ((12, 3), food_remaining=12), ((1, 5), food_remaining=10), ((1, 5), food_remaining=9), ((3, 3), food_remaining=13), ((3, 3), food_remaining=12), ((13, 5), food_remaining=7), ((12, 5), food_remaining=12), ((2, 5), food_remaining=12), ((13, 5), food_remaining=6), ((12, 5), food_remaining=10), ((12, 5), food_remaining=11), ((3, 3), food_remaining=12), ((3, 3), food_remaining=11), ((5, 5), food_remaining=10), ((5, 5), food_remaining=9), ((5, 5), food_remaining=12), ... (+188 more)]",32,28,60
229,"((14, 3), food_remaining=5)","((13, 3), food_remaining=5)",East,"['((15, 3), food_remaining=5)', '((13, 3), food_remaining=5)']","[((14, 3), food_remaining=5), ((16, 3), food_remaining=13), ((16, 3), food_remaining=12), ((9, 3), food_remaining=11), ((13, 4), food_remaining=10), ((1, 3), food_remaining=12), ((5, 5), food_remaining=10), ((8, 5), food_remaining=10), ((5, 3), food_remaining=11), ((14, 3), food_remaining=12), ((1, 3), food_remaining=11), ((1, 4), food_remaining=11), ((5, 3), food_remaining=10), ((9, 5), food_remaining=8), ((1, 5), food_remaining=11), ((2, 3), food_remaining=12), ((6, 5), food_remaining=11), ((2, 5), food_remaining=11), ((2, 5), food_remaining=11), ((9, 5), food_remaining=10), ((1, 5), food_remaining=9), ((8, 5), food_remaining=12), ((8, 3), food_remaining=12), ((13, 4), food_remaining=9), ((1, 3), food_remaining=11), ((5, 5), food_remaining=11), ((4, 4), food_remaining=10), ((2, 3), food_remaining=11), ((13, 4), food_remaining=9), ((13, 3), food_remaining=11), ((10, 5), food_remaining=10), ((12, 5), food_remaining=11), ((5, 5), food_remaining=11), ((10, 4), food_remaining=11), ((12, 5), food_remaining=10), ((11, 3), food_remaining=9), ((2, 5), food_remaining=10), ((4, 3), food_remaining=10), ((1, 5), food_remaining=10), ((14, 5), food_remaining=9), ... (+35 more)]","[((15, 3), food_remaining=5), ((16, 3), food_remaining=13), ((16, 3), food_remaining=12), ((9, 3), food_remaining=11), ((13, 4), food_remaining=10), ((1, 3), food_remaining=12), ((5, 5), food_remaining=10), ((8, 5), food_remaining=10), ((5, 3), food_remaining=11), ((14, 3), food_remaining=12), ((1, 3), food_remaining=11), ((1, 4), food_remaining=11), ((5, 3), food_remaining=10), ((9, 5), food_remaining=8), ((1, 5), food_remaining=11), ((2, 3), food_remaining=12), ((6, 5), food_remaining=11), ((2, 5), food_remaining=11), ((2, 5), food_remaining=11), ((9, 5), food_remaining=10), ((1, 5), food_remaining=9), ((8, 5), food_remaining=12), ((8, 3), food_remaining=12), ((13, 4), food_remaining=9), ((1, 3), food_remaining=11), ((5, 5), food_remaining=11), ((4, 4), food_remaining=10), ((2, 3), food_remaining=11), ((13, 4), food_remaining=9), ((13, 3), food_remaining=11), ((10, 5), food_remaining=10), ((12, 5), food_remaining=11), ((5, 5), food_remaining=11), ((10, 4), food_remaining=11), ((12, 5), food_remaining=10), ((11, 3), food_remaining=9), ((2, 5), food_remaining=10), ((4, 3), food_remaining=10), ((1, 5), food_remaining=10), ((14, 5), food_remaining=9), ... (+35 more)]","[((5, 5), food_remaining=12), ((4, 3), food_remaining=10), ((4, 3), food_remaining=9), ((9, 5), food_remaining=12), ((15, 3), food_remaining=12), ((9, 5), food_remaining=11), ((14, 5), food_remaining=10), ((1, 5), food_remaining=11), ((1, 5), food_remaining=10), ((5, 5), food_remaining=12), ((5, 5), food_remaining=11), ((4, 3), food_remaining=12), ((4, 3), food_remaining=11), ((1, 4), food_remaining=10), ((1, 4), food_remaining=9), ((5, 3), food_remaining=10), ((5, 3), food_remaining=9), ((14, 5), food_remaining=10), ((14, 5), food_remaining=9), ((3, 3), food_remaining=10), ((5, 3), food_remaining=12), ((2, 5), food_remaining=10), ((2, 5), food_remaining=11), ((12, 3), food_remaining=13), ((12, 3), food_remaining=12), ((1, 5), food_remaining=10), ((1, 5), food_remaining=9), ((3, 3), food_remaining=13), ((3, 3), food_remaining=12), ((13, 5), food_remaining=7), ((12, 5), food_remaining=12), ((2, 5), food_remaining=12), ((13, 5), food_remaining=6), ((12, 5), food_remaining=10), ((12, 5), food_remaining=11), ((3, 3), food_remaining=12), ((3, 3), food_remaining=11), ((5, 5), food_remaining=10), ((5, 5), food_remaining=9), ((5, 5), food_remaining=12), ... (+189 more)]",33,27,60
230,"((15, 3), food_remaining=5)","((14, 3), food_remaining=5)",East,"['((16, 3), food_remaining=5)', '((14, 3), food_remaining=5)']","[((15, 3), food_remaining=5), ((16, 3), food_remaining=13), ((16, 3), food_remaining=12), ((9, 3), food_remaining=11), ((13, 4), food_remaining=10), ((1, 3), food_remaining=12), ((5, 5), food_remaining=10), ((8, 5), food_remaining=10), ((5, 3), food_remaining=11), ((14, 3), food_remaining=12), ((1, 3), food_remaining=11), ((1, 4), food_remaining=11), ((5, 3), food_remaining=10), ((9, 5), food_remaining=8), ((1, 5), food_remaining=11), ((2, 3), food_remaining=12), ((6, 5), food_remaining=11), ((2, 5), food_remaining=11), ((2, 5), food_remaining=11), ((9, 5), food_remaining=10), ((1, 5), food_remaining=9), ((8, 5), food_remaining=12), ((8, 3), food_remaining=12), ((13, 4), food_remaining=9), ((1, 3), food_remaining=11), ((5, 5), food_remaining=11), ((4, 4), food_remaining=10), ((2, 3), food_remaining=11), ((13, 4), food_remaining=9), ((13, 3), food_remaining=11), ((10, 5), food_remaining=10), ((12, 5), food_remaining=11), ((5, 5), food_remaining=11), ((10, 4), food_remaining=11), ((12, 5), food_remaining=10), ((11, 3), food_remaining=9), ((2, 5), food_remaining=10), ((4, 3), food_remaining=10), ((1, 5), food_remaining=10), ((14, 5), food_remaining=9), ... (+35 more)]","[((16, 3), food_remaining=5), ((16, 3), food_remaining=13), ((16, 3), food_remaining=12), ((9, 3), food_remaining=11), ((13, 4), food_remaining=10), ((1, 3), food_remaining=12), ((5, 5), food_remaining=10), ((8, 5), food_remaining=10), ((5, 3), food_remaining=11), ((14, 3), food_remaining=12), ((1, 3), food_remaining=11), ((1, 4), food_remaining=11), ((5, 3), food_remaining=10), ((9, 5), food_remaining=8), ((1, 5), food_remaining=11), ((2, 3), food_remaining=12), ((6, 5), food_remaining=11), ((2, 5), food_remaining=11), ((2, 5), food_remaining=11), ((9, 5), food_remaining=10), ((1, 5), food_remaining=9), ((8, 5), food_remaining=12), ((8, 3), food_remaining=12), ((13, 4), food_remaining=9), ((1, 3), food_remaining=11), ((5, 5), food_remaining=11), ((4, 4), food_remaining=10), ((2, 3), food_remaining=11), ((13, 4), food_remaining=9), ((13, 3), food_remaining=11), ((10, 5), food_remaining=10), ((12, 5), food_remaining=11), ((5, 5), food_remaining=11), ((10, 4), food_remaining=11), ((12, 5), food_remaining=10), ((11, 3), food_remaining=9), ((2, 5), food_remaining=10), ((4, 3), food_remaining=10), ((1, 5), food_remaining=10), ((14, 5), food_remaining=9), ... (+35 more)]","[((5, 5), food_remaining=12), ((4, 3), food_remaining=10), ((4, 3), food_remaining=9), ((9, 5), food_remaining=12), ((15, 3), food_remaining=12), ((9, 5), food_remaining=11), ((14, 5), food_remaining=10), ((1, 5), food_remaining=11), ((1, 5), food_remaining=10), ((5, 5), food_remaining=12), ((5, 5), food_remaining=11), ((4, 3), food_remaining=12), ((4, 3), food_remaining=11), ((1, 4), food_remaining=10), ((1, 4), food_remaining=9), ((5, 3), food_remaining=10), ((5, 3), food_remaining=9), ((14, 5), food_remaining=10), ((14, 5), food_remaining=9), ((3, 3), food_remaining=10), ((5, 3), food_remaining=12), ((2, 5), food_remaining=10), ((2, 5), food_remaining=11), ((12, 3), food_remaining=13), ((12, 3), food_remaining=12), ((1, 5), food_remaining=10), ((1, 5), food_remaining=9), ((3, 3), food_remaining=13), ((3, 3), food_remaining=12), ((13, 5), food_remaining=7), ((12, 5), food_remaining=12), ((2, 5), food_remaining=12), ((13, 5), food_remaining=6), ((12, 5), food_remaining=10), ((12, 5), food_remaining=11), ((3, 3), food_remaining=12), ((3, 3), food_remaining=11), ((5, 5), food_remaining=10), ((5, 5), food_remaining=9), ((5, 5), food_remaining=12), ... (+190 more)]",34,26,60
231,"((16, 3), food_remaining=5)","((15, 3), food_remaining=5)",East,"['((16, 4), food_remaining=5)', '((15, 3), food_remaining=5)']","[((16, 3), food_remaining=5), ((16, 3), food_remaining=13), ((16, 3), food_remaining=12), ((9, 3), food_remaining=11), ((13, 4), food_remaining=10), ((1, 3), food_remaining=12), ((5, 5), food_remaining=10), ((8, 5), food_remaining=10), ((5, 3), food_remaining=11), ((14, 3), food_remaining=12), ((1, 3), food_remaining=11), ((1, 4), food_remaining=11), ((5, 3), food_remaining=10), ((9, 5), food_remaining=8), ((1, 5), food_remaining=11), ((2, 3), food_remaining=12), ((6, 5), food_remaining=11), ((2, 5), food_remaining=11), ((2, 5), food_remaining=11), ((9, 5), food_remaining=10), ((1, 5), food_remaining=9), ((8, 5), food_remaining=12), ((8, 3), food_remaining=12), ((13, 4), food_remaining=9), ((1, 3), food_remaining=11), ((5, 5), food_remaining=11), ((4, 4), food_remaining=10), ((2, 3), food_remaining=11), ((13, 4), food_remaining=9), ((13, 3), food_remaining=11), ((10, 5), food_remaining=10), ((12, 5), food_remaining=11), ((5, 5), food_remaining=11), ((10, 4), food_remaining=11), ((12, 5), food_remaining=10), ((11, 3), food_remaining=9), ((2, 5), food_remaining=10), ((4, 3), food_remaining=10), ((1, 5), food_remaining=10), ((14, 5), food_remaining=9), ... (+35 more)]","[((16, 4), food_remaining=5), ((16, 3), food_remaining=13), ((16, 3), food_remaining=12), ((9, 3), food_remaining=11), ((13, 4), food_remaining=10), ((1, 3), food_remaining=12), ((5, 5), food_remaining=10), ((8, 5), food_remaining=10), ((5, 3), food_remaining=11), ((14, 3), food_remaining=12), ((1, 3), food_remaining=11), ((1, 4), food_remaining=11), ((5, 3), food_remaining=10), ((9, 5), food_remaining=8), ((1, 5), food_remaining=11), ((2, 3), food_remaining=12), ((6, 5), food_remaining=11), ((2, 5), food_remaining=11), ((2, 5), food_remaining=11), ((9, 5), food_remaining=10), ((1, 5), food_remaining=9), ((8, 5), food_remaining=12), ((8, 3), food_remaining=12), ((13, 4), food_remaining=9), ((1, 3), food_remaining=11), ((5, 5), food_remaining=11), ((4, 4), food_remaining=10), ((2, 3), food_remaining=11), ((13, 4), food_remaining=9), ((13, 3), food_remaining=11), ((10, 5), food_remaining=10), ((12, 5), food_remaining=11), ((5, 5), food_remaining=11), ((10, 4), food_remaining=11), ((12, 5), food_remaining=10), ((11, 3), food_remaining=9), ((2, 5), food_remaining=10), ((4, 3), food_remaining=10), ((1, 5), food_remaining=10), ((14, 5), food_remaining=9), ... (+35 more)]","[((5, 5), food_remaining=12), ((4, 3), food_remaining=10), ((4, 3), food_remaining=9), ((9, 5), food_remaining=12), ((15, 3), food_remaining=12), ((9, 5), food_remaining=11), ((14, 5), food_remaining=10), ((1, 5), food_remaining=11), ((1, 5), food_remaining=10), ((5, 5), food_remaining=12), ((5, 5), food_remaining=11), ((4, 3), food_remaining=12), ((4, 3), food_remaining=11), ((1, 4), food_remaining=10), ((1, 4), food_remaining=9), ((5, 3), food_remaining=10), ((5, 3), food_remaining=9), ((14, 5), food_remaining=10), ((14, 5), food_remaining=9), ((3, 3), food_remaining=10), ((5, 3), food_remaining=12), ((2, 5), food_remaining=10), ((2, 5), food_remaining=11), ((12, 3), food_remaining=13), ((12, 3), food_remaining=12), ((1, 5), food_remaining=10), ((1, 5), food_remaining=9), ((3, 3), food_remaining=13), ((3, 3), food_remaining=12), ((13, 5), food_remaining=7), ((12, 5), food_remaining=12), ((2, 5), food_remaining=12), ((13, 5), food_remaining=6), ((12, 5), food_remaining=10), ((12, 5), food_remaining=11), ((3, 3), food_remaining=12), ((3, 3), food_remaining=11), ((5, 5), food_remaining=10), ((5, 5), food_remaining=9), ((5, 5), food_remaining=12), ... (+191 more)]",35,25,60
232,"((16, 4), food_remaining=5)","((16, 3), food_remaining=5)",North,"['((16, 5), food_remaining=5)', '((16, 3), food_remaining=5)']","[((16, 4), food_remaining=5), ((16, 3), food_remaining=13), ((16, 3), food_remaining=12), ((9, 3), food_remaining=11), ((13, 4), food_remaining=10), ((1, 3), food_remaining=12), ((5, 5), food_remaining=10), ((8, 5), food_remaining=10), ((5, 3), food_remaining=11), ((14, 3), food_remaining=12), ((1, 3), food_remaining=11), ((1, 4), food_remaining=11), ((5, 3), food_remaining=10), ((9, 5), food_remaining=8), ((1, 5), food_remaining=11), ((2, 3), food_remaining=12), ((6, 5), food_remaining=11), ((2, 5), food_remaining=11), ((2, 5), food_remaining=11), ((9, 5), food_remaining=10), ((1, 5), food_remaining=9), ((8, 5), food_remaining=12), ((8, 3), food_remaining=12), ((13, 4), food_remaining=9), ((1, 3), food_remaining=11), ((5, 5), food_remaining=11), ((4, 4), food_remaining=10), ((2, 3), food_remaining=11), ((13, 4), food_remaining=9), ((13, 3), food_remaining=11), ((10, 5), food_remaining=10), ((12, 5), food_remaining=11), ((5, 5), food_remaining=11), ((10, 4), food_remaining=11), ((12, 5), food_remaining=10), ((11, 3), food_remaining=9), ((2, 5), food_remaining=10), ((4, 3), food_remaining=10), ((1, 5), food_remaining=10), ((14, 5), food_remaining=9), ... (+35 more)]","[((16, 5), food_remaining=5), ((16, 3), food_remaining=13), ((16, 3), food_remaining=12), ((9, 3), food_remaining=11), ((13, 4), food_remaining=10), ((1, 3), food_remaining=12), ((5, 5), food_remaining=10), ((8, 5), food_remaining=10), ((5, 3), food_remaining=11), ((14, 3), food_remaining=12), ((1, 3), food_remaining=11), ((1, 4), food_remaining=11), ((5, 3), food_remaining=10), ((9, 5), food_remaining=8), ((1, 5), food_remaining=11), ((2, 3), food_remaining=12), ((6, 5), food_remaining=11), ((2, 5), food_remaining=11), ((2, 5), food_remaining=11), ((9, 5), food_remaining=10), ((1, 5), food_remaining=9), ((8, 5), food_remaining=12), ((8, 3), food_remaining=12), ((13, 4), food_remaining=9), ((1, 3), food_remaining=11), ((5, 5), food_remaining=11), ((4, 4), food_remaining=10), ((2, 3), food_remaining=11), ((13, 4), food_remaining=9), ((13, 3), food_remaining=11), ((10, 5), food_remaining=10), ((12, 5), food_remaining=11), ((5, 5), food_remaining=11), ((10, 4), food_remaining=11), ((12, 5), food_remaining=10), ((11, 3), food_remaining=9), ((2, 5), food_remaining=10), ((4, 3), food_remaining=10), ((1, 5), food_remaining=10), ((14, 5), food_remaining=9), ... (+35 more)]","[((5, 5), food_remaining=12), ((4, 3), food_remaining=10), ((4, 3), food_remaining=9), ((9, 5), food_remaining=12), ((15, 3), food_remaining=12), ((9, 5), food_remaining=11), ((14, 5), food_remaining=10), ((1, 5), food_remaining=11), ((1, 5), food_remaining=10), ((5, 5), food_remaining=12), ((5, 5), food_remaining=11), ((4, 3), food_remaining=12), ((4, 3), food_remaining=11), ((1, 4), food_remaining=10), ((1, 4), food_remaining=9), ((5, 3), food_remaining=10), ((5, 3), food_remaining=9), ((14, 5), food_remaining=10), ((14, 5), food_remaining=9), ((3, 3), food_remaining=10), ((5, 3), food_remaining=12), ((2, 5), food_remaining=10), ((2, 5), food_remaining=11), ((12, 3), food_remaining=13), ((12, 3), food_remaining=12), ((1, 5), food_remaining=10), ((1, 5), food_remaining=9), ((3, 3), food_remaining=13), ((3, 3), food_remaining=12), ((13, 5), food_remaining=7), ((12, 5), food_remaining=12), ((2, 5), food_remaining=12), ((13, 5), food_remaining=6), ((16, 4), food_remaining=5), ((12, 5), food_remaining=10), ((12, 5), food_remaining=11), ((3, 3), food_remaining=12), ((3, 3), food_remaining=11), ((5, 5), food_remaining=10), ((5, 5), food_remaining=9), ... (+192 more)]",36,24,60
233,"((16, 5), food_remaining=5)","((16, 4), food_remaining=5)",North,"['((16, 4), food_remaining=5)', '((17, 5), food_remaining=5)']","[((16, 5), food_remaining=5), ((16, 3), food_remaining=13), ((16, 3), food_remaining=12), ((9, 3), food_remaining=11), ((13, 4), food_remaining=10), ((1, 3), food_remaining=12), ((5, 5), food_remaining=10), ((8, 5), food_remaining=10), ((5, 3), food_remaining=11), ((14, 3), food_remaining=12), ((1, 3), food_remaining=11), ((1, 4), food_remaining=11), ((5, 3), food_remaining=10), ((9, 5), food_remaining=8), ((1, 5), food_remaining=11), ((2, 3), food_remaining=12), ((6, 5), food_remaining=11), ((2, 5), food_remaining=11), ((2, 5), food_remaining=11), ((9, 5), food_remaining=10), ((1, 5), food_remaining=9), ((8, 5), food_remaining=12), ((8, 3), food_remaining=12), ((13, 4), food_remaining=9), ((1, 3), food_remaining=11), ((5, 5), food_remaining=11), ((4, 4), food_remaining=10), ((2, 3), food_remaining=11), ((13, 4), food_remaining=9), ((13, 3), food_remaining=11), ((10, 5), food_remaining=10), ((12, 5), food_remaining=11), ((5, 5), food_remaining=11), ((10, 4), food_remaining=11), ((12, 5), food_remaining=10), ((11, 3), food_remaining=9), ((2, 5), food_remaining=10), ((4, 3), food_remaining=10), ((1, 5), food_remaining=10), ((14, 5), food_remaining=9), ... (+35 more)]","[((17, 5), food_remaining=5), ((16, 3), food_remaining=13), ((16, 3), food_remaining=12), ((9, 3), food_remaining=11), ((13, 4), food_remaining=10), ((1, 3), food_remaining=12), ((5, 5), food_remaining=10), ((8, 5), food_remaining=10), ((5, 3), food_remaining=11), ((14, 3), food_remaining=12), ((1, 3), food_remaining=11), ((1, 4), food_remaining=11), ((5, 3), food_remaining=10), ((9, 5), food_remaining=8), ((1, 5), food_remaining=11), ((2, 3), food_remaining=12), ((6, 5), food_remaining=11), ((2, 5), food_remaining=11), ((2, 5), food_remaining=11), ((9, 5), food_remaining=10), ((1, 5), food_remaining=9), ((8, 5), food_remaining=12), ((8, 3), food_remaining=12), ((13, 4), food_remaining=9), ((1, 3), food_remaining=11), ((5, 5), food_remaining=11), ((4, 4), food_remaining=10), ((2, 3), food_remaining=11), ((13, 4), food_remaining=9), ((13, 3), food_remaining=11), ((10, 5), food_remaining=10), ((12, 5), food_remaining=11), ((5, 5), food_remaining=11), ((10, 4), food_remaining=11), ((12, 5), food_remaining=10), ((11, 3), food_remaining=9), ((2, 5), food_remaining=10), ((4, 3), food_remaining=10), ((1, 5), food_remaining=10), ((14, 5), food_remaining=9), ... (+35 more)]","[((5, 5), food_remaining=12), ((4, 3), food_remaining=10), ((4, 3), food_remaining=9), ((9, 5), food_remaining=12), ((15, 3), food_remaining=12), ((9, 5), food_remaining=11), ((14, 5), food_remaining=10), ((1, 5), food_remaining=11), ((1, 5), food_remaining=10), ((5, 5), food_remaining=12), ((5, 5), food_remaining=11), ((4, 3), food_remaining=12), ((4, 3), food_remaining=11), ((1, 4), food_remaining=10), ((1, 4), food_remaining=9), ((5, 3), food_remaining=10), ((5, 3), food_remaining=9), ((14, 5), food_remaining=10), ((14, 5), food_remaining=9), ((3, 3), food_remaining=10), ((5, 3), food_remaining=12), ((2, 5), food_remaining=10), ((2, 5), food_remaining=11), ((12, 3), food_remaining=13), ((12, 3), food_remaining=12), ((1, 5), food_remaining=10), ((1, 5), food_remaining=9), ((3, 3), food_remaining=13), ((3, 3), food_remaining=12), ((13, 5), food_remaining=7), ((12, 5), food_remaining=12), ((2, 5), food_remaining=12), ((13, 5), food_remaining=6), ((16, 4), food_remaining=5), ((12, 5), food_remaining=10), ((12, 5), food_remaining=11), ((3, 3), food_remaining=12), ((3, 3), food_remaining=11), ((5, 5), food_remaining=10), ((5, 5), food_remaining=9), ... (+193 more)]",37,23,60
234,"((17, 5), food_remaining=5)","((16, 5), food_remaining=5)",East,"['((18, 5), food_remaining=5)', '((16, 5), food_remaining=5)']","[((17, 5), food_remaining=5), ((16, 3), food_remaining=13), ((16, 3), food_remaining=12), ((9, 3), food_remaining=11), ((13, 4), food_remaining=10), ((1, 3), food_remaining=12), ((5, 5), food_remaining=10), ((8, 5), food_remaining=10), ((5, 3), food_remaining=11), ((14, 3), food_remaining=12), ((1, 3), food_remaining=11), ((1, 4), food_remaining=11), ((5, 3), food_remaining=10), ((9, 5), food_remaining=8), ((1, 5), food_remaining=11), ((2, 3), food_remaining=12), ((6, 5), food_remaining=11), ((2, 5), food_remaining=11), ((2, 5), food_remaining=11), ((9, 5), food_remaining=10), ((1, 5), food_remaining=9), ((8, 5), food_remaining=12), ((8, 3), food_remaining=12), ((13, 4), food_remaining=9), ((1, 3), food_remaining=11), ((5, 5), food_remaining=11), ((4, 4), food_remaining=10), ((2, 3), food_remaining=11), ((13, 4), food_remaining=9), ((13, 3), food_remaining=11), ((10, 5), food_remaining=10), ((12, 5), food_remaining=11), ((5, 5), food_remaining=11), ((10, 4), food_remaining=11), ((12, 5), food_remaining=10), ((11, 3), food_remaining=9), ((2, 5), food_remaining=10), ((4, 3), food_remaining=10), ((1, 5), food_remaining=10), ((14, 5), food_remaining=9), ... (+35 more)]","[((18, 5), food_remaining=5), ((16, 3), food_remaining=13), ((16, 3), food_remaining=12), ((9, 3), food_remaining=11), ((13, 4), food_remaining=10), ((1, 3), food_remaining=12), ((5, 5), food_remaining=10), ((8, 5), food_remaining=10), ((5, 3), food_remaining=11), ((14, 3), food_remaining=12), ((1, 3), food_remaining=11), ((1, 4), food_remaining=11), ((5, 3), food_remaining=10), ((9, 5), food_remaining=8), ((1, 5), food_remaining=11), ((2, 3), food_remaining=12), ((6, 5), food_remaining=11), ((2, 5), food_remaining=11), ((2, 5), food_remaining=11), ((9, 5), food_remaining=10), ((1, 5), food_remaining=9), ((8, 5), food_remaining=12), ((8, 3), food_remaining=12), ((13, 4), food_remaining=9), ((1, 3), food_remaining=11), ((5, 5), food_remaining=11), ((4, 4), food_remaining=10), ((2, 3), food_remaining=11), ((13, 4), food_remaining=9), ((13, 3), food_remaining=11), ((10, 5), food_remaining=10), ((12, 5), food_remaining=11), ((5, 5), food_remaining=11), ((10, 4), food_remaining=11), ((12, 5), food_remaining=10), ((11, 3), food_remaining=9), ((2, 5), food_remaining=10), ((4, 3), food_remaining=10), ((1, 5), food_remaining=10), ((14, 5), food_remaining=9), ... (+35 more)]","[((5, 5), food_remaining=12), ((4, 3), food_remaining=10), ((4, 3), food_remaining=9), ((9, 5), food_remaining=12), ((15, 3), food_remaining=12), ((9, 5), food_remaining=11), ((14, 5), food_remaining=10), ((1, 5), food_remaining=11), ((1, 5), food_remaining=10), ((5, 5), food_remaining=12), ((5, 5), food_remaining=11), ((4, 3), food_remaining=12), ((4, 3), food_remaining=11), ((1, 4), food_remaining=10), ((1, 4), food_remaining=9), ((5, 3), food_remaining=10), ((5, 3), food_remaining=9), ((14, 5), food_remaining=10), ((14, 5), food_remaining=9), ((3, 3), food_remaining=10), ((5, 3), food_remaining=12), ((2, 5), food_remaining=10), ((2, 5), food_remaining=11), ((12, 3), food_remaining=13), ((12, 3), food_remaining=12), ((1, 5), food_remaining=10), ((1, 5), food_remaining=9), ((3, 3), food_remaining=13), ((3, 3), food_remaining=12), ((13, 5), food_remaining=7), ((12, 5), food_remaining=12), ((2, 5), food_remaining=12), ((13, 5), food_remaining=6), ((16, 4), food_remaining=5), ((12, 5), food_remaining=10), ((12, 5), food_remaining=11), ((3, 3), food_remaining=12), ((3, 3), food_remaining=11), ((5, 5), food_remaining=10), ((5, 5), food_remaining=9), ... (+194 more)]",38,22,60
235,"((18, 5), food_remaining=5)","((17, 5), food_remaining=5)",East,"['((18, 4), food_remaining=5)', '((17, 5), food_remaining=5)']","[((18, 5), food_remaining=5), ((16, 3), food_remaining=13), ((16, 3), food_remaining=12), ((9, 3), food_remaining=11), ((13, 4), food_remaining=10), ((1, 3), food_remaining=12), ((5, 5), food_remaining=10), ((8, 5), food_remaining=10), ((5, 3), food_remaining=11), ((14, 3), food_remaining=12), ((1, 3), food_remaining=11), ((1, 4), food_remaining=11), ((5, 3), food_remaining=10), ((9, 5), food_remaining=8), ((1, 5), food_remaining=11), ((2, 3), food_remaining=12), ((6, 5), food_remaining=11), ((2, 5), food_remaining=11), ((2, 5), food_remaining=11), ((9, 5), food_remaining=10), ((1, 5), food_remaining=9), ((8, 5), food_remaining=12), ((8, 3), food_remaining=12), ((13, 4), food_remaining=9), ((1, 3), food_remaining=11), ((5, 5), food_remaining=11), ((4, 4), food_remaining=10), ((2, 3), food_remaining=11), ((13, 4), food_remaining=9), ((13, 3), food_remaining=11), ((10, 5), food_remaining=10), ((12, 5), food_remaining=11), ((5, 5), food_remaining=11), ((10, 4), food_remaining=11), ((12, 5), food_remaining=10), ((11, 3), food_remaining=9), ((2, 5), food_remaining=10), ((4, 3), food_remaining=10), ((1, 5), food_remaining=10), ((14, 5), food_remaining=9), ... (+35 more)]","[((18, 4), food_remaining=5), ((16, 3), food_remaining=13), ((16, 3), food_remaining=12), ((9, 3), food_remaining=11), ((13, 4), food_remaining=10), ((1, 3), food_remaining=12), ((5, 5), food_remaining=10), ((8, 5), food_remaining=10), ((5, 3), food_remaining=11), ((14, 3), food_remaining=12), ((1, 3), food_remaining=11), ((1, 4), food_remaining=11), ((5, 3), food_remaining=10), ((9, 5), food_remaining=8), ((1, 5), food_remaining=11), ((2, 3), food_remaining=12), ((6, 5), food_remaining=11), ((2, 5), food_remaining=11), ((2, 5), food_remaining=11), ((9, 5), food_remaining=10), ((1, 5), food_remaining=9), ((8, 5), food_remaining=12), ((8, 3), food_remaining=12), ((13, 4), food_remaining=9), ((1, 3), food_remaining=11), ((5, 5), food_remaining=11), ((4, 4), food_remaining=10), ((2, 3), food_remaining=11), ((13, 4), food_remaining=9), ((13, 3), food_remaining=11), ((10, 5), food_remaining=10), ((12, 5), food_remaining=11), ((5, 5), food_remaining=11), ((10, 4), food_remaining=11), ((12, 5), food_remaining=10), ((11, 3), food_remaining=9), ((2, 5), food_remaining=10), ((4, 3), food_remaining=10), ((1, 5), food_remaining=10), ((14, 5), food_remaining=9), ... (+35 more)]","[((5, 5), food_remaining=12), ((4, 3), food_remaining=10), ((4, 3), food_remaining=9), ((9, 5), food_remaining=12), ((15, 3), food_remaining=12), ((9, 5), food_remaining=11), ((14, 5), food_remaining=10), ((1, 5), food_remaining=11), ((1, 5), food_remaining=10), ((5, 5), food_remaining=12), ((5, 5), food_remaining=11), ((4, 3), food_remaining=12), ((4, 3), food_remaining=11), ((1, 4), food_remaining=10), ((1, 4), food_remaining=9), ((5, 3), food_remaining=10), ((5, 3), food_remaining=9), ((14, 5), food_remaining=10), ((14, 5), food_remaining=9), ((3, 3), food_remaining=10), ((5, 3), food_remaining=12), ((2, 5), food_remaining=10), ((2, 5), food_remaining=11), ((12, 3), food_remaining=13), ((12, 3), food_remaining=12), ((1, 5), food_remaining=10), ((1, 5), food_remaining=9), ((3, 3), food_remaining=13), ((3, 3), food_remaining=12), ((13, 5), food_remaining=7), ((12, 5), food_remaining=12), ((2, 5), food_remaining=12), ((13, 5), food_remaining=6), ((16, 4), food_remaining=5), ((12, 5), food_remaining=10), ((12, 5), food_remaining=11), ((3, 3), food_remaining=12), ((3, 3), food_remaining=11), ((5, 5), food_remaining=10), ((5, 5), food_remaining=9), ... (+195 more)]",39,21,60
236,"((18, 4), food_remaining=5)","((18, 5), food_remaining=5)",South,"['((18, 5), food_remaining=5)', '((18, 3), food_remaining=5)']","[((18, 4), food_remaining=5), ((16, 3), food_remaining=13), ((16, 3), food_remaining=12), ((9, 3), food_remaining=11), ((13, 4), food_remaining=10), ((1, 3), food_remaining=12), ((5, 5), food_remaining=10), ((8, 5), food_remaining=10), ((5, 3), food_remaining=11), ((14, 3), food_remaining=12), ((1, 3), food_remaining=11), ((1, 4), food_remaining=11), ((5, 3), food_remaining=10), ((9, 5), food_remaining=8), ((1, 5), food_remaining=11), ((2, 3), food_remaining=12), ((6, 5), food_remaining=11), ((2, 5), food_remaining=11), ((2, 5), food_remaining=11), ((9, 5), food_remaining=10), ((1, 5), food_remaining=9), ((8, 5), food_remaining=12), ((8, 3), food_remaining=12), ((13, 4), food_remaining=9), ((1, 3), food_remaining=11), ((5, 5), food_remaining=11), ((4, 4), food_remaining=10), ((2, 3), food_remaining=11), ((13, 4), food_remaining=9), ((13, 3), food_remaining=11), ((10, 5), food_remaining=10), ((12, 5), food_remaining=11), ((5, 5), food_remaining=11), ((10, 4), food_remaining=11), ((12, 5), food_remaining=10), ((11, 3), food_remaining=9), ((2, 5), food_remaining=10), ((4, 3), food_remaining=10), ((1, 5), food_remaining=10), ((14, 5), food_remaining=9), ... (+35 more)]","[((18, 3), food_remaining=5), ((16, 3), food_remaining=13), ((16, 3), food_remaining=12), ((9, 3), food_remaining=11), ((13, 4), food_remaining=10), ((1, 3), food_remaining=12), ((5, 5), food_remaining=10), ((8, 5), food_remaining=10), ((5, 3), food_remaining=11), ((14, 3), food_remaining=12), ((1, 3), food_remaining=11), ((1, 4), food_remaining=11), ((5, 3), food_remaining=10), ((9, 5), food_remaining=8), ((1, 5), food_remaining=11), ((2, 3), food_remaining=12), ((6, 5), food_remaining=11), ((2, 5), food_remaining=11), ((2, 5), food_remaining=11), ((9, 5), food_remaining=10), ((1, 5), food_remaining=9), ((8, 5), food_remaining=12), ((8, 3), food_remaining=12), ((13, 4), food_remaining=9), ((1, 3), food_remaining=11), ((5, 5), food_remaining=11), ((4, 4), food_remaining=10), ((2, 3), food_remaining=11), ((13, 4), food_remaining=9), ((13, 3), food_remaining=11), ((10, 5), food_remaining=10), ((12, 5), food_remaining=11), ((5, 5), food_remaining=11), ((10, 4), food_remaining=11), ((12, 5), food_remaining=10), ((11, 3), food_remaining=9), ((2, 5), food_remaining=10), ((4, 3), food_remaining=10), ((1, 5), food_remaining=10), ((14, 5), food_remaining=9), ... (+35 more)]","[((5, 5), food_remaining=12), ((4, 3), food_remaining=10), ((4, 3), food_remaining=9), ((9, 5), food_remaining=12), ((15, 3), food_remaining=12), ((9, 5), food_remaining=11), ((14, 5), food_remaining=10), ((1, 5), food_remaining=11), ((1, 5), food_remaining=10), ((5, 5), food_remaining=12), ((5, 5), food_remaining=11), ((4, 3), food_remaining=12), ((4, 3), food_remaining=11), ((1, 4), food_remaining=10), ((1, 4), food_remaining=9), ((5, 3), food_remaining=10), ((5, 3), food_remaining=9), ((14, 5), food_remaining=10), ((14, 5), food_remaining=9), ((3, 3), food_remaining=10), ((5, 3), food_remaining=12), ((2, 5), food_remaining=10), ((2, 5), food_remaining=11), ((12, 3), food_remaining=13), ((12, 3), food_remaining=12), ((1, 5), food_remaining=10), ((1, 5), food_remaining=9), ((3, 3), food_remaining=13), ((3, 3), food_remaining=12), ((13, 5), food_remaining=7), ((12, 5), food_remaining=12), ((2, 5), food_remaining=12), ((13, 5), food_remaining=6), ((16, 4), food_remaining=5), ((12, 5), food_remaining=10), ((12, 5), food_remaining=11), ((3, 3), food_remaining=12), ((3, 3), food_remaining=11), ((5, 5), food_remaining=10), ((5, 5), food_remaining=9), ... (+196 more)]",40,20,60
237,"((18, 3), food_remaining=5)","((18, 4), food_remaining=5)",South,"['((18, 4), food_remaining=5)', '((18, 2), food_remaining=5)']","[((18, 3), food_remaining=5), ((16, 3), food_remaining=13), ((16, 3), food_remaining=12), ((9, 3), food_remaining=11), ((13, 4), food_remaining=10), ((1, 3), food_remaining=12), ((5, 5), food_remaining=10), ((8, 5), food_remaining=10), ((5, 3), food_remaining=11), ((14, 3), food_remaining=12), ((1, 3), food_remaining=11), ((1, 4), food_remaining=11), ((5, 3), food_remaining=10), ((9, 5), food_remaining=8), ((1, 5), food_remaining=11), ((2, 3), food_remaining=12), ((6, 5), food_remaining=11), ((2, 5), food_remaining=11), ((2, 5), food_remaining=11), ((9, 5), food_remaining=10), ((1, 5), food_remaining=9), ((8, 5), food_remaining=12), ((8, 3), food_remaining=12), ((13, 4), food_remaining=9), ((1, 3), food_remaining=11), ((5, 5), food_remaining=11), ((4, 4), food_remaining=10), ((2, 3), food_remaining=11), ((13, 4), food_remaining=9), ((13, 3), food_remaining=11), ((10, 5), food_remaining=10), ((12, 5), food_remaining=11), ((5, 5), food_remaining=11), ((10, 4), food_remaining=11), ((12, 5), food_remaining=10), ((11, 3), food_remaining=9), ((2, 5), food_remaining=10), ((4, 3), food_remaining=10), ((1, 5), food_remaining=10), ((14, 5), food_remaining=9), ... (+35 more)]","[((18, 2), food_remaining=5), ((16, 3), food_remaining=13), ((16, 3), food_remaining=12), ((9, 3), food_remaining=11), ((13, 4), food_remaining=10), ((1, 3), food_remaining=12), ((5, 5), food_remaining=10), ((8, 5), food_remaining=10), ((5, 3), food_remaining=11), ((14, 3), food_remaining=12), ((1, 3), food_remaining=11), ((1, 4), food_remaining=11), ((5, 3), food_remaining=10), ((9, 5), food_remaining=8), ((1, 5), food_remaining=11), ((2, 3), food_remaining=12), ((6, 5), food_remaining=11), ((2, 5), food_remaining=11), ((2, 5), food_remaining=11), ((9, 5), food_remaining=10), ((1, 5), food_remaining=9), ((8, 5), food_remaining=12), ((8, 3), food_remaining=12), ((13, 4), food_remaining=9), ((1, 3), food_remaining=11), ((5, 5), food_remaining=11), ((4, 4), food_remaining=10), ((2, 3), food_remaining=11), ((13, 4), food_remaining=9), ((13, 3), food_remaining=11), ((10, 5), food_remaining=10), ((12, 5), food_remaining=11), ((5, 5), food_remaining=11), ((10, 4), food_remaining=11), ((12, 5), food_remaining=10), ((11, 3), food_remaining=9), ((2, 5), food_remaining=10), ((4, 3), food_remaining=10), ((1, 5), food_remaining=10), ((14, 5), food_remaining=9), ... (+35 more)]","[((5, 5), food_remaining=12), ((4, 3), food_remaining=10), ((4, 3), food_remaining=9), ((9, 5), food_remaining=12), ((15, 3), food_remaining=12), ((9, 5), food_remaining=11), ((14, 5), food_remaining=10), ((1, 5), food_remaining=11), ((1, 5), food_remaining=10), ((5, 5), food_remaining=12), ((5, 5), food_remaining=11), ((4, 3), food_remaining=12), ((4, 3), food_remaining=11), ((1, 4), food_remaining=10), ((1, 4), food_remaining=9), ((5, 3), food_remaining=10), ((5, 3), food_remaining=9), ((14, 5), food_remaining=10), ((14, 5), food_remaining=9), ((3, 3), food_remaining=10), ((5, 3), food_remaining=12), ((2, 5), food_remaining=10), ((2, 5), food_remaining=11), ((12, 3), food_remaining=13), ((12, 3), food_remaining=12), ((1, 5), food_remaining=10), ((1, 5), food_remaining=9), ((3, 3), food_remaining=13), ((3, 3), food_remaining=12), ((13, 5), food_remaining=7), ((12, 5), food_remaining=12), ((2, 5), food_remaining=12), ((13, 5), food_remaining=6), ((16, 4), food_remaining=5), ((12, 5), food_remaining=10), ((12, 5), food_remaining=11), ((3, 3), food_remaining=12), ((3, 3), food_remaining=11), ((5, 5), food_remaining=10), ((5, 5), food_remaining=9), ... (+197 more)]",41,19,60
238,"((18, 2), food_remaining=5)","((18, 3), food_remaining=5)",South,"['((18, 3), food_remaining=5)', '((18, 1), food_remaining=5)']","[((18, 2), food_remaining=5), ((16, 3), food_remaining=13), ((16, 3), food_remaining=12), ((9, 3), food_remaining=11), ((13, 4), food_remaining=10), ((1, 3), food_remaining=12), ((5, 5), food_remaining=10), ((8, 5), food_remaining=10), ((5, 3), food_remaining=11), ((14, 3), food_remaining=12), ((1, 3), food_remaining=11), ((1, 4), food_remaining=11), ((5, 3), food_remaining=10), ((9, 5), food_remaining=8), ((1, 5), food_remaining=11), ((2, 3), food_remaining=12), ((6, 5), food_remaining=11), ((2, 5), food_remaining=11), ((2, 5), food_remaining=11), ((9, 5), food_remaining=10), ((1, 5), food_remaining=9), ((8, 5), food_remaining=12), ((8, 3), food_remaining=12), ((13, 4), food_remaining=9), ((1, 3), food_remaining=11), ((5, 5), food_remaining=11), ((4, 4), food_remaining=10), ((2, 3), food_remaining=11), ((13, 4), food_remaining=9), ((13, 3), food_remaining=11), ((10, 5), food_remaining=10), ((12, 5), food_remaining=11), ((5, 5), food_remaining=11), ((10, 4), food_remaining=11), ((12, 5), food_remaining=10), ((11, 3), food_remaining=9), ((2, 5), food_remaining=10), ((4, 3), food_remaining=10), ((1, 5), food_remaining=10), ((14, 5), food_remaining=9), ... (+35 more)]","[((18, 1), food_remaining=5), ((16, 3), food_remaining=13), ((16, 3), food_remaining=12), ((9, 3), food_remaining=11), ((13, 4), food_remaining=10), ((1, 3), food_remaining=12), ((5, 5), food_remaining=10), ((8, 5), food_remaining=10), ((5, 3), food_remaining=11), ((14, 3), food_remaining=12), ((1, 3), food_remaining=11), ((1, 4), food_remaining=11), ((5, 3), food_remaining=10), ((9, 5), food_remaining=8), ((1, 5), food_remaining=11), ((2, 3), food_remaining=12), ((6, 5), food_remaining=11), ((2, 5), food_remaining=11), ((2, 5), food_remaining=11), ((9, 5), food_remaining=10), ((1, 5), food_remaining=9), ((8, 5), food_remaining=12), ((8, 3), food_remaining=12), ((13, 4), food_remaining=9), ((1, 3), food_remaining=11), ((5, 5), food_remaining=11), ((4, 4), food_remaining=10), ((2, 3), food_remaining=11), ((13, 4), food_remaining=9), ((13, 3), food_remaining=11), ((10, 5), food_remaining=10), ((12, 5), food_remaining=11), ((5, 5), food_remaining=11), ((10, 4), food_remaining=11), ((12, 5), food_remaining=10), ((11, 3), food_remaining=9), ((2, 5), food_remaining=10), ((4, 3), food_remaining=10), ((1, 5), food_remaining=10), ((14, 5), food_remaining=9), ... (+35 more)]","[((5, 5), food_remaining=12), ((4, 3), food_remaining=10), ((4, 3), food_remaining=9), ((9, 5), food_remaining=12), ((15, 3), food_remaining=12), ((9, 5), food_remaining=11), ((14, 5), food_remaining=10), ((1, 5), food_remaining=11), ((1, 5), food_remaining=10), ((5, 5), food_remaining=12), ((5, 5), food_remaining=11), ((4, 3), food_remaining=12), ((4, 3), food_remaining=11), ((1, 4), food_remaining=10), ((1, 4), food_remaining=9), ((5, 3), food_remaining=10), ((5, 3), food_remaining=9), ((14, 5), food_remaining=10), ((14, 5), food_remaining=9), ((3, 3), food_remaining=10), ((5, 3), food_remaining=12), ((2, 5), food_remaining=10), ((2, 5), food_remaining=11), ((18, 2), food_remaining=5), ((12, 3), food_remaining=13), ((12, 3), food_remaining=12), ((1, 5), food_remaining=10), ((1, 5), food_remaining=9), ((3, 3), food_remaining=13), ((3, 3), food_remaining=12), ((13, 5), food_remaining=7), ((12, 5), food_remaining=12), ((2, 5), food_remaining=12), ((13, 5), food_remaining=6), ((16, 4), food_remaining=5), ((12, 5), food_remaining=10), ((12, 5), food_remaining=11), ((3, 3), food_remaining=12), ((3, 3), food_remaining=11), ((5, 5), food_remaining=10), ... (+198 more)]",42,18,60
239,"((18, 1), food_remaining=5)","((18, 2), food_remaining=5)",South,"['((18, 2), food_remaining=5)', '((17, 1), food_remaining=5)']","[((18, 1), food_remaining=5), ((16, 3), food_remaining=13), ((16, 3), food_remaining=12), ((9, 3), food_remaining=11), ((13, 4), food_remaining=10), ((1, 3), food_remaining=12), ((5, 5), food_remaining=10), ((8, 5), food_remaining=10), ((5, 3), food_remaining=11), ((14, 3), food_remaining=12), ((1, 3), food_remaining=11), ((1, 4), food_remaining=11), ((5, 3), food_remaining=10), ((9, 5), food_remaining=8), ((1, 5), food_remaining=11), ((2, 3), food_remaining=12), ((6, 5), food_remaining=11), ((2, 5), food_remaining=11), ((2, 5), food_remaining=11), ((9, 5), food_remaining=10), ((1, 5), food_remaining=9), ((8, 5), food_remaining=12), ((8, 3), food_remaining=12), ((13, 4), food_remaining=9), ((1, 3), food_remaining=11), ((5, 5), food_remaining=11), ((4, 4), food_remaining=10), ((2, 3), food_remaining=11), ((13, 4), food_remaining=9), ((13, 3), food_remaining=11), ((10, 5), food_remaining=10), ((12, 5), food_remaining=11), ((5, 5), food_remaining=11), ((10, 4), food_remaining=11), ((12, 5), food_remaining=10), ((11, 3), food_remaining=9), ((2, 5), food_remaining=10), ((4, 3), food_remaining=10), ((1, 5), food_remaining=10), ((14, 5), food_remaining=9), ... (+35 more)]","[((17, 1), food_remaining=5), ((16, 3), food_remaining=13), ((16, 3), food_remaining=12), ((9, 3), food_remaining=11), ((13, 4), food_remaining=10), ((1, 3), food_remaining=12), ((5, 5), food_remaining=10), ((8, 5), food_remaining=10), ((5, 3), food_remaining=11), ((14, 3), food_remaining=12), ((1, 3), food_remaining=11), ((1, 4), food_remaining=11), ((5, 3), food_remaining=10), ((9, 5), food_remaining=8), ((1, 5), food_remaining=11), ((2, 3), food_remaining=12), ((6, 5), food_remaining=11), ((2, 5), food_remaining=11), ((2, 5), food_remaining=11), ((9, 5), food_remaining=10), ((1, 5), food_remaining=9), ((8, 5), food_remaining=12), ((8, 3), food_remaining=12), ((13, 4), food_remaining=9), ((1, 3), food_remaining=11), ((5, 5), food_remaining=11), ((4, 4), food_remaining=10), ((2, 3), food_remaining=11), ((13, 4), food_remaining=9), ((13, 3), food_remaining=11), ((10, 5), food_remaining=10), ((12, 5), food_remaining=11), ((5, 5), food_remaining=11), ((10, 4), food_remaining=11), ((12, 5), food_remaining=10), ((11, 3), food_remaining=9), ((2, 5), food_remaining=10), ((4, 3), food_remaining=10), ((1, 5), food_remaining=10), ((14, 5), food_remaining=9), ... (+35 more)]","[((5, 5), food_remaining=12), ((4, 3), food_remaining=10), ((4, 3), food_remaining=9), ((9, 5), food_remaining=12), ((15, 3), food_remaining=12), ((9, 5), food_remaining=11), ((14, 5), food_remaining=10), ((1, 5), food_remaining=11), ((1, 5), food_remaining=10), ((5, 5), food_remaining=12), ((5, 5), food_remaining=11), ((4, 3), food_remaining=12), ((4, 3), food_remaining=11), ((1, 4), food_remaining=10), ((1, 4), food_remaining=9), ((5, 3), food_remaining=10), ((5, 3), food_remaining=9), ((14, 5), food_remaining=10), ((14, 5), food_remaining=9), ((3, 3), food_remaining=10), ((5, 3), food_remaining=12), ((2, 5), food_remaining=10), ((2, 5), food_remaining=11), ((18, 2), food_remaining=5), ((12, 3), food_remaining=13), ((12, 3), food_remaining=12), ((1, 5), food_remaining=10), ((1, 5), food_remaining=9), ((3, 3), food_remaining=13), ((3, 3), food_remaining=12), ((13, 5), food_remaining=7), ((12, 5), food_remaining=12), ((2, 5), food_remaining=12), ((13, 5), food_remaining=6), ((16, 4), food_remaining=5), ((12, 5), food_remaining=10), ((12, 5), food_remaining=11), ((3, 3), food_remaining=12), ((3, 3), food_remaining=11), ((5, 5), food_remaining=10), ... (+199 more)]",43,17,60
240,"((17, 1), food_remaining=5)","((18, 1), food_remaining=5)",West,"['((18, 1), food_remaining=5)', '((16, 1), food_remaining=5)']","[((17, 1), food_remaining=5), ((16, 3), food_remaining=13), ((16, 3), food_remaining=12), ((9, 3), food_remaining=11), ((13, 4), food_remaining=10), ((1, 3), food_remaining=12), ((5, 5), food_remaining=10), ((8, 5), food_remaining=10), ((5, 3), food_remaining=11), ((14, 3), food_remaining=12), ((1, 3), food_remaining=11), ((1, 4), food_remaining=11), ((5, 3), food_remaining=10), ((9, 5), food_remaining=8), ((1, 5), food_remaining=11), ((2, 3), food_remaining=12), ((6, 5), food_remaining=11), ((2, 5), food_remaining=11), ((2, 5), food_remaining=11), ((9, 5), food_remaining=10), ((1, 5), food_remaining=9), ((8, 5), food_remaining=12), ((8, 3), food_remaining=12), ((13, 4), food_remaining=9), ((1, 3), food_remaining=11), ((5, 5), food_remaining=11), ((4, 4), food_remaining=10), ((2, 3), food_remaining=11), ((13, 4), food_remaining=9), ((13, 3), food_remaining=11), ((10, 5), food_remaining=10), ((12, 5), food_remaining=11), ((5, 5), food_remaining=11), ((10, 4), food_remaining=11), ((12, 5), food_remaining=10), ((11, 3), food_remaining=9), ((2, 5), food_remaining=10), ((4, 3), food_remaining=10), ((1, 5), food_remaining=10), ((14, 5), food_remaining=9), ... (+35 more)]","[((16, 1), food_remaining=5), ((16, 3), food_remaining=13), ((16, 3), food_remaining=12), ((9, 3), food_remaining=11), ((13, 4), food_remaining=10), ((1, 3), food_remaining=12), ((5, 5), food_remaining=10), ((8, 5), food_remaining=10), ((5, 3), food_remaining=11), ((14, 3), food_remaining=12), ((1, 3), food_remaining=11), ((1, 4), food_remaining=11), ((5, 3), food_remaining=10), ((9, 5), food_remaining=8), ((1, 5), food_remaining=11), ((2, 3), food_remaining=12), ((6, 5), food_remaining=11), ((2, 5), food_remaining=11), ((2, 5), food_remaining=11), ((9, 5), food_remaining=10), ((1, 5), food_remaining=9), ((8, 5), food_remaining=12), ((8, 3), food_remaining=12), ((13, 4), food_remaining=9), ((1, 3), food_remaining=11), ((5, 5), food_remaining=11), ((4, 4), food_remaining=10), ((2, 3), food_remaining=11), ((13, 4), food_remaining=9), ((13, 3), food_remaining=11), ((10, 5), food_remaining=10), ((12, 5), food_remaining=11), ((5, 5), food_remaining=11), ((10, 4), food_remaining=11), ((12, 5), food_remaining=10), ((11, 3), food_remaining=9), ((2, 5), food_remaining=10), ((4, 3), food_remaining=10), ((1, 5), food_remaining=10), ((14, 5), food_remaining=9), ... (+35 more)]","[((5, 5), food_remaining=12), ((4, 3), food_remaining=10), ((4, 3), food_remaining=9), ((9, 5), food_remaining=12), ((15, 3), food_remaining=12), ((9, 5), food_remaining=11), ((14, 5), food_remaining=10), ((1, 5), food_remaining=11), ((1, 5), food_remaining=10), ((5, 5), food_remaining=12), ((5, 5), food_remaining=11), ((4, 3), food_remaining=12), ((4, 3), food_remaining=11), ((1, 4), food_remaining=10), ((1, 4), food_remaining=9), ((5, 3), food_remaining=10), ((5, 3), food_remaining=9), ((14, 5), food_remaining=10), ((14, 5), food_remaining=9), ((3, 3), food_remaining=10), ((5, 3), food_remaining=12), ((2, 5), food_remaining=10), ((2, 5), food_remaining=11), ((18, 2), food_remaining=5), ((12, 3), food_remaining=13), ((12, 3), food_remaining=12), ((1, 5), food_remaining=10), ((1, 5), food_remaining=9), ((3, 3), food_remaining=13), ((3, 3), food_remaining=12), ((13, 5), food_remaining=7), ((12, 5), food_remaining=12), ((2, 5), food_remaining=12), ((13, 5), food_remaining=6), ((16, 4), food_remaining=5), ((12, 5), food_remaining=10), ((12, 5), food_remaining=11), ((3, 3), food_remaining=12), ((3, 3), food_remaining=11), ((5, 5), food_remaining=10), ... (+200 more)]",44,16,60
241,"((16, 1), food_remaining=5)","((17, 1), food_remaining=5)",West,"['((17, 1), food_remaining=5)', '((15, 1), food_remaining=5)']","[((16, 1), food_remaining=5), ((16, 3), food_remaining=13), ((16, 3), food_remaining=12), ((9, 3), food_remaining=11), ((13, 4), food_remaining=10), ((1, 3), food_remaining=12), ((5, 5), food_remaining=10), ((8, 5), food_remaining=10), ((5, 3), food_remaining=11), ((14, 3), food_remaining=12), ((1, 3), food_remaining=11), ((1, 4), food_remaining=11), ((5, 3), food_remaining=10), ((9, 5), food_remaining=8), ((1, 5), food_remaining=11), ((2, 3), food_remaining=12), ((6, 5), food_remaining=11), ((2, 5), food_remaining=11), ((2, 5), food_remaining=11), ((9, 5), food_remaining=10), ((1, 5), food_remaining=9), ((8, 5), food_remaining=12), ((8, 3), food_remaining=12), ((13, 4), food_remaining=9), ((1, 3), food_remaining=11), ((5, 5), food_remaining=11), ((4, 4), food_remaining=10), ((2, 3), food_remaining=11), ((13, 4), food_remaining=9), ((13, 3), food_remaining=11), ((10, 5), food_remaining=10), ((12, 5), food_remaining=11), ((5, 5), food_remaining=11), ((10, 4), food_remaining=11), ((12, 5), food_remaining=10), ((11, 3), food_remaining=9), ((2, 5), food_remaining=10), ((4, 3), food_remaining=10), ((1, 5), food_remaining=10), ((14, 5), food_remaining=9), ... (+35 more)]","[((15, 1), food_remaining=5), ((16, 3), food_remaining=13), ((16, 3), food_remaining=12), ((9, 3), food_remaining=11), ((13, 4), food_remaining=10), ((1, 3), food_remaining=12), ((5, 5), food_remaining=10), ((8, 5), food_remaining=10), ((5, 3), food_remaining=11), ((14, 3), food_remaining=12), ((1, 3), food_remaining=11), ((1, 4), food_remaining=11), ((5, 3), food_remaining=10), ((9, 5), food_remaining=8), ((1, 5), food_remaining=11), ((2, 3), food_remaining=12), ((6, 5), food_remaining=11), ((2, 5), food_remaining=11), ((2, 5), food_remaining=11), ((9, 5), food_remaining=10), ((1, 5), food_remaining=9), ((8, 5), food_remaining=12), ((8, 3), food_remaining=12), ((13, 4), food_remaining=9), ((1, 3), food_remaining=11), ((5, 5), food_remaining=11), ((4, 4), food_remaining=10), ((2, 3), food_remaining=11), ((13, 4), food_remaining=9), ((13, 3), food_remaining=11), ((10, 5), food_remaining=10), ((12, 5), food_remaining=11), ((5, 5), food_remaining=11), ((10, 4), food_remaining=11), ((12, 5), food_remaining=10), ((11, 3), food_remaining=9), ((2, 5), food_remaining=10), ((4, 3), food_remaining=10), ((1, 5), food_remaining=10), ((14, 5), food_remaining=9), ... (+35 more)]","[((5, 5), food_remaining=12), ((4, 3), food_remaining=10), ((4, 3), food_remaining=9), ((9, 5), food_remaining=12), ((15, 3), food_remaining=12), ((9, 5), food_remaining=11), ((14, 5), food_remaining=10), ((1, 5), food_remaining=11), ((1, 5), food_remaining=10), ((5, 5), food_remaining=12), ((5, 5), food_remaining=11), ((4, 3), food_remaining=12), ((4, 3), food_remaining=11), ((1, 4), food_remaining=10), ((1, 4), food_remaining=9), ((5, 3), food_remaining=10), ((5, 3), food_remaining=9), ((14, 5), food_remaining=10), ((14, 5), food_remaining=9), ((3, 3), food_remaining=10), ((5, 3), food_remaining=12), ((2, 5), food_remaining=10), ((2, 5), food_remaining=11), ((18, 2), food_remaining=5), ((12, 3), food_remaining=13), ((12, 3), food_remaining=12), ((1, 5), food_remaining=10), ((1, 5), food_remaining=9), ((3, 3), food_remaining=13), ((3, 3), food_remaining=12), ((13, 5), food_remaining=7), ((12, 5), food_remaining=12), ((2, 5), food_remaining=12), ((13, 5), food_remaining=6), ((16, 4), food_remaining=5), ((12, 5), food_remaining=10), ((12, 5), food_remaining=11), ((3, 3), food_remaining=12), ((3, 3), food_remaining=11), ((5, 5), food_remaining=10), ... (+201 more)]",45,15,60
242,"((15, 1), food_remaining=5)","((16, 1), food_remaining=5)",West,"['((16, 1), food_remaining=5)', '((14, 1), food_remaining=5)']","[((15, 1), food_remaining=5), ((16, 3), food_remaining=13), ((16, 3), food_remaining=12), ((9, 3), food_remaining=11), ((13, 4), food_remaining=10), ((1, 3), food_remaining=12), ((5, 5), food_remaining=10), ((8, 5), food_remaining=10), ((5, 3), food_remaining=11), ((14, 3), food_remaining=12), ((1, 3), food_remaining=11), ((1, 4), food_remaining=11), ((5, 3), food_remaining=10), ((9, 5), food_remaining=8), ((1, 5), food_remaining=11), ((2, 3), food_remaining=12), ((6, 5), food_remaining=11), ((2, 5), food_remaining=11), ((2, 5), food_remaining=11), ((9, 5), food_remaining=10), ((1, 5), food_remaining=9), ((8, 5), food_remaining=12), ((8, 3), food_remaining=12), ((13, 4), food_remaining=9), ((1, 3), food_remaining=11), ((5, 5), food_remaining=11), ((4, 4), food_remaining=10), ((2, 3), food_remaining=11), ((13, 4), food_remaining=9), ((13, 3), food_remaining=11), ((10, 5), food_remaining=10), ((12, 5), food_remaining=11), ((5, 5), food_remaining=11), ((10, 4), food_remaining=11), ((12, 5), food_remaining=10), ((11, 3), food_remaining=9), ((2, 5), food_remaining=10), ((4, 3), food_remaining=10), ((1, 5), food_remaining=10), ((14, 5), food_remaining=9), ... (+35 more)]","[((14, 1), food_remaining=5), ((16, 3), food_remaining=13), ((16, 3), food_remaining=12), ((9, 3), food_remaining=11), ((13, 4), food_remaining=10), ((1, 3), food_remaining=12), ((5, 5), food_remaining=10), ((8, 5), food_remaining=10), ((5, 3), food_remaining=11), ((14, 3), food_remaining=12), ((1, 3), food_remaining=11), ((1, 4), food_remaining=11), ((5, 3), food_remaining=10), ((9, 5), food_remaining=8), ((1, 5), food_remaining=11), ((2, 3), food_remaining=12), ((6, 5), food_remaining=11), ((2, 5), food_remaining=11), ((2, 5), food_remaining=11), ((9, 5), food_remaining=10), ((1, 5), food_remaining=9), ((8, 5), food_remaining=12), ((8, 3), food_remaining=12), ((13, 4), food_remaining=9), ((1, 3), food_remaining=11), ((5, 5), food_remaining=11), ((4, 4), food_remaining=10), ((2, 3), food_remaining=11), ((13, 4), food_remaining=9), ((13, 3), food_remaining=11), ((10, 5), food_remaining=10), ((12, 5), food_remaining=11), ((5, 5), food_remaining=11), ((10, 4), food_remaining=11), ((12, 5), food_remaining=10), ((11, 3), food_remaining=9), ((2, 5), food_remaining=10), ((4, 3), food_remaining=10), ((1, 5), food_remaining=10), ((14, 5), food_remaining=9), ... (+35 more)]","[((5, 5), food_remaining=12), ((4, 3), food_remaining=10), ((4, 3), food_remaining=9), ((9, 5), food_remaining=12), ((15, 3), food_remaining=12), ((9, 5), food_remaining=11), ((14, 5), food_remaining=10), ((15, 1), food_remaining=5), ((1, 5), food_remaining=11), ((1, 5), food_remaining=10), ((5, 5), food_remaining=12), ((5, 5), food_remaining=11), ((4, 3), food_remaining=12), ((4, 3), food_remaining=11), ((1, 4), food_remaining=10), ((1, 4), food_remaining=9), ((5, 3), food_remaining=10), ((5, 3), food_remaining=9), ((14, 5), food_remaining=10), ((14, 5), food_remaining=9), ((3, 3), food_remaining=10), ((5, 3), food_remaining=12), ((2, 5), food_remaining=10), ((2, 5), food_remaining=11), ((18, 2), food_remaining=5), ((12, 3), food_remaining=13), ((12, 3), food_remaining=12), ((1, 5), food_remaining=10), ((1, 5), food_remaining=9), ((3, 3), food_remaining=13), ((3, 3), food_remaining=12), ((13, 5), food_remaining=7), ((12, 5), food_remaining=12), ((2, 5), food_remaining=12), ((13, 5), food_remaining=6), ((16, 4), food_remaining=5), ((12, 5), food_remaining=10), ((12, 5), food_remaining=11), ((3, 3), food_remaining=12), ((3, 3), food_remaining=11), ... (+202 more)]",46,14,60
243,"((14, 1), food_remaining=5)","((15, 1), food_remaining=5)",West,"['((15, 1), food_remaining=5)', '((13, 1), food_remaining=5)']","[((14, 1), food_remaining=5), ((16, 3), food_remaining=13), ((16, 3), food_remaining=12), ((9, 3), food_remaining=11), ((13, 4), food_remaining=10), ((1, 3), food_remaining=12), ((5, 5), food_remaining=10), ((8, 5), food_remaining=10), ((5, 3), food_remaining=11), ((14, 3), food_remaining=12), ((1, 3), food_remaining=11), ((1, 4), food_remaining=11), ((5, 3), food_remaining=10), ((9, 5), food_remaining=8), ((1, 5), food_remaining=11), ((2, 3), food_remaining=12), ((6, 5), food_remaining=11), ((2, 5), food_remaining=11), ((2, 5), food_remaining=11), ((9, 5), food_remaining=10), ((1, 5), food_remaining=9), ((8, 5), food_remaining=12), ((8, 3), food_remaining=12), ((13, 4), food_remaining=9), ((1, 3), food_remaining=11), ((5, 5), food_remaining=11), ((4, 4), food_remaining=10), ((2, 3), food_remaining=11), ((13, 4), food_remaining=9), ((13, 3), food_remaining=11), ((10, 5), food_remaining=10), ((12, 5), food_remaining=11), ((5, 5), food_remaining=11), ((10, 4), food_remaining=11), ((12, 5), food_remaining=10), ((11, 3), food_remaining=9), ((2, 5), food_remaining=10), ((4, 3), food_remaining=10), ((1, 5), food_remaining=10), ((14, 5), food_remaining=9), ... (+35 more)]","[((13, 1), food_remaining=5), ((16, 3), food_remaining=13), ((16, 3), food_remaining=12), ((9, 3), food_remaining=11), ((13, 4), food_remaining=10), ((1, 3), food_remaining=12), ((5, 5), food_remaining=10), ((8, 5), food_remaining=10), ((5, 3), food_remaining=11), ((14, 3), food_remaining=12), ((1, 3), food_remaining=11), ((1, 4), food_remaining=11), ((5, 3), food_remaining=10), ((9, 5), food_remaining=8), ((1, 5), food_remaining=11), ((2, 3), food_remaining=12), ((6, 5), food_remaining=11), ((2, 5), food_remaining=11), ((2, 5), food_remaining=11), ((9, 5), food_remaining=10), ((1, 5), food_remaining=9), ((8, 5), food_remaining=12), ((8, 3), food_remaining=12), ((13, 4), food_remaining=9), ((1, 3), food_remaining=11), ((5, 5), food_remaining=11), ((4, 4), food_remaining=10), ((2, 3), food_remaining=11), ((13, 4), food_remaining=9), ((13, 3), food_remaining=11), ((10, 5), food_remaining=10), ((12, 5), food_remaining=11), ((5, 5), food_remaining=11), ((10, 4), food_remaining=11), ((12, 5), food_remaining=10), ((11, 3), food_remaining=9), ((2, 5), food_remaining=10), ((4, 3), food_remaining=10), ((1, 5), food_remaining=10), ((14, 5), food_remaining=9), ... (+35 more)]","[((5, 5), food_remaining=12), ((4, 3), food_remaining=10), ((4, 3), food_remaining=9), ((9, 5), food_remaining=12), ((15, 3), food_remaining=12), ((9, 5), food_remaining=11), ((14, 5), food_remaining=10), ((15, 1), food_remaining=5), ((1, 5), food_remaining=11), ((1, 5), food_remaining=10), ((5, 5), food_remaining=12), ((5, 5), food_remaining=11), ((4, 3), food_remaining=12), ((4, 3), food_remaining=11), ((1, 4), food_remaining=10), ((1, 4), food_remaining=9), ((5, 3), food_remaining=10), ((5, 3), food_remaining=9), ((14, 5), food_remaining=10), ((14, 5), food_remaining=9), ((3, 3), food_remaining=10), ((5, 3), food_remaining=12), ((2, 5), food_remaining=10), ((2, 5), food_remaining=11), ((18, 2), food_remaining=5), ((12, 3), food_remaining=13), ((12, 3), food_remaining=12), ((1, 5), food_remaining=10), ((1, 5), food_remaining=9), ((3, 3), food_remaining=13), ((3, 3), food_remaining=12), ((13, 5), food_remaining=7), ((12, 5), food_remaining=12), ((2, 5), food_remaining=12), ((13, 5), food_remaining=6), ((16, 4), food_remaining=5), ((12, 5), food_remaining=10), ((12, 5), food_remaining=11), ((3, 3), food_remaining=12), ((3, 3), food_remaining=11), ... (+203 more)]",47,13,60
244,"((13, 1), food_remaining=5)","((14, 1), food_remaining=5)",West,"['((14, 1), food_remaining=5)', '((12, 1), food_remaining=5)']","[((13, 1), food_remaining=5), ((16, 3), food_remaining=13), ((16, 3), food_remaining=12), ((9, 3), food_remaining=11), ((13, 4), food_remaining=10), ((1, 3), food_remaining=12), ((5, 5), food_remaining=10), ((8, 5), food_remaining=10), ((5, 3), food_remaining=11), ((14, 3), food_remaining=12), ((1, 3), food_remaining=11), ((1, 4), food_remaining=11), ((5, 3), food_remaining=10), ((9, 5), food_remaining=8), ((1, 5), food_remaining=11), ((2, 3), food_remaining=12), ((6, 5), food_remaining=11), ((2, 5), food_remaining=11), ((2, 5), food_remaining=11), ((9, 5), food_remaining=10), ((1, 5), food_remaining=9), ((8, 5), food_remaining=12), ((8, 3), food_remaining=12), ((13, 4), food_remaining=9), ((1, 3), food_remaining=11), ((5, 5), food_remaining=11), ((4, 4), food_remaining=10), ((2, 3), food_remaining=11), ((13, 4), food_remaining=9), ((13, 3), food_remaining=11), ((10, 5), food_remaining=10), ((12, 5), food_remaining=11), ((5, 5), food_remaining=11), ((10, 4), food_remaining=11), ((12, 5), food_remaining=10), ((11, 3), food_remaining=9), ((2, 5), food_remaining=10), ((4, 3), food_remaining=10), ((1, 5), food_remaining=10), ((14, 5), food_remaining=9), ... (+35 more)]","[((12, 1), food_remaining=5), ((16, 3), food_remaining=13), ((16, 3), food_remaining=12), ((9, 3), food_remaining=11), ((13, 4), food_remaining=10), ((1, 3), food_remaining=12), ((5, 5), food_remaining=10), ((8, 5), food_remaining=10), ((5, 3), food_remaining=11), ((14, 3), food_remaining=12), ((1, 3), food_remaining=11), ((1, 4), food_remaining=11), ((5, 3), food_remaining=10), ((9, 5), food_remaining=8), ((1, 5), food_remaining=11), ((2, 3), food_remaining=12), ((6, 5), food_remaining=11), ((2, 5), food_remaining=11), ((2, 5), food_remaining=11), ((9, 5), food_remaining=10), ((1, 5), food_remaining=9), ((8, 5), food_remaining=12), ((8, 3), food_remaining=12), ((13, 4), food_remaining=9), ((1, 3), food_remaining=11), ((5, 5), food_remaining=11), ((4, 4), food_remaining=10), ((2, 3), food_remaining=11), ((13, 4), food_remaining=9), ((13, 3), food_remaining=11), ((10, 5), food_remaining=10), ((12, 5), food_remaining=11), ((5, 5), food_remaining=11), ((10, 4), food_remaining=11), ((12, 5), food_remaining=10), ((11, 3), food_remaining=9), ((2, 5), food_remaining=10), ((4, 3), food_remaining=10), ((1, 5), food_remaining=10), ((14, 5), food_remaining=9), ... (+35 more)]","[((5, 5), food_remaining=12), ((4, 3), food_remaining=10), ((4, 3), food_remaining=9), ((9, 5), food_remaining=12), ((15, 3), food_remaining=12), ((9, 5), food_remaining=11), ((14, 5), food_remaining=10), ((15, 1), food_remaining=5), ((1, 5), food_remaining=11), ((1, 5), food_remaining=10), ((13, 1), food_remaining=5), ((5, 5), food_remaining=12), ((5, 5), food_remaining=11), ((4, 3), food_remaining=12), ((4, 3), food_remaining=11), ((1, 4), food_remaining=10), ((1, 4), food_remaining=9), ((5, 3), food_remaining=10), ((5, 3), food_remaining=9), ((14, 5), food_remaining=10), ((14, 5), food_remaining=9), ((3, 3), food_remaining=10), ((5, 3), food_remaining=12), ((2, 5), food_remaining=10), ((2, 5), food_remaining=11), ((18, 2), food_remaining=5), ((12, 3), food_remaining=13), ((12, 3), food_remaining=12), ((1, 5), food_remaining=10), ((1, 5), food_remaining=9), ((3, 3), food_remaining=13), ((3, 3), food_remaining=12), ((13, 5), food_remaining=7), ((12, 5), food_remaining=12), ((2, 5), food_remaining=12), ((13, 5), food_remaining=6), ((16, 4), food_remaining=5), ((12, 5), food_remaining=10), ((12, 5), food_remaining=11), ((3, 3), food_remaining=12), ... (+204 more)]",48,12,60
245,"((12, 1), food_remaining=5)","((13, 1), food_remaining=5)",West,"['((13, 1), food_remaining=5)', '((11, 1), food_remaining=5)']","[((12, 1), food_remaining=5), ((16, 3), food_remaining=13), ((16, 3), food_remaining=12), ((9, 3), food_remaining=11), ((13, 4), food_remaining=10), ((1, 3), food_remaining=12), ((5, 5), food_remaining=10), ((8, 5), food_remaining=10), ((5, 3), food_remaining=11), ((14, 3), food_remaining=12), ((1, 3), food_remaining=11), ((1, 4), food_remaining=11), ((5, 3), food_remaining=10), ((9, 5), food_remaining=8), ((1, 5), food_remaining=11), ((2, 3), food_remaining=12), ((6, 5), food_remaining=11), ((2, 5), food_remaining=11), ((2, 5), food_remaining=11), ((9, 5), food_remaining=10), ((1, 5), food_remaining=9), ((8, 5), food_remaining=12), ((8, 3), food_remaining=12), ((13, 4), food_remaining=9), ((1, 3), food_remaining=11), ((5, 5), food_remaining=11), ((4, 4), food_remaining=10), ((2, 3), food_remaining=11), ((13, 4), food_remaining=9), ((13, 3), food_remaining=11), ((10, 5), food_remaining=10), ((12, 5), food_remaining=11), ((5, 5), food_remaining=11), ((10, 4), food_remaining=11), ((12, 5), food_remaining=10), ((11, 3), food_remaining=9), ((2, 5), food_remaining=10), ((4, 3), food_remaining=10), ((1, 5), food_remaining=10), ((14, 5), food_remaining=9), ... (+35 more)]","[((11, 1), food_remaining=5), ((16, 3), food_remaining=13), ((16, 3), food_remaining=12), ((9, 3), food_remaining=11), ((13, 4), food_remaining=10), ((1, 3), food_remaining=12), ((5, 5), food_remaining=10), ((8, 5), food_remaining=10), ((5, 3), food_remaining=11), ((14, 3), food_remaining=12), ((1, 3), food_remaining=11), ((1, 4), food_remaining=11), ((5, 3), food_remaining=10), ((9, 5), food_remaining=8), ((1, 5), food_remaining=11), ((2, 3), food_remaining=12), ((6, 5), food_remaining=11), ((2, 5), food_remaining=11), ((2, 5), food_remaining=11), ((9, 5), food_remaining=10), ((1, 5), food_remaining=9), ((8, 5), food_remaining=12), ((8, 3), food_remaining=12), ((13, 4), food_remaining=9), ((1, 3), food_remaining=11), ((5, 5), food_remaining=11), ((4, 4), food_remaining=10), ((2, 3), food_remaining=11), ((13, 4), food_remaining=9), ((13, 3), food_remaining=11), ((10, 5), food_remaining=10), ((12, 5), food_remaining=11), ((5, 5), food_remaining=11), ((10, 4), food_remaining=11), ((12, 5), food_remaining=10), ((11, 3), food_remaining=9), ((2, 5), food_remaining=10), ((4, 3), food_remaining=10), ((1, 5), food_remaining=10), ((14, 5), food_remaining=9), ... (+35 more)]","[((5, 5), food_remaining=12), ((4, 3), food_remaining=10), ((4, 3), food_remaining=9), ((9, 5), food_remaining=12), ((15, 3), food_remaining=12), ((9, 5), food_remaining=11), ((14, 5), food_remaining=10), ((15, 1), food_remaining=5), ((1, 5), food_remaining=11), ((1, 5), food_remaining=10), ((13, 1), food_remaining=5), ((5, 5), food_remaining=12), ((5, 5), food_remaining=11), ((4, 3), food_remaining=12), ((4, 3), food_remaining=11), ((1, 4), food_remaining=10), ((1, 4), food_remaining=9), ((5, 3), food_remaining=10), ((5, 3), food_remaining=9), ((14, 5), food_remaining=10), ((14, 5), food_remaining=9), ((3, 3), food_remaining=10), ((5, 3), food_remaining=12), ((2, 5), food_remaining=10), ((2, 5), food_remaining=11), ((18, 2), food_remaining=5), ((12, 3), food_remaining=13), ((12, 3), food_remaining=12), ((1, 5), food_remaining=10), ((1, 5), food_remaining=9), ((3, 3), food_remaining=13), ((3, 3), food_remaining=12), ((13, 5), food_remaining=7), ((12, 5), food_remaining=12), ((2, 5), food_remaining=12), ((13, 5), food_remaining=6), ((16, 4), food_remaining=5), ((12, 5), food_remaining=10), ((12, 5), food_remaining=11), ((3, 3), food_remaining=12), ... (+205 more)]",49,11,60
246,"((11, 1), food_remaining=5)","((12, 1), food_remaining=5)",West,"['((12, 1), food_remaining=5)', '((10, 1), food_remaining=5)']","[((11, 1), food_remaining=5), ((16, 3), food_remaining=13), ((16, 3), food_remaining=12), ((9, 3), food_remaining=11), ((13, 4), food_remaining=10), ((1, 3), food_remaining=12), ((5, 5), food_remaining=10), ((8, 5), food_remaining=10), ((5, 3), food_remaining=11), ((14, 3), food_remaining=12), ((1, 3), food_remaining=11), ((1, 4), food_remaining=11), ((5, 3), food_remaining=10), ((9, 5), food_remaining=8), ((1, 5), food_remaining=11), ((2, 3), food_remaining=12), ((6, 5), food_remaining=11), ((2, 5), food_remaining=11), ((2, 5), food_remaining=11), ((9, 5), food_remaining=10), ((1, 5), food_remaining=9), ((8, 5), food_remaining=12), ((8, 3), food_remaining=12), ((13, 4), food_remaining=9), ((1, 3), food_remaining=11), ((5, 5), food_remaining=11), ((4, 4), food_remaining=10), ((2, 3), food_remaining=11), ((13, 4), food_remaining=9), ((13, 3), food_remaining=11), ((10, 5), food_remaining=10), ((12, 5), food_remaining=11), ((5, 5), food_remaining=11), ((10, 4), food_remaining=11), ((12, 5), food_remaining=10), ((11, 3), food_remaining=9), ((2, 5), food_remaining=10), ((4, 3), food_remaining=10), ((1, 5), food_remaining=10), ((14, 5), food_remaining=9), ... (+35 more)]","[((10, 1), food_remaining=5), ((16, 3), food_remaining=13), ((16, 3), food_remaining=12), ((9, 3), food_remaining=11), ((13, 4), food_remaining=10), ((1, 3), food_remaining=12), ((5, 5), food_remaining=10), ((8, 5), food_remaining=10), ((5, 3), food_remaining=11), ((14, 3), food_remaining=12), ((1, 3), food_remaining=11), ((1, 4), food_remaining=11), ((5, 3), food_remaining=10), ((9, 5), food_remaining=8), ((1, 5), food_remaining=11), ((2, 3), food_remaining=12), ((6, 5), food_remaining=11), ((2, 5), food_remaining=11), ((2, 5), food_remaining=11), ((9, 5), food_remaining=10), ((1, 5), food_remaining=9), ((8, 5), food_remaining=12), ((8, 3), food_remaining=12), ((13, 4), food_remaining=9), ((1, 3), food_remaining=11), ((5, 5), food_remaining=11), ((4, 4), food_remaining=10), ((2, 3), food_remaining=11), ((13, 4), food_remaining=9), ((13, 3), food_remaining=11), ((10, 5), food_remaining=10), ((12, 5), food_remaining=11), ((5, 5), food_remaining=11), ((10, 4), food_remaining=11), ((12, 5), food_remaining=10), ((11, 3), food_remaining=9), ((2, 5), food_remaining=10), ((4, 3), food_remaining=10), ((1, 5), food_remaining=10), ((14, 5), food_remaining=9), ... (+35 more)]","[((5, 5), food_remaining=12), ((4, 3), food_remaining=10), ((4, 3), food_remaining=9), ((11, 1), food_remaining=5), ((9, 5), food_remaining=12), ((15, 3), food_remaining=12), ((9, 5), food_remaining=11), ((14, 5), food_remaining=10), ((15, 1), food_remaining=5), ((1, 5), food_remaining=11), ((1, 5), food_remaining=10), ((13, 1), food_remaining=5), ((5, 5), food_remaining=12), ((5, 5), food_remaining=11), ((4, 3), food_remaining=12), ((4, 3), food_remaining=11), ((1, 4), food_remaining=10), ((1, 4), food_remaining=9), ((5, 3), food_remaining=10), ((5, 3), food_remaining=9), ((14, 5), food_remaining=10), ((14, 5), food_remaining=9), ((3, 3), food_remaining=10), ((5, 3), food_remaining=12), ((2, 5), food_remaining=10), ((2, 5), food_remaining=11), ((18, 2), food_remaining=5), ((12, 3), food_remaining=13), ((12, 3), food_remaining=12), ((1, 5), food_remaining=10), ((1, 5), food_remaining=9), ((3, 3), food_remaining=13), ((3, 3), food_remaining=12), ((13, 5), food_remaining=7), ((12, 5), food_remaining=12), ((2, 5), food_remaining=12), ((13, 5), food_remaining=6), ((16, 4), food_remaining=5), ((12, 5), food_remaining=10), ((12, 5), food_remaining=11), ... (+206 more)]",50,10,60
247,"((10, 1), food_remaining=5)","((11, 1), food_remaining=5)",West,"['((11, 1), food_remaining=5)', '((9, 1), food_remaining=5)']","[((10, 1), food_remaining=5), ((16, 3), food_remaining=13), ((16, 3), food_remaining=12), ((9, 3), food_remaining=11), ((13, 4), food_remaining=10), ((1, 3), food_remaining=12), ((5, 5), food_remaining=10), ((8, 5), food_remaining=10), ((5, 3), food_remaining=11), ((14, 3), food_remaining=12), ((1, 3), food_remaining=11), ((1, 4), food_remaining=11), ((5, 3), food_remaining=10), ((9, 5), food_remaining=8), ((1, 5), food_remaining=11), ((2, 3), food_remaining=12), ((6, 5), food_remaining=11), ((2, 5), food_remaining=11), ((2, 5), food_remaining=11), ((9, 5), food_remaining=10), ((1, 5), food_remaining=9), ((8, 5), food_remaining=12), ((8, 3), food_remaining=12), ((13, 4), food_remaining=9), ((1, 3), food_remaining=11), ((5, 5), food_remaining=11), ((4, 4), food_remaining=10), ((2, 3), food_remaining=11), ((13, 4), food_remaining=9), ((13, 3), food_remaining=11), ((10, 5), food_remaining=10), ((12, 5), food_remaining=11), ((5, 5), food_remaining=11), ((10, 4), food_remaining=11), ((12, 5), food_remaining=10), ((11, 3), food_remaining=9), ((2, 5), food_remaining=10), ((4, 3), food_remaining=10), ((1, 5), food_remaining=10), ((14, 5), food_remaining=9), ... (+35 more)]","[((9, 1), food_remaining=5), ((16, 3), food_remaining=13), ((16, 3), food_remaining=12), ((9, 3), food_remaining=11), ((13, 4), food_remaining=10), ((1, 3), food_remaining=12), ((5, 5), food_remaining=10), ((8, 5), food_remaining=10), ((5, 3), food_remaining=11), ((14, 3), food_remaining=12), ((1, 3), food_remaining=11), ((1, 4), food_remaining=11), ((5, 3), food_remaining=10), ((9, 5), food_remaining=8), ((1, 5), food_remaining=11), ((2, 3), food_remaining=12), ((6, 5), food_remaining=11), ((2, 5), food_remaining=11), ((2, 5), food_remaining=11), ((9, 5), food_remaining=10), ((1, 5), food_remaining=9), ((8, 5), food_remaining=12), ((8, 3), food_remaining=12), ((13, 4), food_remaining=9), ((1, 3), food_remaining=11), ((5, 5), food_remaining=11), ((4, 4), food_remaining=10), ((2, 3), food_remaining=11), ((13, 4), food_remaining=9), ((13, 3), food_remaining=11), ((10, 5), food_remaining=10), ((12, 5), food_remaining=11), ((5, 5), food_remaining=11), ((10, 4), food_remaining=11), ((12, 5), food_remaining=10), ((11, 3), food_remaining=9), ((2, 5), food_remaining=10), ((4, 3), food_remaining=10), ((1, 5), food_remaining=10), ((14, 5), food_remaining=9), ... (+35 more)]","[((5, 5), food_remaining=12), ((4, 3), food_remaining=10), ((4, 3), food_remaining=9), ((11, 1), food_remaining=5), ((9, 5), food_remaining=12), ((15, 3), food_remaining=12), ((9, 5), food_remaining=11), ((14, 5), food_remaining=10), ((15, 1), food_remaining=5), ((1, 5), food_remaining=11), ((1, 5), food_remaining=10), ((13, 1), food_remaining=5), ((5, 5), food_remaining=12), ((5, 5), food_remaining=11), ((4, 3), food_remaining=12), ((4, 3), food_remaining=11), ((1, 4), food_remaining=10), ((1, 4), food_remaining=9), ((5, 3), food_remaining=10), ((5, 3), food_remaining=9), ((14, 5), food_remaining=10), ((14, 5), food_remaining=9), ((3, 3), food_remaining=10), ((5, 3), food_remaining=12), ((2, 5), food_remaining=10), ((2, 5), food_remaining=11), ((18, 2), food_remaining=5), ((12, 3), food_remaining=13), ((12, 3), food_remaining=12), ((1, 5), food_remaining=10), ((1, 5), food_remaining=9), ((3, 3), food_remaining=13), ((3, 3), food_remaining=12), ((13, 5), food_remaining=7), ((12, 5), food_remaining=12), ((2, 5), food_remaining=12), ((13, 5), food_remaining=6), ((16, 4), food_remaining=5), ((12, 5), food_remaining=10), ((12, 5), food_remaining=11), ... (+207 more)]",51,9,60
248,"((9, 1), food_remaining=5)","((10, 1), food_remaining=5)",West,"['((10, 1), food_remaining=5)', '((8, 1), food_remaining=5)']","[((9, 1), food_remaining=5), ((16, 3), food_remaining=13), ((16, 3), food_remaining=12), ((9, 3), food_remaining=11), ((13, 4), food_remaining=10), ((1, 3), food_remaining=12), ((5, 5), food_remaining=10), ((8, 5), food_remaining=10), ((5, 3), food_remaining=11), ((14, 3), food_remaining=12), ((1, 3), food_remaining=11), ((1, 4), food_remaining=11), ((5, 3), food_remaining=10), ((9, 5), food_remaining=8), ((1, 5), food_remaining=11), ((2, 3), food_remaining=12), ((6, 5), food_remaining=11), ((2, 5), food_remaining=11), ((2, 5), food_remaining=11), ((9, 5), food_remaining=10), ((1, 5), food_remaining=9), ((8, 5), food_remaining=12), ((8, 3), food_remaining=12), ((13, 4), food_remaining=9), ((1, 3), food_remaining=11), ((5, 5), food_remaining=11), ((4, 4), food_remaining=10), ((2, 3), food_remaining=11), ((13, 4), food_remaining=9), ((13, 3), food_remaining=11), ((10, 5), food_remaining=10), ((12, 5), food_remaining=11), ((5, 5), food_remaining=11), ((10, 4), food_remaining=11), ((12, 5), food_remaining=10), ((11, 3), food_remaining=9), ((2, 5), food_remaining=10), ((4, 3), food_remaining=10), ((1, 5), food_remaining=10), ((14, 5), food_remaining=9), ... (+35 more)]","[((8, 1), food_remaining=5), ((16, 3), food_remaining=13), ((16, 3), food_remaining=12), ((9, 3), food_remaining=11), ((13, 4), food_remaining=10), ((1, 3), food_remaining=12), ((5, 5), food_remaining=10), ((8, 5), food_remaining=10), ((5, 3), food_remaining=11), ((14, 3), food_remaining=12), ((1, 3), food_remaining=11), ((1, 4), food_remaining=11), ((5, 3), food_remaining=10), ((9, 5), food_remaining=8), ((1, 5), food_remaining=11), ((2, 3), food_remaining=12), ((6, 5), food_remaining=11), ((2, 5), food_remaining=11), ((2, 5), food_remaining=11), ((9, 5), food_remaining=10), ((1, 5), food_remaining=9), ((8, 5), food_remaining=12), ((8, 3), food_remaining=12), ((13, 4), food_remaining=9), ((1, 3), food_remaining=11), ((5, 5), food_remaining=11), ((4, 4), food_remaining=10), ((2, 3), food_remaining=11), ((13, 4), food_remaining=9), ((13, 3), food_remaining=11), ((10, 5), food_remaining=10), ((12, 5), food_remaining=11), ((5, 5), food_remaining=11), ((10, 4), food_remaining=11), ((12, 5), food_remaining=10), ((11, 3), food_remaining=9), ((2, 5), food_remaining=10), ((4, 3), food_remaining=10), ((1, 5), food_remaining=10), ((14, 5), food_remaining=9), ... (+35 more)]","[((5, 5), food_remaining=12), ((9, 1), food_remaining=5), ((4, 3), food_remaining=10), ((4, 3), food_remaining=9), ((11, 1), food_remaining=5), ((9, 5), food_remaining=12), ((15, 3), food_remaining=12), ((9, 5), food_remaining=11), ((14, 5), food_remaining=10), ((15, 1), food_remaining=5), ((1, 5), food_remaining=11), ((1, 5), food_remaining=10), ((13, 1), food_remaining=5), ((5, 5), food_remaining=12), ((5, 5), food_remaining=11), ((4, 3), food_remaining=12), ((4, 3), food_remaining=11), ((1, 4), food_remaining=10), ((1, 4), food_remaining=9), ((5, 3), food_remaining=10), ((5, 3), food_remaining=9), ((14, 5), food_remaining=10), ((14, 5), food_remaining=9), ((3, 3), food_remaining=10), ((5, 3), food_remaining=12), ((2, 5), food_remaining=10), ((2, 5), food_remaining=11), ((18, 2), food_remaining=5), ((12, 3), food_remaining=13), ((12, 3), food_remaining=12), ((1, 5), food_remaining=10), ((1, 5), food_remaining=9), ((3, 3), food_remaining=13), ((3, 3), food_remaining=12), ((13, 5), food_remaining=7), ((12, 5), food_remaining=12), ((2, 5), food_remaining=12), ((13, 5), food_remaining=6), ((16, 4), food_remaining=5), ((12, 5), food_remaining=10), ... (+208 more)]",52,8,60
249,"((8, 1), food_remaining=5)","((9, 1), food_remaining=5)",West,"['((9, 1), food_remaining=5)', '((7, 1), food_remaining=5)']","[((8, 1), food_remaining=5), ((16, 3), food_remaining=13), ((16, 3), food_remaining=12), ((9, 3), food_remaining=11), ((13, 4), food_remaining=10), ((1, 3), food_remaining=12), ((5, 5), food_remaining=10), ((8, 5), food_remaining=10), ((5, 3), food_remaining=11), ((14, 3), food_remaining=12), ((1, 3), food_remaining=11), ((1, 4), food_remaining=11), ((5, 3), food_remaining=10), ((9, 5), food_remaining=8), ((1, 5), food_remaining=11), ((2, 3), food_remaining=12), ((6, 5), food_remaining=11), ((2, 5), food_remaining=11), ((2, 5), food_remaining=11), ((9, 5), food_remaining=10), ((1, 5), food_remaining=9), ((8, 5), food_remaining=12), ((8, 3), food_remaining=12), ((13, 4), food_remaining=9), ((1, 3), food_remaining=11), ((5, 5), food_remaining=11), ((4, 4), food_remaining=10), ((2, 3), food_remaining=11), ((13, 4), food_remaining=9), ((13, 3), food_remaining=11), ((10, 5), food_remaining=10), ((12, 5), food_remaining=11), ((5, 5), food_remaining=11), ((10, 4), food_remaining=11), ((12, 5), food_remaining=10), ((11, 3), food_remaining=9), ((2, 5), food_remaining=10), ((4, 3), food_remaining=10), ((1, 5), food_remaining=10), ((14, 5), food_remaining=9), ... (+35 more)]","[((7, 1), food_remaining=5), ((16, 3), food_remaining=13), ((16, 3), food_remaining=12), ((9, 3), food_remaining=11), ((13, 4), food_remaining=10), ((1, 3), food_remaining=12), ((5, 5), food_remaining=10), ((8, 5), food_remaining=10), ((5, 3), food_remaining=11), ((14, 3), food_remaining=12), ((1, 3), food_remaining=11), ((1, 4), food_remaining=11), ((5, 3), food_remaining=10), ((9, 5), food_remaining=8), ((1, 5), food_remaining=11), ((2, 3), food_remaining=12), ((6, 5), food_remaining=11), ((2, 5), food_remaining=11), ((2, 5), food_remaining=11), ((9, 5), food_remaining=10), ((1, 5), food_remaining=9), ((8, 5), food_remaining=12), ((8, 3), food_remaining=12), ((13, 4), food_remaining=9), ((1, 3), food_remaining=11), ((5, 5), food_remaining=11), ((4, 4), food_remaining=10), ((2, 3), food_remaining=11), ((13, 4), food_remaining=9), ((13, 3), food_remaining=11), ((10, 5), food_remaining=10), ((12, 5), food_remaining=11), ((5, 5), food_remaining=11), ((10, 4), food_remaining=11), ((12, 5), food_remaining=10), ((11, 3), food_remaining=9), ((2, 5), food_remaining=10), ((4, 3), food_remaining=10), ((1, 5), food_remaining=10), ((14, 5), food_remaining=9), ... (+35 more)]","[((5, 5), food_remaining=12), ((9, 1), food_remaining=5), ((4, 3), food_remaining=10), ((4, 3), food_remaining=9), ((11, 1), food_remaining=5), ((9, 5), food_remaining=12), ((15, 3), food_remaining=12), ((9, 5), food_remaining=11), ((14, 5), food_remaining=10), ((15, 1), food_remaining=5), ((1, 5), food_remaining=11), ((1, 5), food_remaining=10), ((13, 1), food_remaining=5), ((5, 5), food_remaining=12), ((5, 5), food_remaining=11), ((4, 3), food_remaining=12), ((4, 3), food_remaining=11), ((1, 4), food_remaining=10), ((1, 4), food_remaining=9), ((5, 3), food_remaining=10), ((5, 3), food_remaining=9), ((14, 5), food_remaining=10), ((14, 5), food_remaining=9), ((3, 3), food_remaining=10), ((5, 3), food_remaining=12), ((2, 5), food_remaining=10), ((2, 5), food_remaining=11), ((18, 2), food_remaining=5), ((12, 3), food_remaining=13), ((12, 3), food_remaining=12), ((1, 5), food_remaining=10), ((1, 5), food_remaining=9), ((3, 3), food_remaining=13), ((3, 3), food_remaining=12), ((13, 5), food_remaining=7), ((12, 5), food_remaining=12), ((2, 5), food_remaining=12), ((13, 5), food_remaining=6), ((16, 4), food_remaining=5), ((12, 5), food_remaining=10), ... (+209 more)]",53,7,60
250,"((7, 1), food_remaining=5)","((8, 1), food_remaining=5)",West,"['((8, 1), food_remaining=5)', '((6, 1), food_remaining=5)']","[((7, 1), food_remaining=5), ((16, 3), food_remaining=13), ((16, 3), food_remaining=12), ((9, 3), food_remaining=11), ((13, 4), food_remaining=10), ((1, 3), food_remaining=12), ((5, 5), food_remaining=10), ((8, 5), food_remaining=10), ((5, 3), food_remaining=11), ((14, 3), food_remaining=12), ((1, 3), food_remaining=11), ((1, 4), food_remaining=11), ((5, 3), food_remaining=10), ((9, 5), food_remaining=8), ((1, 5), food_remaining=11), ((2, 3), food_remaining=12), ((6, 5), food_remaining=11), ((2, 5), food_remaining=11), ((2, 5), food_remaining=11), ((9, 5), food_remaining=10), ((1, 5), food_remaining=9), ((8, 5), food_remaining=12), ((8, 3), food_remaining=12), ((13, 4), food_remaining=9), ((1, 3), food_remaining=11), ((5, 5), food_remaining=11), ((4, 4), food_remaining=10), ((2, 3), food_remaining=11), ((13, 4), food_remaining=9), ((13, 3), food_remaining=11), ((10, 5), food_remaining=10), ((12, 5), food_remaining=11), ((5, 5), food_remaining=11), ((10, 4), food_remaining=11), ((12, 5), food_remaining=10), ((11, 3), food_remaining=9), ((2, 5), food_remaining=10), ((4, 3), food_remaining=10), ((1, 5), food_remaining=10), ((14, 5), food_remaining=9), ... (+35 more)]","[((6, 1), food_remaining=5), ((16, 3), food_remaining=13), ((16, 3), food_remaining=12), ((9, 3), food_remaining=11), ((13, 4), food_remaining=10), ((1, 3), food_remaining=12), ((5, 5), food_remaining=10), ((8, 5), food_remaining=10), ((5, 3), food_remaining=11), ((14, 3), food_remaining=12), ((1, 3), food_remaining=11), ((1, 4), food_remaining=11), ((5, 3), food_remaining=10), ((9, 5), food_remaining=8), ((1, 5), food_remaining=11), ((2, 3), food_remaining=12), ((6, 5), food_remaining=11), ((2, 5), food_remaining=11), ((2, 5), food_remaining=11), ((9, 5), food_remaining=10), ((1, 5), food_remaining=9), ((8, 5), food_remaining=12), ((8, 3), food_remaining=12), ((13, 4), food_remaining=9), ((1, 3), food_remaining=11), ((5, 5), food_remaining=11), ((4, 4), food_remaining=10), ((2, 3), food_remaining=11), ((13, 4), food_remaining=9), ((13, 3), food_remaining=11), ((10, 5), food_remaining=10), ((12, 5), food_remaining=11), ((5, 5), food_remaining=11), ((10, 4), food_remaining=11), ((12, 5), food_remaining=10), ((11, 3), food_remaining=9), ((2, 5), food_remaining=10), ((4, 3), food_remaining=10), ((1, 5), food_remaining=10), ((14, 5), food_remaining=9), ... (+35 more)]","[((5, 5), food_remaining=12), ((9, 1), food_remaining=5), ((4, 3), food_remaining=10), ((4, 3), food_remaining=9), ((11, 1), food_remaining=5), ((9, 5), food_remaining=12), ((15, 3), food_remaining=12), ((9, 5), food_remaining=11), ((14, 5), food_remaining=10), ((15, 1), food_remaining=5), ((1, 5), food_remaining=11), ((1, 5), food_remaining=10), ((13, 1), food_remaining=5), ((5, 5), food_remaining=12), ((5, 5), food_remaining=11), ((4, 3), food_remaining=12), ((4, 3), food_remaining=11), ((1, 4), food_remaining=10), ((1, 4), food_remaining=9), ((5, 3), food_remaining=10), ((5, 3), food_remaining=9), ((14, 5), food_remaining=10), ((14, 5), food_remaining=9), ((3, 3), food_remaining=10), ((5, 3), food_remaining=12), ((2, 5), food_remaining=10), ((2, 5), food_remaining=11), ((18, 2), food_remaining=5), ((12, 3), food_remaining=13), ((12, 3), food_remaining=12), ((1, 5), food_remaining=10), ((1, 5), food_remaining=9), ((3, 3), food_remaining=13), ((3, 3), food_remaining=12), ((13, 5), food_remaining=7), ((12, 5), food_remaining=12), ((2, 5), food_remaining=12), ((13, 5), food_remaining=6), ((16, 4), food_remaining=5), ((12, 5), food_remaining=10), ... (+210 more)]",54,6,60
251,"((6, 1), food_remaining=5)","((7, 1), food_remaining=5)",West,"['((7, 1), food_remaining=5)', '((5, 1), food_remaining=4)']","[((6, 1), food_remaining=5), ((16, 3), food_remaining=13), ((16, 3), food_remaining=12), ((9, 3), food_remaining=11), ((13, 4), food_remaining=10), ((1, 3), food_remaining=12), ((5, 5), food_remaining=10), ((8, 5), food_remaining=10), ((5, 3), food_remaining=11), ((14, 3), food_remaining=12), ((1, 3), food_remaining=11), ((1, 4), food_remaining=11), ((5, 3), food_remaining=10), ((9, 5), food_remaining=8), ((1, 5), food_remaining=11), ((2, 3), food_remaining=12), ((6, 5), food_remaining=11), ((2, 5), food_remaining=11), ((2, 5), food_remaining=11), ((9, 5), food_remaining=10), ((1, 5), food_remaining=9), ((8, 5), food_remaining=12), ((8, 3), food_remaining=12), ((13, 4), food_remaining=9), ((1, 3), food_remaining=11), ((5, 5), food_remaining=11), ((4, 4), food_remaining=10), ((2, 3), food_remaining=11), ((13, 4), food_remaining=9), ((13, 3), food_remaining=11), ((10, 5), food_remaining=10), ((12, 5), food_remaining=11), ((5, 5), food_remaining=11), ((10, 4), food_remaining=11), ((12, 5), food_remaining=10), ((11, 3), food_remaining=9), ((2, 5), food_remaining=10), ((4, 3), food_remaining=10), ((1, 5), food_remaining=10), ((14, 5), food_remaining=9), ... (+35 more)]","[((5, 1), food_remaining=4), ((16, 3), food_remaining=13), ((16, 3), food_remaining=12), ((9, 3), food_remaining=11), ((13, 4), food_remaining=10), ((1, 3), food_remaining=12), ((5, 5), food_remaining=10), ((8, 5), food_remaining=10), ((5, 3), food_remaining=11), ((14, 3), food_remaining=12), ((1, 3), food_remaining=11), ((1, 4), food_remaining=11), ((5, 3), food_remaining=10), ((9, 5), food_remaining=8), ((1, 5), food_remaining=11), ((2, 3), food_remaining=12), ((6, 5), food_remaining=11), ((2, 5), food_remaining=11), ((2, 5), food_remaining=11), ((9, 5), food_remaining=10), ((1, 5), food_remaining=9), ((8, 5), food_remaining=12), ((8, 3), food_remaining=12), ((13, 4), food_remaining=9), ((1, 3), food_remaining=11), ((5, 5), food_remaining=11), ((4, 4), food_remaining=10), ((2, 3), food_remaining=11), ((13, 4), food_remaining=9), ((13, 3), food_remaining=11), ((10, 5), food_remaining=10), ((12, 5), food_remaining=11), ((5, 5), food_remaining=11), ((10, 4), food_remaining=11), ((12, 5), food_remaining=10), ((11, 3), food_remaining=9), ((2, 5), food_remaining=10), ((4, 3), food_remaining=10), ((1, 5), food_remaining=10), ((14, 5), food_remaining=9), ... (+35 more)]","[((5, 5), food_remaining=12), ((9, 1), food_remaining=5), ((4, 3), food_remaining=10), ((4, 3), food_remaining=9), ((11, 1), food_remaining=5), ((9, 5), food_remaining=12), ((15, 3), food_remaining=12), ((9, 5), food_remaining=11), ((14, 5), food_remaining=10), ((15, 1), food_remaining=5), ((1, 5), food_remaining=11), ((1, 5), food_remaining=10), ((13, 1), food_remaining=5), ((5, 5), food_remaining=12), ((5, 5), food_remaining=11), ((4, 3), food_remaining=12), ((4, 3), food_remaining=11), ((1, 4), food_remaining=10), ((1, 4), food_remaining=9), ((5, 3), food_remaining=10), ((5, 3), food_remaining=9), ((14, 5), food_remaining=10), ((14, 5), food_remaining=9), ((3, 3), food_remaining=10), ((5, 3), food_remaining=12), ((2, 5), food_remaining=10), ((2, 5), food_remaining=11), ((18, 2), food_remaining=5), ((12, 3), food_remaining=13), ((12, 3), food_remaining=12), ((1, 5), food_remaining=10), ((1, 5), food_remaining=9), ((3, 3), food_remaining=13), ((3, 3), food_remaining=12), ((13, 5), food_remaining=7), ((12, 5), food_remaining=12), ((2, 5), food_remaining=12), ((13, 5), food_remaining=6), ((16, 4), food_remaining=5), ((12, 5), food_remaining=10), ... (+211 more)]",55,5,60
252,"((5, 1), food_remaining=4)","((6, 1), food_remaining=5)",West,"['((6, 1), food_remaining=4)', '((4, 1), food_remaining=3)']","[((5, 1), food_remaining=4), ((16, 3), food_remaining=13), ((16, 3), food_remaining=12), ((9, 3), food_remaining=11), ((13, 4), food_remaining=10), ((1, 3), food_remaining=12), ((5, 5), food_remaining=10), ((8, 5), food_remaining=10), ((5, 3), food_remaining=11), ((14, 3), food_remaining=12), ((1, 3), food_remaining=11), ((1, 4), food_remaining=11), ((5, 3), food_remaining=10), ((9, 5), food_remaining=8), ((1, 5), food_remaining=11), ((2, 3), food_remaining=12), ((6, 5), food_remaining=11), ((2, 5), food_remaining=11), ((2, 5), food_remaining=11), ((9, 5), food_remaining=10), ((1, 5), food_remaining=9), ((8, 5), food_remaining=12), ((8, 3), food_remaining=12), ((13, 4), food_remaining=9), ((1, 3), food_remaining=11), ((5, 5), food_remaining=11), ((4, 4), food_remaining=10), ((2, 3), food_remaining=11), ((13, 4), food_remaining=9), ((13, 3), food_remaining=11), ((10, 5), food_remaining=10), ((12, 5), food_remaining=11), ((5, 5), food_remaining=11), ((10, 4), food_remaining=11), ((12, 5), food_remaining=10), ((11, 3), food_remaining=9), ((2, 5), food_remaining=10), ((4, 3), food_remaining=10), ((1, 5), food_remaining=10), ((14, 5), food_remaining=9), ... (+35 more)]","[((4, 1), food_remaining=3), ((16, 3), food_remaining=13), ((16, 3), food_remaining=12), ((9, 3), food_remaining=11), ((13, 4), food_remaining=10), ((1, 3), food_remaining=12), ((5, 5), food_remaining=10), ((8, 5), food_remaining=10), ((5, 3), food_remaining=11), ((14, 3), food_remaining=12), ((1, 3), food_remaining=11), ((1, 4), food_remaining=11), ((5, 3), food_remaining=10), ((9, 5), food_remaining=8), ((1, 5), food_remaining=11), ((2, 3), food_remaining=12), ((6, 5), food_remaining=11), ((2, 5), food_remaining=10), ((2, 5), food_remaining=11), ((9, 5), food_remaining=10), ((1, 5), food_remaining=9), ((8, 5), food_remaining=12), ((8, 3), food_remaining=12), ((13, 4), food_remaining=9), ((1, 3), food_remaining=11), ((5, 5), food_remaining=11), ((4, 4), food_remaining=10), ((2, 3), food_remaining=11), ((13, 4), food_remaining=9), ((13, 3), food_remaining=11), ((10, 5), food_remaining=10), ((12, 5), food_remaining=11), ((5, 5), food_remaining=11), ((10, 4), food_remaining=11), ((12, 5), food_remaining=10), ((11, 3), food_remaining=9), ((11, 3), food_remaining=11), ((2, 5), food_remaining=11), ((1, 5), food_remaining=10), ((14, 5), food_remaining=9), ... (+36 more)]","[((5, 5), food_remaining=12), ((9, 1), food_remaining=5), ((4, 3), food_remaining=10), ((4, 3), food_remaining=9), ((11, 1), food_remaining=5), ((9, 5), food_remaining=12), ((15, 3), food_remaining=12), ((9, 5), food_remaining=11), ((14, 5), food_remaining=10), ((15, 1), food_remaining=5), ((1, 5), food_remaining=11), ((1, 5), food_remaining=10), ((13, 1), food_remaining=5), ((5, 5), food_remaining=12), ((5, 5), food_remaining=11), ((4, 3), food_remaining=12), ((4, 3), food_remaining=11), ((1, 4), food_remaining=10), ((1, 4), food_remaining=9), ((5, 3), food_remaining=10), ((5, 3), food_remaining=9), ((14, 5), food_remaining=10), ((14, 5), food_remaining=9), ((3, 3), food_remaining=10), ((5, 3), food_remaining=12), ((2, 5), food_remaining=10), ((2, 5), food_remaining=11), ((18, 2), food_remaining=5), ((12, 3), food_remaining=13), ((12, 3), food_remaining=12), ((1, 5), food_remaining=10), ((1, 5), food_remaining=9), ((3, 3), food_remaining=13), ((3, 3), food_remaining=12), ((13, 5), food_remaining=7), ((12, 5), food_remaining=12), ((2, 5), food_remaining=12), ((13, 5), food_remaining=6), ((16, 4), food_remaining=5), ((12, 5), food_remaining=10), ... (+212 more)]",56,4,60
253,"((4, 1), food_remaining=3)","((5, 1), food_remaining=4)",West,"['((5, 1), food_remaining=3)', '((3, 1), food_remaining=2)']","[((4, 1), food_remaining=3), ((16, 3), food_remaining=13), ((16, 3), food_remaining=12), ((9, 3), food_remaining=11), ((13, 4), food_remaining=10), ((1, 3), food_remaining=12), ((5, 5), food_remaining=10), ((8, 5), food_remaining=10), ((5, 3), food_remaining=11), ((14, 3), food_remaining=12), ((1, 3), food_remaining=11), ((1, 4), food_remaining=11), ((5, 3), food_remaining=10), ((9, 5), food_remaining=8), ((1, 5), food_remaining=11), ((2, 3), food_remaining=12), ((6, 5), food_remaining=11), ((2, 5), food_remaining=10), ((2, 5), food_remaining=11), ((9, 5), food_remaining=10), ((1, 5), food_remaining=9), ((8, 5), food_remaining=12), ((8, 3), food_remaining=12), ((13, 4), food_remaining=9), ((1, 3), food_remaining=11), ((5, 5), food_remaining=11), ((4, 4), food_remaining=10), ((2, 3), food_remaining=11), ((13, 4), food_remaining=9), ((13, 3), food_remaining=11), ((10, 5), food_remaining=10), ((12, 5), food_remaining=11), ((5, 5), food_remaining=11), ((10, 4), food_remaining=11), ((12, 5), food_remaining=10), ((11, 3), food_remaining=9), ((11, 3), food_remaining=11), ((2, 5), food_remaining=11), ((1, 5), food_remaining=10), ((14, 5), food_remaining=9), ... (+36 more)]","[((3, 1), food_remaining=2), ((16, 3), food_remaining=13), ((16, 3), food_remaining=12), ((9, 3), food_remaining=11), ((13, 4), food_remaining=10), ((1, 3), food_remaining=12), ((5, 5), food_remaining=10), ((8, 5), food_remaining=10), ((5, 3), food_remaining=11), ((14, 3), food_remaining=12), ((1, 3), food_remaining=11), ((1, 4), food_remaining=11), ((5, 3), food_remaining=10), ((9, 5), food_remaining=8), ((1, 5), food_remaining=11), ((2, 3), food_remaining=12), ((6, 5), food_remaining=11), ((2, 5), food_remaining=10), ((2, 5), food_remaining=11), ((9, 5), food_remaining=10), ((1, 5), food_remaining=9), ((8, 5), food_remaining=12), ((8, 3), food_remaining=12), ((13, 4), food_remaining=9), ((1, 3), food_remaining=11), ((5, 5), food_remaining=11), ((4, 4), food_remaining=10), ((2, 3), food_remaining=11), ((13, 4), food_remaining=9), ((13, 3), food_remaining=11), ((10, 5), food_remaining=10), ((12, 5), food_remaining=11), ((5, 5), food_remaining=11), ((10, 4), food_remaining=11), ((12, 5), food_remaining=10), ((11, 3), food_remaining=9), ((11, 3), food_remaining=11), ((2, 5), food_remaining=11), ((1, 5), food_remaining=10), ((14, 5), food_remaining=9), ... (+37 more)]","[((5, 5), food_remaining=12), ((9, 1), food_remaining=5), ((4, 3), food_remaining=10), ((4, 3), food_remaining=9), ((11, 1), food_remaining=5), ((9, 5), food_remaining=12), ((15, 3), food_remaining=12), ((9, 5), food_remaining=11), ((14, 5), food_remaining=10), ((15, 1), food_remaining=5), ((1, 5), food_remaining=11), ((1, 5), food_remaining=10), ((13, 1), food_remaining=5), ((5, 5), food_remaining=12), ((5, 5), food_remaining=11), ((4, 3), food_remaining=12), ((4, 3), food_remaining=11), ((1, 4), food_remaining=10), ((1, 4), food_remaining=9), ((5, 3), food_remaining=10), ((5, 3), food_remaining=9), ((14, 5), food_remaining=10), ((14, 5), food_remaining=9), ((3, 3), food_remaining=10), ((5, 3), food_remaining=12), ((2, 5), food_remaining=10), ((2, 5), food_remaining=11), ((18, 2), food_remaining=5), ((12, 3), food_remaining=13), ((12, 3), food_remaining=12), ((1, 5), food_remaining=10), ((1, 5), food_remaining=9), ((3, 3), food_remaining=13), ((3, 3), food_remaining=12), ((13, 5), food_remaining=7), ((12, 5), food_remaining=12), ((2, 5), food_remaining=12), ((13, 5), food_remaining=6), ((16, 4), food_remaining=5), ((4, 1), food_remaining=3), ... (+213 more)]",57,3,60
254,"((3, 1), food_remaining=2)","((4, 1), food_remaining=3)",West,"['((4, 1), food_remaining=2)', '((2, 1), food_remaining=1)']","[((3, 1), food_remaining=2), ((16, 3), food_remaining=13), ((16, 3), food_remaining=12), ((9, 3), food_remaining=11), ((13, 4), food_remaining=10), ((1, 3), food_remaining=12), ((5, 5), food_remaining=10), ((8, 5), food_remaining=10), ((5, 3), food_remaining=11), ((14, 3), food_remaining=12), ((1, 3), food_remaining=11), ((1, 4), food_remaining=11), ((5, 3), food_remaining=10), ((9, 5), food_remaining=8), ((1, 5), food_remaining=11), ((2, 3), food_remaining=12), ((6, 5), food_remaining=11), ((2, 5), food_remaining=10), ((2, 5), food_remaining=11), ((9, 5), food_remaining=10), ((1, 5), food_remaining=9), ((8, 5), food_remaining=12), ((8, 3), food_remaining=12), ((13, 4), food_remaining=9), ((1, 3), food_remaining=11), ((5, 5), food_remaining=11), ((4, 4), food_remaining=10), ((2, 3), food_remaining=11), ((13, 4), food_remaining=9), ((13, 3), food_remaining=11), ((10, 5), food_remaining=10), ((12, 5), food_remaining=11), ((5, 5), food_remaining=11), ((10, 4), food_remaining=11), ((12, 5), food_remaining=10), ((11, 3), food_remaining=9), ((11, 3), food_remaining=11), ((2, 5), food_remaining=11), ((1, 5), food_remaining=10), ((14, 5), food_remaining=9), ... (+37 more)]","[((2, 1), food_remaining=1), ((16, 3), food_remaining=13), ((16, 3), food_remaining=12), ((9, 3), food_remaining=11), ((13, 4), food_remaining=10), ((1, 3), food_remaining=12), ((5, 5), food_remaining=10), ((8, 5), food_remaining=10), ((5, 3), food_remaining=11), ((14, 3), food_remaining=12), ((1, 3), food_remaining=11), ((1, 4), food_remaining=11), ((5, 3), food_remaining=10), ((9, 5), food_remaining=8), ((1, 5), food_remaining=11), ((2, 3), food_remaining=12), ((6, 5), food_remaining=11), ((2, 5), food_remaining=10), ((2, 5), food_remaining=11), ((9, 5), food_remaining=10), ((1, 5), food_remaining=9), ((8, 5), food_remaining=12), ((8, 3), food_remaining=12), ((13, 4), food_remaining=9), ((1, 3), food_remaining=11), ((5, 5), food_remaining=11), ((4, 4), food_remaining=10), ((2, 3), food_remaining=11), ((13, 4), food_remaining=9), ((13, 3), food_remaining=11), ((10, 5), food_remaining=10), ((12, 5), food_remaining=11), ((5, 5), food_remaining=11), ((10, 4), food_remaining=11), ((12, 5), food_remaining=10), ((11, 3), food_remaining=9), ((11, 3), food_remaining=11), ((4, 3), food_remaining=10), ((2, 5), food_remaining=11), ((14, 5), food_remaining=9), ... (+38 more)]","[((5, 5), food_remaining=12), ((9, 1), food_remaining=5), ((4, 3), food_remaining=10), ((4, 3), food_remaining=9), ((11, 1), food_remaining=5), ((9, 5), food_remaining=12), ((15, 3), food_remaining=12), ((9, 5), food_remaining=11), ((14, 5), food_remaining=10), ((15, 1), food_remaining=5), ((1, 5), food_remaining=11), ((1, 5), food_remaining=10), ((13, 1), food_remaining=5), ((5, 5), food_remaining=12), ((5, 5), food_remaining=11), ((4, 3), food_remaining=12), ((4, 3), food_remaining=11), ((1, 4), food_remaining=10), ((1, 4), food_remaining=9), ((5, 3), food_remaining=10), ((5, 3), food_remaining=9), ((14, 5), food_remaining=10), ((14, 5), food_remaining=9), ((3, 3), food_remaining=10), ((5, 3), food_remaining=12), ((2, 5), food_remaining=10), ((2, 5), food_remaining=11), ((18, 2), food_remaining=5), ((12, 3), food_remaining=13), ((12, 3), food_remaining=12), ((1, 5), food_remaining=10), ((1, 5), food_remaining=9), ((3, 3), food_remaining=13), ((3, 3), food_remaining=12), ((13, 5), food_remaining=7), ((12, 5), food_remaining=12), ((2, 5), food_remaining=12), ((13, 5), food_remaining=6), ((16, 4), food_remaining=5), ((4, 1), food_remaining=3), ... (+214 more)]",58,2,60
255,"((2, 1), food_remaining=1)","((3, 1), food_remaining=2)",West,"['((3, 1), food_remaining=1)', '((1, 1), food_remaining=0)']","[((2, 1), food_remaining=1), ((16, 3), food_remaining=13), ((16, 3), food_remaining=12), ((9, 3), food_remaining=11), ((13, 4), food_remaining=10), ((1, 3), food_remaining=12), ((5, 5), food_remaining=10), ((8, 5), food_remaining=10), ((5, 3), food_remaining=11), ((14, 3), food_remaining=12), ((1, 3), food_remaining=11), ((1, 4), food_remaining=11), ((5, 3), food_remaining=10), ((9, 5), food_remaining=8), ((1, 5), food_remaining=11), ((2, 3), food_remaining=12), ((6, 5), food_remaining=11), ((2, 5), food_remaining=10), ((2, 5), food_remaining=11), ((9, 5), food_remaining=10), ((1, 5), food_remaining=9), ((8, 5), food_remaining=12), ((8, 3), food_remaining=12), ((13, 4), food_remaining=9), ((1, 3), food_remaining=11), ((5, 5), food_remaining=11), ((4, 4), food_remaining=10), ((2, 3), food_remaining=11), ((13, 4), food_remaining=9), ((13, 3), food_remaining=11), ((10, 5), food_remaining=10), ((12, 5), food_remaining=11), ((5, 5), food_remaining=11), ((10, 4), food_remaining=11), ((12, 5), food_remaining=10), ((11, 3), food_remaining=9), ((11, 3), food_remaining=11), ((4, 3), food_remaining=10), ((2, 5), food_remaining=11), ((14, 5), food_remaining=9), ... (+38 more)]","[((1, 1), food_remaining=0), ((16, 3), food_remaining=13), ((16, 3), food_remaining=12), ((9, 3), food_remaining=11), ((13, 4), food_remaining=10), ((1, 3), food_remaining=12), ((5, 5), food_remaining=10), ((8, 5), food_remaining=10), ((5, 3), food_remaining=11), ((14, 3), food_remaining=12), ((1, 3), food_remaining=11), ((1, 4), food_remaining=11), ((5, 3), food_remaining=10), ((9, 5), food_remaining=8), ((1, 5), food_remaining=11), ((2, 3), food_remaining=12), ((6, 5), food_remaining=11), ((2, 5), food_remaining=10), ((2, 5), food_remaining=11), ((9, 5), food_remaining=10), ((1, 5), food_remaining=9), ((8, 5), food_remaining=12), ((8, 3), food_remaining=12), ((13, 4), food_remaining=9), ((1, 3), food_remaining=11), ((5, 5), food_remaining=11), ((4, 4), food_remaining=10), ((2, 3), food_remaining=11), ((13, 4), food_remaining=9), ((13, 3), food_remaining=11), ((10, 5), food_remaining=10), ((12, 5), food_remaining=11), ((5, 5), food_remaining=11), ((10, 4), food_remaining=11), ((12, 5), food_remaining=10), ((11, 3), food_remaining=9), ((11, 3), food_remaining=11), ((4, 3), food_remaining=10), ((2, 5), food_remaining=11), ((14, 5), food_remaining=9), ... (+39 more)]","[((5, 5), food_remaining=12), ((9, 1), food_remaining=5), ((4, 3), food_remaining=10), ((4, 3), food_remaining=9), ((11, 1), food_remaining=5), ((9, 5), food_remaining=12), ((15, 3), food_remaining=12), ((9, 5), food_remaining=11), ((14, 5), food_remaining=10), ((15, 1), food_remaining=5), ((1, 5), food_remaining=11), ((1, 5), food_remaining=10), ((13, 1), food_remaining=5), ((5, 5), food_remaining=12), ((5, 5), food_remaining=11), ((4, 3), food_remaining=12), ((4, 3), food_remaining=11), ((1, 4), food_remaining=10), ((1, 4), food_remaining=9), ((5, 3), food_remaining=10), ((5, 3), food_remaining=9), ((14, 5), food_remaining=10), ((14, 5), food_remaining=9), ((3, 3), food_remaining=10), ((5, 3), food_remaining=12), ((2, 5), food_remaining=10), ((2, 5), food_remaining=11), ((18, 2), food_remaining=5), ((12, 3), food_remaining=13), ((12, 3), food_remaining=12), ((1, 5), food_remaining=10), ((1, 5), food_remaining=9), ((3, 3), food_remaining=13), ((3, 3), food_remaining=12), ((13, 5), food_remaining=7), ((12, 5), food_remaining=12), ((2, 5), food_remaining=12), ((13, 5), food_remaining=6), ((16, 4), food_remaining=5), ((4, 1), food_remaining=3), ... (+215 more)]",59,1,60
256,"((1, 1), food_remaining=0)","((2, 1), food_remaining=1)",West,[],"[((1, 1), food_remaining=0), ((16, 3), food_remaining=13), ((16, 3), food_remaining=12), ((9, 3), food_remaining=11), ((13, 4), food_remaining=10), ((1, 3), food_remaining=12), ((5, 5), food_remaining=10), ((8, 5), food_remaining=10), ((5, 3), food_remaining=11), ((14, 3), food_remaining=12), ((1, 3), food_remaining=11), ((1, 4), food_remaining=11), ((5, 3), food_remaining=10), ((9, 5), food_remaining=8), ((1, 5), food_remaining=11), ((2, 3), food_remaining=12), ((6, 5), food_remaining=11), ((2, 5), food_remaining=10), ((2, 5), food_remaining=11), ((9, 5), food_remaining=10), ((1, 5), food_remaining=9), ((8, 5), food_remaining=12), ((8, 3), food_remaining=12), ((13, 4), food_remaining=9), ((1, 3), food_remaining=11), ((5, 5), food_remaining=11), ((4, 4), food_remaining=10), ((2, 3), food_remaining=11), ((13, 4), food_remaining=9), ((13, 3), food_remaining=11), ((10, 5), food_remaining=10), ((12, 5), food_remaining=11), ((5, 5), food_remaining=11), ((10, 4), food_remaining=11), ((12, 5), food_remaining=10), ((11, 3), food_remaining=9), ((11, 3), food_remaining=11), ((4, 3), food_remaining=10), ((2, 5), food_remaining=11), ((14, 5), food_remaining=9), ... (+39 more)]","[((16, 3), food_remaining=13), ((9, 3), food_remaining=11), ((16, 3), food_remaining=12), ((5, 3), food_remaining=11), ((13, 4), food_remaining=10), ((1, 3), food_remaining=12), ((5, 5), food_remaining=10), ((8, 5), food_remaining=10), ((2, 5), food_remaining=11), ((14, 3), food_remaining=12), ((1, 3), food_remaining=11), ((1, 4), food_remaining=11), ((5, 3), food_remaining=10), ((9, 5), food_remaining=8), ((1, 5), food_remaining=11), ((2, 3), food_remaining=12), ((6, 5), food_remaining=11), ((2, 5), food_remaining=10), ((2, 5), food_remaining=11), ((9, 5), food_remaining=10), ((1, 5), food_remaining=9), ((8, 5), food_remaining=12), ((8, 3), food_remaining=12), ((13, 4), food_remaining=9), ((1, 3), food_remaining=11), ((5, 5), food_remaining=11), ((4, 4), food_remaining=10), ((2, 3), food_remaining=11), ((13, 4), food_remaining=9), ((13, 3), food_remaining=11), ((10, 5), food_remaining=10), ((12, 5), food_remaining=11), ((5, 5), food_remaining=11), ((10, 4), food_remaining=11), ((12, 5), food_remaining=10), ((11, 3), food_remaining=9), ((11, 3), food_remaining=11), ((4, 3), food_remaining=10), ((1, 5), food_remaining=10), ((14, 5), food_remaining=9), ... (+38 more)]","[((5, 5), food_remaining=12), ((9, 1), food_remaining=5), ((4, 3), food_remaining=10), ((4, 3), food_remaining=9), ((11, 1), food_remaining=5), ((9, 5), food_remaining=12), ((15, 3), food_remaining=12), ((9, 5), food_remaining=11), ((14, 5), food_remaining=10), ((15, 1), food_remaining=5), ((1, 5), food_remaining=11), ((1, 5), food_remaining=10), ((13, 1), food_remaining=5), ((5, 5), food_remaining=12), ((5, 5), food_remaining=11), ((4, 3), food_remaining=12), ((4, 3), food_remaining=11), ((1, 4), food_remaining=10), ((1, 4), food_remaining=9), ((5, 3), food_remaining=10), ((5, 3), food_remaining=9), ((14, 5), food_remaining=10), ((14, 5), food_remaining=9), ((3, 3), food_remaining=10), ((5, 3), food_remaining=12), ((2, 5), food_remaining=10), ((2, 5), food_remaining=11), ((18, 2), food_remaining=5), ((12, 3), food_remaining=13), ((12, 3), food_remaining=12), ((1, 5), food_remaining=10), ((1, 5), food_remaining=9), ((3, 3), food_remaining=13), ((3, 3), food_remaining=12), ((13, 5), food_remaining=7), ((12, 5), food_remaining=12), ((2, 5), food_remaining=12), ((13, 5), food_remaining=6), ((16, 4), food_remaining=5), ((4, 1), food_remaining=3), ... (+216 more)]",60,0,60
