iteration,expanded_state,parent,action,generated_successors,frontier_before,frontier_after,explored,g,h,f
1,"(34, 16)",START,START,"['(34, 15)', '(33, 16)']","['(34, 16)']","['(34, 15)', '(33, 16)']","['(34, 16)']",0,0,0
2,"(33, 16)","(34, 16)",West,"['(34, 16)', '(32, 16)']","['(34, 15)', '(33, 16)']","['(34, 15)', '(34, 16)', '(32, 16)']","['(34, 16)', '(33, 16)']",1,0,1
3,"(32, 16)","(33, 16)",West,"['(33, 16)', '(31, 16)']","['(34, 15)', '(34, 16)', '(32, 16)']","['(34, 15)', '(34, 16)', '(33, 16)', '(31, 16)']","['(34, 16)', '(32, 16)', '(33, 16)']",2,0,2
4,"(31, 16)","(32, 16)",West,"['(32, 16)', '(30, 16)']","['(34, 15)', '(34, 16)', '(33, 16)', '(31, 16)']","['(34, 15)', '(34, 16)', '(33, 16)', '(32, 16)', '(30, 16)']","['(31, 16)', '(34, 16)', '(32, 16)', '(33, 16)']",3,0,3
5,"(30, 16)","(31, 16)",West,"['(31, 16)', '(29, 16)']","['(34, 15)', '(34, 16)', '(33, 16)', '(32, 16)', '(30, 16)']","['(34, 15)', '(34, 16)', '(33, 16)', '(32, 16)', '(31, 16)', '(29, 16)']","['(33, 16)', '(34, 16)', '(30, 16)', '(31, 16)', '(32, 16)']",4,0,4
6,"(29, 16)","(30, 16)",West,"['(30, 16)', '(28, 16)']","['(34, 15)', '(34, 16)', '(33, 16)', '(32, 16)', '(31, 16)', '(29, 16)']","['(34, 15)', '(34, 16)', '(33, 16)', '(32, 16)', '(31, 16)', '(30, 16)', '(28, 16)']","['(33, 16)', '(34, 16)', '(29, 16)', '(30, 16)', '(31, 16)', '(32, 16)']",5,0,5
7,"(28, 16)","(29, 16)",West,"['(29, 16)', '(27, 16)']","['(34, 15)', '(34, 16)', '(33, 16)', '(32, 16)', '(31, 16)', '(30, 16)', '(28, 16)']","['(34, 15)', '(34, 16)', '(33, 16)', '(32, 16)', '(31, 16)', '(30, 16)', '(29, 16)', '(27, 16)']","['(33, 16)', '(28, 16)', '(34, 16)', '(29, 16)', '(30, 16)', '(31, 16)', '(32, 16)']",6,0,6
8,"(27, 16)","(28, 16)",West,"['(28, 16)', '(26, 16)']","['(34, 15)', '(34, 16)', '(33, 16)', '(32, 16)', '(31, 16)', '(30, 16)', '(29, 16)', '(27, 16)']","['(34, 15)', '(34, 16)', '(33, 16)', '(32, 16)', '(31, 16)', '(30, 16)', '(29, 16)', '(28, 16)', '(26, 16)']","['(33, 16)', '(28, 16)', '(34, 16)', '(29, 16)', '(30, 16)', '(31, 16)', '(32, 16)', '(27, 16)']",7,0,7
9,"(26, 16)","(27, 16)",West,"['(27, 16)', '(25, 16)']","['(34, 15)', '(34, 16)', '(33, 16)', '(32, 16)', '(31, 16)', '(30, 16)', '(29, 16)', '(28, 16)', '(26, 16)']","['(34, 15)', '(34, 16)', '(33, 16)', '(32, 16)', '(31, 16)', '(30, 16)', '(29, 16)', '(28, 16)', '(27, 16)', '(25, 16)']","['(33, 16)', '(28, 16)', '(34, 16)', '(29, 16)', '(30, 16)', '(31, 16)', '(26, 16)', '(32, 16)', '(27, 16)']",8,0,8
10,"(25, 16)","(26, 16)",West,"['(25, 15)', '(26, 16)', '(24, 16)']","['(34, 15)', '(34, 16)', '(33, 16)', '(32, 16)', '(31, 16)', '(30, 16)', '(29, 16)', '(28, 16)', '(27, 16)', '(25, 16)']","['(34, 15)', '(34, 16)', '(33, 16)', '(32, 16)', '(31, 16)', '(30, 16)', '(29, 16)', '(28, 16)', '(27, 16)', '(25, 15)', '(26, 16)', '(24, 16)']","['(25, 16)', '(33, 16)', '(28, 16)', '(34, 16)', '(29, 16)', '(30, 16)', '(31, 16)', '(26, 16)', '(32, 16)', '(27, 16)']",9,0,9
11,"(24, 16)","(25, 16)",West,"['(25, 16)', '(23, 16)']","['(34, 15)', '(34, 16)', '(33, 16)', '(32, 16)', '(31, 16)', '(30, 16)', '(29, 16)', '(28, 16)', '(27, 16)', '(25, 15)', '(26, 16)', '(24, 16)']","['(34, 15)', '(34, 16)', '(33, 16)', '(32, 16)', '(31, 16)', '(30, 16)', '(29, 16)', '(28, 16)', '(27, 16)', '(25, 15)', '(26, 16)', '(25, 16)', '(23, 16)']","['(25, 16)', '(33, 16)', '(28, 16)', '(34, 16)', '(29, 16)', '(24, 16)', '(30, 16)', '(31, 16)', '(26, 16)', '(32, 16)', '(27, 16)']",10,0,10
12,"(23, 16)","(24, 16)",West,"['(24, 16)', '(22, 16)']","['(34, 15)', '(34, 16)', '(33, 16)', '(32, 16)', '(31, 16)', '(30, 16)', '(29, 16)', '(28, 16)', '(27, 16)', '(25, 15)', '(26, 16)', '(25, 16)', '(23, 16)']","['(34, 15)', '(34, 16)', '(33, 16)', '(32, 16)', '(31, 16)', '(30, 16)', '(29, 16)', '(28, 16)', '(27, 16)', '(25, 15)', '(26, 16)', '(25, 16)', '(24, 16)', '(22, 16)']","['(25, 16)', '(33, 16)', '(28, 16)', '(23, 16)', '(34, 16)', '(29, 16)', '(24, 16)', '(30, 16)', '(31, 16)', '(26, 16)', '(32, 16)', '(27, 16)']",11,0,11
13,"(22, 16)","(23, 16)",West,"['(23, 16)', '(21, 16)']","['(34, 15)', '(34, 16)', '(33, 16)', '(32, 16)', '(31, 16)', '(30, 16)', '(29, 16)', '(28, 16)', '(27, 16)', '(25, 15)', '(26, 16)', '(25, 16)', '(24, 16)', '(22, 16)']","['(34, 15)', '(34, 16)', '(33, 16)', '(32, 16)', '(31, 16)', '(30, 16)', '(29, 16)', '(28, 16)', '(27, 16)', '(25, 15)', '(26, 16)', '(25, 16)', '(24, 16)', '(23, 16)', '(21, 16)']","['(25, 16)', '(33, 16)', '(28, 16)', '(23, 16)', '(34, 16)', '(29, 16)', '(24, 16)', '(30, 16)', '(31, 16)', '(26, 16)', '(32, 16)', '(27, 16)', '(22, 16)']",12,0,12
14,"(21, 16)","(22, 16)",West,"['(22, 16)', '(20, 16)']","['(34, 15)', '(34, 16)', '(33, 16)', '(32, 16)', '(31, 16)', '(30, 16)', '(29, 16)', '(28, 16)', '(27, 16)', '(25, 15)', '(26, 16)', '(25, 16)', '(24, 16)', '(23, 16)', '(21, 16)']","['(34, 15)', '(34, 16)', '(33, 16)', '(32, 16)', '(31, 16)', '(30, 16)', '(29, 16)', '(28, 16)', '(27, 16)', '(25, 15)', '(26, 16)', '(25, 16)', '(24, 16)', '(23, 16)', '(22, 16)', '(20, 16)']","['(25, 16)', '(21, 16)', '(33, 16)', '(28, 16)', '(23, 16)', '(34, 16)', '(29, 16)', '(24, 16)', '(30, 16)', '(31, 16)', '(26, 16)', '(32, 16)', '(27, 16)', '(22, 16)']",13,0,13
15,"(20, 16)","(21, 16)",West,"['(21, 16)', '(19, 16)']","['(34, 15)', '(34, 16)', '(33, 16)', '(32, 16)', '(31, 16)', '(30, 16)', '(29, 16)', '(28, 16)', '(27, 16)', '(25, 15)', '(26, 16)', '(25, 16)', '(24, 16)', '(23, 16)', '(22, 16)', '(20, 16)']","['(34, 15)', '(34, 16)', '(33, 16)', '(32, 16)', '(31, 16)', '(30, 16)', '(29, 16)', '(28, 16)', '(27, 16)', '(25, 15)', '(26, 16)', '(25, 16)', '(24, 16)', '(23, 16)', '(22, 16)', '(21, 16)', '(19, 16)']","['(25, 16)', '(21, 16)', '(33, 16)', '(28, 16)', '(23, 16)', '(34, 16)', '(29, 16)', '(24, 16)', '(30, 16)', '(31, 16)', '(26, 16)', '(20, 16)', '(32, 16)', '(27, 16)', '(22, 16)']",14,0,14
16,"(19, 16)","(20, 16)",West,"['(20, 16)', '(18, 16)']","['(34, 15)', '(34, 16)', '(33, 16)', '(32, 16)', '(31, 16)', '(30, 16)', '(29, 16)', '(28, 16)', '(27, 16)', '(25, 15)', '(26, 16)', '(25, 16)', '(24, 16)', '(23, 16)', '(22, 16)', '(21, 16)', '(19, 16)']","['(34, 15)', '(34, 16)', '(33, 16)', '(32, 16)', '(31, 16)', '(30, 16)', '(29, 16)', '(28, 16)', '(27, 16)', '(25, 15)', '(26, 16)', '(25, 16)', '(24, 16)', '(23, 16)', '(22, 16)', '(21, 16)', '(20, 16)', '(18, 16)']","['(25, 16)', '(21, 16)', '(33, 16)', '(28, 16)', '(23, 16)', '(34, 16)', '(29, 16)', '(24, 16)', '(30, 16)', '(19, 16)', '(31, 16)', '(26, 16)', '(20, 16)', '(32, 16)', '(27, 16)', '(22, 16)']",15,0,15
17,"(18, 16)","(19, 16)",West,"['(19, 16)', '(17, 16)']","['(34, 15)', '(34, 16)', '(33, 16)', '(32, 16)', '(31, 16)', '(30, 16)', '(29, 16)', '(28, 16)', '(27, 16)', '(25, 15)', '(26, 16)', '(25, 16)', '(24, 16)', '(23, 16)', '(22, 16)', '(21, 16)', '(20, 16)', '(18, 16)']","['(34, 15)', '(34, 16)', '(33, 16)', '(32, 16)', '(31, 16)', '(30, 16)', '(29, 16)', '(28, 16)', '(27, 16)', '(25, 15)', '(26, 16)', '(25, 16)', '(24, 16)', '(23, 16)', '(22, 16)', '(21, 16)', '(20, 16)', '(19, 16)', '(17, 16)']","['(25, 16)', '(21, 16)', '(33, 16)', '(28, 16)', '(23, 16)', '(34, 16)', '(29, 16)', '(24, 16)', '(30, 16)', '(19, 16)', '(18, 16)', '(31, 16)', '(26, 16)', '(20, 16)', '(32, 16)', '(27, 16)', '(22, 16)']",16,0,16
18,"(17, 16)","(18, 16)",West,"['(18, 16)', '(16, 16)']","['(34, 15)', '(34, 16)', '(33, 16)', '(32, 16)', '(31, 16)', '(30, 16)', '(29, 16)', '(28, 16)', '(27, 16)', '(25, 15)', '(26, 16)', '(25, 16)', '(24, 16)', '(23, 16)', '(22, 16)', '(21, 16)', '(20, 16)', '(19, 16)', '(17, 16)']","['(34, 15)', '(34, 16)', '(33, 16)', '(32, 16)', '(31, 16)', '(30, 16)', '(29, 16)', '(28, 16)', '(27, 16)', '(25, 15)', '(26, 16)', '(25, 16)', '(24, 16)', '(23, 16)', '(22, 16)', '(21, 16)', '(20, 16)', '(19, 16)', '(18, 16)', '(16, 16)']","['(25, 16)', '(21, 16)', '(33, 16)', '(28, 16)', '(23, 16)', '(34, 16)', '(29, 16)', '(24, 16)', '(30, 16)', '(19, 16)', '(18, 16)', '(31, 16)', '(26, 16)', '(20, 16)', '(32, 16)', '(27, 16)', '(22, 16)', '(17, 16)']",17,0,17
19,"(16, 16)","(17, 16)",West,"['(17, 16)', '(15, 16)']","['(34, 15)', '(34, 16)', '(33, 16)', '(32, 16)', '(31, 16)', '(30, 16)', '(29, 16)', '(28, 16)', '(27, 16)', '(25, 15)', '(26, 16)', '(25, 16)', '(24, 16)', '(23, 16)', '(22, 16)', '(21, 16)', '(20, 16)', '(19, 16)', '(18, 16)', '(16, 16)']","['(34, 15)', '(34, 16)', '(33, 16)', '(32, 16)', '(31, 16)', '(30, 16)', '(29, 16)', '(28, 16)', '(27, 16)', '(25, 15)', '(26, 16)', '(25, 16)', '(24, 16)', '(23, 16)', '(22, 16)', '(21, 16)', '(20, 16)', '(19, 16)', '(18, 16)', '(17, 16)', '(15, 16)']","['(21, 16)', '(23, 16)', '(34, 16)', '(27, 16)', '(25, 16)', '(16, 16)', '(18, 16)', '(29, 16)', '(31, 16)', '(20, 16)', '(22, 16)', '(33, 16)', '(24, 16)', '(26, 16)', '(28, 16)', '(17, 16)', '(30, 16)', '(19, 16)', '(32, 16)']",18,0,18
20,"(15, 16)","(16, 16)",West,"['(16, 16)', '(14, 16)']","['(34, 15)', '(34, 16)', '(33, 16)', '(32, 16)', '(31, 16)', '(30, 16)', '(29, 16)', '(28, 16)', '(27, 16)', '(25, 15)', '(26, 16)', '(25, 16)', '(24, 16)', '(23, 16)', '(22, 16)', '(21, 16)', '(20, 16)', '(19, 16)', '(18, 16)', '(17, 16)', '(15, 16)']","['(34, 15)', '(34, 16)', '(33, 16)', '(32, 16)', '(31, 16)', '(30, 16)', '(29, 16)', '(28, 16)', '(27, 16)', '(25, 15)', '(26, 16)', '(25, 16)', '(24, 16)', '(23, 16)', '(22, 16)', '(21, 16)', '(20, 16)', '(19, 16)', '(18, 16)', '(17, 16)', '(16, 16)', '(14, 16)']","['(21, 16)', '(23, 16)', '(34, 16)', '(27, 16)', '(25, 16)', '(16, 16)', '(18, 16)', '(29, 16)', '(31, 16)', '(20, 16)', '(22, 16)', '(33, 16)', '(24, 16)', '(26, 16)', '(15, 16)', '(28, 16)', '(17, 16)', '(30, 16)', '(19, 16)', '(32, 16)']",19,0,19
21,"(14, 16)","(15, 16)",West,"['(15, 16)', '(13, 16)']","['(34, 15)', '(34, 16)', '(33, 16)', '(32, 16)', '(31, 16)', '(30, 16)', '(29, 16)', '(28, 16)', '(27, 16)', '(25, 15)', '(26, 16)', '(25, 16)', '(24, 16)', '(23, 16)', '(22, 16)', '(21, 16)', '(20, 16)', '(19, 16)', '(18, 16)', '(17, 16)', '(16, 16)', '(14, 16)']","['(34, 15)', '(34, 16)', '(33, 16)', '(32, 16)', '(31, 16)', '(30, 16)', '(29, 16)', '(28, 16)', '(27, 16)', '(25, 15)', '(26, 16)', '(25, 16)', '(24, 16)', '(23, 16)', '(22, 16)', '(21, 16)', '(20, 16)', '(19, 16)', '(18, 16)', '(17, 16)', '(16, 16)', '(15, 16)', '(13, 16)']","['(21, 16)', '(23, 16)', '(34, 16)', '(14, 16)', '(27, 16)', '(25, 16)', '(16, 16)', '(18, 16)', '(29, 16)', '(31, 16)', '(20, 16)', '(22, 16)', '(33, 16)', '(24, 16)', '(26, 16)', '(15, 16)', '(28, 16)', '(17, 16)', '(30, 16)', '(19, 16)', '(32, 16)']",20,0,20
22,"(13, 16)","(14, 16)",West,"['(14, 16)', '(12, 16)']","['(34, 15)', '(34, 16)', '(33, 16)', '(32, 16)', '(31, 16)', '(30, 16)', '(29, 16)', '(28, 16)', '(27, 16)', '(25, 15)', '(26, 16)', '(25, 16)', '(24, 16)', '(23, 16)', '(22, 16)', '(21, 16)', '(20, 16)', '(19, 16)', '(18, 16)', '(17, 16)', '(16, 16)', '(15, 16)', '(13, 16)']","['(34, 15)', '(34, 16)', '(33, 16)', '(32, 16)', '(31, 16)', '(30, 16)', '(29, 16)', '(28, 16)', '(27, 16)', '(25, 15)', '(26, 16)', '(25, 16)', '(24, 16)', '(23, 16)', '(22, 16)', '(21, 16)', '(20, 16)', '(19, 16)', '(18, 16)', '(17, 16)', '(16, 16)', '(15, 16)', '(14, 16)', '(12, 16)']","['(21, 16)', '(23, 16)', '(34, 16)', '(14, 16)', '(27, 16)', '(25, 16)', '(16, 16)', '(18, 16)', '(29, 16)', '(31, 16)', '(20, 16)', '(22, 16)', '(33, 16)', '(24, 16)', '(13, 16)', '(26, 16)', '(15, 16)', '(28, 16)', '(17, 16)', '(30, 16)', '(19, 16)', '(32, 16)']",21,0,21
23,"(12, 16)","(13, 16)",West,"['(13, 16)', '(11, 16)']","['(34, 15)', '(34, 16)', '(33, 16)', '(32, 16)', '(31, 16)', '(30, 16)', '(29, 16)', '(28, 16)', '(27, 16)', '(25, 15)', '(26, 16)', '(25, 16)', '(24, 16)', '(23, 16)', '(22, 16)', '(21, 16)', '(20, 16)', '(19, 16)', '(18, 16)', '(17, 16)', '(16, 16)', '(15, 16)', '(14, 16)', '(12, 16)']","['(34, 15)', '(34, 16)', '(33, 16)', '(32, 16)', '(31, 16)', '(30, 16)', '(29, 16)', '(28, 16)', '(27, 16)', '(25, 15)', '(26, 16)', '(25, 16)', '(24, 16)', '(23, 16)', '(22, 16)', '(21, 16)', '(20, 16)', '(19, 16)', '(18, 16)', '(17, 16)', '(16, 16)', '(15, 16)', '(14, 16)', '(13, 16)', '(11, 16)']","['(21, 16)', '(23, 16)', '(34, 16)', '(12, 16)', '(14, 16)', '(27, 16)', '(25, 16)', '(16, 16)', '(18, 16)', '(29, 16)', '(31, 16)', '(20, 16)', '(22, 16)', '(33, 16)', '(24, 16)', '(13, 16)', '(26, 16)', '(15, 16)', '(28, 16)', '(17, 16)', '(30, 16)', '(19, 16)', '(32, 16)']",22,0,22
24,"(11, 16)","(12, 16)",West,"['(12, 16)', '(10, 16)']","['(34, 15)', '(34, 16)', '(33, 16)', '(32, 16)', '(31, 16)', '(30, 16)', '(29, 16)', '(28, 16)', '(27, 16)', '(25, 15)', '(26, 16)', '(25, 16)', '(24, 16)', '(23, 16)', '(22, 16)', '(21, 16)', '(20, 16)', '(19, 16)', '(18, 16)', '(17, 16)', '(16, 16)', '(15, 16)', '(14, 16)', '(13, 16)', '(11, 16)']","['(34, 15)', '(34, 16)', '(33, 16)', '(32, 16)', '(31, 16)', '(30, 16)', '(29, 16)', '(28, 16)', '(27, 16)', '(25, 15)', '(26, 16)', '(25, 16)', '(24, 16)', '(23, 16)', '(22, 16)', '(21, 16)', '(20, 16)', '(19, 16)', '(18, 16)', '(17, 16)', '(16, 16)', '(15, 16)', '(14, 16)', '(13, 16)', '(12, 16)', '(10, 16)']","['(21, 16)', '(23, 16)', '(34, 16)', '(12, 16)', '(14, 16)', '(27, 16)', '(25, 16)', '(16, 16)', '(18, 16)', '(29, 16)', '(31, 16)', '(20, 16)', '(22, 16)', '(11, 16)', '(33, 16)', '(24, 16)', '(13, 16)', '(26, 16)', '(15, 16)', '(28, 16)', '(17, 16)', '(30, 16)', '(19, 16)', '(32, 16)']",23,0,23
25,"(10, 16)","(11, 16)",West,"['(11, 16)', '(9, 16)']","['(34, 15)', '(34, 16)', '(33, 16)', '(32, 16)', '(31, 16)', '(30, 16)', '(29, 16)', '(28, 16)', '(27, 16)', '(25, 15)', '(26, 16)', '(25, 16)', '(24, 16)', '(23, 16)', '(22, 16)', '(21, 16)', '(20, 16)', '(19, 16)', '(18, 16)', '(17, 16)', '(16, 16)', '(15, 16)', '(14, 16)', '(13, 16)', '(12, 16)', '(10, 16)']","['(34, 15)', '(34, 16)', '(33, 16)', '(32, 16)', '(31, 16)', '(30, 16)', '(29, 16)', '(28, 16)', '(27, 16)', '(25, 15)', '(26, 16)', '(25, 16)', '(24, 16)', '(23, 16)', '(22, 16)', '(21, 16)', '(20, 16)', '(19, 16)', '(18, 16)', '(17, 16)', '(16, 16)', '(15, 16)', '(14, 16)', '(13, 16)', '(12, 16)', '(11, 16)', '(9, 16)']","['(21, 16)', '(23, 16)', '(34, 16)', '(12, 16)', '(14, 16)', '(27, 16)', '(25, 16)', '(16, 16)', '(18, 16)', '(29, 16)', '(31, 16)', '(20, 16)', '(22, 16)', '(11, 16)', '(33, 16)', '(24, 16)', '(13, 16)', '(26, 16)', '(15, 16)', '(28, 16)', '(17, 16)', '(30, 16)', '(19, 16)', '(10, 16)', '(32, 16)']",24,0,24
26,"(9, 16)","(10, 16)",West,"['(10, 16)', '(8, 16)']","['(34, 15)', '(34, 16)', '(33, 16)', '(32, 16)', '(31, 16)', '(30, 16)', '(29, 16)', '(28, 16)', '(27, 16)', '(25, 15)', '(26, 16)', '(25, 16)', '(24, 16)', '(23, 16)', '(22, 16)', '(21, 16)', '(20, 16)', '(19, 16)', '(18, 16)', '(17, 16)', '(16, 16)', '(15, 16)', '(14, 16)', '(13, 16)', '(12, 16)', '(11, 16)', '(9, 16)']","['(34, 15)', '(34, 16)', '(33, 16)', '(32, 16)', '(31, 16)', '(30, 16)', '(29, 16)', '(28, 16)', '(27, 16)', '(25, 15)', '(26, 16)', '(25, 16)', '(24, 16)', '(23, 16)', '(22, 16)', '(21, 16)', '(20, 16)', '(19, 16)', '(18, 16)', '(17, 16)', '(16, 16)', '(15, 16)', '(14, 16)', '(13, 16)', '(12, 16)', '(11, 16)', '(10, 16)', '(8, 16)']","['(21, 16)', '(23, 16)', '(34, 16)', '(12, 16)', '(14, 16)', '(27, 16)', '(25, 16)', '(16, 16)', '(18, 16)', '(29, 16)', '(31, 16)', '(20, 16)', '(22, 16)', '(9, 16)', '(11, 16)', '(33, 16)', '(24, 16)', '(13, 16)', '(26, 16)', '(15, 16)', '(28, 16)', '(17, 16)', '(30, 16)', '(19, 16)', '(10, 16)', '(32, 16)']",25,0,25
27,"(8, 16)","(9, 16)",West,"['(9, 16)', '(7, 16)']","['(34, 15)', '(34, 16)', '(33, 16)', '(32, 16)', '(31, 16)', '(30, 16)', '(29, 16)', '(28, 16)', '(27, 16)', '(25, 15)', '(26, 16)', '(25, 16)', '(24, 16)', '(23, 16)', '(22, 16)', '(21, 16)', '(20, 16)', '(19, 16)', '(18, 16)', '(17, 16)', '(16, 16)', '(15, 16)', '(14, 16)', '(13, 16)', '(12, 16)', '(11, 16)', '(10, 16)', '(8, 16)']","['(34, 15)', '(34, 16)', '(33, 16)', '(32, 16)', '(31, 16)', '(30, 16)', '(29, 16)', '(28, 16)', '(27, 16)', '(25, 15)', '(26, 16)', '(25, 16)', '(24, 16)', '(23, 16)', '(22, 16)', '(21, 16)', '(20, 16)', '(19, 16)', '(18, 16)', '(17, 16)', '(16, 16)', '(15, 16)', '(14, 16)', '(13, 16)', '(12, 16)', '(11, 16)', '(10, 16)', '(9, 16)', '(7, 16)']","['(21, 16)', '(23, 16)', '(34, 16)', '(12, 16)', '(14, 16)', '(27, 16)', '(25, 16)', '(16, 16)', '(18, 16)', '(29, 16)', '(31, 16)', '(20, 16)', '(22, 16)', '(9, 16)', '(11, 16)', '(33, 16)', '(24, 16)', '(13, 16)', '(26, 16)', '(15, 16)', '(28, 16)', '(17, 16)', '(30, 16)', '(19, 16)', '(8, 16)', '(10, 16)', '(32, 16)']",26,0,26
28,"(7, 16)","(8, 16)",West,"['(8, 16)', '(6, 16)']","['(34, 15)', '(34, 16)', '(33, 16)', '(32, 16)', '(31, 16)', '(30, 16)', '(29, 16)', '(28, 16)', '(27, 16)', '(25, 15)', '(26, 16)', '(25, 16)', '(24, 16)', '(23, 16)', '(22, 16)', '(21, 16)', '(20, 16)', '(19, 16)', '(18, 16)', '(17, 16)', '(16, 16)', '(15, 16)', '(14, 16)', '(13, 16)', '(12, 16)', '(11, 16)', '(10, 16)', '(9, 16)', '(7, 16)']","['(34, 15)', '(34, 16)', '(33, 16)', '(32, 16)', '(31, 16)', '(30, 16)', '(29, 16)', '(28, 16)', '(27, 16)', '(25, 15)', '(26, 16)', '(25, 16)', '(24, 16)', '(23, 16)', '(22, 16)', '(21, 16)', '(20, 16)', '(19, 16)', '(18, 16)', '(17, 16)', '(16, 16)', '(15, 16)', '(14, 16)', '(13, 16)', '(12, 16)', '(11, 16)', '(10, 16)', '(9, 16)', '(8, 16)', '(6, 16)']","['(21, 16)', '(23, 16)', '(34, 16)', '(12, 16)', '(14, 16)', '(27, 16)', '(25, 16)', '(16, 16)', '(18, 16)', '(29, 16)', '(7, 16)', '(31, 16)', '(20, 16)', '(22, 16)', '(9, 16)', '(11, 16)', '(33, 16)', '(24, 16)', '(13, 16)', '(26, 16)', '(15, 16)', '(28, 16)', '(17, 16)', '(30, 16)', '(19, 16)', '(8, 16)', '(10, 16)', '(32, 16)']",27,0,27
29,"(6, 16)","(7, 16)",West,"['(7, 16)', '(5, 16)']","['(34, 15)', '(34, 16)', '(33, 16)', '(32, 16)', '(31, 16)', '(30, 16)', '(29, 16)', '(28, 16)', '(27, 16)', '(25, 15)', '(26, 16)', '(25, 16)', '(24, 16)', '(23, 16)', '(22, 16)', '(21, 16)', '(20, 16)', '(19, 16)', '(18, 16)', '(17, 16)', '(16, 16)', '(15, 16)', '(14, 16)', '(13, 16)', '(12, 16)', '(11, 16)', '(10, 16)', '(9, 16)', '(8, 16)', '(6, 16)']","['(34, 15)', '(34, 16)', '(33, 16)', '(32, 16)', '(31, 16)', '(30, 16)', '(29, 16)', '(28, 16)', '(27, 16)', '(25, 15)', '(26, 16)', '(25, 16)', '(24, 16)', '(23, 16)', '(22, 16)', '(21, 16)', '(20, 16)', '(19, 16)', '(18, 16)', '(17, 16)', '(16, 16)', '(15, 16)', '(14, 16)', '(13, 16)', '(12, 16)', '(11, 16)', '(10, 16)', '(9, 16)', '(8, 16)', '(7, 16)', '(5, 16)']","['(21, 16)', '(23, 16)', '(34, 16)', '(12, 16)', '(14, 16)', '(27, 16)', '(25, 16)', '(16, 16)', '(18, 16)', '(29, 16)', '(7, 16)', '(31, 16)', '(20, 16)', '(22, 16)', '(9, 16)', '(11, 16)', '(33, 16)', '(24, 16)', '(13, 16)', '(26, 16)', '(15, 16)', '(6, 16)', '(28, 16)', '(17, 16)', '(30, 16)', '(19, 16)', '(8, 16)', '(10, 16)', '(32, 16)']",28,0,28
30,"(5, 16)","(6, 16)",West,"['(6, 16)', '(4, 16)']","['(34, 15)', '(34, 16)', '(33, 16)', '(32, 16)', '(31, 16)', '(30, 16)', '(29, 16)', '(28, 16)', '(27, 16)', '(25, 15)', '(26, 16)', '(25, 16)', '(24, 16)', '(23, 16)', '(22, 16)', '(21, 16)', '(20, 16)', '(19, 16)', '(18, 16)', '(17, 16)', '(16, 16)', '(15, 16)', '(14, 16)', '(13, 16)', '(12, 16)', '(11, 16)', '(10, 16)', '(9, 16)', '(8, 16)', '(7, 16)', '(5, 16)']","['(34, 15)', '(34, 16)', '(33, 16)', '(32, 16)', '(31, 16)', '(30, 16)', '(29, 16)', '(28, 16)', '(27, 16)', '(25, 15)', '(26, 16)', '(25, 16)', '(24, 16)', '(23, 16)', '(22, 16)', '(21, 16)', '(20, 16)', '(19, 16)', '(18, 16)', '(17, 16)', '(16, 16)', '(15, 16)', '(14, 16)', '(13, 16)', '(12, 16)', '(11, 16)', '(10, 16)', '(9, 16)', '(8, 16)', '(7, 16)', '(6, 16)', '(4, 16)']","['(21, 16)', '(23, 16)', '(34, 16)', '(12, 16)', '(14, 16)', '(5, 16)', '(27, 16)', '(25, 16)', '(16, 16)', '(18, 16)', '(29, 16)', '(7, 16)', '(31, 16)', '(20, 16)', '(22, 16)', '(9, 16)', '(11, 16)', '(33, 16)', '(24, 16)', '(13, 16)', '(26, 16)', '(15, 16)', '(6, 16)', '(28, 16)', '(17, 16)', '(30, 16)', '(19, 16)', '(8, 16)', '(10, 16)', '(32, 16)']",29,0,29
31,"(4, 16)","(5, 16)",West,"['(5, 16)', '(3, 16)']","['(34, 15)', '(34, 16)', '(33, 16)', '(32, 16)', '(31, 16)', '(30, 16)', '(29, 16)', '(28, 16)', '(27, 16)', '(25, 15)', '(26, 16)', '(25, 16)', '(24, 16)', '(23, 16)', '(22, 16)', '(21, 16)', '(20, 16)', '(19, 16)', '(18, 16)', '(17, 16)', '(16, 16)', '(15, 16)', '(14, 16)', '(13, 16)', '(12, 16)', '(11, 16)', '(10, 16)', '(9, 16)', '(8, 16)', '(7, 16)', '(6, 16)', '(4, 16)']","['(34, 15)', '(34, 16)', '(33, 16)', '(32, 16)', '(31, 16)', '(30, 16)', '(29, 16)', '(28, 16)', '(27, 16)', '(25, 15)', '(26, 16)', '(25, 16)', '(24, 16)', '(23, 16)', '(22, 16)', '(21, 16)', '(20, 16)', '(19, 16)', '(18, 16)', '(17, 16)', '(16, 16)', '(15, 16)', '(14, 16)', '(13, 16)', '(12, 16)', '(11, 16)', '(10, 16)', '(9, 16)', '(8, 16)', '(7, 16)', '(6, 16)', '(5, 16)', '(3, 16)']","['(21, 16)', '(23, 16)', '(34, 16)', '(12, 16)', '(14, 16)', '(5, 16)', '(27, 16)', '(25, 16)', '(16, 16)', '(18, 16)', '(29, 16)', '(7, 16)', '(31, 16)', '(20, 16)', '(22, 16)', '(9, 16)', '(11, 16)', '(33, 16)', '(24, 16)', '(13, 16)', '(26, 16)', '(15, 16)', '(6, 16)', '(4, 16)', '(28, 16)', '(17, 16)', '(30, 16)', '(19, 16)', '(8, 16)', '(10, 16)', '(32, 16)']",30,0,30
32,"(3, 16)","(4, 16)",West,"['(4, 16)', '(2, 16)']","['(34, 15)', '(34, 16)', '(33, 16)', '(32, 16)', '(31, 16)', '(30, 16)', '(29, 16)', '(28, 16)', '(27, 16)', '(25, 15)', '(26, 16)', '(25, 16)', '(24, 16)', '(23, 16)', '(22, 16)', '(21, 16)', '(20, 16)', '(19, 16)', '(18, 16)', '(17, 16)', '(16, 16)', '(15, 16)', '(14, 16)', '(13, 16)', '(12, 16)', '(11, 16)', '(10, 16)', '(9, 16)', '(8, 16)', '(7, 16)', '(6, 16)', '(5, 16)', '(3, 16)']","['(34, 15)', '(34, 16)', '(33, 16)', '(32, 16)', '(31, 16)', '(30, 16)', '(29, 16)', '(28, 16)', '(27, 16)', '(25, 15)', '(26, 16)', '(25, 16)', '(24, 16)', '(23, 16)', '(22, 16)', '(21, 16)', '(20, 16)', '(19, 16)', '(18, 16)', '(17, 16)', '(16, 16)', '(15, 16)', '(14, 16)', '(13, 16)', '(12, 16)', '(11, 16)', '(10, 16)', '(9, 16)', '(8, 16)', '(7, 16)', '(6, 16)', '(5, 16)', '(4, 16)', '(2, 16)']","['(21, 16)', '(23, 16)', '(34, 16)', '(12, 16)', '(14, 16)', '(3, 16)', '(5, 16)', '(27, 16)', '(25, 16)', '(16, 16)', '(18, 16)', '(29, 16)', '(7, 16)', '(31, 16)', '(20, 16)', '(22, 16)', '(9, 16)', '(11, 16)', '(33, 16)', '(24, 16)', '(13, 16)', '(26, 16)', '(15, 16)', '(6, 16)', '(4, 16)', '(28, 16)', '(17, 16)', '(30, 16)', '(19, 16)', '(8, 16)', '(10, 16)', '(32, 16)']",31,0,31
33,"(2, 16)","(3, 16)",West,"['(3, 16)', '(1, 16)']","['(34, 15)', '(34, 16)', '(33, 16)', '(32, 16)', '(31, 16)', '(30, 16)', '(29, 16)', '(28, 16)', '(27, 16)', '(25, 15)', '(26, 16)', '(25, 16)', '(24, 16)', '(23, 16)', '(22, 16)', '(21, 16)', '(20, 16)', '(19, 16)', '(18, 16)', '(17, 16)', '(16, 16)', '(15, 16)', '(14, 16)', '(13, 16)', '(12, 16)', '(11, 16)', '(10, 16)', '(9, 16)', '(8, 16)', '(7, 16)', '(6, 16)', '(5, 16)', '(4, 16)', '(2, 16)']","['(34, 15)', '(34, 16)', '(33, 16)', '(32, 16)', '(31, 16)', '(30, 16)', '(29, 16)', '(28, 16)', '(27, 16)', '(25, 15)', '(26, 16)', '(25, 16)', '(24, 16)', '(23, 16)', '(22, 16)', '(21, 16)', '(20, 16)', '(19, 16)', '(18, 16)', '(17, 16)', '(16, 16)', '(15, 16)', '(14, 16)', '(13, 16)', '(12, 16)', '(11, 16)', '(10, 16)', '(9, 16)', '(8, 16)', '(7, 16)', '(6, 16)', '(5, 16)', '(4, 16)', '(3, 16)', '(1, 16)']","['(21, 16)', '(23, 16)', '(34, 16)', '(12, 16)', '(14, 16)', '(3, 16)', '(5, 16)', '(27, 16)', '(25, 16)', '(16, 16)', '(18, 16)', '(29, 16)', '(7, 16)', '(31, 16)', '(20, 16)', '(22, 16)', '(9, 16)', '(11, 16)', '(33, 16)', '(2, 16)', '(24, 16)', '(13, 16)', '(26, 16)', '(15, 16)', '(6, 16)', '(4, 16)', '(28, 16)', '(17, 16)', '(30, 16)', '(19, 16)', '(8, 16)', '(10, 16)', '(32, 16)']",32,0,32
34,"(1, 16)","(2, 16)",West,"['(1, 15)', '(2, 16)']","['(34, 15)', '(34, 16)', '(33, 16)', '(32, 16)', '(31, 16)', '(30, 16)', '(29, 16)', '(28, 16)', '(27, 16)', '(25, 15)', '(26, 16)', '(25, 16)', '(24, 16)', '(23, 16)', '(22, 16)', '(21, 16)', '(20, 16)', '(19, 16)', '(18, 16)', '(17, 16)', '(16, 16)', '(15, 16)', '(14, 16)', '(13, 16)', '(12, 16)', '(11, 16)', '(10, 16)', '(9, 16)', '(8, 16)', '(7, 16)', '(6, 16)', '(5, 16)', '(4, 16)', '(3, 16)', '(1, 16)']","['(34, 15)', '(34, 16)', '(33, 16)', '(32, 16)', '(31, 16)', '(30, 16)', '(29, 16)', '(28, 16)', '(27, 16)', '(25, 15)', '(26, 16)', '(25, 16)', '(24, 16)', '(23, 16)', '(22, 16)', '(21, 16)', '(20, 16)', '(19, 16)', '(18, 16)', '(17, 16)', '(16, 16)', '(15, 16)', '(14, 16)', '(13, 16)', '(12, 16)', '(11, 16)', '(10, 16)', '(9, 16)', '(8, 16)', '(7, 16)', '(6, 16)', '(5, 16)', '(4, 16)', '(3, 16)', '(1, 15)', '(2, 16)']","['(21, 16)', '(23, 16)', '(34, 16)', '(12, 16)', '(14, 16)', '(3, 16)', '(5, 16)', '(27, 16)', '(25, 16)', '(16, 16)', '(18, 16)', '(29, 16)', '(7, 16)', '(31, 16)', '(20, 16)', '(22, 16)', '(9, 16)', '(11, 16)', '(33, 16)', '(2, 16)', '(24, 16)', '(13, 16)', '(26, 16)', '(15, 16)', '(6, 16)', '(4, 16)', '(28, 16)', '(17, 16)', '(30, 16)', '(19, 16)', '(8, 16)', '(10, 16)', '(32, 16)', '(1, 16)']",33,0,33
35,"(1, 15)","(1, 16)",South,"['(1, 16)', '(1, 14)']","['(34, 15)', '(34, 16)', '(33, 16)', '(32, 16)', '(31, 16)', '(30, 16)', '(29, 16)', '(28, 16)', '(27, 16)', '(25, 15)', '(26, 16)', '(25, 16)', '(24, 16)', '(23, 16)', '(22, 16)', '(21, 16)', '(20, 16)', '(19, 16)', '(18, 16)', '(17, 16)', '(16, 16)', '(15, 16)', '(14, 16)', '(13, 16)', '(12, 16)', '(11, 16)', '(10, 16)', '(9, 16)', '(8, 16)', '(7, 16)', '(6, 16)', '(5, 16)', '(4, 16)', '(3, 16)', '(1, 15)']","['(34, 15)', '(34, 16)', '(33, 16)', '(32, 16)', '(31, 16)', '(30, 16)', '(29, 16)', '(28, 16)', '(27, 16)', '(25, 15)', '(26, 16)', '(25, 16)', '(24, 16)', '(23, 16)', '(22, 16)', '(21, 16)', '(20, 16)', '(19, 16)', '(18, 16)', '(17, 16)', '(16, 16)', '(15, 16)', '(14, 16)', '(13, 16)', '(12, 16)', '(11, 16)', '(10, 16)', '(9, 16)', '(8, 16)', '(7, 16)', '(6, 16)', '(5, 16)', '(4, 16)', '(3, 16)', '(1, 16)', '(1, 14)']","['(21, 16)', '(23, 16)', '(34, 16)', '(12, 16)', '(14, 16)', '(3, 16)', '(5, 16)', '(27, 16)', '(25, 16)', '(16, 16)', '(1, 15)', '(18, 16)', '(29, 16)', '(7, 16)', '(31, 16)', '(20, 16)', '(22, 16)', '(9, 16)', '(11, 16)', '(33, 16)', '(2, 16)', '(24, 16)', '(13, 16)', '(26, 16)', '(15, 16)', '(6, 16)', '(4, 16)', '(28, 16)', '(17, 16)', '(30, 16)', '(19, 16)', '(8, 16)', '(10, 16)', '(32, 16)', '(1, 16)']",34,0,34
36,"(1, 14)","(1, 15)",South,"['(1, 15)', '(1, 13)']","['(34, 15)', '(34, 16)', '(33, 16)', '(32, 16)', '(31, 16)', '(30, 16)', '(29, 16)', '(28, 16)', '(27, 16)', '(25, 15)', '(26, 16)', '(25, 16)', '(24, 16)', '(23, 16)', '(22, 16)', '(21, 16)', '(20, 16)', '(19, 16)', '(18, 16)', '(17, 16)', '(16, 16)', '(15, 16)', '(14, 16)', '(13, 16)', '(12, 16)', '(11, 16)', '(10, 16)', '(9, 16)', '(8, 16)', '(7, 16)', '(6, 16)', '(5, 16)', '(4, 16)', '(3, 16)', '(1, 16)', '(1, 14)']","['(34, 15)', '(34, 16)', '(33, 16)', '(32, 16)', '(31, 16)', '(30, 16)', '(29, 16)', '(28, 16)', '(27, 16)', '(25, 15)', '(26, 16)', '(25, 16)', '(24, 16)', '(23, 16)', '(22, 16)', '(21, 16)', '(20, 16)', '(19, 16)', '(18, 16)', '(17, 16)', '(16, 16)', '(15, 16)', '(14, 16)', '(13, 16)', '(12, 16)', '(11, 16)', '(10, 16)', '(9, 16)', '(8, 16)', '(7, 16)', '(6, 16)', '(5, 16)', '(4, 16)', '(3, 16)', '(1, 16)', '(1, 15)', '(1, 13)']","['(21, 16)', '(23, 16)', '(34, 16)', '(12, 16)', '(14, 16)', '(3, 16)', '(5, 16)', '(27, 16)', '(25, 16)', '(16, 16)', '(1, 15)', '(18, 16)', '(29, 16)', '(7, 16)', '(31, 16)', '(20, 16)', '(22, 16)', '(9, 16)', '(11, 16)', '(33, 16)', '(2, 16)', '(24, 16)', '(13, 16)', '(1, 14)', '(26, 16)', '(15, 16)', '(6, 16)', '(4, 16)', '(28, 16)', '(17, 16)', '(30, 16)', '(19, 16)', '(8, 16)', '(10, 16)', '(32, 16)', '(1, 16)']",35,0,35
37,"(1, 13)","(1, 14)",South,"['(1, 14)', '(1, 12)']","['(34, 15)', '(34, 16)', '(33, 16)', '(32, 16)', '(31, 16)', '(30, 16)', '(29, 16)', '(28, 16)', '(27, 16)', '(25, 15)', '(26, 16)', '(25, 16)', '(24, 16)', '(23, 16)', '(22, 16)', '(21, 16)', '(20, 16)', '(19, 16)', '(18, 16)', '(17, 16)', '(16, 16)', '(15, 16)', '(14, 16)', '(13, 16)', '(12, 16)', '(11, 16)', '(10, 16)', '(9, 16)', '(8, 16)', '(7, 16)', '(6, 16)', '(5, 16)', '(4, 16)', '(3, 16)', '(1, 16)', '(1, 15)', '(1, 13)']","['(34, 15)', '(34, 16)', '(33, 16)', '(32, 16)', '(31, 16)', '(30, 16)', '(29, 16)', '(28, 16)', '(27, 16)', '(25, 15)', '(26, 16)', '(25, 16)', '(24, 16)', '(23, 16)', '(22, 16)', '(21, 16)', '(20, 16)', '(19, 16)', '(18, 16)', '(17, 16)', '(16, 16)', '(15, 16)', '(14, 16)', '(13, 16)', '(12, 16)', '(11, 16)', '(10, 16)', '(9, 16)', '(8, 16)', '(7, 16)', '(6, 16)', '(5, 16)', '(4, 16)', '(3, 16)', '(1, 16)', '(1, 15)', '(1, 14)', '(1, 12)']","['(21, 16)', '(23, 16)', '(34, 16)', '(12, 16)', '(14, 16)', '(3, 16)', '(5, 16)', '(27, 16)', '(25, 16)', '(16, 16)', '(1, 15)', '(18, 16)', '(29, 16)', '(7, 16)', '(31, 16)', '(20, 16)', '(22, 16)', '(9, 16)', '(11, 16)', '(33, 16)', '(2, 16)', '(24, 16)', '(13, 16)', '(1, 14)', '(26, 16)', '(15, 16)', '(6, 16)', '(4, 16)', '(28, 16)', '(17, 16)', '(30, 16)', '(19, 16)', '(8, 16)', '(10, 16)', '(32, 16)', '(1, 13)', '(1, 16)']",36,0,36
38,"(1, 12)","(1, 13)",South,"['(1, 13)', '(1, 11)']","['(34, 15)', '(34, 16)', '(33, 16)', '(32, 16)', '(31, 16)', '(30, 16)', '(29, 16)', '(28, 16)', '(27, 16)', '(25, 15)', '(26, 16)', '(25, 16)', '(24, 16)', '(23, 16)', '(22, 16)', '(21, 16)', '(20, 16)', '(19, 16)', '(18, 16)', '(17, 16)', '(16, 16)', '(15, 16)', '(14, 16)', '(13, 16)', '(12, 16)', '(11, 16)', '(10, 16)', '(9, 16)', '(8, 16)', '(7, 16)', '(6, 16)', '(5, 16)', '(4, 16)', '(3, 16)', '(1, 16)', '(1, 15)', '(1, 14)', '(1, 12)']","['(34, 15)', '(34, 16)', '(33, 16)', '(32, 16)', '(31, 16)', '(30, 16)', '(29, 16)', '(28, 16)', '(27, 16)', '(25, 15)', '(26, 16)', '(25, 16)', '(24, 16)', '(23, 16)', '(22, 16)', '(21, 16)', '(20, 16)', '(19, 16)', '(18, 16)', '(17, 16)', '(16, 16)', '(15, 16)', '(14, 16)', '(13, 16)', '(12, 16)', '(11, 16)', '(10, 16)', '(9, 16)', '(8, 16)', '(7, 16)', '(6, 16)', '(5, 16)', '(4, 16)', '(3, 16)', '(1, 16)', '(1, 15)', '(1, 14)', '(1, 13)', '(1, 11)']","['(21, 16)', '(23, 16)', '(34, 16)', '(12, 16)', '(14, 16)', '(3, 16)', '(5, 16)', '(27, 16)', '(25, 16)', '(1, 12)', '(16, 16)', '(1, 15)', '(18, 16)', '(29, 16)', '(7, 16)', '(31, 16)', '(20, 16)', '(22, 16)', '(9, 16)', '(11, 16)', '(33, 16)', '(2, 16)', '(24, 16)', '(13, 16)', '(1, 14)', '(26, 16)', '(15, 16)', '(6, 16)', '(4, 16)', '(28, 16)', '(17, 16)', '(30, 16)', '(19, 16)', '(8, 16)', '(10, 16)', '(32, 16)', '(1, 13)', '(1, 16)']",37,0,37
39,"(1, 11)","(1, 12)",South,"['(1, 12)', '(1, 10)']","['(34, 15)', '(34, 16)', '(33, 16)', '(32, 16)', '(31, 16)', '(30, 16)', '(29, 16)', '(28, 16)', '(27, 16)', '(25, 15)', '(26, 16)', '(25, 16)', '(24, 16)', '(23, 16)', '(22, 16)', '(21, 16)', '(20, 16)', '(19, 16)', '(18, 16)', '(17, 16)', '(16, 16)', '(15, 16)', '(14, 16)', '(13, 16)', '(12, 16)', '(11, 16)', '(10, 16)', '(9, 16)', '(8, 16)', '(7, 16)', '(6, 16)', '(5, 16)', '(4, 16)', '(3, 16)', '(1, 16)', '(1, 15)', '(1, 14)', '(1, 13)', '(1, 11)']","['(34, 15)', '(34, 16)', '(33, 16)', '(32, 16)', '(31, 16)', '(30, 16)', '(29, 16)', '(28, 16)', '(27, 16)', '(25, 15)', '(26, 16)', '(25, 16)', '(24, 16)', '(23, 16)', '(22, 16)', '(21, 16)', '(20, 16)', '(19, 16)', '(18, 16)', '(17, 16)', '(16, 16)', '(15, 16)', '(14, 16)', '(13, 16)', '(12, 16)', '(11, 16)', '(10, 16)', '(9, 16)', '(8, 16)', '(7, 16)', '(6, 16)', '(5, 16)', '(4, 16)', '(3, 16)', '(1, 16)', '(1, 15)', '(1, 14)', '(1, 13)', '(1, 12)', '(1, 10)']","['(21, 16)', '(23, 16)', '(34, 16)', '(12, 16)', '(14, 16)', '(3, 16)', '(5, 16)', '(27, 16)', '(25, 16)', '(1, 12)', '(16, 16)', '(1, 15)', '(18, 16)', '(29, 16)', '(7, 16)', '(31, 16)', '(20, 16)', '(22, 16)', '(9, 16)', '(11, 16)', '(33, 16)', '(1, 11)', '(2, 16)', '(24, 16)', '(13, 16)', '(1, 14)', '(26, 16)', '(15, 16)', '(6, 16)', '(4, 16)', '(28, 16)', '(17, 16)', '(30, 16)', '(19, 16)', '(8, 16)', '(10, 16)', '(32, 16)', '(1, 13)', '(1, 16)']",38,0,38
40,"(1, 10)","(1, 11)",South,"['(1, 11)', '(1, 9)']","['(34, 15)', '(34, 16)', '(33, 16)', '(32, 16)', '(31, 16)', '(30, 16)', '(29, 16)', '(28, 16)', '(27, 16)', '(25, 15)', '(26, 16)', '(25, 16)', '(24, 16)', '(23, 16)', '(22, 16)', '(21, 16)', '(20, 16)', '(19, 16)', '(18, 16)', '(17, 16)', '(16, 16)', '(15, 16)', '(14, 16)', '(13, 16)', '(12, 16)', '(11, 16)', '(10, 16)', '(9, 16)', '(8, 16)', '(7, 16)', '(6, 16)', '(5, 16)', '(4, 16)', '(3, 16)', '(1, 16)', '(1, 15)', '(1, 14)', '(1, 13)', '(1, 12)', '(1, 10)']","[(34, 15), (34, 16), (33, 16), (32, 16), (31, 16), (30, 16), (29, 16), (28, 16), (27, 16), (25, 15), (26, 16), (25, 16), (24, 16), (23, 16), (22, 16), (21, 16), (20, 16), (19, 16), (18, 16), (17, 16), (16, 16), (15, 16), (14, 16), (13, 16), (12, 16), (11, 16), (10, 16), (9, 16), (8, 16), (7, 16), (6, 16), (5, 16), (4, 16), (3, 16), (1, 16), (1, 15), (1, 14), (1, 13), (1, 12), (1, 11), ... (+1 more)]","['(21, 16)', '(23, 16)', '(34, 16)', '(12, 16)', '(14, 16)', '(3, 16)', '(5, 16)', '(27, 16)', '(25, 16)', '(1, 12)', '(16, 16)', '(1, 15)', '(18, 16)', '(29, 16)', '(7, 16)', '(31, 16)', '(20, 16)', '(22, 16)', '(9, 16)', '(11, 16)', '(33, 16)', '(1, 11)', '(2, 16)', '(24, 16)', '(13, 16)', '(1, 14)', '(26, 16)', '(15, 16)', '(6, 16)', '(4, 16)', '(28, 16)', '(17, 16)', '(30, 16)', '(19, 16)', '(8, 16)', '(10, 16)', '(32, 16)', '(1, 13)', '(1, 10)', '(1, 16)']",39,0,39
41,"(1, 9)","(1, 10)",South,"['(1, 10)', '(1, 8)']","[(34, 15), (34, 16), (33, 16), (32, 16), (31, 16), (30, 16), (29, 16), (28, 16), (27, 16), (25, 15), (26, 16), (25, 16), (24, 16), (23, 16), (22, 16), (21, 16), (20, 16), (19, 16), (18, 16), (17, 16), (16, 16), (15, 16), (14, 16), (13, 16), (12, 16), (11, 16), (10, 16), (9, 16), (8, 16), (7, 16), (6, 16), (5, 16), (4, 16), (3, 16), (1, 16), (1, 15), (1, 14), (1, 13), (1, 12), (1, 11), ... (+1 more)]","[(34, 15), (34, 16), (33, 16), (32, 16), (31, 16), (30, 16), (29, 16), (28, 16), (27, 16), (25, 15), (26, 16), (25, 16), (24, 16), (23, 16), (22, 16), (21, 16), (20, 16), (19, 16), (18, 16), (17, 16), (16, 16), (15, 16), (14, 16), (13, 16), (12, 16), (11, 16), (10, 16), (9, 16), (8, 16), (7, 16), (6, 16), (5, 16), (4, 16), (3, 16), (1, 16), (1, 15), (1, 14), (1, 13), (1, 12), (1, 11), ... (+2 more)]","[(21, 16), (23, 16), (34, 16), (12, 16), (14, 16), (3, 16), (5, 16), (27, 16), (1, 9), (25, 16), (1, 12), (16, 16), (1, 15), (18, 16), (29, 16), (7, 16), (31, 16), (20, 16), (22, 16), (9, 16), (11, 16), (33, 16), (1, 11), (2, 16), (24, 16), (13, 16), (1, 14), (26, 16), (15, 16), (6, 16), (4, 16), (28, 16), (17, 16), (30, 16), (19, 16), (8, 16), (10, 16), (32, 16), (1, 13), (1, 10), ... (+1 more)]",40,0,40
42,"(1, 8)","(1, 9)",South,"['(1, 9)', '(1, 7)']","[(34, 15), (34, 16), (33, 16), (32, 16), (31, 16), (30, 16), (29, 16), (28, 16), (27, 16), (25, 15), (26, 16), (25, 16), (24, 16), (23, 16), (22, 16), (21, 16), (20, 16), (19, 16), (18, 16), (17, 16), (16, 16), (15, 16), (14, 16), (13, 16), (12, 16), (11, 16), (10, 16), (9, 16), (8, 16), (7, 16), (6, 16), (5, 16), (4, 16), (3, 16), (1, 16), (1, 15), (1, 14), (1, 13), (1, 12), (1, 11), ... (+2 more)]","[(34, 15), (34, 16), (33, 16), (32, 16), (31, 16), (30, 16), (29, 16), (28, 16), (27, 16), (25, 15), (26, 16), (25, 16), (24, 16), (23, 16), (22, 16), (21, 16), (20, 16), (19, 16), (18, 16), (17, 16), (16, 16), (15, 16), (14, 16), (13, 16), (12, 16), (11, 16), (10, 16), (9, 16), (8, 16), (7, 16), (6, 16), (5, 16), (4, 16), (3, 16), (1, 16), (1, 15), (1, 14), (1, 13), (1, 12), (1, 11), ... (+3 more)]","[(21, 16), (23, 16), (34, 16), (12, 16), (14, 16), (3, 16), (5, 16), (27, 16), (1, 9), (25, 16), (1, 12), (16, 16), (1, 15), (18, 16), (29, 16), (7, 16), (31, 16), (20, 16), (22, 16), (9, 16), (11, 16), (33, 16), (1, 11), (2, 16), (24, 16), (13, 16), (1, 14), (1, 8), (26, 16), (15, 16), (6, 16), (4, 16), (28, 16), (17, 16), (30, 16), (19, 16), (8, 16), (10, 16), (32, 16), (1, 13), ... (+2 more)]",41,0,41
43,"(1, 7)","(1, 8)",South,"['(1, 8)', '(2, 7)']","[(34, 15), (34, 16), (33, 16), (32, 16), (31, 16), (30, 16), (29, 16), (28, 16), (27, 16), (25, 15), (26, 16), (25, 16), (24, 16), (23, 16), (22, 16), (21, 16), (20, 16), (19, 16), (18, 16), (17, 16), (16, 16), (15, 16), (14, 16), (13, 16), (12, 16), (11, 16), (10, 16), (9, 16), (8, 16), (7, 16), (6, 16), (5, 16), (4, 16), (3, 16), (1, 16), (1, 15), (1, 14), (1, 13), (1, 12), (1, 11), ... (+3 more)]","[(34, 15), (34, 16), (33, 16), (32, 16), (31, 16), (30, 16), (29, 16), (28, 16), (27, 16), (25, 15), (26, 16), (25, 16), (24, 16), (23, 16), (22, 16), (21, 16), (20, 16), (19, 16), (18, 16), (17, 16), (16, 16), (15, 16), (14, 16), (13, 16), (12, 16), (11, 16), (10, 16), (9, 16), (8, 16), (7, 16), (6, 16), (5, 16), (4, 16), (3, 16), (1, 16), (1, 15), (1, 14), (1, 13), (1, 12), (1, 11), ... (+4 more)]","[(21, 16), (23, 16), (34, 16), (12, 16), (14, 16), (3, 16), (5, 16), (27, 16), (1, 9), (25, 16), (1, 12), (16, 16), (1, 15), (18, 16), (29, 16), (7, 16), (31, 16), (20, 16), (22, 16), (9, 16), (11, 16), (33, 16), (1, 11), (2, 16), (24, 16), (13, 16), (1, 14), (1, 8), (26, 16), (15, 16), (6, 16), (4, 16), (28, 16), (17, 16), (30, 16), (19, 16), (8, 16), (10, 16), (32, 16), (1, 13), ... (+3 more)]",42,0,42
44,"(2, 7)","(1, 7)",East,"['(3, 7)', '(1, 7)']","[(34, 15), (34, 16), (33, 16), (32, 16), (31, 16), (30, 16), (29, 16), (28, 16), (27, 16), (25, 15), (26, 16), (25, 16), (24, 16), (23, 16), (22, 16), (21, 16), (20, 16), (19, 16), (18, 16), (17, 16), (16, 16), (15, 16), (14, 16), (13, 16), (12, 16), (11, 16), (10, 16), (9, 16), (8, 16), (7, 16), (6, 16), (5, 16), (4, 16), (3, 16), (1, 16), (1, 15), (1, 14), (1, 13), (1, 12), (1, 11), ... (+4 more)]","[(34, 15), (34, 16), (33, 16), (32, 16), (31, 16), (30, 16), (29, 16), (28, 16), (27, 16), (25, 15), (26, 16), (25, 16), (24, 16), (23, 16), (22, 16), (21, 16), (20, 16), (19, 16), (18, 16), (17, 16), (16, 16), (15, 16), (14, 16), (13, 16), (12, 16), (11, 16), (10, 16), (9, 16), (8, 16), (7, 16), (6, 16), (5, 16), (4, 16), (3, 16), (1, 16), (1, 15), (1, 14), (1, 13), (1, 12), (1, 11), ... (+5 more)]","[(21, 16), (23, 16), (34, 16), (12, 16), (14, 16), (3, 16), (5, 16), (27, 16), (1, 9), (25, 16), (1, 12), (16, 16), (1, 15), (18, 16), (29, 16), (7, 16), (31, 16), (20, 16), (22, 16), (9, 16), (11, 16), (33, 16), (1, 11), (2, 7), (2, 16), (24, 16), (13, 16), (1, 14), (1, 8), (26, 16), (15, 16), (6, 16), (4, 16), (28, 16), (17, 16), (30, 16), (19, 16), (8, 16), (10, 16), (32, 16), ... (+4 more)]",43,0,43
45,"(3, 7)","(2, 7)",East,"['(4, 7)', '(2, 7)']","[(34, 15), (34, 16), (33, 16), (32, 16), (31, 16), (30, 16), (29, 16), (28, 16), (27, 16), (25, 15), (26, 16), (25, 16), (24, 16), (23, 16), (22, 16), (21, 16), (20, 16), (19, 16), (18, 16), (17, 16), (16, 16), (15, 16), (14, 16), (13, 16), (12, 16), (11, 16), (10, 16), (9, 16), (8, 16), (7, 16), (6, 16), (5, 16), (4, 16), (3, 16), (1, 16), (1, 15), (1, 14), (1, 13), (1, 12), (1, 11), ... (+4 more)]","[(34, 15), (34, 16), (33, 16), (32, 16), (31, 16), (30, 16), (29, 16), (28, 16), (27, 16), (25, 15), (26, 16), (25, 16), (24, 16), (23, 16), (22, 16), (21, 16), (20, 16), (19, 16), (18, 16), (17, 16), (16, 16), (15, 16), (14, 16), (13, 16), (12, 16), (11, 16), (10, 16), (9, 16), (8, 16), (7, 16), (6, 16), (5, 16), (4, 16), (3, 16), (1, 16), (1, 15), (1, 14), (1, 13), (1, 12), (1, 11), ... (+5 more)]","[(21, 16), (23, 16), (34, 16), (12, 16), (3, 7), (14, 16), (3, 16), (5, 16), (27, 16), (1, 9), (25, 16), (1, 12), (16, 16), (1, 15), (18, 16), (29, 16), (7, 16), (31, 16), (20, 16), (22, 16), (9, 16), (11, 16), (33, 16), (1, 11), (2, 7), (2, 16), (24, 16), (13, 16), (1, 14), (1, 8), (26, 16), (15, 16), (6, 16), (4, 16), (28, 16), (17, 16), (30, 16), (19, 16), (8, 16), (10, 16), ... (+5 more)]",44,0,44
46,"(4, 7)","(3, 7)",East,"['(4, 8)', '(3, 7)']","[(34, 15), (34, 16), (33, 16), (32, 16), (31, 16), (30, 16), (29, 16), (28, 16), (27, 16), (25, 15), (26, 16), (25, 16), (24, 16), (23, 16), (22, 16), (21, 16), (20, 16), (19, 16), (18, 16), (17, 16), (16, 16), (15, 16), (14, 16), (13, 16), (12, 16), (11, 16), (10, 16), (9, 16), (8, 16), (7, 16), (6, 16), (5, 16), (4, 16), (3, 16), (1, 16), (1, 15), (1, 14), (1, 13), (1, 12), (1, 11), ... (+4 more)]","[(34, 15), (34, 16), (33, 16), (32, 16), (31, 16), (30, 16), (29, 16), (28, 16), (27, 16), (25, 15), (26, 16), (25, 16), (24, 16), (23, 16), (22, 16), (21, 16), (20, 16), (19, 16), (18, 16), (17, 16), (16, 16), (15, 16), (14, 16), (13, 16), (12, 16), (11, 16), (10, 16), (9, 16), (8, 16), (7, 16), (6, 16), (5, 16), (4, 16), (3, 16), (1, 16), (1, 15), (1, 14), (1, 13), (1, 12), (1, 11), ... (+5 more)]","[(21, 16), (23, 16), (34, 16), (12, 16), (3, 7), (14, 16), (3, 16), (5, 16), (27, 16), (1, 9), (25, 16), (1, 12), (16, 16), (1, 15), (18, 16), (29, 16), (7, 16), (31, 16), (20, 16), (22, 16), (9, 16), (11, 16), (33, 16), (1, 11), (2, 7), (2, 16), (24, 16), (13, 16), (1, 14), (1, 8), (26, 16), (15, 16), (6, 16), (4, 7), (4, 16), (28, 16), (17, 16), (30, 16), (19, 16), (8, 16), ... (+6 more)]",45,0,45
47,"(4, 8)","(4, 7)",North,"['(4, 9)', '(4, 7)']","[(34, 15), (34, 16), (33, 16), (32, 16), (31, 16), (30, 16), (29, 16), (28, 16), (27, 16), (25, 15), (26, 16), (25, 16), (24, 16), (23, 16), (22, 16), (21, 16), (20, 16), (19, 16), (18, 16), (17, 16), (16, 16), (15, 16), (14, 16), (13, 16), (12, 16), (11, 16), (10, 16), (9, 16), (8, 16), (7, 16), (6, 16), (5, 16), (4, 16), (3, 16), (1, 16), (1, 15), (1, 14), (1, 13), (1, 12), (1, 11), ... (+4 more)]","[(34, 15), (34, 16), (33, 16), (32, 16), (31, 16), (30, 16), (29, 16), (28, 16), (27, 16), (25, 15), (26, 16), (25, 16), (24, 16), (23, 16), (22, 16), (21, 16), (20, 16), (19, 16), (18, 16), (17, 16), (16, 16), (15, 16), (14, 16), (13, 16), (12, 16), (11, 16), (10, 16), (9, 16), (8, 16), (7, 16), (6, 16), (5, 16), (4, 16), (3, 16), (1, 16), (1, 15), (1, 14), (1, 13), (1, 12), (1, 11), ... (+5 more)]","[(21, 16), (23, 16), (34, 16), (12, 16), (3, 7), (14, 16), (3, 16), (5, 16), (27, 16), (1, 9), (25, 16), (1, 12), (16, 16), (1, 15), (18, 16), (29, 16), (7, 16), (31, 16), (20, 16), (22, 16), (4, 8), (9, 16), (11, 16), (33, 16), (1, 11), (2, 7), (2, 16), (24, 16), (13, 16), (1, 14), (1, 8), (26, 16), (15, 16), (6, 16), (4, 7), (4, 16), (28, 16), (17, 16), (30, 16), (19, 16), ... (+7 more)]",46,0,46
48,"(4, 9)","(4, 8)",North,"['(4, 10)', '(4, 8)']","[(34, 15), (34, 16), (33, 16), (32, 16), (31, 16), (30, 16), (29, 16), (28, 16), (27, 16), (25, 15), (26, 16), (25, 16), (24, 16), (23, 16), (22, 16), (21, 16), (20, 16), (19, 16), (18, 16), (17, 16), (16, 16), (15, 16), (14, 16), (13, 16), (12, 16), (11, 16), (10, 16), (9, 16), (8, 16), (7, 16), (6, 16), (5, 16), (4, 16), (3, 16), (1, 16), (1, 15), (1, 14), (1, 13), (1, 12), (1, 11), ... (+4 more)]","[(34, 15), (34, 16), (33, 16), (32, 16), (31, 16), (30, 16), (29, 16), (28, 16), (27, 16), (25, 15), (26, 16), (25, 16), (24, 16), (23, 16), (22, 16), (21, 16), (20, 16), (19, 16), (18, 16), (17, 16), (16, 16), (15, 16), (14, 16), (13, 16), (12, 16), (11, 16), (10, 16), (9, 16), (8, 16), (7, 16), (6, 16), (5, 16), (4, 16), (3, 16), (1, 16), (1, 15), (1, 14), (1, 13), (1, 12), (1, 11), ... (+5 more)]","[(21, 16), (4, 9), (23, 16), (34, 16), (12, 16), (3, 7), (14, 16), (3, 16), (5, 16), (27, 16), (1, 9), (25, 16), (1, 12), (16, 16), (1, 15), (18, 16), (29, 16), (7, 16), (31, 16), (20, 16), (22, 16), (4, 8), (9, 16), (11, 16), (33, 16), (1, 11), (2, 7), (2, 16), (24, 16), (13, 16), (1, 14), (1, 8), (26, 16), (15, 16), (6, 16), (4, 7), (4, 16), (28, 16), (17, 16), (30, 16), ... (+8 more)]",47,0,47
49,"(4, 10)","(4, 9)",North,"['(4, 11)', '(4, 9)', '(3, 10)']","[(34, 15), (34, 16), (33, 16), (32, 16), (31, 16), (30, 16), (29, 16), (28, 16), (27, 16), (25, 15), (26, 16), (25, 16), (24, 16), (23, 16), (22, 16), (21, 16), (20, 16), (19, 16), (18, 16), (17, 16), (16, 16), (15, 16), (14, 16), (13, 16), (12, 16), (11, 16), (10, 16), (9, 16), (8, 16), (7, 16), (6, 16), (5, 16), (4, 16), (3, 16), (1, 16), (1, 15), (1, 14), (1, 13), (1, 12), (1, 11), ... (+4 more)]","[(34, 15), (34, 16), (33, 16), (32, 16), (31, 16), (30, 16), (29, 16), (28, 16), (27, 16), (25, 15), (26, 16), (25, 16), (24, 16), (23, 16), (22, 16), (21, 16), (20, 16), (19, 16), (18, 16), (17, 16), (16, 16), (15, 16), (14, 16), (13, 16), (12, 16), (11, 16), (10, 16), (9, 16), (8, 16), (7, 16), (6, 16), (5, 16), (4, 16), (3, 16), (1, 16), (1, 15), (1, 14), (1, 13), (1, 12), (1, 11), ... (+6 more)]","[(21, 16), (4, 9), (23, 16), (34, 16), (12, 16), (3, 7), (14, 16), (3, 16), (5, 16), (27, 16), (1, 9), (25, 16), (1, 12), (16, 16), (1, 15), (18, 16), (29, 16), (7, 16), (31, 16), (20, 16), (22, 16), (4, 8), (9, 16), (11, 16), (33, 16), (1, 11), (2, 7), (2, 16), (24, 16), (13, 16), (1, 14), (1, 8), (26, 16), (15, 16), (6, 16), (4, 7), (4, 10), (4, 16), (28, 16), (17, 16), ... (+9 more)]",48,0,48
50,"(3, 10)","(4, 10)",West,"['(4, 10)']","[(34, 15), (34, 16), (33, 16), (32, 16), (31, 16), (30, 16), (29, 16), (28, 16), (27, 16), (25, 15), (26, 16), (25, 16), (24, 16), (23, 16), (22, 16), (21, 16), (20, 16), (19, 16), (18, 16), (17, 16), (16, 16), (15, 16), (14, 16), (13, 16), (12, 16), (11, 16), (10, 16), (9, 16), (8, 16), (7, 16), (6, 16), (5, 16), (4, 16), (3, 16), (1, 16), (1, 15), (1, 14), (1, 13), (1, 12), (1, 11), ... (+6 more)]","[(34, 15), (34, 16), (33, 16), (32, 16), (31, 16), (30, 16), (29, 16), (28, 16), (27, 16), (25, 15), (26, 16), (25, 16), (24, 16), (23, 16), (22, 16), (21, 16), (20, 16), (19, 16), (18, 16), (17, 16), (16, 16), (15, 16), (14, 16), (13, 16), (12, 16), (11, 16), (10, 16), (9, 16), (8, 16), (7, 16), (6, 16), (5, 16), (4, 16), (3, 16), (1, 16), (1, 15), (1, 14), (1, 13), (1, 12), (1, 11), ... (+6 more)]","[(21, 16), (4, 9), (23, 16), (34, 16), (12, 16), (3, 7), (3, 10), (14, 16), (3, 16), (5, 16), (27, 16), (1, 9), (25, 16), (1, 12), (16, 16), (1, 15), (18, 16), (29, 16), (7, 16), (31, 16), (20, 16), (22, 16), (4, 8), (9, 16), (11, 16), (33, 16), (1, 11), (2, 7), (2, 16), (24, 16), (13, 16), (1, 14), (1, 8), (26, 16), (15, 16), (6, 16), (4, 7), (4, 10), (4, 16), (28, 16), ... (+10 more)]",49,0,49
51,"(4, 11)","(4, 10)",North,"['(4, 12)', '(4, 10)']","[(34, 15), (34, 16), (33, 16), (32, 16), (31, 16), (30, 16), (29, 16), (28, 16), (27, 16), (25, 15), (26, 16), (25, 16), (24, 16), (23, 16), (22, 16), (21, 16), (20, 16), (19, 16), (18, 16), (17, 16), (16, 16), (15, 16), (14, 16), (13, 16), (12, 16), (11, 16), (10, 16), (9, 16), (8, 16), (7, 16), (6, 16), (5, 16), (4, 16), (3, 16), (1, 16), (1, 15), (1, 14), (1, 13), (1, 12), (1, 11), ... (+4 more)]","[(34, 15), (34, 16), (33, 16), (32, 16), (31, 16), (30, 16), (29, 16), (28, 16), (27, 16), (25, 15), (26, 16), (25, 16), (24, 16), (23, 16), (22, 16), (21, 16), (20, 16), (19, 16), (18, 16), (17, 16), (16, 16), (15, 16), (14, 16), (13, 16), (12, 16), (11, 16), (10, 16), (9, 16), (8, 16), (7, 16), (6, 16), (5, 16), (4, 16), (3, 16), (1, 16), (1, 15), (1, 14), (1, 13), (1, 12), (1, 11), ... (+5 more)]","[(21, 16), (4, 9), (23, 16), (34, 16), (12, 16), (3, 7), (3, 10), (14, 16), (3, 16), (5, 16), (27, 16), (1, 9), (25, 16), (1, 12), (16, 16), (1, 15), (18, 16), (29, 16), (7, 16), (31, 16), (20, 16), (22, 16), (4, 8), (4, 11), (9, 16), (11, 16), (33, 16), (1, 11), (2, 7), (2, 16), (24, 16), (13, 16), (1, 14), (1, 8), (26, 16), (15, 16), (6, 16), (4, 7), (4, 10), (4, 16), ... (+11 more)]",49,0,49
52,"(4, 12)","(4, 11)",North,"['(4, 13)', '(4, 11)']","[(34, 15), (34, 16), (33, 16), (32, 16), (31, 16), (30, 16), (29, 16), (28, 16), (27, 16), (25, 15), (26, 16), (25, 16), (24, 16), (23, 16), (22, 16), (21, 16), (20, 16), (19, 16), (18, 16), (17, 16), (16, 16), (15, 16), (14, 16), (13, 16), (12, 16), (11, 16), (10, 16), (9, 16), (8, 16), (7, 16), (6, 16), (5, 16), (4, 16), (3, 16), (1, 16), (1, 15), (1, 14), (1, 13), (1, 12), (1, 11), ... (+4 more)]","[(34, 15), (34, 16), (33, 16), (32, 16), (31, 16), (30, 16), (29, 16), (28, 16), (27, 16), (25, 15), (26, 16), (25, 16), (24, 16), (23, 16), (22, 16), (21, 16), (20, 16), (19, 16), (18, 16), (17, 16), (16, 16), (15, 16), (14, 16), (13, 16), (12, 16), (11, 16), (10, 16), (9, 16), (8, 16), (7, 16), (6, 16), (5, 16), (4, 16), (3, 16), (1, 16), (1, 15), (1, 14), (1, 13), (1, 12), (1, 11), ... (+5 more)]","[(21, 16), (4, 9), (23, 16), (34, 16), (12, 16), (3, 7), (3, 10), (14, 16), (3, 16), (4, 12), (5, 16), (27, 16), (1, 9), (25, 16), (1, 12), (16, 16), (1, 15), (18, 16), (29, 16), (7, 16), (31, 16), (20, 16), (22, 16), (4, 8), (4, 11), (9, 16), (11, 16), (33, 16), (1, 11), (2, 7), (2, 16), (24, 16), (13, 16), (1, 14), (1, 8), (26, 16), (15, 16), (6, 16), (4, 7), (4, 10), ... (+12 more)]",50,0,50
53,"(4, 13)","(4, 12)",North,"['(4, 14)', '(4, 12)']","[(34, 15), (34, 16), (33, 16), (32, 16), (31, 16), (30, 16), (29, 16), (28, 16), (27, 16), (25, 15), (26, 16), (25, 16), (24, 16), (23, 16), (22, 16), (21, 16), (20, 16), (19, 16), (18, 16), (17, 16), (16, 16), (15, 16), (14, 16), (13, 16), (12, 16), (11, 16), (10, 16), (9, 16), (8, 16), (7, 16), (6, 16), (5, 16), (4, 16), (3, 16), (1, 16), (1, 15), (1, 14), (1, 13), (1, 12), (1, 11), ... (+4 more)]","[(34, 15), (34, 16), (33, 16), (32, 16), (31, 16), (30, 16), (29, 16), (28, 16), (27, 16), (25, 15), (26, 16), (25, 16), (24, 16), (23, 16), (22, 16), (21, 16), (20, 16), (19, 16), (18, 16), (17, 16), (16, 16), (15, 16), (14, 16), (13, 16), (12, 16), (11, 16), (10, 16), (9, 16), (8, 16), (7, 16), (6, 16), (5, 16), (4, 16), (3, 16), (1, 16), (1, 15), (1, 14), (1, 13), (1, 12), (1, 11), ... (+5 more)]","[(21, 16), (4, 9), (23, 16), (34, 16), (12, 16), (3, 7), (3, 10), (14, 16), (3, 16), (4, 12), (5, 16), (27, 16), (1, 9), (25, 16), (1, 12), (16, 16), (1, 15), (18, 16), (29, 16), (7, 16), (31, 16), (20, 16), (22, 16), (4, 8), (4, 11), (9, 16), (11, 16), (33, 16), (1, 11), (2, 7), (2, 16), (24, 16), (13, 16), (1, 14), (1, 8), (26, 16), (15, 16), (6, 16), (4, 7), (4, 10), ... (+13 more)]",51,0,51
54,"(4, 14)","(4, 13)",North,"['(4, 13)', '(5, 14)']","[(34, 15), (34, 16), (33, 16), (32, 16), (31, 16), (30, 16), (29, 16), (28, 16), (27, 16), (25, 15), (26, 16), (25, 16), (24, 16), (23, 16), (22, 16), (21, 16), (20, 16), (19, 16), (18, 16), (17, 16), (16, 16), (15, 16), (14, 16), (13, 16), (12, 16), (11, 16), (10, 16), (9, 16), (8, 16), (7, 16), (6, 16), (5, 16), (4, 16), (3, 16), (1, 16), (1, 15), (1, 14), (1, 13), (1, 12), (1, 11), ... (+4 more)]","[(34, 15), (34, 16), (33, 16), (32, 16), (31, 16), (30, 16), (29, 16), (28, 16), (27, 16), (25, 15), (26, 16), (25, 16), (24, 16), (23, 16), (22, 16), (21, 16), (20, 16), (19, 16), (18, 16), (17, 16), (16, 16), (15, 16), (14, 16), (13, 16), (12, 16), (11, 16), (10, 16), (9, 16), (8, 16), (7, 16), (6, 16), (5, 16), (4, 16), (3, 16), (1, 16), (1, 15), (1, 14), (1, 13), (1, 12), (1, 11), ... (+5 more)]","[(21, 16), (4, 9), (23, 16), (34, 16), (12, 16), (3, 7), (3, 10), (14, 16), (3, 16), (4, 12), (5, 16), (27, 16), (1, 9), (25, 16), (1, 12), (16, 16), (1, 15), (18, 16), (29, 16), (7, 16), (31, 16), (20, 16), (22, 16), (4, 8), (4, 14), (4, 11), (9, 16), (11, 16), (33, 16), (1, 11), (2, 7), (2, 16), (24, 16), (13, 16), (1, 14), (1, 8), (26, 16), (15, 16), (6, 16), (4, 7), ... (+14 more)]",52,0,52
55,"(5, 14)","(4, 14)",East,"['(6, 14)', '(4, 14)']","[(34, 15), (34, 16), (33, 16), (32, 16), (31, 16), (30, 16), (29, 16), (28, 16), (27, 16), (25, 15), (26, 16), (25, 16), (24, 16), (23, 16), (22, 16), (21, 16), (20, 16), (19, 16), (18, 16), (17, 16), (16, 16), (15, 16), (14, 16), (13, 16), (12, 16), (11, 16), (10, 16), (9, 16), (8, 16), (7, 16), (6, 16), (5, 16), (4, 16), (3, 16), (1, 16), (1, 15), (1, 14), (1, 13), (1, 12), (1, 11), ... (+5 more)]","[(34, 15), (34, 16), (33, 16), (32, 16), (31, 16), (30, 16), (29, 16), (28, 16), (27, 16), (25, 15), (26, 16), (25, 16), (24, 16), (23, 16), (22, 16), (21, 16), (20, 16), (19, 16), (18, 16), (17, 16), (16, 16), (15, 16), (14, 16), (13, 16), (12, 16), (11, 16), (10, 16), (9, 16), (8, 16), (7, 16), (6, 16), (5, 16), (4, 16), (3, 16), (1, 16), (1, 15), (1, 14), (1, 13), (1, 12), (1, 11), ... (+6 more)]","[(21, 16), (4, 9), (23, 16), (34, 16), (12, 16), (3, 7), (3, 10), (14, 16), (3, 16), (4, 12), (5, 16), (27, 16), (1, 9), (25, 16), (1, 12), (16, 16), (1, 15), (18, 16), (29, 16), (7, 16), (31, 16), (20, 16), (22, 16), (4, 8), (4, 14), (4, 11), (9, 16), (11, 16), (33, 16), (1, 11), (2, 7), (2, 16), (24, 16), (13, 16), (1, 14), (1, 8), (26, 16), (15, 16), (6, 16), (4, 7), ... (+15 more)]",53,0,53
56,"(6, 14)","(5, 14)",East,"['(6, 13)', '(5, 14)']","[(34, 15), (34, 16), (33, 16), (32, 16), (31, 16), (30, 16), (29, 16), (28, 16), (27, 16), (25, 15), (26, 16), (25, 16), (24, 16), (23, 16), (22, 16), (21, 16), (20, 16), (19, 16), (18, 16), (17, 16), (16, 16), (15, 16), (14, 16), (13, 16), (12, 16), (11, 16), (10, 16), (9, 16), (8, 16), (7, 16), (6, 16), (5, 16), (4, 16), (3, 16), (1, 16), (1, 15), (1, 14), (1, 13), (1, 12), (1, 11), ... (+5 more)]","[(34, 15), (34, 16), (33, 16), (32, 16), (31, 16), (30, 16), (29, 16), (28, 16), (27, 16), (25, 15), (26, 16), (25, 16), (24, 16), (23, 16), (22, 16), (21, 16), (20, 16), (19, 16), (18, 16), (17, 16), (16, 16), (15, 16), (14, 16), (13, 16), (12, 16), (11, 16), (10, 16), (9, 16), (8, 16), (7, 16), (6, 16), (5, 16), (4, 16), (3, 16), (1, 16), (1, 15), (1, 14), (1, 13), (1, 12), (1, 11), ... (+6 more)]","[(21, 16), (4, 9), (23, 16), (34, 16), (12, 16), (3, 7), (3, 10), (14, 16), (3, 16), (4, 12), (5, 16), (27, 16), (1, 9), (25, 16), (1, 12), (16, 16), (1, 15), (18, 16), (29, 16), (7, 16), (6, 14), (31, 16), (20, 16), (22, 16), (4, 8), (4, 14), (4, 11), (9, 16), (11, 16), (33, 16), (1, 11), (2, 7), (2, 16), (24, 16), (13, 16), (1, 14), (1, 8), (26, 16), (15, 16), (6, 16), ... (+16 more)]",54,0,54
57,"(6, 13)","(6, 14)",South,"['(6, 14)', '(6, 12)']","[(34, 15), (34, 16), (33, 16), (32, 16), (31, 16), (30, 16), (29, 16), (28, 16), (27, 16), (25, 15), (26, 16), (25, 16), (24, 16), (23, 16), (22, 16), (21, 16), (20, 16), (19, 16), (18, 16), (17, 16), (16, 16), (15, 16), (14, 16), (13, 16), (12, 16), (11, 16), (10, 16), (9, 16), (8, 16), (7, 16), (6, 16), (5, 16), (4, 16), (3, 16), (1, 16), (1, 15), (1, 14), (1, 13), (1, 12), (1, 11), ... (+5 more)]","[(34, 15), (34, 16), (33, 16), (32, 16), (31, 16), (30, 16), (29, 16), (28, 16), (27, 16), (25, 15), (26, 16), (25, 16), (24, 16), (23, 16), (22, 16), (21, 16), (20, 16), (19, 16), (18, 16), (17, 16), (16, 16), (15, 16), (14, 16), (13, 16), (12, 16), (11, 16), (10, 16), (9, 16), (8, 16), (7, 16), (6, 16), (5, 16), (4, 16), (3, 16), (1, 16), (1, 15), (1, 14), (1, 13), (1, 12), (1, 11), ... (+6 more)]","[(21, 16), (4, 9), (23, 16), (34, 16), (12, 16), (3, 7), (3, 10), (14, 16), (3, 16), (4, 12), (5, 16), (27, 16), (1, 9), (25, 16), (1, 12), (16, 16), (1, 15), (18, 16), (29, 16), (7, 16), (6, 14), (31, 16), (20, 16), (22, 16), (4, 8), (4, 14), (4, 11), (9, 16), (11, 16), (33, 16), (1, 11), (2, 7), (2, 16), (24, 16), (13, 16), (1, 14), (1, 8), (26, 16), (15, 16), (6, 13), ... (+17 more)]",55,0,55
58,"(6, 12)","(6, 13)",South,"['(6, 13)', '(6, 11)']","[(34, 15), (34, 16), (33, 16), (32, 16), (31, 16), (30, 16), (29, 16), (28, 16), (27, 16), (25, 15), (26, 16), (25, 16), (24, 16), (23, 16), (22, 16), (21, 16), (20, 16), (19, 16), (18, 16), (17, 16), (16, 16), (15, 16), (14, 16), (13, 16), (12, 16), (11, 16), (10, 16), (9, 16), (8, 16), (7, 16), (6, 16), (5, 16), (4, 16), (3, 16), (1, 16), (1, 15), (1, 14), (1, 13), (1, 12), (1, 11), ... (+6 more)]","[(34, 15), (34, 16), (33, 16), (32, 16), (31, 16), (30, 16), (29, 16), (28, 16), (27, 16), (25, 15), (26, 16), (25, 16), (24, 16), (23, 16), (22, 16), (21, 16), (20, 16), (19, 16), (18, 16), (17, 16), (16, 16), (15, 16), (14, 16), (13, 16), (12, 16), (11, 16), (10, 16), (9, 16), (8, 16), (7, 16), (6, 16), (5, 16), (4, 16), (3, 16), (1, 16), (1, 15), (1, 14), (1, 13), (1, 12), (1, 11), ... (+7 more)]","[(6, 12), (21, 16), (4, 9), (23, 16), (34, 16), (12, 16), (3, 7), (3, 10), (14, 16), (3, 16), (4, 12), (5, 16), (27, 16), (1, 9), (25, 16), (1, 12), (16, 16), (1, 15), (18, 16), (29, 16), (7, 16), (6, 14), (31, 16), (20, 16), (22, 16), (4, 8), (4, 14), (4, 11), (9, 16), (11, 16), (33, 16), (1, 11), (2, 7), (2, 16), (24, 16), (13, 16), (1, 14), (1, 8), (26, 16), (15, 16), ... (+18 more)]",56,0,56
59,"(6, 11)","(6, 12)",South,"['(6, 12)', '(6, 10)']","[(34, 15), (34, 16), (33, 16), (32, 16), (31, 16), (30, 16), (29, 16), (28, 16), (27, 16), (25, 15), (26, 16), (25, 16), (24, 16), (23, 16), (22, 16), (21, 16), (20, 16), (19, 16), (18, 16), (17, 16), (16, 16), (15, 16), (14, 16), (13, 16), (12, 16), (11, 16), (10, 16), (9, 16), (8, 16), (7, 16), (6, 16), (5, 16), (4, 16), (3, 16), (1, 16), (1, 15), (1, 14), (1, 13), (1, 12), (1, 11), ... (+7 more)]","[(34, 15), (34, 16), (33, 16), (32, 16), (31, 16), (30, 16), (29, 16), (28, 16), (27, 16), (25, 15), (26, 16), (25, 16), (24, 16), (23, 16), (22, 16), (21, 16), (20, 16), (19, 16), (18, 16), (17, 16), (16, 16), (15, 16), (14, 16), (13, 16), (12, 16), (11, 16), (10, 16), (9, 16), (8, 16), (7, 16), (6, 16), (5, 16), (4, 16), (3, 16), (1, 16), (1, 15), (1, 14), (1, 13), (1, 12), (1, 11), ... (+8 more)]","[(6, 12), (21, 16), (4, 9), (23, 16), (34, 16), (12, 16), (3, 7), (3, 10), (14, 16), (3, 16), (4, 12), (5, 16), (27, 16), (1, 9), (25, 16), (1, 12), (16, 16), (1, 15), (6, 11), (18, 16), (29, 16), (7, 16), (6, 14), (31, 16), (20, 16), (22, 16), (4, 8), (4, 14), (4, 11), (9, 16), (11, 16), (33, 16), (1, 11), (2, 7), (2, 16), (24, 16), (13, 16), (1, 14), (1, 8), (26, 16), ... (+19 more)]",57,0,57
60,"(6, 10)","(6, 11)",South,"['(6, 11)', '(6, 9)']","[(34, 15), (34, 16), (33, 16), (32, 16), (31, 16), (30, 16), (29, 16), (28, 16), (27, 16), (25, 15), (26, 16), (25, 16), (24, 16), (23, 16), (22, 16), (21, 16), (20, 16), (19, 16), (18, 16), (17, 16), (16, 16), (15, 16), (14, 16), (13, 16), (12, 16), (11, 16), (10, 16), (9, 16), (8, 16), (7, 16), (6, 16), (5, 16), (4, 16), (3, 16), (1, 16), (1, 15), (1, 14), (1, 13), (1, 12), (1, 11), ... (+8 more)]","[(34, 15), (34, 16), (33, 16), (32, 16), (31, 16), (30, 16), (29, 16), (28, 16), (27, 16), (25, 15), (26, 16), (25, 16), (24, 16), (23, 16), (22, 16), (21, 16), (20, 16), (19, 16), (18, 16), (17, 16), (16, 16), (15, 16), (14, 16), (13, 16), (12, 16), (11, 16), (10, 16), (9, 16), (8, 16), (7, 16), (6, 16), (5, 16), (4, 16), (3, 16), (1, 16), (1, 15), (1, 14), (1, 13), (1, 12), (1, 11), ... (+9 more)]","[(6, 12), (21, 16), (4, 9), (23, 16), (34, 16), (12, 16), (3, 7), (3, 10), (14, 16), (3, 16), (4, 12), (5, 16), (27, 16), (1, 9), (25, 16), (1, 12), (16, 16), (1, 15), (6, 11), (18, 16), (29, 16), (7, 16), (6, 14), (31, 16), (20, 16), (22, 16), (4, 8), (4, 14), (4, 11), (9, 16), (11, 16), (33, 16), (1, 11), (2, 7), (2, 16), (24, 16), (13, 16), (1, 14), (1, 8), (26, 16), ... (+20 more)]",58,0,58
61,"(6, 9)","(6, 10)",South,"['(6, 10)', '(6, 8)']","[(34, 15), (34, 16), (33, 16), (32, 16), (31, 16), (30, 16), (29, 16), (28, 16), (27, 16), (25, 15), (26, 16), (25, 16), (24, 16), (23, 16), (22, 16), (21, 16), (20, 16), (19, 16), (18, 16), (17, 16), (16, 16), (15, 16), (14, 16), (13, 16), (12, 16), (11, 16), (10, 16), (9, 16), (8, 16), (7, 16), (6, 16), (5, 16), (4, 16), (3, 16), (1, 16), (1, 15), (1, 14), (1, 13), (1, 12), (1, 11), ... (+9 more)]","[(34, 15), (34, 16), (33, 16), (32, 16), (31, 16), (30, 16), (29, 16), (28, 16), (27, 16), (25, 15), (26, 16), (25, 16), (24, 16), (23, 16), (22, 16), (21, 16), (20, 16), (19, 16), (18, 16), (17, 16), (16, 16), (15, 16), (14, 16), (13, 16), (12, 16), (11, 16), (10, 16), (9, 16), (8, 16), (7, 16), (6, 16), (5, 16), (4, 16), (3, 16), (1, 16), (1, 15), (1, 14), (1, 13), (1, 12), (1, 11), ... (+10 more)]","[(6, 12), (21, 16), (4, 9), (23, 16), (34, 16), (12, 16), (3, 7), (3, 10), (14, 16), (3, 16), (4, 12), (5, 16), (27, 16), (1, 9), (25, 16), (1, 12), (16, 16), (1, 15), (6, 11), (18, 16), (29, 16), (7, 16), (6, 14), (31, 16), (20, 16), (22, 16), (4, 8), (4, 14), (4, 11), (9, 16), (11, 16), (33, 16), (1, 11), (2, 7), (2, 16), (24, 16), (13, 16), (1, 14), (1, 8), (26, 16), ... (+21 more)]",59,0,59
62,"(6, 8)","(6, 9)",South,"['(6, 9)', '(7, 8)']","[(34, 15), (34, 16), (33, 16), (32, 16), (31, 16), (30, 16), (29, 16), (28, 16), (27, 16), (25, 15), (26, 16), (25, 16), (24, 16), (23, 16), (22, 16), (21, 16), (20, 16), (19, 16), (18, 16), (17, 16), (16, 16), (15, 16), (14, 16), (13, 16), (12, 16), (11, 16), (10, 16), (9, 16), (8, 16), (7, 16), (6, 16), (5, 16), (4, 16), (3, 16), (1, 16), (1, 15), (1, 14), (1, 13), (1, 12), (1, 11), ... (+10 more)]","[(34, 15), (34, 16), (33, 16), (32, 16), (31, 16), (30, 16), (29, 16), (28, 16), (27, 16), (25, 15), (26, 16), (25, 16), (24, 16), (23, 16), (22, 16), (21, 16), (20, 16), (19, 16), (18, 16), (17, 16), (16, 16), (15, 16), (14, 16), (13, 16), (12, 16), (11, 16), (10, 16), (9, 16), (8, 16), (7, 16), (6, 16), (5, 16), (4, 16), (3, 16), (1, 16), (1, 15), (1, 14), (1, 13), (1, 12), (1, 11), ... (+11 more)]","[(6, 12), (21, 16), (4, 9), (23, 16), (34, 16), (12, 16), (3, 7), (3, 10), (14, 16), (3, 16), (4, 12), (5, 16), (27, 16), (1, 9), (25, 16), (1, 12), (16, 16), (1, 15), (6, 11), (18, 16), (29, 16), (7, 16), (6, 14), (6, 8), (31, 16), (20, 16), (22, 16), (4, 8), (4, 14), (4, 11), (9, 16), (11, 16), (33, 16), (1, 11), (2, 7), (2, 16), (24, 16), (13, 16), (1, 14), (1, 8), ... (+22 more)]",60,0,60
63,"(7, 8)","(6, 8)",East,"['(8, 8)', '(6, 8)']","[(34, 15), (34, 16), (33, 16), (32, 16), (31, 16), (30, 16), (29, 16), (28, 16), (27, 16), (25, 15), (26, 16), (25, 16), (24, 16), (23, 16), (22, 16), (21, 16), (20, 16), (19, 16), (18, 16), (17, 16), (16, 16), (15, 16), (14, 16), (13, 16), (12, 16), (11, 16), (10, 16), (9, 16), (8, 16), (7, 16), (6, 16), (5, 16), (4, 16), (3, 16), (1, 16), (1, 15), (1, 14), (1, 13), (1, 12), (1, 11), ... (+11 more)]","[(34, 15), (34, 16), (33, 16), (32, 16), (31, 16), (30, 16), (29, 16), (28, 16), (27, 16), (25, 15), (26, 16), (25, 16), (24, 16), (23, 16), (22, 16), (21, 16), (20, 16), (19, 16), (18, 16), (17, 16), (16, 16), (15, 16), (14, 16), (13, 16), (12, 16), (11, 16), (10, 16), (9, 16), (8, 16), (7, 16), (6, 16), (5, 16), (4, 16), (3, 16), (1, 16), (1, 15), (1, 14), (1, 13), (1, 12), (1, 11), ... (+12 more)]","[(6, 12), (21, 16), (4, 9), (23, 16), (34, 16), (12, 16), (3, 7), (3, 10), (14, 16), (3, 16), (4, 12), (5, 16), (27, 16), (1, 9), (25, 16), (1, 12), (16, 16), (1, 15), (6, 11), (18, 16), (29, 16), (7, 16), (6, 14), (6, 8), (31, 16), (20, 16), (22, 16), (4, 8), (4, 14), (4, 11), (9, 16), (11, 16), (33, 16), (1, 11), (2, 7), (2, 16), (24, 16), (13, 16), (1, 14), (1, 8), ... (+23 more)]",61,0,61
64,"(8, 8)","(7, 8)",East,"['(8, 9)', '(7, 8)']","[(34, 15), (34, 16), (33, 16), (32, 16), (31, 16), (30, 16), (29, 16), (28, 16), (27, 16), (25, 15), (26, 16), (25, 16), (24, 16), (23, 16), (22, 16), (21, 16), (20, 16), (19, 16), (18, 16), (17, 16), (16, 16), (15, 16), (14, 16), (13, 16), (12, 16), (11, 16), (10, 16), (9, 16), (8, 16), (7, 16), (6, 16), (5, 16), (4, 16), (3, 16), (1, 16), (1, 15), (1, 14), (1, 13), (1, 12), (1, 11), ... (+11 more)]","[(34, 15), (34, 16), (33, 16), (32, 16), (31, 16), (30, 16), (29, 16), (28, 16), (27, 16), (25, 15), (26, 16), (25, 16), (24, 16), (23, 16), (22, 16), (21, 16), (20, 16), (19, 16), (18, 16), (17, 16), (16, 16), (15, 16), (14, 16), (13, 16), (12, 16), (11, 16), (10, 16), (9, 16), (8, 16), (7, 16), (6, 16), (5, 16), (4, 16), (3, 16), (1, 16), (1, 15), (1, 14), (1, 13), (1, 12), (1, 11), ... (+12 more)]","[(6, 12), (21, 16), (4, 9), (23, 16), (34, 16), (12, 16), (3, 7), (3, 10), (14, 16), (3, 16), (4, 12), (5, 16), (27, 16), (1, 9), (25, 16), (1, 12), (16, 16), (1, 15), (6, 11), (18, 16), (29, 16), (7, 16), (6, 14), (6, 8), (31, 16), (20, 16), (22, 16), (4, 8), (4, 14), (4, 11), (9, 16), (8, 8), (11, 16), (33, 16), (1, 11), (2, 7), (2, 16), (24, 16), (13, 16), (1, 14), ... (+24 more)]",62,0,62
65,"(8, 9)","(8, 8)",North,"['(8, 10)', '(8, 8)']","[(34, 15), (34, 16), (33, 16), (32, 16), (31, 16), (30, 16), (29, 16), (28, 16), (27, 16), (25, 15), (26, 16), (25, 16), (24, 16), (23, 16), (22, 16), (21, 16), (20, 16), (19, 16), (18, 16), (17, 16), (16, 16), (15, 16), (14, 16), (13, 16), (12, 16), (11, 16), (10, 16), (9, 16), (8, 16), (7, 16), (6, 16), (5, 16), (4, 16), (3, 16), (1, 16), (1, 15), (1, 14), (1, 13), (1, 12), (1, 11), ... (+11 more)]","[(34, 15), (34, 16), (33, 16), (32, 16), (31, 16), (30, 16), (29, 16), (28, 16), (27, 16), (25, 15), (26, 16), (25, 16), (24, 16), (23, 16), (22, 16), (21, 16), (20, 16), (19, 16), (18, 16), (17, 16), (16, 16), (15, 16), (14, 16), (13, 16), (12, 16), (11, 16), (10, 16), (9, 16), (8, 16), (7, 16), (6, 16), (5, 16), (4, 16), (3, 16), (1, 16), (1, 15), (1, 14), (1, 13), (1, 12), (1, 11), ... (+12 more)]","[(6, 12), (21, 16), (4, 9), (23, 16), (34, 16), (12, 16), (3, 7), (3, 10), (14, 16), (3, 16), (4, 12), (5, 16), (27, 16), (8, 9), (1, 9), (25, 16), (1, 12), (16, 16), (1, 15), (6, 11), (18, 16), (29, 16), (7, 16), (6, 14), (6, 8), (31, 16), (20, 16), (22, 16), (4, 8), (4, 14), (4, 11), (9, 16), (8, 8), (11, 16), (33, 16), (1, 11), (2, 7), (2, 16), (24, 16), (13, 16), ... (+25 more)]",63,0,63
66,"(8, 10)","(8, 9)",North,"['(8, 11)', '(8, 9)']","[(34, 15), (34, 16), (33, 16), (32, 16), (31, 16), (30, 16), (29, 16), (28, 16), (27, 16), (25, 15), (26, 16), (25, 16), (24, 16), (23, 16), (22, 16), (21, 16), (20, 16), (19, 16), (18, 16), (17, 16), (16, 16), (15, 16), (14, 16), (13, 16), (12, 16), (11, 16), (10, 16), (9, 16), (8, 16), (7, 16), (6, 16), (5, 16), (4, 16), (3, 16), (1, 16), (1, 15), (1, 14), (1, 13), (1, 12), (1, 11), ... (+11 more)]","[(34, 15), (34, 16), (33, 16), (32, 16), (31, 16), (30, 16), (29, 16), (28, 16), (27, 16), (25, 15), (26, 16), (25, 16), (24, 16), (23, 16), (22, 16), (21, 16), (20, 16), (19, 16), (18, 16), (17, 16), (16, 16), (15, 16), (14, 16), (13, 16), (12, 16), (11, 16), (10, 16), (9, 16), (8, 16), (7, 16), (6, 16), (5, 16), (4, 16), (3, 16), (1, 16), (1, 15), (1, 14), (1, 13), (1, 12), (1, 11), ... (+12 more)]","[(6, 12), (21, 16), (4, 9), (23, 16), (34, 16), (12, 16), (3, 7), (3, 10), (14, 16), (3, 16), (4, 12), (5, 16), (27, 16), (8, 9), (1, 9), (25, 16), (1, 12), (16, 16), (1, 15), (6, 11), (18, 16), (29, 16), (7, 16), (6, 14), (6, 8), (31, 16), (20, 16), (22, 16), (4, 8), (4, 14), (4, 11), (9, 16), (8, 8), (11, 16), (33, 16), (1, 11), (2, 7), (2, 16), (24, 16), (13, 16), ... (+26 more)]",64,0,64
67,"(8, 11)","(8, 10)",North,"['(8, 12)', '(8, 10)']","[(34, 15), (34, 16), (33, 16), (32, 16), (31, 16), (30, 16), (29, 16), (28, 16), (27, 16), (25, 15), (26, 16), (25, 16), (24, 16), (23, 16), (22, 16), (21, 16), (20, 16), (19, 16), (18, 16), (17, 16), (16, 16), (15, 16), (14, 16), (13, 16), (12, 16), (11, 16), (10, 16), (9, 16), (8, 16), (7, 16), (6, 16), (5, 16), (4, 16), (3, 16), (1, 16), (1, 15), (1, 14), (1, 13), (1, 12), (1, 11), ... (+11 more)]","[(34, 15), (34, 16), (33, 16), (32, 16), (31, 16), (30, 16), (29, 16), (28, 16), (27, 16), (25, 15), (26, 16), (25, 16), (24, 16), (23, 16), (22, 16), (21, 16), (20, 16), (19, 16), (18, 16), (17, 16), (16, 16), (15, 16), (14, 16), (13, 16), (12, 16), (11, 16), (10, 16), (9, 16), (8, 16), (7, 16), (6, 16), (5, 16), (4, 16), (3, 16), (1, 16), (1, 15), (1, 14), (1, 13), (1, 12), (1, 11), ... (+12 more)]","[(6, 12), (21, 16), (4, 9), (23, 16), (34, 16), (12, 16), (3, 7), (3, 10), (14, 16), (3, 16), (4, 12), (5, 16), (27, 16), (8, 9), (1, 9), (25, 16), (1, 12), (16, 16), (1, 15), (6, 11), (18, 16), (29, 16), (7, 16), (6, 14), (6, 8), (31, 16), (20, 16), (22, 16), (4, 8), (4, 14), (4, 11), (8, 11), (9, 16), (8, 8), (11, 16), (33, 16), (1, 11), (2, 7), (2, 16), (24, 16), ... (+27 more)]",65,0,65
68,"(8, 12)","(8, 11)",North,"['(8, 13)', '(8, 11)']","[(34, 15), (34, 16), (33, 16), (32, 16), (31, 16), (30, 16), (29, 16), (28, 16), (27, 16), (25, 15), (26, 16), (25, 16), (24, 16), (23, 16), (22, 16), (21, 16), (20, 16), (19, 16), (18, 16), (17, 16), (16, 16), (15, 16), (14, 16), (13, 16), (12, 16), (11, 16), (10, 16), (9, 16), (8, 16), (7, 16), (6, 16), (5, 16), (4, 16), (3, 16), (1, 16), (1, 15), (1, 14), (1, 13), (1, 12), (1, 11), ... (+11 more)]","[(34, 15), (34, 16), (33, 16), (32, 16), (31, 16), (30, 16), (29, 16), (28, 16), (27, 16), (25, 15), (26, 16), (25, 16), (24, 16), (23, 16), (22, 16), (21, 16), (20, 16), (19, 16), (18, 16), (17, 16), (16, 16), (15, 16), (14, 16), (13, 16), (12, 16), (11, 16), (10, 16), (9, 16), (8, 16), (7, 16), (6, 16), (5, 16), (4, 16), (3, 16), (1, 16), (1, 15), (1, 14), (1, 13), (1, 12), (1, 11), ... (+12 more)]","[(6, 12), (21, 16), (4, 9), (23, 16), (34, 16), (12, 16), (3, 7), (3, 10), (14, 16), (3, 16), (4, 12), (5, 16), (27, 16), (8, 9), (8, 12), (1, 9), (25, 16), (1, 12), (16, 16), (1, 15), (6, 11), (18, 16), (29, 16), (7, 16), (6, 14), (6, 8), (31, 16), (20, 16), (22, 16), (4, 8), (4, 14), (4, 11), (8, 11), (9, 16), (8, 8), (11, 16), (33, 16), (1, 11), (2, 7), (2, 16), ... (+28 more)]",66,0,66
69,"(8, 13)","(8, 12)",North,"['(8, 14)', '(8, 12)']","[(34, 15), (34, 16), (33, 16), (32, 16), (31, 16), (30, 16), (29, 16), (28, 16), (27, 16), (25, 15), (26, 16), (25, 16), (24, 16), (23, 16), (22, 16), (21, 16), (20, 16), (19, 16), (18, 16), (17, 16), (16, 16), (15, 16), (14, 16), (13, 16), (12, 16), (11, 16), (10, 16), (9, 16), (8, 16), (7, 16), (6, 16), (5, 16), (4, 16), (3, 16), (1, 16), (1, 15), (1, 14), (1, 13), (1, 12), (1, 11), ... (+11 more)]","[(34, 15), (34, 16), (33, 16), (32, 16), (31, 16), (30, 16), (29, 16), (28, 16), (27, 16), (25, 15), (26, 16), (25, 16), (24, 16), (23, 16), (22, 16), (21, 16), (20, 16), (19, 16), (18, 16), (17, 16), (16, 16), (15, 16), (14, 16), (13, 16), (12, 16), (11, 16), (10, 16), (9, 16), (8, 16), (7, 16), (6, 16), (5, 16), (4, 16), (3, 16), (1, 16), (1, 15), (1, 14), (1, 13), (1, 12), (1, 11), ... (+12 more)]","[(6, 12), (21, 16), (4, 9), (23, 16), (34, 16), (12, 16), (3, 7), (3, 10), (14, 16), (3, 16), (4, 12), (5, 16), (27, 16), (8, 9), (8, 12), (1, 9), (25, 16), (1, 12), (16, 16), (1, 15), (6, 11), (18, 16), (29, 16), (7, 16), (6, 14), (6, 8), (31, 16), (20, 16), (22, 16), (4, 8), (4, 14), (4, 11), (8, 11), (9, 16), (8, 8), (11, 16), (33, 16), (1, 11), (2, 7), (2, 16), ... (+29 more)]",67,0,67
70,"(8, 14)","(8, 13)",North,"['(8, 13)', '(9, 14)']","[(34, 15), (34, 16), (33, 16), (32, 16), (31, 16), (30, 16), (29, 16), (28, 16), (27, 16), (25, 15), (26, 16), (25, 16), (24, 16), (23, 16), (22, 16), (21, 16), (20, 16), (19, 16), (18, 16), (17, 16), (16, 16), (15, 16), (14, 16), (13, 16), (12, 16), (11, 16), (10, 16), (9, 16), (8, 16), (7, 16), (6, 16), (5, 16), (4, 16), (3, 16), (1, 16), (1, 15), (1, 14), (1, 13), (1, 12), (1, 11), ... (+11 more)]","[(34, 15), (34, 16), (33, 16), (32, 16), (31, 16), (30, 16), (29, 16), (28, 16), (27, 16), (25, 15), (26, 16), (25, 16), (24, 16), (23, 16), (22, 16), (21, 16), (20, 16), (19, 16), (18, 16), (17, 16), (16, 16), (15, 16), (14, 16), (13, 16), (12, 16), (11, 16), (10, 16), (9, 16), (8, 16), (7, 16), (6, 16), (5, 16), (4, 16), (3, 16), (1, 16), (1, 15), (1, 14), (1, 13), (1, 12), (1, 11), ... (+12 more)]","[(6, 12), (21, 16), (4, 9), (23, 16), (34, 16), (12, 16), (3, 7), (3, 10), (14, 16), (3, 16), (4, 12), (5, 16), (27, 16), (8, 9), (8, 12), (1, 9), (25, 16), (1, 12), (16, 16), (1, 15), (6, 11), (18, 16), (29, 16), (7, 16), (6, 14), (6, 8), (31, 16), (20, 16), (22, 16), (4, 8), (4, 14), (4, 11), (8, 11), (9, 16), (8, 8), (8, 14), (11, 16), (33, 16), (1, 11), (2, 7), ... (+30 more)]",68,0,68
71,"(9, 14)","(8, 14)",East,"['(10, 14)', '(8, 14)']","[(34, 15), (34, 16), (33, 16), (32, 16), (31, 16), (30, 16), (29, 16), (28, 16), (27, 16), (25, 15), (26, 16), (25, 16), (24, 16), (23, 16), (22, 16), (21, 16), (20, 16), (19, 16), (18, 16), (17, 16), (16, 16), (15, 16), (14, 16), (13, 16), (12, 16), (11, 16), (10, 16), (9, 16), (8, 16), (7, 16), (6, 16), (5, 16), (4, 16), (3, 16), (1, 16), (1, 15), (1, 14), (1, 13), (1, 12), (1, 11), ... (+12 more)]","[(34, 15), (34, 16), (33, 16), (32, 16), (31, 16), (30, 16), (29, 16), (28, 16), (27, 16), (25, 15), (26, 16), (25, 16), (24, 16), (23, 16), (22, 16), (21, 16), (20, 16), (19, 16), (18, 16), (17, 16), (16, 16), (15, 16), (14, 16), (13, 16), (12, 16), (11, 16), (10, 16), (9, 16), (8, 16), (7, 16), (6, 16), (5, 16), (4, 16), (3, 16), (1, 16), (1, 15), (1, 14), (1, 13), (1, 12), (1, 11), ... (+13 more)]","[(6, 12), (21, 16), (4, 9), (23, 16), (34, 16), (12, 16), (3, 7), (3, 10), (14, 16), (3, 16), (4, 12), (5, 16), (27, 16), (8, 9), (9, 14), (8, 12), (1, 9), (25, 16), (1, 12), (16, 16), (1, 15), (6, 11), (18, 16), (29, 16), (7, 16), (6, 14), (6, 8), (31, 16), (20, 16), (22, 16), (4, 8), (4, 14), (4, 11), (8, 11), (9, 16), (8, 8), (8, 14), (11, 16), (33, 16), (1, 11), ... (+31 more)]",69,0,69
72,"(10, 14)","(9, 14)",East,"['(10, 13)', '(9, 14)']","[(34, 15), (34, 16), (33, 16), (32, 16), (31, 16), (30, 16), (29, 16), (28, 16), (27, 16), (25, 15), (26, 16), (25, 16), (24, 16), (23, 16), (22, 16), (21, 16), (20, 16), (19, 16), (18, 16), (17, 16), (16, 16), (15, 16), (14, 16), (13, 16), (12, 16), (11, 16), (10, 16), (9, 16), (8, 16), (7, 16), (6, 16), (5, 16), (4, 16), (3, 16), (1, 16), (1, 15), (1, 14), (1, 13), (1, 12), (1, 11), ... (+12 more)]","[(34, 15), (34, 16), (33, 16), (32, 16), (31, 16), (30, 16), (29, 16), (28, 16), (27, 16), (25, 15), (26, 16), (25, 16), (24, 16), (23, 16), (22, 16), (21, 16), (20, 16), (19, 16), (18, 16), (17, 16), (16, 16), (15, 16), (14, 16), (13, 16), (12, 16), (11, 16), (10, 16), (9, 16), (8, 16), (7, 16), (6, 16), (5, 16), (4, 16), (3, 16), (1, 16), (1, 15), (1, 14), (1, 13), (1, 12), (1, 11), ... (+13 more)]","[(6, 12), (21, 16), (4, 9), (23, 16), (34, 16), (12, 16), (3, 7), (3, 10), (14, 16), (3, 16), (4, 12), (5, 16), (27, 16), (8, 9), (9, 14), (8, 12), (1, 9), (25, 16), (1, 12), (16, 16), (1, 15), (6, 11), (18, 16), (29, 16), (7, 16), (6, 14), (6, 8), (31, 16), (20, 16), (22, 16), (4, 8), (4, 14), (4, 11), (8, 11), (9, 16), (8, 8), (8, 14), (11, 16), (33, 16), (1, 11), ... (+32 more)]",70,0,70
73,"(10, 13)","(10, 14)",South,"['(10, 14)', '(10, 12)']","[(34, 15), (34, 16), (33, 16), (32, 16), (31, 16), (30, 16), (29, 16), (28, 16), (27, 16), (25, 15), (26, 16), (25, 16), (24, 16), (23, 16), (22, 16), (21, 16), (20, 16), (19, 16), (18, 16), (17, 16), (16, 16), (15, 16), (14, 16), (13, 16), (12, 16), (11, 16), (10, 16), (9, 16), (8, 16), (7, 16), (6, 16), (5, 16), (4, 16), (3, 16), (1, 16), (1, 15), (1, 14), (1, 13), (1, 12), (1, 11), ... (+12 more)]","[(34, 15), (34, 16), (33, 16), (32, 16), (31, 16), (30, 16), (29, 16), (28, 16), (27, 16), (25, 15), (26, 16), (25, 16), (24, 16), (23, 16), (22, 16), (21, 16), (20, 16), (19, 16), (18, 16), (17, 16), (16, 16), (15, 16), (14, 16), (13, 16), (12, 16), (11, 16), (10, 16), (9, 16), (8, 16), (7, 16), (6, 16), (5, 16), (4, 16), (3, 16), (1, 16), (1, 15), (1, 14), (1, 13), (1, 12), (1, 11), ... (+13 more)]","[(6, 12), (21, 16), (4, 9), (23, 16), (34, 16), (12, 16), (3, 7), (3, 10), (14, 16), (3, 16), (4, 12), (5, 16), (27, 16), (8, 9), (9, 14), (8, 12), (1, 9), (25, 16), (1, 12), (16, 16), (1, 15), (6, 11), (18, 16), (29, 16), (7, 16), (6, 14), (6, 8), (31, 16), (20, 16), (22, 16), (4, 8), (4, 14), (4, 11), (8, 11), (9, 16), (8, 8), (8, 14), (11, 16), (33, 16), (1, 11), ... (+33 more)]",71,0,71
74,"(10, 12)","(10, 13)",South,"['(10, 13)', '(10, 11)']","[(34, 15), (34, 16), (33, 16), (32, 16), (31, 16), (30, 16), (29, 16), (28, 16), (27, 16), (25, 15), (26, 16), (25, 16), (24, 16), (23, 16), (22, 16), (21, 16), (20, 16), (19, 16), (18, 16), (17, 16), (16, 16), (15, 16), (14, 16), (13, 16), (12, 16), (11, 16), (10, 16), (9, 16), (8, 16), (7, 16), (6, 16), (5, 16), (4, 16), (3, 16), (1, 16), (1, 15), (1, 14), (1, 13), (1, 12), (1, 11), ... (+13 more)]","[(34, 15), (34, 16), (33, 16), (32, 16), (31, 16), (30, 16), (29, 16), (28, 16), (27, 16), (25, 15), (26, 16), (25, 16), (24, 16), (23, 16), (22, 16), (21, 16), (20, 16), (19, 16), (18, 16), (17, 16), (16, 16), (15, 16), (14, 16), (13, 16), (12, 16), (11, 16), (10, 16), (9, 16), (8, 16), (7, 16), (6, 16), (5, 16), (4, 16), (3, 16), (1, 16), (1, 15), (1, 14), (1, 13), (1, 12), (1, 11), ... (+14 more)]","[(6, 12), (21, 16), (4, 9), (23, 16), (34, 16), (12, 16), (3, 7), (3, 10), (14, 16), (3, 16), (4, 12), (5, 16), (27, 16), (8, 9), (9, 14), (8, 12), (10, 12), (1, 9), (25, 16), (1, 12), (16, 16), (1, 15), (6, 11), (18, 16), (29, 16), (7, 16), (6, 14), (6, 8), (31, 16), (20, 16), (22, 16), (4, 8), (4, 14), (4, 11), (8, 11), (9, 16), (8, 8), (8, 14), (11, 16), (33, 16), ... (+34 more)]",72,0,72
75,"(10, 11)","(10, 12)",South,"['(10, 12)', '(10, 10)']","[(34, 15), (34, 16), (33, 16), (32, 16), (31, 16), (30, 16), (29, 16), (28, 16), (27, 16), (25, 15), (26, 16), (25, 16), (24, 16), (23, 16), (22, 16), (21, 16), (20, 16), (19, 16), (18, 16), (17, 16), (16, 16), (15, 16), (14, 16), (13, 16), (12, 16), (11, 16), (10, 16), (9, 16), (8, 16), (7, 16), (6, 16), (5, 16), (4, 16), (3, 16), (1, 16), (1, 15), (1, 14), (1, 13), (1, 12), (1, 11), ... (+14 more)]","[(34, 15), (34, 16), (33, 16), (32, 16), (31, 16), (30, 16), (29, 16), (28, 16), (27, 16), (25, 15), (26, 16), (25, 16), (24, 16), (23, 16), (22, 16), (21, 16), (20, 16), (19, 16), (18, 16), (17, 16), (16, 16), (15, 16), (14, 16), (13, 16), (12, 16), (11, 16), (10, 16), (9, 16), (8, 16), (7, 16), (6, 16), (5, 16), (4, 16), (3, 16), (1, 16), (1, 15), (1, 14), (1, 13), (1, 12), (1, 11), ... (+15 more)]","[(6, 12), (21, 16), (4, 9), (23, 16), (34, 16), (12, 16), (3, 7), (3, 10), (14, 16), (3, 16), (4, 12), (5, 16), (27, 16), (8, 9), (9, 14), (8, 12), (10, 12), (1, 9), (25, 16), (1, 12), (16, 16), (1, 15), (6, 11), (18, 16), (29, 16), (7, 16), (6, 14), (6, 8), (31, 16), (20, 16), (22, 16), (4, 8), (4, 14), (4, 11), (8, 11), (9, 16), (8, 8), (8, 14), (10, 11), (11, 16), ... (+35 more)]",73,0,73
76,"(10, 10)","(10, 11)",South,"['(10, 11)', '(11, 10)']","[(34, 15), (34, 16), (33, 16), (32, 16), (31, 16), (30, 16), (29, 16), (28, 16), (27, 16), (25, 15), (26, 16), (25, 16), (24, 16), (23, 16), (22, 16), (21, 16), (20, 16), (19, 16), (18, 16), (17, 16), (16, 16), (15, 16), (14, 16), (13, 16), (12, 16), (11, 16), (10, 16), (9, 16), (8, 16), (7, 16), (6, 16), (5, 16), (4, 16), (3, 16), (1, 16), (1, 15), (1, 14), (1, 13), (1, 12), (1, 11), ... (+15 more)]","[(34, 15), (34, 16), (33, 16), (32, 16), (31, 16), (30, 16), (29, 16), (28, 16), (27, 16), (25, 15), (26, 16), (25, 16), (24, 16), (23, 16), (22, 16), (21, 16), (20, 16), (19, 16), (18, 16), (17, 16), (16, 16), (15, 16), (14, 16), (13, 16), (12, 16), (11, 16), (10, 16), (9, 16), (8, 16), (7, 16), (6, 16), (5, 16), (4, 16), (3, 16), (1, 16), (1, 15), (1, 14), (1, 13), (1, 12), (1, 11), ... (+16 more)]","[(6, 12), (21, 16), (4, 9), (23, 16), (34, 16), (12, 16), (3, 7), (3, 10), (14, 16), (3, 16), (4, 12), (5, 16), (27, 16), (8, 9), (9, 14), (8, 12), (10, 12), (1, 9), (25, 16), (1, 12), (16, 16), (1, 15), (6, 11), (18, 16), (29, 16), (7, 16), (6, 14), (6, 8), (31, 16), (20, 16), (22, 16), (4, 8), (4, 14), (4, 11), (8, 11), (9, 16), (8, 8), (8, 14), (10, 11), (11, 16), ... (+36 more)]",74,0,74
77,"(11, 10)","(10, 10)",East,"['(12, 10)', '(10, 10)']","[(34, 15), (34, 16), (33, 16), (32, 16), (31, 16), (30, 16), (29, 16), (28, 16), (27, 16), (25, 15), (26, 16), (25, 16), (24, 16), (23, 16), (22, 16), (21, 16), (20, 16), (19, 16), (18, 16), (17, 16), (16, 16), (15, 16), (14, 16), (13, 16), (12, 16), (11, 16), (10, 16), (9, 16), (8, 16), (7, 16), (6, 16), (5, 16), (4, 16), (3, 16), (1, 16), (1, 15), (1, 14), (1, 13), (1, 12), (1, 11), ... (+16 more)]","[(34, 15), (34, 16), (33, 16), (32, 16), (31, 16), (30, 16), (29, 16), (28, 16), (27, 16), (25, 15), (26, 16), (25, 16), (24, 16), (23, 16), (22, 16), (21, 16), (20, 16), (19, 16), (18, 16), (17, 16), (16, 16), (15, 16), (14, 16), (13, 16), (12, 16), (11, 16), (10, 16), (9, 16), (8, 16), (7, 16), (6, 16), (5, 16), (4, 16), (3, 16), (1, 16), (1, 15), (1, 14), (1, 13), (1, 12), (1, 11), ... (+17 more)]","[(21, 16), (4, 9), (8, 9), (1, 15), (6, 11), (8, 11), (11, 16), (1, 8), (26, 16), (15, 16), (6, 13), (28, 16), (17, 16), (5, 14), (32, 16), (1, 10), (34, 16), (3, 10), (5, 16), (9, 14), (1, 12), (18, 16), (7, 16), (22, 16), (4, 11), (9, 16), (24, 16), (13, 16), (1, 14), (4, 13), (8, 13), (10, 10), (1, 7), (1, 16), (3, 7), (14, 16), (3, 16), (10, 12), (1, 9), (16, 16), ... (+37 more)]",75,0,75
78,"(12, 10)","(11, 10)",East,"['(12, 11)', '(11, 10)']","[(34, 15), (34, 16), (33, 16), (32, 16), (31, 16), (30, 16), (29, 16), (28, 16), (27, 16), (25, 15), (26, 16), (25, 16), (24, 16), (23, 16), (22, 16), (21, 16), (20, 16), (19, 16), (18, 16), (17, 16), (16, 16), (15, 16), (14, 16), (13, 16), (12, 16), (11, 16), (10, 16), (9, 16), (8, 16), (7, 16), (6, 16), (5, 16), (4, 16), (3, 16), (1, 16), (1, 15), (1, 14), (1, 13), (1, 12), (1, 11), ... (+16 more)]","[(34, 15), (34, 16), (33, 16), (32, 16), (31, 16), (30, 16), (29, 16), (28, 16), (27, 16), (25, 15), (26, 16), (25, 16), (24, 16), (23, 16), (22, 16), (21, 16), (20, 16), (19, 16), (18, 16), (17, 16), (16, 16), (15, 16), (14, 16), (13, 16), (12, 16), (11, 16), (10, 16), (9, 16), (8, 16), (7, 16), (6, 16), (5, 16), (4, 16), (3, 16), (1, 16), (1, 15), (1, 14), (1, 13), (1, 12), (1, 11), ... (+17 more)]","[(21, 16), (4, 9), (8, 9), (1, 15), (6, 11), (8, 11), (11, 16), (1, 8), (26, 16), (15, 16), (6, 13), (28, 16), (17, 16), (5, 14), (32, 16), (1, 10), (34, 16), (3, 10), (5, 16), (9, 14), (1, 12), (18, 16), (7, 16), (22, 16), (4, 11), (9, 16), (24, 16), (13, 16), (1, 14), (4, 13), (8, 13), (10, 10), (1, 7), (1, 16), (12, 10), (3, 7), (14, 16), (3, 16), (10, 12), (1, 9), ... (+38 more)]",76,0,76
79,"(12, 11)","(12, 10)",North,"['(12, 12)', '(12, 10)']","[(34, 15), (34, 16), (33, 16), (32, 16), (31, 16), (30, 16), (29, 16), (28, 16), (27, 16), (25, 15), (26, 16), (25, 16), (24, 16), (23, 16), (22, 16), (21, 16), (20, 16), (19, 16), (18, 16), (17, 16), (16, 16), (15, 16), (14, 16), (13, 16), (12, 16), (11, 16), (10, 16), (9, 16), (8, 16), (7, 16), (6, 16), (5, 16), (4, 16), (3, 16), (1, 16), (1, 15), (1, 14), (1, 13), (1, 12), (1, 11), ... (+16 more)]","[(34, 15), (34, 16), (33, 16), (32, 16), (31, 16), (30, 16), (29, 16), (28, 16), (27, 16), (25, 15), (26, 16), (25, 16), (24, 16), (23, 16), (22, 16), (21, 16), (20, 16), (19, 16), (18, 16), (17, 16), (16, 16), (15, 16), (14, 16), (13, 16), (12, 16), (11, 16), (10, 16), (9, 16), (8, 16), (7, 16), (6, 16), (5, 16), (4, 16), (3, 16), (1, 16), (1, 15), (1, 14), (1, 13), (1, 12), (1, 11), ... (+17 more)]","[(21, 16), (4, 9), (8, 9), (1, 15), (6, 11), (8, 11), (11, 16), (1, 8), (26, 16), (15, 16), (6, 13), (28, 16), (17, 16), (5, 14), (32, 16), (1, 10), (34, 16), (3, 10), (5, 16), (9, 14), (1, 12), (18, 16), (7, 16), (22, 16), (4, 11), (9, 16), (24, 16), (13, 16), (1, 14), (4, 13), (8, 13), (10, 10), (1, 7), (1, 16), (12, 10), (3, 7), (14, 16), (3, 16), (10, 12), (1, 9), ... (+39 more)]",77,0,77
80,"(12, 12)","(12, 11)",North,"['(12, 13)', '(12, 11)', '(13, 12)']","[(34, 15), (34, 16), (33, 16), (32, 16), (31, 16), (30, 16), (29, 16), (28, 16), (27, 16), (25, 15), (26, 16), (25, 16), (24, 16), (23, 16), (22, 16), (21, 16), (20, 16), (19, 16), (18, 16), (17, 16), (16, 16), (15, 16), (14, 16), (13, 16), (12, 16), (11, 16), (10, 16), (9, 16), (8, 16), (7, 16), (6, 16), (5, 16), (4, 16), (3, 16), (1, 16), (1, 15), (1, 14), (1, 13), (1, 12), (1, 11), ... (+16 more)]","[(34, 15), (34, 16), (33, 16), (32, 16), (31, 16), (30, 16), (29, 16), (28, 16), (27, 16), (25, 15), (26, 16), (25, 16), (24, 16), (23, 16), (22, 16), (21, 16), (20, 16), (19, 16), (18, 16), (17, 16), (16, 16), (15, 16), (14, 16), (13, 16), (12, 16), (11, 16), (10, 16), (9, 16), (8, 16), (7, 16), (6, 16), (5, 16), (4, 16), (3, 16), (1, 16), (1, 15), (1, 14), (1, 13), (1, 12), (1, 11), ... (+18 more)]","[(21, 16), (4, 9), (8, 9), (1, 15), (6, 11), (8, 11), (11, 16), (1, 8), (26, 16), (15, 16), (6, 13), (28, 16), (17, 16), (5, 14), (32, 16), (1, 10), (34, 16), (3, 10), (5, 16), (9, 14), (1, 12), (18, 16), (7, 16), (22, 16), (4, 11), (9, 16), (24, 16), (13, 16), (1, 14), (4, 13), (8, 13), (10, 10), (1, 7), (1, 16), (12, 10), (3, 7), (14, 16), (3, 16), (10, 12), (1, 9), ... (+40 more)]",78,0,78
81,"(13, 12)","(12, 12)",East,"['(14, 12)', '(12, 12)']","[(34, 15), (34, 16), (33, 16), (32, 16), (31, 16), (30, 16), (29, 16), (28, 16), (27, 16), (25, 15), (26, 16), (25, 16), (24, 16), (23, 16), (22, 16), (21, 16), (20, 16), (19, 16), (18, 16), (17, 16), (16, 16), (15, 16), (14, 16), (13, 16), (12, 16), (11, 16), (10, 16), (9, 16), (8, 16), (7, 16), (6, 16), (5, 16), (4, 16), (3, 16), (1, 16), (1, 15), (1, 14), (1, 13), (1, 12), (1, 11), ... (+18 more)]","[(34, 15), (34, 16), (33, 16), (32, 16), (31, 16), (30, 16), (29, 16), (28, 16), (27, 16), (25, 15), (26, 16), (25, 16), (24, 16), (23, 16), (22, 16), (21, 16), (20, 16), (19, 16), (18, 16), (17, 16), (16, 16), (15, 16), (14, 16), (13, 16), (12, 16), (11, 16), (10, 16), (9, 16), (8, 16), (7, 16), (6, 16), (5, 16), (4, 16), (3, 16), (1, 16), (1, 15), (1, 14), (1, 13), (1, 12), (1, 11), ... (+19 more)]","[(21, 16), (4, 9), (8, 9), (1, 15), (6, 11), (8, 11), (11, 16), (1, 8), (26, 16), (15, 16), (6, 13), (28, 16), (17, 16), (5, 14), (32, 16), (1, 10), (13, 12), (34, 16), (3, 10), (5, 16), (9, 14), (1, 12), (18, 16), (7, 16), (22, 16), (4, 11), (9, 16), (24, 16), (13, 16), (1, 14), (4, 13), (8, 13), (10, 10), (1, 7), (1, 16), (12, 10), (3, 7), (14, 16), (3, 16), (10, 12), ... (+41 more)]",79,0,79
82,"(14, 12)","(13, 12)",East,"['(14, 11)', '(15, 12)', '(13, 12)']","[(34, 15), (34, 16), (33, 16), (32, 16), (31, 16), (30, 16), (29, 16), (28, 16), (27, 16), (25, 15), (26, 16), (25, 16), (24, 16), (23, 16), (22, 16), (21, 16), (20, 16), (19, 16), (18, 16), (17, 16), (16, 16), (15, 16), (14, 16), (13, 16), (12, 16), (11, 16), (10, 16), (9, 16), (8, 16), (7, 16), (6, 16), (5, 16), (4, 16), (3, 16), (1, 16), (1, 15), (1, 14), (1, 13), (1, 12), (1, 11), ... (+18 more)]","[(34, 15), (34, 16), (33, 16), (32, 16), (31, 16), (30, 16), (29, 16), (28, 16), (27, 16), (25, 15), (26, 16), (25, 16), (24, 16), (23, 16), (22, 16), (21, 16), (20, 16), (19, 16), (18, 16), (17, 16), (16, 16), (15, 16), (14, 16), (13, 16), (12, 16), (11, 16), (10, 16), (9, 16), (8, 16), (7, 16), (6, 16), (5, 16), (4, 16), (3, 16), (1, 16), (1, 15), (1, 14), (1, 13), (1, 12), (1, 11), ... (+20 more)]","[(21, 16), (4, 9), (8, 9), (1, 15), (6, 11), (8, 11), (11, 16), (1, 8), (26, 16), (15, 16), (6, 13), (28, 16), (17, 16), (5, 14), (32, 16), (1, 10), (13, 12), (34, 16), (3, 10), (5, 16), (9, 14), (1, 12), (18, 16), (7, 16), (22, 16), (14, 12), (4, 11), (9, 16), (24, 16), (13, 16), (1, 14), (4, 13), (8, 13), (10, 10), (1, 7), (1, 16), (12, 10), (3, 7), (14, 16), (3, 16), ... (+42 more)]",80,0,80
83,"(15, 12)","(14, 12)",East,"['(16, 12)', '(14, 12)']","[(34, 15), (34, 16), (33, 16), (32, 16), (31, 16), (30, 16), (29, 16), (28, 16), (27, 16), (25, 15), (26, 16), (25, 16), (24, 16), (23, 16), (22, 16), (21, 16), (20, 16), (19, 16), (18, 16), (17, 16), (16, 16), (15, 16), (14, 16), (13, 16), (12, 16), (11, 16), (10, 16), (9, 16), (8, 16), (7, 16), (6, 16), (5, 16), (4, 16), (3, 16), (1, 16), (1, 15), (1, 14), (1, 13), (1, 12), (1, 11), ... (+19 more)]","[(34, 15), (34, 16), (33, 16), (32, 16), (31, 16), (30, 16), (29, 16), (28, 16), (27, 16), (25, 15), (26, 16), (25, 16), (24, 16), (23, 16), (22, 16), (21, 16), (20, 16), (19, 16), (18, 16), (17, 16), (16, 16), (15, 16), (14, 16), (13, 16), (12, 16), (11, 16), (10, 16), (9, 16), (8, 16), (7, 16), (6, 16), (5, 16), (4, 16), (3, 16), (1, 16), (1, 15), (1, 14), (1, 13), (1, 12), (1, 11), ... (+20 more)]","[(21, 16), (4, 9), (8, 9), (1, 15), (6, 11), (8, 11), (11, 16), (1, 8), (26, 16), (15, 16), (6, 13), (28, 16), (17, 16), (5, 14), (32, 16), (1, 10), (13, 12), (34, 16), (3, 10), (5, 16), (9, 14), (1, 12), (18, 16), (7, 16), (22, 16), (14, 12), (4, 11), (9, 16), (24, 16), (13, 16), (1, 14), (4, 13), (8, 13), (10, 10), (1, 7), (1, 16), (12, 10), (3, 7), (14, 16), (3, 16), ... (+43 more)]",81,0,81
84,"(16, 12)","(15, 12)",East,"['(17, 12)', '(15, 12)']","[(34, 15), (34, 16), (33, 16), (32, 16), (31, 16), (30, 16), (29, 16), (28, 16), (27, 16), (25, 15), (26, 16), (25, 16), (24, 16), (23, 16), (22, 16), (21, 16), (20, 16), (19, 16), (18, 16), (17, 16), (16, 16), (15, 16), (14, 16), (13, 16), (12, 16), (11, 16), (10, 16), (9, 16), (8, 16), (7, 16), (6, 16), (5, 16), (4, 16), (3, 16), (1, 16), (1, 15), (1, 14), (1, 13), (1, 12), (1, 11), ... (+19 more)]","[(34, 15), (34, 16), (33, 16), (32, 16), (31, 16), (30, 16), (29, 16), (28, 16), (27, 16), (25, 15), (26, 16), (25, 16), (24, 16), (23, 16), (22, 16), (21, 16), (20, 16), (19, 16), (18, 16), (17, 16), (16, 16), (15, 16), (14, 16), (13, 16), (12, 16), (11, 16), (10, 16), (9, 16), (8, 16), (7, 16), (6, 16), (5, 16), (4, 16), (3, 16), (1, 16), (1, 15), (1, 14), (1, 13), (1, 12), (1, 11), ... (+20 more)]","[(21, 16), (4, 9), (8, 9), (1, 15), (6, 11), (8, 11), (11, 16), (1, 8), (26, 16), (15, 16), (6, 13), (28, 16), (17, 16), (5, 14), (32, 16), (1, 10), (13, 12), (34, 16), (3, 10), (5, 16), (9, 14), (1, 12), (18, 16), (7, 16), (22, 16), (14, 12), (4, 11), (9, 16), (24, 16), (13, 16), (1, 14), (16, 12), (4, 13), (8, 13), (10, 10), (1, 7), (1, 16), (12, 10), (3, 7), (14, 16), ... (+44 more)]",82,0,82
85,"(17, 12)","(16, 12)",East,"['(17, 13)', '(18, 12)', '(16, 12)']","[(34, 15), (34, 16), (33, 16), (32, 16), (31, 16), (30, 16), (29, 16), (28, 16), (27, 16), (25, 15), (26, 16), (25, 16), (24, 16), (23, 16), (22, 16), (21, 16), (20, 16), (19, 16), (18, 16), (17, 16), (16, 16), (15, 16), (14, 16), (13, 16), (12, 16), (11, 16), (10, 16), (9, 16), (8, 16), (7, 16), (6, 16), (5, 16), (4, 16), (3, 16), (1, 16), (1, 15), (1, 14), (1, 13), (1, 12), (1, 11), ... (+19 more)]","[(34, 15), (34, 16), (33, 16), (32, 16), (31, 16), (30, 16), (29, 16), (28, 16), (27, 16), (25, 15), (26, 16), (25, 16), (24, 16), (23, 16), (22, 16), (21, 16), (20, 16), (19, 16), (18, 16), (17, 16), (16, 16), (15, 16), (14, 16), (13, 16), (12, 16), (11, 16), (10, 16), (9, 16), (8, 16), (7, 16), (6, 16), (5, 16), (4, 16), (3, 16), (1, 16), (1, 15), (1, 14), (1, 13), (1, 12), (1, 11), ... (+21 more)]","[(21, 16), (4, 9), (17, 12), (8, 9), (1, 15), (6, 11), (8, 11), (11, 16), (1, 8), (26, 16), (15, 16), (6, 13), (28, 16), (17, 16), (5, 14), (32, 16), (1, 10), (13, 12), (34, 16), (3, 10), (5, 16), (9, 14), (1, 12), (18, 16), (7, 16), (22, 16), (14, 12), (4, 11), (9, 16), (24, 16), (13, 16), (1, 14), (16, 12), (4, 13), (8, 13), (10, 10), (1, 7), (1, 16), (12, 10), (3, 7), ... (+45 more)]",83,0,83
86,"(18, 12)","(17, 12)",East,"['(19, 12)', '(17, 12)']","[(34, 15), (34, 16), (33, 16), (32, 16), (31, 16), (30, 16), (29, 16), (28, 16), (27, 16), (25, 15), (26, 16), (25, 16), (24, 16), (23, 16), (22, 16), (21, 16), (20, 16), (19, 16), (18, 16), (17, 16), (16, 16), (15, 16), (14, 16), (13, 16), (12, 16), (11, 16), (10, 16), (9, 16), (8, 16), (7, 16), (6, 16), (5, 16), (4, 16), (3, 16), (1, 16), (1, 15), (1, 14), (1, 13), (1, 12), (1, 11), ... (+20 more)]","[(34, 15), (34, 16), (33, 16), (32, 16), (31, 16), (30, 16), (29, 16), (28, 16), (27, 16), (25, 15), (26, 16), (25, 16), (24, 16), (23, 16), (22, 16), (21, 16), (20, 16), (19, 16), (18, 16), (17, 16), (16, 16), (15, 16), (14, 16), (13, 16), (12, 16), (11, 16), (10, 16), (9, 16), (8, 16), (7, 16), (6, 16), (5, 16), (4, 16), (3, 16), (1, 16), (1, 15), (1, 14), (1, 13), (1, 12), (1, 11), ... (+21 more)]","[(21, 16), (4, 9), (17, 12), (8, 9), (1, 15), (6, 11), (8, 11), (11, 16), (1, 8), (26, 16), (15, 16), (6, 13), (18, 12), (28, 16), (17, 16), (5, 14), (32, 16), (1, 10), (13, 12), (34, 16), (3, 10), (5, 16), (9, 14), (1, 12), (18, 16), (7, 16), (22, 16), (14, 12), (4, 11), (9, 16), (24, 16), (13, 16), (1, 14), (16, 12), (4, 13), (8, 13), (10, 10), (1, 7), (1, 16), (12, 10), ... (+46 more)]",84,0,84
87,"(19, 12)","(18, 12)",East,"['(19, 11)', '(20, 12)', '(18, 12)']","[(34, 15), (34, 16), (33, 16), (32, 16), (31, 16), (30, 16), (29, 16), (28, 16), (27, 16), (25, 15), (26, 16), (25, 16), (24, 16), (23, 16), (22, 16), (21, 16), (20, 16), (19, 16), (18, 16), (17, 16), (16, 16), (15, 16), (14, 16), (13, 16), (12, 16), (11, 16), (10, 16), (9, 16), (8, 16), (7, 16), (6, 16), (5, 16), (4, 16), (3, 16), (1, 16), (1, 15), (1, 14), (1, 13), (1, 12), (1, 11), ... (+20 more)]","[(34, 15), (34, 16), (33, 16), (32, 16), (31, 16), (30, 16), (29, 16), (28, 16), (27, 16), (25, 15), (26, 16), (25, 16), (24, 16), (23, 16), (22, 16), (21, 16), (20, 16), (19, 16), (18, 16), (17, 16), (16, 16), (15, 16), (14, 16), (13, 16), (12, 16), (11, 16), (10, 16), (9, 16), (8, 16), (7, 16), (6, 16), (5, 16), (4, 16), (3, 16), (1, 16), (1, 15), (1, 14), (1, 13), (1, 12), (1, 11), ... (+22 more)]","[(21, 16), (4, 9), (17, 12), (8, 9), (1, 15), (6, 11), (8, 11), (11, 16), (1, 8), (26, 16), (15, 16), (6, 13), (18, 12), (28, 16), (17, 16), (5, 14), (32, 16), (1, 10), (13, 12), (34, 16), (3, 10), (5, 16), (9, 14), (1, 12), (18, 16), (7, 16), (22, 16), (14, 12), (4, 11), (9, 16), (24, 16), (13, 16), (1, 14), (16, 12), (4, 13), (8, 13), (10, 10), (1, 7), (1, 16), (12, 10), ... (+47 more)]",85,0,85
88,"(20, 12)","(19, 12)",East,"['(20, 11)', '(21, 12)', '(19, 12)']","[(34, 15), (34, 16), (33, 16), (32, 16), (31, 16), (30, 16), (29, 16), (28, 16), (27, 16), (25, 15), (26, 16), (25, 16), (24, 16), (23, 16), (22, 16), (21, 16), (20, 16), (19, 16), (18, 16), (17, 16), (16, 16), (15, 16), (14, 16), (13, 16), (12, 16), (11, 16), (10, 16), (9, 16), (8, 16), (7, 16), (6, 16), (5, 16), (4, 16), (3, 16), (1, 16), (1, 15), (1, 14), (1, 13), (1, 12), (1, 11), ... (+21 more)]","[(34, 15), (34, 16), (33, 16), (32, 16), (31, 16), (30, 16), (29, 16), (28, 16), (27, 16), (25, 15), (26, 16), (25, 16), (24, 16), (23, 16), (22, 16), (21, 16), (20, 16), (19, 16), (18, 16), (17, 16), (16, 16), (15, 16), (14, 16), (13, 16), (12, 16), (11, 16), (10, 16), (9, 16), (8, 16), (7, 16), (6, 16), (5, 16), (4, 16), (3, 16), (1, 16), (1, 15), (1, 14), (1, 13), (1, 12), (1, 11), ... (+23 more)]","[(21, 16), (4, 9), (17, 12), (8, 9), (1, 15), (6, 11), (8, 11), (11, 16), (1, 8), (26, 16), (15, 16), (6, 13), (18, 12), (28, 16), (17, 16), (5, 14), (32, 16), (1, 10), (13, 12), (34, 16), (3, 10), (5, 16), (9, 14), (1, 12), (18, 16), (7, 16), (22, 16), (14, 12), (4, 11), (9, 16), (24, 16), (13, 16), (1, 14), (16, 12), (20, 12), (4, 13), (8, 13), (10, 10), (1, 7), (1, 16), ... (+48 more)]",86,0,86
89,"(21, 12)","(20, 12)",East,"['(22, 12)', '(20, 12)']","[(34, 15), (34, 16), (33, 16), (32, 16), (31, 16), (30, 16), (29, 16), (28, 16), (27, 16), (25, 15), (26, 16), (25, 16), (24, 16), (23, 16), (22, 16), (21, 16), (20, 16), (19, 16), (18, 16), (17, 16), (16, 16), (15, 16), (14, 16), (13, 16), (12, 16), (11, 16), (10, 16), (9, 16), (8, 16), (7, 16), (6, 16), (5, 16), (4, 16), (3, 16), (1, 16), (1, 15), (1, 14), (1, 13), (1, 12), (1, 11), ... (+22 more)]","[(34, 15), (34, 16), (33, 16), (32, 16), (31, 16), (30, 16), (29, 16), (28, 16), (27, 16), (25, 15), (26, 16), (25, 16), (24, 16), (23, 16), (22, 16), (21, 16), (20, 16), (19, 16), (18, 16), (17, 16), (16, 16), (15, 16), (14, 16), (13, 16), (12, 16), (11, 16), (10, 16), (9, 16), (8, 16), (7, 16), (6, 16), (5, 16), (4, 16), (3, 16), (1, 16), (1, 15), (1, 14), (1, 13), (1, 12), (1, 11), ... (+23 more)]","[(21, 16), (4, 9), (17, 12), (8, 9), (1, 15), (6, 11), (8, 11), (11, 16), (1, 8), (26, 16), (15, 16), (6, 13), (18, 12), (28, 16), (17, 16), (5, 14), (32, 16), (1, 10), (13, 12), (34, 16), (3, 10), (5, 16), (9, 14), (1, 12), (18, 16), (7, 16), (22, 16), (14, 12), (4, 11), (9, 16), (24, 16), (13, 16), (1, 14), (16, 12), (20, 12), (4, 13), (8, 13), (10, 10), (1, 7), (1, 16), ... (+49 more)]",87,0,87
90,"(22, 12)","(21, 12)",East,"['(23, 12)', '(21, 12)']","[(34, 15), (34, 16), (33, 16), (32, 16), (31, 16), (30, 16), (29, 16), (28, 16), (27, 16), (25, 15), (26, 16), (25, 16), (24, 16), (23, 16), (22, 16), (21, 16), (20, 16), (19, 16), (18, 16), (17, 16), (16, 16), (15, 16), (14, 16), (13, 16), (12, 16), (11, 16), (10, 16), (9, 16), (8, 16), (7, 16), (6, 16), (5, 16), (4, 16), (3, 16), (1, 16), (1, 15), (1, 14), (1, 13), (1, 12), (1, 11), ... (+22 more)]","[(34, 15), (34, 16), (33, 16), (32, 16), (31, 16), (30, 16), (29, 16), (28, 16), (27, 16), (25, 15), (26, 16), (25, 16), (24, 16), (23, 16), (22, 16), (21, 16), (20, 16), (19, 16), (18, 16), (17, 16), (16, 16), (15, 16), (14, 16), (13, 16), (12, 16), (11, 16), (10, 16), (9, 16), (8, 16), (7, 16), (6, 16), (5, 16), (4, 16), (3, 16), (1, 16), (1, 15), (1, 14), (1, 13), (1, 12), (1, 11), ... (+23 more)]","[(21, 16), (4, 9), (17, 12), (8, 9), (1, 15), (6, 11), (8, 11), (11, 16), (1, 8), (26, 16), (15, 16), (6, 13), (18, 12), (22, 12), (28, 16), (17, 16), (5, 14), (32, 16), (1, 10), (13, 12), (34, 16), (3, 10), (5, 16), (9, 14), (1, 12), (18, 16), (7, 16), (22, 16), (14, 12), (4, 11), (9, 16), (24, 16), (13, 16), (1, 14), (16, 12), (20, 12), (4, 13), (8, 13), (10, 10), (1, 7), ... (+50 more)]",88,0,88
91,"(23, 12)","(22, 12)",East,"['(24, 12)', '(22, 12)']","[(34, 15), (34, 16), (33, 16), (32, 16), (31, 16), (30, 16), (29, 16), (28, 16), (27, 16), (25, 15), (26, 16), (25, 16), (24, 16), (23, 16), (22, 16), (21, 16), (20, 16), (19, 16), (18, 16), (17, 16), (16, 16), (15, 16), (14, 16), (13, 16), (12, 16), (11, 16), (10, 16), (9, 16), (8, 16), (7, 16), (6, 16), (5, 16), (4, 16), (3, 16), (1, 16), (1, 15), (1, 14), (1, 13), (1, 12), (1, 11), ... (+22 more)]","[(34, 15), (34, 16), (33, 16), (32, 16), (31, 16), (30, 16), (29, 16), (28, 16), (27, 16), (25, 15), (26, 16), (25, 16), (24, 16), (23, 16), (22, 16), (21, 16), (20, 16), (19, 16), (18, 16), (17, 16), (16, 16), (15, 16), (14, 16), (13, 16), (12, 16), (11, 16), (10, 16), (9, 16), (8, 16), (7, 16), (6, 16), (5, 16), (4, 16), (3, 16), (1, 16), (1, 15), (1, 14), (1, 13), (1, 12), (1, 11), ... (+23 more)]","[(21, 16), (4, 9), (17, 12), (8, 9), (1, 15), (6, 11), (8, 11), (11, 16), (1, 8), (26, 16), (15, 16), (6, 13), (18, 12), (22, 12), (28, 16), (17, 16), (5, 14), (32, 16), (1, 10), (13, 12), (34, 16), (3, 10), (5, 16), (9, 14), (1, 12), (18, 16), (7, 16), (22, 16), (14, 12), (4, 11), (9, 16), (24, 16), (13, 16), (1, 14), (16, 12), (20, 12), (4, 13), (8, 13), (10, 10), (1, 7), ... (+51 more)]",89,0,89
92,"(24, 12)","(23, 12)",East,"['(24, 11)', '(23, 12)']","[(34, 15), (34, 16), (33, 16), (32, 16), (31, 16), (30, 16), (29, 16), (28, 16), (27, 16), (25, 15), (26, 16), (25, 16), (24, 16), (23, 16), (22, 16), (21, 16), (20, 16), (19, 16), (18, 16), (17, 16), (16, 16), (15, 16), (14, 16), (13, 16), (12, 16), (11, 16), (10, 16), (9, 16), (8, 16), (7, 16), (6, 16), (5, 16), (4, 16), (3, 16), (1, 16), (1, 15), (1, 14), (1, 13), (1, 12), (1, 11), ... (+22 more)]","[(34, 15), (34, 16), (33, 16), (32, 16), (31, 16), (30, 16), (29, 16), (28, 16), (27, 16), (25, 15), (26, 16), (25, 16), (24, 16), (23, 16), (22, 16), (21, 16), (20, 16), (19, 16), (18, 16), (17, 16), (16, 16), (15, 16), (14, 16), (13, 16), (12, 16), (11, 16), (10, 16), (9, 16), (8, 16), (7, 16), (6, 16), (5, 16), (4, 16), (3, 16), (1, 16), (1, 15), (1, 14), (1, 13), (1, 12), (1, 11), ... (+23 more)]","[(21, 16), (4, 9), (17, 12), (8, 9), (1, 15), (6, 11), (8, 11), (11, 16), (1, 8), (26, 16), (15, 16), (6, 13), (18, 12), (22, 12), (28, 16), (17, 16), (5, 14), (32, 16), (1, 10), (13, 12), (24, 12), (34, 16), (3, 10), (5, 16), (9, 14), (1, 12), (18, 16), (7, 16), (22, 16), (14, 12), (4, 11), (9, 16), (24, 16), (13, 16), (1, 14), (16, 12), (20, 12), (4, 13), (8, 13), (10, 10), ... (+52 more)]",90,0,90
93,"(24, 11)","(24, 12)",South,"['(24, 12)', '(25, 11)']","[(34, 15), (34, 16), (33, 16), (32, 16), (31, 16), (30, 16), (29, 16), (28, 16), (27, 16), (25, 15), (26, 16), (25, 16), (24, 16), (23, 16), (22, 16), (21, 16), (20, 16), (19, 16), (18, 16), (17, 16), (16, 16), (15, 16), (14, 16), (13, 16), (12, 16), (11, 16), (10, 16), (9, 16), (8, 16), (7, 16), (6, 16), (5, 16), (4, 16), (3, 16), (1, 16), (1, 15), (1, 14), (1, 13), (1, 12), (1, 11), ... (+22 more)]","[(34, 15), (34, 16), (33, 16), (32, 16), (31, 16), (30, 16), (29, 16), (28, 16), (27, 16), (25, 15), (26, 16), (25, 16), (24, 16), (23, 16), (22, 16), (21, 16), (20, 16), (19, 16), (18, 16), (17, 16), (16, 16), (15, 16), (14, 16), (13, 16), (12, 16), (11, 16), (10, 16), (9, 16), (8, 16), (7, 16), (6, 16), (5, 16), (4, 16), (3, 16), (1, 16), (1, 15), (1, 14), (1, 13), (1, 12), (1, 11), ... (+23 more)]","[(21, 16), (4, 9), (17, 12), (8, 9), (1, 15), (6, 11), (8, 11), (11, 16), (1, 8), (26, 16), (15, 16), (6, 13), (18, 12), (22, 12), (28, 16), (17, 16), (5, 14), (32, 16), (1, 10), (13, 12), (24, 12), (34, 16), (3, 10), (5, 16), (9, 14), (1, 12), (18, 16), (7, 16), (22, 16), (14, 12), (4, 11), (9, 16), (24, 16), (13, 16), (1, 14), (16, 12), (20, 12), (4, 13), (8, 13), (10, 10), ... (+53 more)]",91,0,91
94,"(25, 11)","(24, 11)",East,"['(26, 11)', '(24, 11)']","[(34, 15), (34, 16), (33, 16), (32, 16), (31, 16), (30, 16), (29, 16), (28, 16), (27, 16), (25, 15), (26, 16), (25, 16), (24, 16), (23, 16), (22, 16), (21, 16), (20, 16), (19, 16), (18, 16), (17, 16), (16, 16), (15, 16), (14, 16), (13, 16), (12, 16), (11, 16), (10, 16), (9, 16), (8, 16), (7, 16), (6, 16), (5, 16), (4, 16), (3, 16), (1, 16), (1, 15), (1, 14), (1, 13), (1, 12), (1, 11), ... (+23 more)]","[(34, 15), (34, 16), (33, 16), (32, 16), (31, 16), (30, 16), (29, 16), (28, 16), (27, 16), (25, 15), (26, 16), (25, 16), (24, 16), (23, 16), (22, 16), (21, 16), (20, 16), (19, 16), (18, 16), (17, 16), (16, 16), (15, 16), (14, 16), (13, 16), (12, 16), (11, 16), (10, 16), (9, 16), (8, 16), (7, 16), (6, 16), (5, 16), (4, 16), (3, 16), (1, 16), (1, 15), (1, 14), (1, 13), (1, 12), (1, 11), ... (+24 more)]","[(21, 16), (4, 9), (17, 12), (8, 9), (1, 15), (6, 11), (8, 11), (11, 16), (1, 8), (26, 16), (15, 16), (6, 13), (18, 12), (22, 12), (28, 16), (17, 16), (5, 14), (32, 16), (1, 10), (13, 12), (24, 12), (25, 11), (34, 16), (3, 10), (5, 16), (9, 14), (1, 12), (18, 16), (7, 16), (22, 16), (14, 12), (4, 11), (9, 16), (24, 16), (13, 16), (1, 14), (16, 12), (20, 12), (4, 13), (8, 13), ... (+54 more)]",92,0,92
95,"(26, 11)","(25, 11)",East,"['(27, 11)', '(25, 11)']","[(34, 15), (34, 16), (33, 16), (32, 16), (31, 16), (30, 16), (29, 16), (28, 16), (27, 16), (25, 15), (26, 16), (25, 16), (24, 16), (23, 16), (22, 16), (21, 16), (20, 16), (19, 16), (18, 16), (17, 16), (16, 16), (15, 16), (14, 16), (13, 16), (12, 16), (11, 16), (10, 16), (9, 16), (8, 16), (7, 16), (6, 16), (5, 16), (4, 16), (3, 16), (1, 16), (1, 15), (1, 14), (1, 13), (1, 12), (1, 11), ... (+23 more)]","[(34, 15), (34, 16), (33, 16), (32, 16), (31, 16), (30, 16), (29, 16), (28, 16), (27, 16), (25, 15), (26, 16), (25, 16), (24, 16), (23, 16), (22, 16), (21, 16), (20, 16), (19, 16), (18, 16), (17, 16), (16, 16), (15, 16), (14, 16), (13, 16), (12, 16), (11, 16), (10, 16), (9, 16), (8, 16), (7, 16), (6, 16), (5, 16), (4, 16), (3, 16), (1, 16), (1, 15), (1, 14), (1, 13), (1, 12), (1, 11), ... (+24 more)]","[(21, 16), (4, 9), (17, 12), (8, 9), (1, 15), (6, 11), (8, 11), (11, 16), (1, 8), (26, 16), (15, 16), (6, 13), (18, 12), (22, 12), (28, 16), (17, 16), (5, 14), (32, 16), (1, 10), (13, 12), (24, 12), (25, 11), (34, 16), (3, 10), (5, 16), (9, 14), (1, 12), (26, 11), (18, 16), (7, 16), (22, 16), (14, 12), (4, 11), (9, 16), (24, 16), (13, 16), (1, 14), (16, 12), (20, 12), (4, 13), ... (+55 more)]",93,0,93
96,"(27, 11)","(26, 11)",East,"['(27, 12)', '(26, 11)']","[(34, 15), (34, 16), (33, 16), (32, 16), (31, 16), (30, 16), (29, 16), (28, 16), (27, 16), (25, 15), (26, 16), (25, 16), (24, 16), (23, 16), (22, 16), (21, 16), (20, 16), (19, 16), (18, 16), (17, 16), (16, 16), (15, 16), (14, 16), (13, 16), (12, 16), (11, 16), (10, 16), (9, 16), (8, 16), (7, 16), (6, 16), (5, 16), (4, 16), (3, 16), (1, 16), (1, 15), (1, 14), (1, 13), (1, 12), (1, 11), ... (+23 more)]","[(34, 15), (34, 16), (33, 16), (32, 16), (31, 16), (30, 16), (29, 16), (28, 16), (27, 16), (25, 15), (26, 16), (25, 16), (24, 16), (23, 16), (22, 16), (21, 16), (20, 16), (19, 16), (18, 16), (17, 16), (16, 16), (15, 16), (14, 16), (13, 16), (12, 16), (11, 16), (10, 16), (9, 16), (8, 16), (7, 16), (6, 16), (5, 16), (4, 16), (3, 16), (1, 16), (1, 15), (1, 14), (1, 13), (1, 12), (1, 11), ... (+24 more)]","[(21, 16), (4, 9), (17, 12), (8, 9), (1, 15), (6, 11), (8, 11), (11, 16), (1, 8), (26, 16), (15, 16), (6, 13), (18, 12), (22, 12), (28, 16), (17, 16), (5, 14), (32, 16), (1, 10), (13, 12), (24, 12), (25, 11), (34, 16), (3, 10), (5, 16), (9, 14), (1, 12), (26, 11), (18, 16), (7, 16), (22, 16), (14, 12), (4, 11), (9, 16), (24, 16), (13, 16), (1, 14), (16, 12), (20, 12), (4, 13), ... (+56 more)]",94,0,94
97,"(27, 12)","(27, 11)",North,"['(27, 13)', '(27, 11)']","[(34, 15), (34, 16), (33, 16), (32, 16), (31, 16), (30, 16), (29, 16), (28, 16), (27, 16), (25, 15), (26, 16), (25, 16), (24, 16), (23, 16), (22, 16), (21, 16), (20, 16), (19, 16), (18, 16), (17, 16), (16, 16), (15, 16), (14, 16), (13, 16), (12, 16), (11, 16), (10, 16), (9, 16), (8, 16), (7, 16), (6, 16), (5, 16), (4, 16), (3, 16), (1, 16), (1, 15), (1, 14), (1, 13), (1, 12), (1, 11), ... (+23 more)]","[(34, 15), (34, 16), (33, 16), (32, 16), (31, 16), (30, 16), (29, 16), (28, 16), (27, 16), (25, 15), (26, 16), (25, 16), (24, 16), (23, 16), (22, 16), (21, 16), (20, 16), (19, 16), (18, 16), (17, 16), (16, 16), (15, 16), (14, 16), (13, 16), (12, 16), (11, 16), (10, 16), (9, 16), (8, 16), (7, 16), (6, 16), (5, 16), (4, 16), (3, 16), (1, 16), (1, 15), (1, 14), (1, 13), (1, 12), (1, 11), ... (+24 more)]","[(21, 16), (4, 9), (17, 12), (8, 9), (1, 15), (6, 11), (8, 11), (11, 16), (1, 8), (26, 16), (15, 16), (6, 13), (18, 12), (22, 12), (28, 16), (17, 16), (5, 14), (32, 16), (1, 10), (13, 12), (24, 12), (25, 11), (34, 16), (3, 10), (5, 16), (9, 14), (1, 12), (26, 11), (18, 16), (7, 16), (22, 16), (14, 12), (4, 11), (9, 16), (24, 16), (13, 16), (1, 14), (16, 12), (20, 12), (4, 13), ... (+57 more)]",95,0,95
98,"(27, 13)","(27, 12)",North,"['(27, 14)', '(27, 12)']","[(34, 15), (34, 16), (33, 16), (32, 16), (31, 16), (30, 16), (29, 16), (28, 16), (27, 16), (25, 15), (26, 16), (25, 16), (24, 16), (23, 16), (22, 16), (21, 16), (20, 16), (19, 16), (18, 16), (17, 16), (16, 16), (15, 16), (14, 16), (13, 16), (12, 16), (11, 16), (10, 16), (9, 16), (8, 16), (7, 16), (6, 16), (5, 16), (4, 16), (3, 16), (1, 16), (1, 15), (1, 14), (1, 13), (1, 12), (1, 11), ... (+23 more)]","[(34, 15), (34, 16), (33, 16), (32, 16), (31, 16), (30, 16), (29, 16), (28, 16), (27, 16), (25, 15), (26, 16), (25, 16), (24, 16), (23, 16), (22, 16), (21, 16), (20, 16), (19, 16), (18, 16), (17, 16), (16, 16), (15, 16), (14, 16), (13, 16), (12, 16), (11, 16), (10, 16), (9, 16), (8, 16), (7, 16), (6, 16), (5, 16), (4, 16), (3, 16), (1, 16), (1, 15), (1, 14), (1, 13), (1, 12), (1, 11), ... (+24 more)]","[(21, 16), (4, 9), (27, 13), (17, 12), (8, 9), (1, 15), (6, 11), (8, 11), (11, 16), (1, 8), (26, 16), (15, 16), (6, 13), (18, 12), (22, 12), (28, 16), (17, 16), (5, 14), (32, 16), (1, 10), (13, 12), (24, 12), (25, 11), (34, 16), (3, 10), (5, 16), (9, 14), (1, 12), (26, 11), (18, 16), (7, 16), (22, 16), (14, 12), (4, 11), (9, 16), (24, 16), (13, 16), (1, 14), (16, 12), (20, 12), ... (+58 more)]",96,0,96
99,"(27, 14)","(27, 13)",North,"['(27, 13)', '(26, 14)']","[(34, 15), (34, 16), (33, 16), (32, 16), (31, 16), (30, 16), (29, 16), (28, 16), (27, 16), (25, 15), (26, 16), (25, 16), (24, 16), (23, 16), (22, 16), (21, 16), (20, 16), (19, 16), (18, 16), (17, 16), (16, 16), (15, 16), (14, 16), (13, 16), (12, 16), (11, 16), (10, 16), (9, 16), (8, 16), (7, 16), (6, 16), (5, 16), (4, 16), (3, 16), (1, 16), (1, 15), (1, 14), (1, 13), (1, 12), (1, 11), ... (+23 more)]","[(34, 15), (34, 16), (33, 16), (32, 16), (31, 16), (30, 16), (29, 16), (28, 16), (27, 16), (25, 15), (26, 16), (25, 16), (24, 16), (23, 16), (22, 16), (21, 16), (20, 16), (19, 16), (18, 16), (17, 16), (16, 16), (15, 16), (14, 16), (13, 16), (12, 16), (11, 16), (10, 16), (9, 16), (8, 16), (7, 16), (6, 16), (5, 16), (4, 16), (3, 16), (1, 16), (1, 15), (1, 14), (1, 13), (1, 12), (1, 11), ... (+24 more)]","[(21, 16), (4, 9), (27, 13), (17, 12), (8, 9), (1, 15), (6, 11), (8, 11), (11, 16), (1, 8), (26, 16), (15, 16), (6, 13), (18, 12), (22, 12), (28, 16), (17, 16), (5, 14), (32, 16), (1, 10), (13, 12), (24, 12), (25, 11), (34, 16), (3, 10), (5, 16), (9, 14), (1, 12), (26, 11), (18, 16), (7, 16), (22, 16), (14, 12), (4, 11), (9, 16), (24, 16), (13, 16), (1, 14), (16, 12), (20, 12), ... (+59 more)]",97,0,97
100,"(26, 14)","(27, 14)",West,"['(27, 14)', '(25, 14)']","[(34, 15), (34, 16), (33, 16), (32, 16), (31, 16), (30, 16), (29, 16), (28, 16), (27, 16), (25, 15), (26, 16), (25, 16), (24, 16), (23, 16), (22, 16), (21, 16), (20, 16), (19, 16), (18, 16), (17, 16), (16, 16), (15, 16), (14, 16), (13, 16), (12, 16), (11, 16), (10, 16), (9, 16), (8, 16), (7, 16), (6, 16), (5, 16), (4, 16), (3, 16), (1, 16), (1, 15), (1, 14), (1, 13), (1, 12), (1, 11), ... (+24 more)]","[(34, 15), (34, 16), (33, 16), (32, 16), (31, 16), (30, 16), (29, 16), (28, 16), (27, 16), (25, 15), (26, 16), (25, 16), (24, 16), (23, 16), (22, 16), (21, 16), (20, 16), (19, 16), (18, 16), (17, 16), (16, 16), (15, 16), (14, 16), (13, 16), (12, 16), (11, 16), (10, 16), (9, 16), (8, 16), (7, 16), (6, 16), (5, 16), (4, 16), (3, 16), (1, 16), (1, 15), (1, 14), (1, 13), (1, 12), (1, 11), ... (+25 more)]","[(21, 16), (4, 9), (27, 13), (17, 12), (8, 9), (1, 15), (26, 14), (6, 11), (8, 11), (11, 16), (1, 8), (26, 16), (15, 16), (6, 13), (18, 12), (22, 12), (28, 16), (17, 16), (5, 14), (32, 16), (1, 10), (13, 12), (24, 12), (25, 11), (34, 16), (3, 10), (5, 16), (9, 14), (1, 12), (26, 11), (18, 16), (7, 16), (22, 16), (14, 12), (4, 11), (9, 16), (24, 16), (13, 16), (1, 14), (16, 12), ... (+60 more)]",98,0,98
101,"(25, 14)","(26, 14)",West,"['(25, 15)', '(26, 14)']","[(34, 15), (34, 16), (33, 16), (32, 16), (31, 16), (30, 16), (29, 16), (28, 16), (27, 16), (25, 15), (26, 16), (25, 16), (24, 16), (23, 16), (22, 16), (21, 16), (20, 16), (19, 16), (18, 16), (17, 16), (16, 16), (15, 16), (14, 16), (13, 16), (12, 16), (11, 16), (10, 16), (9, 16), (8, 16), (7, 16), (6, 16), (5, 16), (4, 16), (3, 16), (1, 16), (1, 15), (1, 14), (1, 13), (1, 12), (1, 11), ... (+25 more)]","[(34, 15), (34, 16), (33, 16), (32, 16), (31, 16), (30, 16), (29, 16), (28, 16), (27, 16), (25, 15), (26, 16), (25, 16), (24, 16), (23, 16), (22, 16), (21, 16), (20, 16), (19, 16), (18, 16), (17, 16), (16, 16), (15, 16), (14, 16), (13, 16), (12, 16), (11, 16), (10, 16), (9, 16), (8, 16), (7, 16), (6, 16), (5, 16), (4, 16), (3, 16), (1, 16), (1, 15), (1, 14), (1, 13), (1, 12), (1, 11), ... (+26 more)]","[(21, 16), (4, 9), (27, 13), (17, 12), (8, 9), (1, 15), (26, 14), (6, 11), (8, 11), (11, 16), (1, 8), (26, 16), (15, 16), (6, 13), (18, 12), (22, 12), (28, 16), (17, 16), (5, 14), (32, 16), (1, 10), (13, 12), (24, 12), (25, 11), (34, 16), (3, 10), (5, 16), (9, 14), (1, 12), (26, 11), (18, 16), (7, 16), (22, 16), (14, 12), (4, 11), (9, 16), (24, 16), (13, 16), (1, 14), (16, 12), ... (+61 more)]",99,0,99
102,"(25, 15)","(25, 14)",North,"['(25, 16)', '(25, 14)']","[(34, 15), (34, 16), (33, 16), (32, 16), (31, 16), (30, 16), (29, 16), (28, 16), (27, 16), (25, 15), (26, 16), (25, 16), (24, 16), (23, 16), (22, 16), (21, 16), (20, 16), (19, 16), (18, 16), (17, 16), (16, 16), (15, 16), (14, 16), (13, 16), (12, 16), (11, 16), (10, 16), (9, 16), (8, 16), (7, 16), (6, 16), (5, 16), (4, 16), (3, 16), (1, 16), (1, 15), (1, 14), (1, 13), (1, 12), (1, 11), ... (+25 more)]","[(34, 15), (34, 16), (33, 16), (32, 16), (31, 16), (30, 16), (29, 16), (28, 16), (27, 16), (25, 15), (26, 16), (25, 16), (24, 16), (23, 16), (22, 16), (21, 16), (20, 16), (19, 16), (18, 16), (17, 16), (16, 16), (15, 16), (14, 16), (13, 16), (12, 16), (11, 16), (10, 16), (9, 16), (8, 16), (7, 16), (6, 16), (5, 16), (4, 16), (3, 16), (1, 16), (1, 15), (1, 14), (1, 13), (1, 12), (1, 11), ... (+26 more)]","[(21, 16), (4, 9), (27, 13), (17, 12), (8, 9), (1, 15), (26, 14), (6, 11), (8, 11), (11, 16), (1, 8), (26, 16), (15, 16), (6, 13), (18, 12), (22, 12), (28, 16), (17, 16), (5, 14), (32, 16), (1, 10), (13, 12), (24, 12), (25, 11), (34, 16), (3, 10), (5, 16), (9, 14), (1, 12), (26, 11), (18, 16), (7, 16), (22, 16), (14, 12), (4, 11), (9, 16), (24, 16), (13, 16), (1, 14), (16, 12), ... (+62 more)]",100,0,100
103,"(20, 11)","(20, 12)",South,"['(20, 12)', '(20, 10)', '(19, 11)']","[(34, 15), (34, 16), (33, 16), (32, 16), (31, 16), (30, 16), (29, 16), (28, 16), (27, 16), (25, 15), (26, 16), (25, 16), (24, 16), (23, 16), (22, 16), (21, 16), (20, 16), (19, 16), (18, 16), (17, 16), (16, 16), (15, 16), (14, 16), (13, 16), (12, 16), (11, 16), (10, 16), (9, 16), (8, 16), (7, 16), (6, 16), (5, 16), (4, 16), (3, 16), (1, 16), (1, 15), (1, 14), (1, 13), (1, 12), (1, 11), ... (+21 more)]","[(34, 15), (34, 16), (33, 16), (32, 16), (31, 16), (30, 16), (29, 16), (28, 16), (27, 16), (25, 15), (26, 16), (25, 16), (24, 16), (23, 16), (22, 16), (21, 16), (20, 16), (19, 16), (18, 16), (17, 16), (16, 16), (15, 16), (14, 16), (13, 16), (12, 16), (11, 16), (10, 16), (9, 16), (8, 16), (7, 16), (6, 16), (5, 16), (4, 16), (3, 16), (1, 16), (1, 15), (1, 14), (1, 13), (1, 12), (1, 11), ... (+23 more)]","[(21, 16), (4, 9), (27, 13), (17, 12), (8, 9), (1, 15), (26, 14), (6, 11), (8, 11), (11, 16), (1, 8), (26, 16), (15, 16), (6, 13), (18, 12), (22, 12), (28, 16), (17, 16), (5, 14), (32, 16), (1, 10), (13, 12), (24, 12), (25, 11), (34, 16), (3, 10), (5, 16), (9, 14), (1, 12), (26, 11), (18, 16), (7, 16), (22, 16), (14, 12), (4, 11), (9, 16), (24, 16), (13, 16), (1, 14), (16, 12), ... (+63 more)]",87,0,87
104,"(19, 11)","(20, 11)",West,"['(19, 12)', '(20, 11)']","[(34, 15), (34, 16), (33, 16), (32, 16), (31, 16), (30, 16), (29, 16), (28, 16), (27, 16), (25, 15), (26, 16), (25, 16), (24, 16), (23, 16), (22, 16), (21, 16), (20, 16), (19, 16), (18, 16), (17, 16), (16, 16), (15, 16), (14, 16), (13, 16), (12, 16), (11, 16), (10, 16), (9, 16), (8, 16), (7, 16), (6, 16), (5, 16), (4, 16), (3, 16), (1, 16), (1, 15), (1, 14), (1, 13), (1, 12), (1, 11), ... (+23 more)]","[(34, 15), (34, 16), (33, 16), (32, 16), (31, 16), (30, 16), (29, 16), (28, 16), (27, 16), (25, 15), (26, 16), (25, 16), (24, 16), (23, 16), (22, 16), (21, 16), (20, 16), (19, 16), (18, 16), (17, 16), (16, 16), (15, 16), (14, 16), (13, 16), (12, 16), (11, 16), (10, 16), (9, 16), (8, 16), (7, 16), (6, 16), (5, 16), (4, 16), (3, 16), (1, 16), (1, 15), (1, 14), (1, 13), (1, 12), (1, 11), ... (+24 more)]","[(21, 16), (4, 9), (27, 13), (17, 12), (8, 9), (1, 15), (26, 14), (6, 11), (8, 11), (19, 11), (11, 16), (1, 8), (26, 16), (15, 16), (6, 13), (18, 12), (22, 12), (28, 16), (17, 16), (5, 14), (32, 16), (1, 10), (13, 12), (24, 12), (25, 11), (34, 16), (3, 10), (5, 16), (9, 14), (1, 12), (26, 11), (18, 16), (7, 16), (22, 16), (14, 12), (4, 11), (9, 16), (24, 16), (13, 16), (1, 14), ... (+64 more)]",88,0,88
105,"(20, 10)","(20, 11)",South,"['(20, 11)', '(20, 9)']","[(34, 15), (34, 16), (33, 16), (32, 16), (31, 16), (30, 16), (29, 16), (28, 16), (27, 16), (25, 15), (26, 16), (25, 16), (24, 16), (23, 16), (22, 16), (21, 16), (20, 16), (19, 16), (18, 16), (17, 16), (16, 16), (15, 16), (14, 16), (13, 16), (12, 16), (11, 16), (10, 16), (9, 16), (8, 16), (7, 16), (6, 16), (5, 16), (4, 16), (3, 16), (1, 16), (1, 15), (1, 14), (1, 13), (1, 12), (1, 11), ... (+22 more)]","[(34, 15), (34, 16), (33, 16), (32, 16), (31, 16), (30, 16), (29, 16), (28, 16), (27, 16), (25, 15), (26, 16), (25, 16), (24, 16), (23, 16), (22, 16), (21, 16), (20, 16), (19, 16), (18, 16), (17, 16), (16, 16), (15, 16), (14, 16), (13, 16), (12, 16), (11, 16), (10, 16), (9, 16), (8, 16), (7, 16), (6, 16), (5, 16), (4, 16), (3, 16), (1, 16), (1, 15), (1, 14), (1, 13), (1, 12), (1, 11), ... (+23 more)]","[(21, 16), (4, 9), (27, 13), (17, 12), (8, 9), (1, 15), (26, 14), (6, 11), (8, 11), (19, 11), (11, 16), (1, 8), (26, 16), (15, 16), (6, 13), (18, 12), (22, 12), (28, 16), (17, 16), (5, 14), (32, 16), (1, 10), (13, 12), (24, 12), (25, 11), (34, 16), (3, 10), (5, 16), (9, 14), (1, 12), (26, 11), (18, 16), (7, 16), (20, 10), (22, 16), (14, 12), (4, 11), (9, 16), (24, 16), (13, 16), ... (+65 more)]",88,0,88
106,"(20, 9)","(20, 10)",South,"['(20, 10)', '(21, 9)']","[(34, 15), (34, 16), (33, 16), (32, 16), (31, 16), (30, 16), (29, 16), (28, 16), (27, 16), (25, 15), (26, 16), (25, 16), (24, 16), (23, 16), (22, 16), (21, 16), (20, 16), (19, 16), (18, 16), (17, 16), (16, 16), (15, 16), (14, 16), (13, 16), (12, 16), (11, 16), (10, 16), (9, 16), (8, 16), (7, 16), (6, 16), (5, 16), (4, 16), (3, 16), (1, 16), (1, 15), (1, 14), (1, 13), (1, 12), (1, 11), ... (+23 more)]","[(34, 15), (34, 16), (33, 16), (32, 16), (31, 16), (30, 16), (29, 16), (28, 16), (27, 16), (25, 15), (26, 16), (25, 16), (24, 16), (23, 16), (22, 16), (21, 16), (20, 16), (19, 16), (18, 16), (17, 16), (16, 16), (15, 16), (14, 16), (13, 16), (12, 16), (11, 16), (10, 16), (9, 16), (8, 16), (7, 16), (6, 16), (5, 16), (4, 16), (3, 16), (1, 16), (1, 15), (1, 14), (1, 13), (1, 12), (1, 11), ... (+24 more)]","[(21, 16), (4, 9), (27, 13), (17, 12), (8, 9), (1, 15), (26, 14), (6, 11), (8, 11), (19, 11), (11, 16), (1, 8), (26, 16), (15, 16), (6, 13), (18, 12), (22, 12), (28, 16), (17, 16), (5, 14), (32, 16), (1, 10), (13, 12), (24, 12), (25, 11), (34, 16), (3, 10), (5, 16), (9, 14), (1, 12), (26, 11), (18, 16), (7, 16), (20, 10), (22, 16), (14, 12), (4, 11), (9, 16), (24, 16), (13, 16), ... (+66 more)]",89,0,89
107,"(21, 9)","(20, 9)",East,"['(22, 9)', '(20, 9)']","[(34, 15), (34, 16), (33, 16), (32, 16), (31, 16), (30, 16), (29, 16), (28, 16), (27, 16), (25, 15), (26, 16), (25, 16), (24, 16), (23, 16), (22, 16), (21, 16), (20, 16), (19, 16), (18, 16), (17, 16), (16, 16), (15, 16), (14, 16), (13, 16), (12, 16), (11, 16), (10, 16), (9, 16), (8, 16), (7, 16), (6, 16), (5, 16), (4, 16), (3, 16), (1, 16), (1, 15), (1, 14), (1, 13), (1, 12), (1, 11), ... (+24 more)]","[(34, 15), (34, 16), (33, 16), (32, 16), (31, 16), (30, 16), (29, 16), (28, 16), (27, 16), (25, 15), (26, 16), (25, 16), (24, 16), (23, 16), (22, 16), (21, 16), (20, 16), (19, 16), (18, 16), (17, 16), (16, 16), (15, 16), (14, 16), (13, 16), (12, 16), (11, 16), (10, 16), (9, 16), (8, 16), (7, 16), (6, 16), (5, 16), (4, 16), (3, 16), (1, 16), (1, 15), (1, 14), (1, 13), (1, 12), (1, 11), ... (+25 more)]","[(21, 16), (4, 9), (27, 13), (17, 12), (8, 9), (1, 15), (26, 14), (6, 11), (21, 9), (8, 11), (19, 11), (11, 16), (1, 8), (26, 16), (15, 16), (6, 13), (18, 12), (22, 12), (28, 16), (17, 16), (5, 14), (32, 16), (1, 10), (13, 12), (24, 12), (25, 11), (34, 16), (3, 10), (5, 16), (9, 14), (1, 12), (26, 11), (18, 16), (7, 16), (20, 10), (22, 16), (14, 12), (4, 11), (9, 16), (24, 16), ... (+67 more)]",90,0,90
108,"(22, 9)","(21, 9)",East,"['(23, 9)', '(21, 9)']","[(34, 15), (34, 16), (33, 16), (32, 16), (31, 16), (30, 16), (29, 16), (28, 16), (27, 16), (25, 15), (26, 16), (25, 16), (24, 16), (23, 16), (22, 16), (21, 16), (20, 16), (19, 16), (18, 16), (17, 16), (16, 16), (15, 16), (14, 16), (13, 16), (12, 16), (11, 16), (10, 16), (9, 16), (8, 16), (7, 16), (6, 16), (5, 16), (4, 16), (3, 16), (1, 16), (1, 15), (1, 14), (1, 13), (1, 12), (1, 11), ... (+24 more)]","[(34, 15), (34, 16), (33, 16), (32, 16), (31, 16), (30, 16), (29, 16), (28, 16), (27, 16), (25, 15), (26, 16), (25, 16), (24, 16), (23, 16), (22, 16), (21, 16), (20, 16), (19, 16), (18, 16), (17, 16), (16, 16), (15, 16), (14, 16), (13, 16), (12, 16), (11, 16), (10, 16), (9, 16), (8, 16), (7, 16), (6, 16), (5, 16), (4, 16), (3, 16), (1, 16), (1, 15), (1, 14), (1, 13), (1, 12), (1, 11), ... (+25 more)]","[(21, 16), (4, 9), (27, 13), (17, 12), (8, 9), (1, 15), (26, 14), (6, 11), (21, 9), (8, 11), (19, 11), (11, 16), (1, 8), (26, 16), (15, 16), (6, 13), (18, 12), (22, 12), (28, 16), (17, 16), (5, 14), (32, 16), (1, 10), (13, 12), (24, 12), (25, 11), (34, 16), (3, 10), (5, 16), (9, 14), (1, 12), (26, 11), (18, 16), (7, 16), (20, 10), (22, 16), (14, 12), (4, 11), (9, 16), (24, 16), ... (+68 more)]",91,0,91
109,"(23, 9)","(22, 9)",East,"['(24, 9)', '(22, 9)']","[(34, 15), (34, 16), (33, 16), (32, 16), (31, 16), (30, 16), (29, 16), (28, 16), (27, 16), (25, 15), (26, 16), (25, 16), (24, 16), (23, 16), (22, 16), (21, 16), (20, 16), (19, 16), (18, 16), (17, 16), (16, 16), (15, 16), (14, 16), (13, 16), (12, 16), (11, 16), (10, 16), (9, 16), (8, 16), (7, 16), (6, 16), (5, 16), (4, 16), (3, 16), (1, 16), (1, 15), (1, 14), (1, 13), (1, 12), (1, 11), ... (+24 more)]","[(34, 15), (34, 16), (33, 16), (32, 16), (31, 16), (30, 16), (29, 16), (28, 16), (27, 16), (25, 15), (26, 16), (25, 16), (24, 16), (23, 16), (22, 16), (21, 16), (20, 16), (19, 16), (18, 16), (17, 16), (16, 16), (15, 16), (14, 16), (13, 16), (12, 16), (11, 16), (10, 16), (9, 16), (8, 16), (7, 16), (6, 16), (5, 16), (4, 16), (3, 16), (1, 16), (1, 15), (1, 14), (1, 13), (1, 12), (1, 11), ... (+25 more)]","[(21, 16), (4, 9), (27, 13), (17, 12), (8, 9), (1, 15), (26, 14), (6, 11), (21, 9), (8, 11), (19, 11), (11, 16), (1, 8), (26, 16), (15, 16), (6, 13), (18, 12), (22, 12), (28, 16), (17, 16), (5, 14), (32, 16), (1, 10), (13, 12), (24, 12), (25, 11), (34, 16), (3, 10), (5, 16), (9, 14), (1, 12), (26, 11), (18, 16), (7, 16), (20, 10), (22, 16), (14, 12), (4, 11), (9, 16), (24, 16), ... (+69 more)]",92,0,92
110,"(24, 9)","(23, 9)",East,"['(25, 9)', '(23, 9)']","[(34, 15), (34, 16), (33, 16), (32, 16), (31, 16), (30, 16), (29, 16), (28, 16), (27, 16), (25, 15), (26, 16), (25, 16), (24, 16), (23, 16), (22, 16), (21, 16), (20, 16), (19, 16), (18, 16), (17, 16), (16, 16), (15, 16), (14, 16), (13, 16), (12, 16), (11, 16), (10, 16), (9, 16), (8, 16), (7, 16), (6, 16), (5, 16), (4, 16), (3, 16), (1, 16), (1, 15), (1, 14), (1, 13), (1, 12), (1, 11), ... (+24 more)]","[(34, 15), (34, 16), (33, 16), (32, 16), (31, 16), (30, 16), (29, 16), (28, 16), (27, 16), (25, 15), (26, 16), (25, 16), (24, 16), (23, 16), (22, 16), (21, 16), (20, 16), (19, 16), (18, 16), (17, 16), (16, 16), (15, 16), (14, 16), (13, 16), (12, 16), (11, 16), (10, 16), (9, 16), (8, 16), (7, 16), (6, 16), (5, 16), (4, 16), (3, 16), (1, 16), (1, 15), (1, 14), (1, 13), (1, 12), (1, 11), ... (+25 more)]","[(21, 16), (4, 9), (27, 13), (17, 12), (8, 9), (1, 15), (26, 14), (6, 11), (21, 9), (8, 11), (19, 11), (11, 16), (1, 8), (26, 16), (15, 16), (6, 13), (18, 12), (22, 12), (28, 16), (17, 16), (5, 14), (32, 16), (1, 10), (13, 12), (24, 12), (25, 11), (34, 16), (3, 10), (5, 16), (9, 14), (1, 12), (26, 11), (18, 16), (7, 16), (20, 10), (22, 16), (14, 12), (4, 11), (9, 16), (24, 16), ... (+70 more)]",93,0,93
111,"(25, 9)","(24, 9)",East,"['(26, 9)', '(24, 9)']","[(34, 15), (34, 16), (33, 16), (32, 16), (31, 16), (30, 16), (29, 16), (28, 16), (27, 16), (25, 15), (26, 16), (25, 16), (24, 16), (23, 16), (22, 16), (21, 16), (20, 16), (19, 16), (18, 16), (17, 16), (16, 16), (15, 16), (14, 16), (13, 16), (12, 16), (11, 16), (10, 16), (9, 16), (8, 16), (7, 16), (6, 16), (5, 16), (4, 16), (3, 16), (1, 16), (1, 15), (1, 14), (1, 13), (1, 12), (1, 11), ... (+24 more)]","[(34, 15), (34, 16), (33, 16), (32, 16), (31, 16), (30, 16), (29, 16), (28, 16), (27, 16), (25, 15), (26, 16), (25, 16), (24, 16), (23, 16), (22, 16), (21, 16), (20, 16), (19, 16), (18, 16), (17, 16), (16, 16), (15, 16), (14, 16), (13, 16), (12, 16), (11, 16), (10, 16), (9, 16), (8, 16), (7, 16), (6, 16), (5, 16), (4, 16), (3, 16), (1, 16), (1, 15), (1, 14), (1, 13), (1, 12), (1, 11), ... (+25 more)]","[(21, 16), (4, 9), (27, 13), (17, 12), (8, 9), (1, 15), (26, 14), (6, 11), (21, 9), (8, 11), (19, 11), (11, 16), (1, 8), (26, 16), (15, 16), (6, 13), (18, 12), (22, 12), (28, 16), (17, 16), (5, 14), (32, 16), (1, 10), (13, 12), (24, 12), (25, 11), (34, 16), (3, 10), (5, 16), (9, 14), (1, 12), (26, 11), (18, 16), (7, 16), (20, 10), (22, 16), (14, 12), (4, 11), (9, 16), (24, 16), ... (+71 more)]",94,0,94
112,"(26, 9)","(25, 9)",East,"['(27, 9)', '(25, 9)']","[(34, 15), (34, 16), (33, 16), (32, 16), (31, 16), (30, 16), (29, 16), (28, 16), (27, 16), (25, 15), (26, 16), (25, 16), (24, 16), (23, 16), (22, 16), (21, 16), (20, 16), (19, 16), (18, 16), (17, 16), (16, 16), (15, 16), (14, 16), (13, 16), (12, 16), (11, 16), (10, 16), (9, 16), (8, 16), (7, 16), (6, 16), (5, 16), (4, 16), (3, 16), (1, 16), (1, 15), (1, 14), (1, 13), (1, 12), (1, 11), ... (+24 more)]","[(34, 15), (34, 16), (33, 16), (32, 16), (31, 16), (30, 16), (29, 16), (28, 16), (27, 16), (25, 15), (26, 16), (25, 16), (24, 16), (23, 16), (22, 16), (21, 16), (20, 16), (19, 16), (18, 16), (17, 16), (16, 16), (15, 16), (14, 16), (13, 16), (12, 16), (11, 16), (10, 16), (9, 16), (8, 16), (7, 16), (6, 16), (5, 16), (4, 16), (3, 16), (1, 16), (1, 15), (1, 14), (1, 13), (1, 12), (1, 11), ... (+25 more)]","[(21, 16), (4, 9), (27, 13), (17, 12), (8, 9), (1, 15), (26, 14), (6, 11), (21, 9), (8, 11), (19, 11), (11, 16), (1, 8), (26, 16), (15, 16), (6, 13), (18, 12), (22, 12), (28, 16), (17, 16), (5, 14), (32, 16), (1, 10), (13, 12), (24, 12), (25, 11), (26, 9), (34, 16), (3, 10), (5, 16), (9, 14), (1, 12), (26, 11), (18, 16), (7, 16), (20, 10), (22, 16), (14, 12), (4, 11), (9, 16), ... (+72 more)]",95,0,95
113,"(27, 9)","(26, 9)",East,"['(27, 8)', '(26, 9)']","[(34, 15), (34, 16), (33, 16), (32, 16), (31, 16), (30, 16), (29, 16), (28, 16), (27, 16), (25, 15), (26, 16), (25, 16), (24, 16), (23, 16), (22, 16), (21, 16), (20, 16), (19, 16), (18, 16), (17, 16), (16, 16), (15, 16), (14, 16), (13, 16), (12, 16), (11, 16), (10, 16), (9, 16), (8, 16), (7, 16), (6, 16), (5, 16), (4, 16), (3, 16), (1, 16), (1, 15), (1, 14), (1, 13), (1, 12), (1, 11), ... (+24 more)]","[(34, 15), (34, 16), (33, 16), (32, 16), (31, 16), (30, 16), (29, 16), (28, 16), (27, 16), (25, 15), (26, 16), (25, 16), (24, 16), (23, 16), (22, 16), (21, 16), (20, 16), (19, 16), (18, 16), (17, 16), (16, 16), (15, 16), (14, 16), (13, 16), (12, 16), (11, 16), (10, 16), (9, 16), (8, 16), (7, 16), (6, 16), (5, 16), (4, 16), (3, 16), (1, 16), (1, 15), (1, 14), (1, 13), (1, 12), (1, 11), ... (+25 more)]","[(21, 16), (4, 9), (27, 13), (17, 12), (8, 9), (1, 15), (26, 14), (6, 11), (21, 9), (8, 11), (19, 11), (11, 16), (1, 8), (26, 16), (15, 16), (6, 13), (18, 12), (22, 12), (28, 16), (17, 16), (5, 14), (32, 16), (1, 10), (13, 12), (24, 12), (25, 11), (26, 9), (34, 16), (3, 10), (5, 16), (9, 14), (1, 12), (26, 11), (18, 16), (7, 16), (20, 10), (22, 16), (14, 12), (4, 11), (9, 16), ... (+73 more)]",96,0,96
114,"(27, 8)","(27, 9)",South,"['(27, 9)', '(27, 7)']","[(34, 15), (34, 16), (33, 16), (32, 16), (31, 16), (30, 16), (29, 16), (28, 16), (27, 16), (25, 15), (26, 16), (25, 16), (24, 16), (23, 16), (22, 16), (21, 16), (20, 16), (19, 16), (18, 16), (17, 16), (16, 16), (15, 16), (14, 16), (13, 16), (12, 16), (11, 16), (10, 16), (9, 16), (8, 16), (7, 16), (6, 16), (5, 16), (4, 16), (3, 16), (1, 16), (1, 15), (1, 14), (1, 13), (1, 12), (1, 11), ... (+24 more)]","[(34, 15), (34, 16), (33, 16), (32, 16), (31, 16), (30, 16), (29, 16), (28, 16), (27, 16), (25, 15), (26, 16), (25, 16), (24, 16), (23, 16), (22, 16), (21, 16), (20, 16), (19, 16), (18, 16), (17, 16), (16, 16), (15, 16), (14, 16), (13, 16), (12, 16), (11, 16), (10, 16), (9, 16), (8, 16), (7, 16), (6, 16), (5, 16), (4, 16), (3, 16), (1, 16), (1, 15), (1, 14), (1, 13), (1, 12), (1, 11), ... (+25 more)]","[(21, 16), (4, 9), (27, 13), (17, 12), (8, 9), (1, 15), (26, 14), (6, 11), (21, 9), (8, 11), (19, 11), (11, 16), (1, 8), (26, 16), (15, 16), (6, 13), (18, 12), (22, 12), (27, 8), (28, 16), (17, 16), (5, 14), (32, 16), (1, 10), (13, 12), (24, 12), (25, 11), (26, 9), (34, 16), (3, 10), (5, 16), (9, 14), (1, 12), (26, 11), (18, 16), (7, 16), (20, 10), (22, 16), (14, 12), (4, 11), ... (+74 more)]",97,0,97
115,"(27, 7)","(27, 8)",South,"['(27, 8)', '(27, 6)']","[(34, 15), (34, 16), (33, 16), (32, 16), (31, 16), (30, 16), (29, 16), (28, 16), (27, 16), (25, 15), (26, 16), (25, 16), (24, 16), (23, 16), (22, 16), (21, 16), (20, 16), (19, 16), (18, 16), (17, 16), (16, 16), (15, 16), (14, 16), (13, 16), (12, 16), (11, 16), (10, 16), (9, 16), (8, 16), (7, 16), (6, 16), (5, 16), (4, 16), (3, 16), (1, 16), (1, 15), (1, 14), (1, 13), (1, 12), (1, 11), ... (+25 more)]","[(34, 15), (34, 16), (33, 16), (32, 16), (31, 16), (30, 16), (29, 16), (28, 16), (27, 16), (25, 15), (26, 16), (25, 16), (24, 16), (23, 16), (22, 16), (21, 16), (20, 16), (19, 16), (18, 16), (17, 16), (16, 16), (15, 16), (14, 16), (13, 16), (12, 16), (11, 16), (10, 16), (9, 16), (8, 16), (7, 16), (6, 16), (5, 16), (4, 16), (3, 16), (1, 16), (1, 15), (1, 14), (1, 13), (1, 12), (1, 11), ... (+26 more)]","[(21, 16), (4, 9), (27, 13), (17, 12), (8, 9), (1, 15), (26, 14), (6, 11), (21, 9), (8, 11), (19, 11), (11, 16), (1, 8), (26, 16), (15, 16), (6, 13), (18, 12), (22, 12), (27, 8), (28, 16), (17, 16), (5, 14), (32, 16), (1, 10), (13, 12), (24, 12), (25, 11), (26, 9), (34, 16), (3, 10), (5, 16), (9, 14), (1, 12), (26, 11), (18, 16), (7, 16), (20, 10), (22, 16), (14, 12), (4, 11), ... (+75 more)]",98,0,98
116,"(27, 6)","(27, 7)",South,"['(27, 7)', '(27, 5)']","[(34, 15), (34, 16), (33, 16), (32, 16), (31, 16), (30, 16), (29, 16), (28, 16), (27, 16), (25, 15), (26, 16), (25, 16), (24, 16), (23, 16), (22, 16), (21, 16), (20, 16), (19, 16), (18, 16), (17, 16), (16, 16), (15, 16), (14, 16), (13, 16), (12, 16), (11, 16), (10, 16), (9, 16), (8, 16), (7, 16), (6, 16), (5, 16), (4, 16), (3, 16), (1, 16), (1, 15), (1, 14), (1, 13), (1, 12), (1, 11), ... (+26 more)]","[(34, 15), (34, 16), (33, 16), (32, 16), (31, 16), (30, 16), (29, 16), (28, 16), (27, 16), (25, 15), (26, 16), (25, 16), (24, 16), (23, 16), (22, 16), (21, 16), (20, 16), (19, 16), (18, 16), (17, 16), (16, 16), (15, 16), (14, 16), (13, 16), (12, 16), (11, 16), (10, 16), (9, 16), (8, 16), (7, 16), (6, 16), (5, 16), (4, 16), (3, 16), (1, 16), (1, 15), (1, 14), (1, 13), (1, 12), (1, 11), ... (+27 more)]","[(21, 16), (4, 9), (27, 13), (17, 12), (8, 9), (1, 15), (26, 14), (6, 11), (21, 9), (27, 6), (8, 11), (19, 11), (11, 16), (1, 8), (26, 16), (15, 16), (6, 13), (18, 12), (22, 12), (27, 8), (28, 16), (17, 16), (5, 14), (32, 16), (1, 10), (13, 12), (24, 12), (25, 11), (26, 9), (34, 16), (3, 10), (5, 16), (9, 14), (1, 12), (26, 11), (18, 16), (7, 16), (20, 10), (22, 16), (14, 12), ... (+76 more)]",99,0,99
117,"(27, 5)","(27, 6)",South,"['(27, 6)', '(27, 4)']","[(34, 15), (34, 16), (33, 16), (32, 16), (31, 16), (30, 16), (29, 16), (28, 16), (27, 16), (25, 15), (26, 16), (25, 16), (24, 16), (23, 16), (22, 16), (21, 16), (20, 16), (19, 16), (18, 16), (17, 16), (16, 16), (15, 16), (14, 16), (13, 16), (12, 16), (11, 16), (10, 16), (9, 16), (8, 16), (7, 16), (6, 16), (5, 16), (4, 16), (3, 16), (1, 16), (1, 15), (1, 14), (1, 13), (1, 12), (1, 11), ... (+27 more)]","[(34, 15), (34, 16), (33, 16), (32, 16), (31, 16), (30, 16), (29, 16), (28, 16), (27, 16), (25, 15), (26, 16), (25, 16), (24, 16), (23, 16), (22, 16), (21, 16), (20, 16), (19, 16), (18, 16), (17, 16), (16, 16), (15, 16), (14, 16), (13, 16), (12, 16), (11, 16), (10, 16), (9, 16), (8, 16), (7, 16), (6, 16), (5, 16), (4, 16), (3, 16), (1, 16), (1, 15), (1, 14), (1, 13), (1, 12), (1, 11), ... (+28 more)]","[(21, 16), (4, 9), (27, 13), (17, 12), (8, 9), (1, 15), (26, 14), (6, 11), (21, 9), (27, 6), (8, 11), (19, 11), (11, 16), (1, 8), (26, 16), (15, 16), (6, 13), (18, 12), (22, 12), (27, 8), (28, 16), (17, 16), (5, 14), (32, 16), (1, 10), (13, 12), (24, 12), (25, 11), (26, 9), (34, 16), (3, 10), (5, 16), (9, 14), (1, 12), (26, 11), (18, 16), (7, 16), (20, 10), (22, 16), (14, 12), ... (+77 more)]",100,0,100
118,"(27, 4)","(27, 5)",South,"['(27, 5)', '(27, 3)']","[(34, 15), (34, 16), (33, 16), (32, 16), (31, 16), (30, 16), (29, 16), (28, 16), (27, 16), (25, 15), (26, 16), (25, 16), (24, 16), (23, 16), (22, 16), (21, 16), (20, 16), (19, 16), (18, 16), (17, 16), (16, 16), (15, 16), (14, 16), (13, 16), (12, 16), (11, 16), (10, 16), (9, 16), (8, 16), (7, 16), (6, 16), (5, 16), (4, 16), (3, 16), (1, 16), (1, 15), (1, 14), (1, 13), (1, 12), (1, 11), ... (+28 more)]","[(34, 15), (34, 16), (33, 16), (32, 16), (31, 16), (30, 16), (29, 16), (28, 16), (27, 16), (25, 15), (26, 16), (25, 16), (24, 16), (23, 16), (22, 16), (21, 16), (20, 16), (19, 16), (18, 16), (17, 16), (16, 16), (15, 16), (14, 16), (13, 16), (12, 16), (11, 16), (10, 16), (9, 16), (8, 16), (7, 16), (6, 16), (5, 16), (4, 16), (3, 16), (1, 16), (1, 15), (1, 14), (1, 13), (1, 12), (1, 11), ... (+29 more)]","[(21, 16), (4, 9), (27, 4), (27, 13), (17, 12), (8, 9), (1, 15), (26, 14), (6, 11), (21, 9), (27, 6), (8, 11), (19, 11), (11, 16), (1, 8), (26, 16), (15, 16), (6, 13), (18, 12), (22, 12), (27, 8), (28, 16), (17, 16), (5, 14), (32, 16), (1, 10), (13, 12), (24, 12), (25, 11), (26, 9), (34, 16), (3, 10), (5, 16), (9, 14), (1, 12), (26, 11), (18, 16), (7, 16), (20, 10), (22, 16), ... (+78 more)]",101,0,101
119,"(27, 3)","(27, 4)",South,"['(27, 4)', '(27, 2)']","[(34, 15), (34, 16), (33, 16), (32, 16), (31, 16), (30, 16), (29, 16), (28, 16), (27, 16), (25, 15), (26, 16), (25, 16), (24, 16), (23, 16), (22, 16), (21, 16), (20, 16), (19, 16), (18, 16), (17, 16), (16, 16), (15, 16), (14, 16), (13, 16), (12, 16), (11, 16), (10, 16), (9, 16), (8, 16), (7, 16), (6, 16), (5, 16), (4, 16), (3, 16), (1, 16), (1, 15), (1, 14), (1, 13), (1, 12), (1, 11), ... (+29 more)]","[(34, 15), (34, 16), (33, 16), (32, 16), (31, 16), (30, 16), (29, 16), (28, 16), (27, 16), (25, 15), (26, 16), (25, 16), (24, 16), (23, 16), (22, 16), (21, 16), (20, 16), (19, 16), (18, 16), (17, 16), (16, 16), (15, 16), (14, 16), (13, 16), (12, 16), (11, 16), (10, 16), (9, 16), (8, 16), (7, 16), (6, 16), (5, 16), (4, 16), (3, 16), (1, 16), (1, 15), (1, 14), (1, 13), (1, 12), (1, 11), ... (+30 more)]","[(21, 16), (4, 9), (27, 4), (27, 13), (17, 12), (8, 9), (1, 15), (26, 14), (6, 11), (21, 9), (27, 6), (8, 11), (19, 11), (11, 16), (1, 8), (26, 16), (15, 16), (6, 13), (18, 12), (22, 12), (27, 8), (28, 16), (17, 16), (5, 14), (32, 16), (1, 10), (13, 12), (24, 12), (25, 11), (26, 9), (34, 16), (3, 10), (5, 16), (9, 14), (1, 12), (26, 11), (18, 16), (7, 16), (20, 10), (22, 16), ... (+79 more)]",102,0,102
120,"(27, 2)","(27, 3)",South,"['(27, 3)', '(27, 1)', '(26, 2)']","[(34, 15), (34, 16), (33, 16), (32, 16), (31, 16), (30, 16), (29, 16), (28, 16), (27, 16), (25, 15), (26, 16), (25, 16), (24, 16), (23, 16), (22, 16), (21, 16), (20, 16), (19, 16), (18, 16), (17, 16), (16, 16), (15, 16), (14, 16), (13, 16), (12, 16), (11, 16), (10, 16), (9, 16), (8, 16), (7, 16), (6, 16), (5, 16), (4, 16), (3, 16), (1, 16), (1, 15), (1, 14), (1, 13), (1, 12), (1, 11), ... (+30 more)]","[(34, 15), (34, 16), (33, 16), (32, 16), (31, 16), (30, 16), (29, 16), (28, 16), (27, 16), (25, 15), (26, 16), (25, 16), (24, 16), (23, 16), (22, 16), (21, 16), (20, 16), (19, 16), (18, 16), (17, 16), (16, 16), (15, 16), (14, 16), (13, 16), (12, 16), (11, 16), (10, 16), (9, 16), (8, 16), (7, 16), (6, 16), (5, 16), (4, 16), (3, 16), (1, 16), (1, 15), (1, 14), (1, 13), (1, 12), (1, 11), ... (+32 more)]","[(21, 16), (4, 9), (27, 4), (27, 13), (17, 12), (8, 9), (1, 15), (26, 14), (6, 11), (21, 9), (27, 6), (8, 11), (19, 11), (11, 16), (1, 8), (26, 16), (15, 16), (6, 13), (18, 12), (22, 12), (27, 8), (28, 16), (17, 16), (5, 14), (32, 16), (1, 10), (13, 12), (24, 12), (25, 11), (26, 9), (34, 16), (3, 10), (5, 16), (9, 14), (1, 12), (26, 11), (18, 16), (7, 16), (20, 10), (22, 16), ... (+80 more)]",103,0,103
121,"(26, 2)","(27, 2)",West,"['(27, 2)', '(25, 2)']","[(34, 15), (34, 16), (33, 16), (32, 16), (31, 16), (30, 16), (29, 16), (28, 16), (27, 16), (25, 15), (26, 16), (25, 16), (24, 16), (23, 16), (22, 16), (21, 16), (20, 16), (19, 16), (18, 16), (17, 16), (16, 16), (15, 16), (14, 16), (13, 16), (12, 16), (11, 16), (10, 16), (9, 16), (8, 16), (7, 16), (6, 16), (5, 16), (4, 16), (3, 16), (1, 16), (1, 15), (1, 14), (1, 13), (1, 12), (1, 11), ... (+32 more)]","[(34, 15), (34, 16), (33, 16), (32, 16), (31, 16), (30, 16), (29, 16), (28, 16), (27, 16), (25, 15), (26, 16), (25, 16), (24, 16), (23, 16), (22, 16), (21, 16), (20, 16), (19, 16), (18, 16), (17, 16), (16, 16), (15, 16), (14, 16), (13, 16), (12, 16), (11, 16), (10, 16), (9, 16), (8, 16), (7, 16), (6, 16), (5, 16), (4, 16), (3, 16), (1, 16), (1, 15), (1, 14), (1, 13), (1, 12), (1, 11), ... (+33 more)]","[(21, 16), (4, 9), (27, 4), (27, 13), (17, 12), (8, 9), (1, 15), (26, 14), (6, 11), (21, 9), (27, 6), (8, 11), (19, 11), (11, 16), (1, 8), (26, 16), (15, 16), (6, 13), (18, 12), (22, 12), (27, 8), (28, 16), (17, 16), (5, 14), (32, 16), (1, 10), (13, 12), (24, 12), (25, 11), (26, 9), (34, 16), (3, 10), (5, 16), (9, 14), (26, 2), (1, 12), (26, 11), (18, 16), (7, 16), (20, 10), ... (+81 more)]",104,0,104
122,"(25, 2)","(26, 2)",West,"['(26, 2)', '(24, 2)']","[(34, 15), (34, 16), (33, 16), (32, 16), (31, 16), (30, 16), (29, 16), (28, 16), (27, 16), (25, 15), (26, 16), (25, 16), (24, 16), (23, 16), (22, 16), (21, 16), (20, 16), (19, 16), (18, 16), (17, 16), (16, 16), (15, 16), (14, 16), (13, 16), (12, 16), (11, 16), (10, 16), (9, 16), (8, 16), (7, 16), (6, 16), (5, 16), (4, 16), (3, 16), (1, 16), (1, 15), (1, 14), (1, 13), (1, 12), (1, 11), ... (+33 more)]","[(34, 15), (34, 16), (33, 16), (32, 16), (31, 16), (30, 16), (29, 16), (28, 16), (27, 16), (25, 15), (26, 16), (25, 16), (24, 16), (23, 16), (22, 16), (21, 16), (20, 16), (19, 16), (18, 16), (17, 16), (16, 16), (15, 16), (14, 16), (13, 16), (12, 16), (11, 16), (10, 16), (9, 16), (8, 16), (7, 16), (6, 16), (5, 16), (4, 16), (3, 16), (1, 16), (1, 15), (1, 14), (1, 13), (1, 12), (1, 11), ... (+34 more)]","[(21, 16), (4, 9), (27, 4), (27, 13), (17, 12), (8, 9), (1, 15), (26, 14), (6, 11), (21, 9), (27, 6), (8, 11), (19, 11), (11, 16), (1, 8), (26, 16), (15, 16), (6, 13), (18, 12), (22, 12), (27, 8), (28, 16), (17, 16), (5, 14), (32, 16), (1, 10), (13, 12), (24, 12), (25, 11), (26, 9), (34, 16), (3, 10), (5, 16), (9, 14), (26, 2), (1, 12), (26, 11), (18, 16), (7, 16), (20, 10), ... (+82 more)]",105,0,105
123,"(24, 2)","(25, 2)",West,"['(25, 2)', '(23, 2)']","[(34, 15), (34, 16), (33, 16), (32, 16), (31, 16), (30, 16), (29, 16), (28, 16), (27, 16), (25, 15), (26, 16), (25, 16), (24, 16), (23, 16), (22, 16), (21, 16), (20, 16), (19, 16), (18, 16), (17, 16), (16, 16), (15, 16), (14, 16), (13, 16), (12, 16), (11, 16), (10, 16), (9, 16), (8, 16), (7, 16), (6, 16), (5, 16), (4, 16), (3, 16), (1, 16), (1, 15), (1, 14), (1, 13), (1, 12), (1, 11), ... (+34 more)]","[(34, 15), (34, 16), (33, 16), (32, 16), (31, 16), (30, 16), (29, 16), (28, 16), (27, 16), (25, 15), (26, 16), (25, 16), (24, 16), (23, 16), (22, 16), (21, 16), (20, 16), (19, 16), (18, 16), (17, 16), (16, 16), (15, 16), (14, 16), (13, 16), (12, 16), (11, 16), (10, 16), (9, 16), (8, 16), (7, 16), (6, 16), (5, 16), (4, 16), (3, 16), (1, 16), (1, 15), (1, 14), (1, 13), (1, 12), (1, 11), ... (+35 more)]","[(21, 16), (4, 9), (27, 4), (27, 13), (17, 12), (8, 9), (1, 15), (26, 14), (6, 11), (21, 9), (27, 6), (8, 11), (19, 11), (11, 16), (1, 8), (26, 16), (15, 16), (6, 13), (18, 12), (22, 12), (27, 8), (28, 16), (17, 16), (5, 14), (32, 16), (1, 10), (13, 12), (24, 12), (25, 11), (26, 9), (34, 16), (3, 10), (5, 16), (9, 14), (26, 2), (1, 12), (26, 11), (18, 16), (7, 16), (20, 10), ... (+83 more)]",106,0,106
124,"(23, 2)","(24, 2)",West,"['(24, 2)', '(22, 2)']","[(34, 15), (34, 16), (33, 16), (32, 16), (31, 16), (30, 16), (29, 16), (28, 16), (27, 16), (25, 15), (26, 16), (25, 16), (24, 16), (23, 16), (22, 16), (21, 16), (20, 16), (19, 16), (18, 16), (17, 16), (16, 16), (15, 16), (14, 16), (13, 16), (12, 16), (11, 16), (10, 16), (9, 16), (8, 16), (7, 16), (6, 16), (5, 16), (4, 16), (3, 16), (1, 16), (1, 15), (1, 14), (1, 13), (1, 12), (1, 11), ... (+35 more)]","[(34, 15), (34, 16), (33, 16), (32, 16), (31, 16), (30, 16), (29, 16), (28, 16), (27, 16), (25, 15), (26, 16), (25, 16), (24, 16), (23, 16), (22, 16), (21, 16), (20, 16), (19, 16), (18, 16), (17, 16), (16, 16), (15, 16), (14, 16), (13, 16), (12, 16), (11, 16), (10, 16), (9, 16), (8, 16), (7, 16), (6, 16), (5, 16), (4, 16), (3, 16), (1, 16), (1, 15), (1, 14), (1, 13), (1, 12), (1, 11), ... (+36 more)]","[(21, 16), (4, 9), (27, 4), (27, 13), (17, 12), (8, 9), (1, 15), (26, 14), (6, 11), (21, 9), (27, 6), (8, 11), (19, 11), (11, 16), (1, 8), (26, 16), (15, 16), (6, 13), (18, 12), (22, 12), (27, 8), (28, 16), (17, 16), (5, 14), (32, 16), (1, 10), (13, 12), (24, 12), (25, 11), (26, 9), (34, 16), (3, 10), (5, 16), (9, 14), (26, 2), (1, 12), (26, 11), (18, 16), (7, 16), (20, 10), ... (+84 more)]",107,0,107
125,"(22, 2)","(23, 2)",West,"['(23, 2)', '(21, 2)']","[(34, 15), (34, 16), (33, 16), (32, 16), (31, 16), (30, 16), (29, 16), (28, 16), (27, 16), (25, 15), (26, 16), (25, 16), (24, 16), (23, 16), (22, 16), (21, 16), (20, 16), (19, 16), (18, 16), (17, 16), (16, 16), (15, 16), (14, 16), (13, 16), (12, 16), (11, 16), (10, 16), (9, 16), (8, 16), (7, 16), (6, 16), (5, 16), (4, 16), (3, 16), (1, 16), (1, 15), (1, 14), (1, 13), (1, 12), (1, 11), ... (+36 more)]","[(34, 15), (34, 16), (33, 16), (32, 16), (31, 16), (30, 16), (29, 16), (28, 16), (27, 16), (25, 15), (26, 16), (25, 16), (24, 16), (23, 16), (22, 16), (21, 16), (20, 16), (19, 16), (18, 16), (17, 16), (16, 16), (15, 16), (14, 16), (13, 16), (12, 16), (11, 16), (10, 16), (9, 16), (8, 16), (7, 16), (6, 16), (5, 16), (4, 16), (3, 16), (1, 16), (1, 15), (1, 14), (1, 13), (1, 12), (1, 11), ... (+37 more)]","[(21, 16), (4, 9), (27, 4), (27, 13), (17, 12), (8, 9), (1, 15), (26, 14), (6, 11), (21, 9), (27, 6), (8, 11), (19, 11), (11, 16), (1, 8), (26, 16), (15, 16), (6, 13), (18, 12), (22, 12), (27, 8), (28, 16), (17, 16), (5, 14), (32, 16), (1, 10), (13, 12), (24, 12), (25, 11), (26, 9), (34, 16), (3, 10), (5, 16), (9, 14), (26, 2), (1, 12), (26, 11), (18, 16), (7, 16), (20, 10), ... (+85 more)]",108,0,108
126,"(21, 2)","(22, 2)",West,"['(22, 2)', '(20, 2)']","[(34, 15), (34, 16), (33, 16), (32, 16), (31, 16), (30, 16), (29, 16), (28, 16), (27, 16), (25, 15), (26, 16), (25, 16), (24, 16), (23, 16), (22, 16), (21, 16), (20, 16), (19, 16), (18, 16), (17, 16), (16, 16), (15, 16), (14, 16), (13, 16), (12, 16), (11, 16), (10, 16), (9, 16), (8, 16), (7, 16), (6, 16), (5, 16), (4, 16), (3, 16), (1, 16), (1, 15), (1, 14), (1, 13), (1, 12), (1, 11), ... (+37 more)]","[(34, 15), (34, 16), (33, 16), (32, 16), (31, 16), (30, 16), (29, 16), (28, 16), (27, 16), (25, 15), (26, 16), (25, 16), (24, 16), (23, 16), (22, 16), (21, 16), (20, 16), (19, 16), (18, 16), (17, 16), (16, 16), (15, 16), (14, 16), (13, 16), (12, 16), (11, 16), (10, 16), (9, 16), (8, 16), (7, 16), (6, 16), (5, 16), (4, 16), (3, 16), (1, 16), (1, 15), (1, 14), (1, 13), (1, 12), (1, 11), ... (+38 more)]","[(21, 16), (4, 9), (27, 4), (27, 13), (17, 12), (8, 9), (1, 15), (26, 14), (6, 11), (21, 9), (27, 6), (8, 11), (19, 11), (11, 16), (1, 8), (21, 2), (26, 16), (15, 16), (6, 13), (18, 12), (22, 12), (27, 8), (28, 16), (17, 16), (5, 14), (32, 16), (1, 10), (13, 12), (24, 12), (25, 11), (26, 9), (34, 16), (3, 10), (5, 16), (9, 14), (26, 2), (1, 12), (26, 11), (18, 16), (7, 16), ... (+86 more)]",109,0,109
127,"(20, 2)","(21, 2)",West,"['(21, 2)', '(19, 2)']","[(34, 15), (34, 16), (33, 16), (32, 16), (31, 16), (30, 16), (29, 16), (28, 16), (27, 16), (25, 15), (26, 16), (25, 16), (24, 16), (23, 16), (22, 16), (21, 16), (20, 16), (19, 16), (18, 16), (17, 16), (16, 16), (15, 16), (14, 16), (13, 16), (12, 16), (11, 16), (10, 16), (9, 16), (8, 16), (7, 16), (6, 16), (5, 16), (4, 16), (3, 16), (1, 16), (1, 15), (1, 14), (1, 13), (1, 12), (1, 11), ... (+38 more)]","[(34, 15), (34, 16), (33, 16), (32, 16), (31, 16), (30, 16), (29, 16), (28, 16), (27, 16), (25, 15), (26, 16), (25, 16), (24, 16), (23, 16), (22, 16), (21, 16), (20, 16), (19, 16), (18, 16), (17, 16), (16, 16), (15, 16), (14, 16), (13, 16), (12, 16), (11, 16), (10, 16), (9, 16), (8, 16), (7, 16), (6, 16), (5, 16), (4, 16), (3, 16), (1, 16), (1, 15), (1, 14), (1, 13), (1, 12), (1, 11), ... (+39 more)]","[(21, 16), (4, 9), (27, 4), (27, 13), (17, 12), (8, 9), (1, 15), (26, 14), (6, 11), (21, 9), (27, 6), (8, 11), (19, 11), (11, 16), (1, 8), (21, 2), (26, 16), (15, 16), (6, 13), (18, 12), (22, 12), (27, 8), (28, 16), (17, 16), (5, 14), (32, 16), (1, 10), (13, 12), (24, 12), (25, 11), (26, 9), (34, 16), (3, 10), (5, 16), (9, 14), (26, 2), (1, 12), (26, 11), (18, 16), (7, 16), ... (+87 more)]",110,0,110
128,"(19, 2)","(20, 2)",West,"['(20, 2)', '(18, 2)']","[(34, 15), (34, 16), (33, 16), (32, 16), (31, 16), (30, 16), (29, 16), (28, 16), (27, 16), (25, 15), (26, 16), (25, 16), (24, 16), (23, 16), (22, 16), (21, 16), (20, 16), (19, 16), (18, 16), (17, 16), (16, 16), (15, 16), (14, 16), (13, 16), (12, 16), (11, 16), (10, 16), (9, 16), (8, 16), (7, 16), (6, 16), (5, 16), (4, 16), (3, 16), (1, 16), (1, 15), (1, 14), (1, 13), (1, 12), (1, 11), ... (+39 more)]","[(34, 15), (34, 16), (33, 16), (32, 16), (31, 16), (30, 16), (29, 16), (28, 16), (27, 16), (25, 15), (26, 16), (25, 16), (24, 16), (23, 16), (22, 16), (21, 16), (20, 16), (19, 16), (18, 16), (17, 16), (16, 16), (15, 16), (14, 16), (13, 16), (12, 16), (11, 16), (10, 16), (9, 16), (8, 16), (7, 16), (6, 16), (5, 16), (4, 16), (3, 16), (1, 16), (1, 15), (1, 14), (1, 13), (1, 12), (1, 11), ... (+40 more)]","[(21, 16), (4, 9), (27, 4), (27, 13), (17, 12), (8, 9), (1, 15), (26, 14), (6, 11), (21, 9), (27, 6), (19, 2), (8, 11), (19, 11), (11, 16), (1, 8), (21, 2), (26, 16), (15, 16), (6, 13), (18, 12), (22, 12), (27, 8), (28, 16), (17, 16), (5, 14), (32, 16), (1, 10), (13, 12), (24, 12), (25, 11), (26, 9), (34, 16), (3, 10), (5, 16), (9, 14), (26, 2), (1, 12), (26, 11), (18, 16), ... (+88 more)]",111,0,111
129,"(18, 2)","(19, 2)",West,"['(19, 2)', '(17, 2)']","[(34, 15), (34, 16), (33, 16), (32, 16), (31, 16), (30, 16), (29, 16), (28, 16), (27, 16), (25, 15), (26, 16), (25, 16), (24, 16), (23, 16), (22, 16), (21, 16), (20, 16), (19, 16), (18, 16), (17, 16), (16, 16), (15, 16), (14, 16), (13, 16), (12, 16), (11, 16), (10, 16), (9, 16), (8, 16), (7, 16), (6, 16), (5, 16), (4, 16), (3, 16), (1, 16), (1, 15), (1, 14), (1, 13), (1, 12), (1, 11), ... (+40 more)]","[(34, 15), (34, 16), (33, 16), (32, 16), (31, 16), (30, 16), (29, 16), (28, 16), (27, 16), (25, 15), (26, 16), (25, 16), (24, 16), (23, 16), (22, 16), (21, 16), (20, 16), (19, 16), (18, 16), (17, 16), (16, 16), (15, 16), (14, 16), (13, 16), (12, 16), (11, 16), (10, 16), (9, 16), (8, 16), (7, 16), (6, 16), (5, 16), (4, 16), (3, 16), (1, 16), (1, 15), (1, 14), (1, 13), (1, 12), (1, 11), ... (+41 more)]","[(21, 16), (4, 9), (27, 4), (27, 13), (17, 12), (8, 9), (1, 15), (26, 14), (6, 11), (21, 9), (27, 6), (19, 2), (8, 11), (19, 11), (11, 16), (1, 8), (21, 2), (26, 16), (15, 16), (6, 13), (18, 12), (22, 12), (27, 8), (28, 16), (17, 16), (5, 14), (32, 16), (1, 10), (13, 12), (24, 12), (25, 11), (26, 9), (34, 16), (3, 10), (5, 16), (9, 14), (26, 2), (1, 12), (26, 11), (18, 16), ... (+89 more)]",112,0,112
130,"(17, 2)","(18, 2)",West,"['(18, 2)', '(16, 2)']","[(34, 15), (34, 16), (33, 16), (32, 16), (31, 16), (30, 16), (29, 16), (28, 16), (27, 16), (25, 15), (26, 16), (25, 16), (24, 16), (23, 16), (22, 16), (21, 16), (20, 16), (19, 16), (18, 16), (17, 16), (16, 16), (15, 16), (14, 16), (13, 16), (12, 16), (11, 16), (10, 16), (9, 16), (8, 16), (7, 16), (6, 16), (5, 16), (4, 16), (3, 16), (1, 16), (1, 15), (1, 14), (1, 13), (1, 12), (1, 11), ... (+41 more)]","[(34, 15), (34, 16), (33, 16), (32, 16), (31, 16), (30, 16), (29, 16), (28, 16), (27, 16), (25, 15), (26, 16), (25, 16), (24, 16), (23, 16), (22, 16), (21, 16), (20, 16), (19, 16), (18, 16), (17, 16), (16, 16), (15, 16), (14, 16), (13, 16), (12, 16), (11, 16), (10, 16), (9, 16), (8, 16), (7, 16), (6, 16), (5, 16), (4, 16), (3, 16), (1, 16), (1, 15), (1, 14), (1, 13), (1, 12), (1, 11), ... (+42 more)]","[(21, 16), (4, 9), (27, 4), (27, 13), (17, 12), (8, 9), (1, 15), (26, 14), (6, 11), (21, 9), (27, 6), (19, 2), (8, 11), (19, 11), (11, 16), (1, 8), (21, 2), (26, 16), (15, 16), (6, 13), (18, 12), (22, 12), (27, 8), (28, 16), (17, 16), (5, 14), (32, 16), (1, 10), (13, 12), (24, 12), (25, 11), (26, 9), (34, 16), (3, 10), (5, 16), (9, 14), (26, 2), (1, 12), (26, 11), (18, 16), ... (+90 more)]",113,0,113
131,"(16, 2)","(17, 2)",West,"['(17, 2)', '(15, 2)']","[(34, 15), (34, 16), (33, 16), (32, 16), (31, 16), (30, 16), (29, 16), (28, 16), (27, 16), (25, 15), (26, 16), (25, 16), (24, 16), (23, 16), (22, 16), (21, 16), (20, 16), (19, 16), (18, 16), (17, 16), (16, 16), (15, 16), (14, 16), (13, 16), (12, 16), (11, 16), (10, 16), (9, 16), (8, 16), (7, 16), (6, 16), (5, 16), (4, 16), (3, 16), (1, 16), (1, 15), (1, 14), (1, 13), (1, 12), (1, 11), ... (+42 more)]","[(34, 15), (34, 16), (33, 16), (32, 16), (31, 16), (30, 16), (29, 16), (28, 16), (27, 16), (25, 15), (26, 16), (25, 16), (24, 16), (23, 16), (22, 16), (21, 16), (20, 16), (19, 16), (18, 16), (17, 16), (16, 16), (15, 16), (14, 16), (13, 16), (12, 16), (11, 16), (10, 16), (9, 16), (8, 16), (7, 16), (6, 16), (5, 16), (4, 16), (3, 16), (1, 16), (1, 15), (1, 14), (1, 13), (1, 12), (1, 11), ... (+43 more)]","[(21, 16), (4, 9), (27, 4), (27, 13), (17, 12), (8, 9), (1, 15), (26, 14), (6, 11), (21, 9), (27, 6), (19, 2), (8, 11), (19, 11), (11, 16), (1, 8), (21, 2), (26, 16), (15, 16), (6, 13), (18, 12), (22, 12), (27, 8), (28, 16), (17, 16), (5, 14), (32, 16), (1, 10), (13, 12), (24, 12), (25, 11), (26, 9), (34, 16), (3, 10), (5, 16), (9, 14), (26, 2), (1, 12), (26, 11), (18, 16), ... (+91 more)]",114,0,114
132,"(15, 2)","(16, 2)",West,"['(15, 3)', '(16, 2)', '(14, 2)']","[(34, 15), (34, 16), (33, 16), (32, 16), (31, 16), (30, 16), (29, 16), (28, 16), (27, 16), (25, 15), (26, 16), (25, 16), (24, 16), (23, 16), (22, 16), (21, 16), (20, 16), (19, 16), (18, 16), (17, 16), (16, 16), (15, 16), (14, 16), (13, 16), (12, 16), (11, 16), (10, 16), (9, 16), (8, 16), (7, 16), (6, 16), (5, 16), (4, 16), (3, 16), (1, 16), (1, 15), (1, 14), (1, 13), (1, 12), (1, 11), ... (+43 more)]","[(34, 15), (34, 16), (33, 16), (32, 16), (31, 16), (30, 16), (29, 16), (28, 16), (27, 16), (25, 15), (26, 16), (25, 16), (24, 16), (23, 16), (22, 16), (21, 16), (20, 16), (19, 16), (18, 16), (17, 16), (16, 16), (15, 16), (14, 16), (13, 16), (12, 16), (11, 16), (10, 16), (9, 16), (8, 16), (7, 16), (6, 16), (5, 16), (4, 16), (3, 16), (1, 16), (1, 15), (1, 14), (1, 13), (1, 12), (1, 11), ... (+45 more)]","[(21, 16), (4, 9), (27, 4), (27, 13), (17, 12), (8, 9), (1, 15), (26, 14), (6, 11), (21, 9), (27, 6), (19, 2), (8, 11), (19, 11), (11, 16), (1, 8), (21, 2), (26, 16), (15, 16), (6, 13), (18, 12), (22, 12), (27, 8), (28, 16), (17, 16), (5, 14), (32, 16), (1, 10), (13, 12), (24, 12), (25, 11), (26, 9), (34, 16), (3, 10), (5, 16), (9, 14), (26, 2), (15, 2), (1, 12), (26, 11), ... (+92 more)]",115,0,115
133,"(14, 2)","(15, 2)",West,"['(15, 2)', '(13, 2)']","[(34, 15), (34, 16), (33, 16), (32, 16), (31, 16), (30, 16), (29, 16), (28, 16), (27, 16), (25, 15), (26, 16), (25, 16), (24, 16), (23, 16), (22, 16), (21, 16), (20, 16), (19, 16), (18, 16), (17, 16), (16, 16), (15, 16), (14, 16), (13, 16), (12, 16), (11, 16), (10, 16), (9, 16), (8, 16), (7, 16), (6, 16), (5, 16), (4, 16), (3, 16), (1, 16), (1, 15), (1, 14), (1, 13), (1, 12), (1, 11), ... (+45 more)]","[(34, 15), (34, 16), (33, 16), (32, 16), (31, 16), (30, 16), (29, 16), (28, 16), (27, 16), (25, 15), (26, 16), (25, 16), (24, 16), (23, 16), (22, 16), (21, 16), (20, 16), (19, 16), (18, 16), (17, 16), (16, 16), (15, 16), (14, 16), (13, 16), (12, 16), (11, 16), (10, 16), (9, 16), (8, 16), (7, 16), (6, 16), (5, 16), (4, 16), (3, 16), (1, 16), (1, 15), (1, 14), (1, 13), (1, 12), (1, 11), ... (+46 more)]","[(21, 16), (4, 9), (27, 4), (27, 13), (17, 12), (8, 9), (1, 15), (26, 14), (6, 11), (21, 9), (27, 6), (19, 2), (8, 11), (19, 11), (11, 16), (1, 8), (21, 2), (26, 16), (15, 16), (6, 13), (18, 12), (22, 12), (27, 8), (28, 16), (17, 16), (5, 14), (32, 16), (1, 10), (13, 12), (24, 12), (25, 11), (26, 9), (34, 16), (3, 10), (5, 16), (9, 14), (26, 2), (15, 2), (1, 12), (26, 11), ... (+93 more)]",116,0,116
134,"(13, 2)","(14, 2)",West,"['(14, 2)', '(12, 2)']","[(34, 15), (34, 16), (33, 16), (32, 16), (31, 16), (30, 16), (29, 16), (28, 16), (27, 16), (25, 15), (26, 16), (25, 16), (24, 16), (23, 16), (22, 16), (21, 16), (20, 16), (19, 16), (18, 16), (17, 16), (16, 16), (15, 16), (14, 16), (13, 16), (12, 16), (11, 16), (10, 16), (9, 16), (8, 16), (7, 16), (6, 16), (5, 16), (4, 16), (3, 16), (1, 16), (1, 15), (1, 14), (1, 13), (1, 12), (1, 11), ... (+46 more)]","[(34, 15), (34, 16), (33, 16), (32, 16), (31, 16), (30, 16), (29, 16), (28, 16), (27, 16), (25, 15), (26, 16), (25, 16), (24, 16), (23, 16), (22, 16), (21, 16), (20, 16), (19, 16), (18, 16), (17, 16), (16, 16), (15, 16), (14, 16), (13, 16), (12, 16), (11, 16), (10, 16), (9, 16), (8, 16), (7, 16), (6, 16), (5, 16), (4, 16), (3, 16), (1, 16), (1, 15), (1, 14), (1, 13), (1, 12), (1, 11), ... (+47 more)]","[(21, 16), (4, 9), (27, 4), (27, 13), (17, 12), (8, 9), (1, 15), (26, 14), (6, 11), (21, 9), (27, 6), (19, 2), (8, 11), (19, 11), (11, 16), (1, 8), (21, 2), (26, 16), (15, 16), (6, 13), (18, 12), (22, 12), (27, 8), (28, 16), (17, 16), (5, 14), (32, 16), (1, 10), (13, 12), (24, 12), (25, 11), (26, 9), (34, 16), (3, 10), (5, 16), (9, 14), (26, 2), (15, 2), (1, 12), (26, 11), ... (+94 more)]",117,0,117
135,"(12, 2)","(13, 2)",West,"['(13, 2)', '(11, 2)']","[(34, 15), (34, 16), (33, 16), (32, 16), (31, 16), (30, 16), (29, 16), (28, 16), (27, 16), (25, 15), (26, 16), (25, 16), (24, 16), (23, 16), (22, 16), (21, 16), (20, 16), (19, 16), (18, 16), (17, 16), (16, 16), (15, 16), (14, 16), (13, 16), (12, 16), (11, 16), (10, 16), (9, 16), (8, 16), (7, 16), (6, 16), (5, 16), (4, 16), (3, 16), (1, 16), (1, 15), (1, 14), (1, 13), (1, 12), (1, 11), ... (+47 more)]","[(34, 15), (34, 16), (33, 16), (32, 16), (31, 16), (30, 16), (29, 16), (28, 16), (27, 16), (25, 15), (26, 16), (25, 16), (24, 16), (23, 16), (22, 16), (21, 16), (20, 16), (19, 16), (18, 16), (17, 16), (16, 16), (15, 16), (14, 16), (13, 16), (12, 16), (11, 16), (10, 16), (9, 16), (8, 16), (7, 16), (6, 16), (5, 16), (4, 16), (3, 16), (1, 16), (1, 15), (1, 14), (1, 13), (1, 12), (1, 11), ... (+48 more)]","[(21, 16), (4, 9), (27, 4), (27, 13), (17, 12), (8, 9), (1, 15), (26, 14), (6, 11), (21, 9), (27, 6), (19, 2), (8, 11), (19, 11), (11, 16), (1, 8), (21, 2), (26, 16), (15, 16), (6, 13), (18, 12), (22, 12), (27, 8), (28, 16), (17, 16), (5, 14), (32, 16), (1, 10), (13, 12), (24, 12), (25, 11), (26, 9), (34, 16), (3, 10), (5, 16), (9, 14), (26, 2), (15, 2), (1, 12), (26, 11), ... (+95 more)]",118,0,118
136,"(11, 2)","(12, 2)",West,"['(12, 2)', '(10, 2)']","[(34, 15), (34, 16), (33, 16), (32, 16), (31, 16), (30, 16), (29, 16), (28, 16), (27, 16), (25, 15), (26, 16), (25, 16), (24, 16), (23, 16), (22, 16), (21, 16), (20, 16), (19, 16), (18, 16), (17, 16), (16, 16), (15, 16), (14, 16), (13, 16), (12, 16), (11, 16), (10, 16), (9, 16), (8, 16), (7, 16), (6, 16), (5, 16), (4, 16), (3, 16), (1, 16), (1, 15), (1, 14), (1, 13), (1, 12), (1, 11), ... (+48 more)]","[(34, 15), (34, 16), (33, 16), (32, 16), (31, 16), (30, 16), (29, 16), (28, 16), (27, 16), (25, 15), (26, 16), (25, 16), (24, 16), (23, 16), (22, 16), (21, 16), (20, 16), (19, 16), (18, 16), (17, 16), (16, 16), (15, 16), (14, 16), (13, 16), (12, 16), (11, 16), (10, 16), (9, 16), (8, 16), (7, 16), (6, 16), (5, 16), (4, 16), (3, 16), (1, 16), (1, 15), (1, 14), (1, 13), (1, 12), (1, 11), ... (+49 more)]","[(21, 16), (4, 9), (27, 4), (27, 13), (17, 12), (8, 9), (1, 15), (26, 14), (6, 11), (21, 9), (27, 6), (19, 2), (8, 11), (19, 11), (11, 16), (1, 8), (21, 2), (26, 16), (15, 16), (6, 13), (18, 12), (22, 12), (27, 8), (28, 16), (17, 16), (5, 14), (32, 16), (1, 10), (13, 12), (24, 12), (25, 11), (26, 9), (34, 16), (3, 10), (11, 2), (5, 16), (9, 14), (26, 2), (15, 2), (1, 12), ... (+96 more)]",119,0,119
137,"(10, 2)","(11, 2)",West,"['(10, 1)', '(11, 2)']","[(34, 15), (34, 16), (33, 16), (32, 16), (31, 16), (30, 16), (29, 16), (28, 16), (27, 16), (25, 15), (26, 16), (25, 16), (24, 16), (23, 16), (22, 16), (21, 16), (20, 16), (19, 16), (18, 16), (17, 16), (16, 16), (15, 16), (14, 16), (13, 16), (12, 16), (11, 16), (10, 16), (9, 16), (8, 16), (7, 16), (6, 16), (5, 16), (4, 16), (3, 16), (1, 16), (1, 15), (1, 14), (1, 13), (1, 12), (1, 11), ... (+49 more)]","[(34, 15), (34, 16), (33, 16), (32, 16), (31, 16), (30, 16), (29, 16), (28, 16), (27, 16), (25, 15), (26, 16), (25, 16), (24, 16), (23, 16), (22, 16), (21, 16), (20, 16), (19, 16), (18, 16), (17, 16), (16, 16), (15, 16), (14, 16), (13, 16), (12, 16), (11, 16), (10, 16), (9, 16), (8, 16), (7, 16), (6, 16), (5, 16), (4, 16), (3, 16), (1, 16), (1, 15), (1, 14), (1, 13), (1, 12), (1, 11), ... (+50 more)]","[(21, 16), (4, 9), (27, 4), (27, 13), (17, 12), (8, 9), (1, 15), (26, 14), (6, 11), (21, 9), (27, 6), (19, 2), (8, 11), (19, 11), (11, 16), (1, 8), (21, 2), (26, 16), (15, 16), (6, 13), (18, 12), (22, 12), (27, 8), (28, 16), (17, 16), (5, 14), (32, 16), (1, 10), (13, 12), (24, 12), (25, 11), (26, 9), (34, 16), (3, 10), (11, 2), (5, 16), (9, 14), (26, 2), (15, 2), (1, 12), ... (+97 more)]",120,0,120
138,"(10, 1)","(10, 2)",South,"['(10, 2)', '(9, 1)']","[(34, 15), (34, 16), (33, 16), (32, 16), (31, 16), (30, 16), (29, 16), (28, 16), (27, 16), (25, 15), (26, 16), (25, 16), (24, 16), (23, 16), (22, 16), (21, 16), (20, 16), (19, 16), (18, 16), (17, 16), (16, 16), (15, 16), (14, 16), (13, 16), (12, 16), (11, 16), (10, 16), (9, 16), (8, 16), (7, 16), (6, 16), (5, 16), (4, 16), (3, 16), (1, 16), (1, 15), (1, 14), (1, 13), (1, 12), (1, 11), ... (+49 more)]","[(34, 15), (34, 16), (33, 16), (32, 16), (31, 16), (30, 16), (29, 16), (28, 16), (27, 16), (25, 15), (26, 16), (25, 16), (24, 16), (23, 16), (22, 16), (21, 16), (20, 16), (19, 16), (18, 16), (17, 16), (16, 16), (15, 16), (14, 16), (13, 16), (12, 16), (11, 16), (10, 16), (9, 16), (8, 16), (7, 16), (6, 16), (5, 16), (4, 16), (3, 16), (1, 16), (1, 15), (1, 14), (1, 13), (1, 12), (1, 11), ... (+50 more)]","[(21, 16), (4, 9), (27, 4), (27, 13), (17, 12), (8, 9), (1, 15), (26, 14), (6, 11), (21, 9), (27, 6), (19, 2), (8, 11), (19, 11), (11, 16), (1, 8), (21, 2), (26, 16), (15, 16), (6, 13), (18, 12), (22, 12), (27, 8), (28, 16), (17, 16), (5, 14), (32, 16), (1, 10), (13, 12), (24, 12), (25, 11), (26, 9), (34, 16), (3, 10), (11, 2), (5, 16), (9, 14), (26, 2), (15, 2), (1, 12), ... (+98 more)]",121,0,121
139,"(9, 1)","(10, 1)",West,"['(10, 1)', '(8, 1)']","[(34, 15), (34, 16), (33, 16), (32, 16), (31, 16), (30, 16), (29, 16), (28, 16), (27, 16), (25, 15), (26, 16), (25, 16), (24, 16), (23, 16), (22, 16), (21, 16), (20, 16), (19, 16), (18, 16), (17, 16), (16, 16), (15, 16), (14, 16), (13, 16), (12, 16), (11, 16), (10, 16), (9, 16), (8, 16), (7, 16), (6, 16), (5, 16), (4, 16), (3, 16), (1, 16), (1, 15), (1, 14), (1, 13), (1, 12), (1, 11), ... (+50 more)]","[(34, 15), (34, 16), (33, 16), (32, 16), (31, 16), (30, 16), (29, 16), (28, 16), (27, 16), (25, 15), (26, 16), (25, 16), (24, 16), (23, 16), (22, 16), (21, 16), (20, 16), (19, 16), (18, 16), (17, 16), (16, 16), (15, 16), (14, 16), (13, 16), (12, 16), (11, 16), (10, 16), (9, 16), (8, 16), (7, 16), (6, 16), (5, 16), (4, 16), (3, 16), (1, 16), (1, 15), (1, 14), (1, 13), (1, 12), (1, 11), ... (+51 more)]","[(21, 16), (4, 9), (27, 4), (27, 13), (17, 12), (8, 9), (1, 15), (26, 14), (6, 11), (21, 9), (27, 6), (19, 2), (9, 1), (8, 11), (19, 11), (11, 16), (1, 8), (21, 2), (26, 16), (15, 16), (6, 13), (18, 12), (22, 12), (27, 8), (28, 16), (17, 16), (5, 14), (32, 16), (1, 10), (13, 12), (24, 12), (25, 11), (26, 9), (34, 16), (3, 10), (11, 2), (5, 16), (9, 14), (26, 2), (15, 2), ... (+99 more)]",122,0,122
140,"(8, 1)","(9, 1)",West,"['(9, 1)', '(7, 1)']","[(34, 15), (34, 16), (33, 16), (32, 16), (31, 16), (30, 16), (29, 16), (28, 16), (27, 16), (25, 15), (26, 16), (25, 16), (24, 16), (23, 16), (22, 16), (21, 16), (20, 16), (19, 16), (18, 16), (17, 16), (16, 16), (15, 16), (14, 16), (13, 16), (12, 16), (11, 16), (10, 16), (9, 16), (8, 16), (7, 16), (6, 16), (5, 16), (4, 16), (3, 16), (1, 16), (1, 15), (1, 14), (1, 13), (1, 12), (1, 11), ... (+51 more)]","[(34, 15), (34, 16), (33, 16), (32, 16), (31, 16), (30, 16), (29, 16), (28, 16), (27, 16), (25, 15), (26, 16), (25, 16), (24, 16), (23, 16), (22, 16), (21, 16), (20, 16), (19, 16), (18, 16), (17, 16), (16, 16), (15, 16), (14, 16), (13, 16), (12, 16), (11, 16), (10, 16), (9, 16), (8, 16), (7, 16), (6, 16), (5, 16), (4, 16), (3, 16), (1, 16), (1, 15), (1, 14), (1, 13), (1, 12), (1, 11), ... (+52 more)]","[(21, 16), (4, 9), (27, 4), (27, 13), (17, 12), (8, 9), (1, 15), (26, 14), (6, 11), (21, 9), (27, 6), (19, 2), (9, 1), (8, 11), (19, 11), (11, 16), (1, 8), (21, 2), (26, 16), (15, 16), (6, 13), (18, 12), (22, 12), (27, 8), (28, 16), (17, 16), (5, 14), (32, 16), (1, 10), (13, 12), (24, 12), (25, 11), (26, 9), (34, 16), (3, 10), (11, 2), (5, 16), (9, 14), (26, 2), (15, 2), ... (+100 more)]",123,0,123
141,"(7, 1)","(8, 1)",West,"['(8, 1)', '(6, 1)']","[(34, 15), (34, 16), (33, 16), (32, 16), (31, 16), (30, 16), (29, 16), (28, 16), (27, 16), (25, 15), (26, 16), (25, 16), (24, 16), (23, 16), (22, 16), (21, 16), (20, 16), (19, 16), (18, 16), (17, 16), (16, 16), (15, 16), (14, 16), (13, 16), (12, 16), (11, 16), (10, 16), (9, 16), (8, 16), (7, 16), (6, 16), (5, 16), (4, 16), (3, 16), (1, 16), (1, 15), (1, 14), (1, 13), (1, 12), (1, 11), ... (+52 more)]","[(34, 15), (34, 16), (33, 16), (32, 16), (31, 16), (30, 16), (29, 16), (28, 16), (27, 16), (25, 15), (26, 16), (25, 16), (24, 16), (23, 16), (22, 16), (21, 16), (20, 16), (19, 16), (18, 16), (17, 16), (16, 16), (15, 16), (14, 16), (13, 16), (12, 16), (11, 16), (10, 16), (9, 16), (8, 16), (7, 16), (6, 16), (5, 16), (4, 16), (3, 16), (1, 16), (1, 15), (1, 14), (1, 13), (1, 12), (1, 11), ... (+53 more)]","[(21, 16), (4, 9), (27, 4), (27, 13), (17, 12), (8, 9), (7, 1), (1, 15), (26, 14), (6, 11), (21, 9), (27, 6), (19, 2), (9, 1), (8, 11), (19, 11), (11, 16), (1, 8), (21, 2), (26, 16), (15, 16), (6, 13), (18, 12), (22, 12), (27, 8), (28, 16), (17, 16), (5, 14), (32, 16), (1, 10), (13, 12), (24, 12), (25, 11), (26, 9), (34, 16), (3, 10), (11, 2), (5, 16), (9, 14), (26, 2), ... (+101 more)]",124,0,124
142,"(6, 1)","(7, 1)",West,"['(7, 1)', '(5, 1)']","[(34, 15), (34, 16), (33, 16), (32, 16), (31, 16), (30, 16), (29, 16), (28, 16), (27, 16), (25, 15), (26, 16), (25, 16), (24, 16), (23, 16), (22, 16), (21, 16), (20, 16), (19, 16), (18, 16), (17, 16), (16, 16), (15, 16), (14, 16), (13, 16), (12, 16), (11, 16), (10, 16), (9, 16), (8, 16), (7, 16), (6, 16), (5, 16), (4, 16), (3, 16), (1, 16), (1, 15), (1, 14), (1, 13), (1, 12), (1, 11), ... (+53 more)]","[(34, 15), (34, 16), (33, 16), (32, 16), (31, 16), (30, 16), (29, 16), (28, 16), (27, 16), (25, 15), (26, 16), (25, 16), (24, 16), (23, 16), (22, 16), (21, 16), (20, 16), (19, 16), (18, 16), (17, 16), (16, 16), (15, 16), (14, 16), (13, 16), (12, 16), (11, 16), (10, 16), (9, 16), (8, 16), (7, 16), (6, 16), (5, 16), (4, 16), (3, 16), (1, 16), (1, 15), (1, 14), (1, 13), (1, 12), (1, 11), ... (+54 more)]","[(21, 16), (4, 9), (27, 4), (27, 13), (17, 12), (8, 9), (7, 1), (1, 15), (26, 14), (6, 11), (21, 9), (27, 6), (19, 2), (9, 1), (8, 11), (19, 11), (11, 16), (1, 8), (21, 2), (26, 16), (15, 16), (6, 13), (18, 12), (22, 12), (27, 8), (28, 16), (17, 16), (5, 14), (32, 16), (1, 10), (13, 12), (24, 12), (25, 11), (26, 9), (34, 16), (3, 10), (11, 2), (5, 16), (9, 14), (26, 2), ... (+102 more)]",125,0,125
143,"(5, 1)","(6, 1)",West,"['(6, 1)', '(4, 1)']","[(34, 15), (34, 16), (33, 16), (32, 16), (31, 16), (30, 16), (29, 16), (28, 16), (27, 16), (25, 15), (26, 16), (25, 16), (24, 16), (23, 16), (22, 16), (21, 16), (20, 16), (19, 16), (18, 16), (17, 16), (16, 16), (15, 16), (14, 16), (13, 16), (12, 16), (11, 16), (10, 16), (9, 16), (8, 16), (7, 16), (6, 16), (5, 16), (4, 16), (3, 16), (1, 16), (1, 15), (1, 14), (1, 13), (1, 12), (1, 11), ... (+54 more)]","[(34, 15), (34, 16), (33, 16), (32, 16), (31, 16), (30, 16), (29, 16), (28, 16), (27, 16), (25, 15), (26, 16), (25, 16), (24, 16), (23, 16), (22, 16), (21, 16), (20, 16), (19, 16), (18, 16), (17, 16), (16, 16), (15, 16), (14, 16), (13, 16), (12, 16), (11, 16), (10, 16), (9, 16), (8, 16), (7, 16), (6, 16), (5, 16), (4, 16), (3, 16), (1, 16), (1, 15), (1, 14), (1, 13), (1, 12), (1, 11), ... (+55 more)]","[(21, 16), (4, 9), (27, 4), (5, 1), (27, 13), (17, 12), (8, 9), (7, 1), (1, 15), (26, 14), (6, 11), (21, 9), (27, 6), (19, 2), (9, 1), (8, 11), (19, 11), (11, 16), (1, 8), (21, 2), (26, 16), (15, 16), (6, 13), (18, 12), (22, 12), (27, 8), (28, 16), (17, 16), (5, 14), (32, 16), (1, 10), (13, 12), (24, 12), (25, 11), (26, 9), (34, 16), (3, 10), (11, 2), (5, 16), (9, 14), ... (+103 more)]",126,0,126
144,"(4, 1)","(5, 1)",West,"['(5, 1)', '(3, 1)']","[(34, 15), (34, 16), (33, 16), (32, 16), (31, 16), (30, 16), (29, 16), (28, 16), (27, 16), (25, 15), (26, 16), (25, 16), (24, 16), (23, 16), (22, 16), (21, 16), (20, 16), (19, 16), (18, 16), (17, 16), (16, 16), (15, 16), (14, 16), (13, 16), (12, 16), (11, 16), (10, 16), (9, 16), (8, 16), (7, 16), (6, 16), (5, 16), (4, 16), (3, 16), (1, 16), (1, 15), (1, 14), (1, 13), (1, 12), (1, 11), ... (+55 more)]","[(34, 15), (34, 16), (33, 16), (32, 16), (31, 16), (30, 16), (29, 16), (28, 16), (27, 16), (25, 15), (26, 16), (25, 16), (24, 16), (23, 16), (22, 16), (21, 16), (20, 16), (19, 16), (18, 16), (17, 16), (16, 16), (15, 16), (14, 16), (13, 16), (12, 16), (11, 16), (10, 16), (9, 16), (8, 16), (7, 16), (6, 16), (5, 16), (4, 16), (3, 16), (1, 16), (1, 15), (1, 14), (1, 13), (1, 12), (1, 11), ... (+56 more)]","[(21, 16), (4, 9), (27, 4), (5, 1), (27, 13), (17, 12), (8, 9), (7, 1), (1, 15), (26, 14), (6, 11), (21, 9), (27, 6), (19, 2), (9, 1), (8, 11), (19, 11), (11, 16), (1, 8), (21, 2), (26, 16), (15, 16), (6, 13), (18, 12), (22, 12), (27, 8), (28, 16), (17, 16), (5, 14), (32, 16), (1, 10), (13, 12), (24, 12), (25, 11), (26, 9), (34, 16), (3, 10), (11, 2), (5, 16), (9, 14), ... (+104 more)]",127,0,127
145,"(3, 1)","(4, 1)",West,"['(4, 1)', '(2, 1)']","[(34, 15), (34, 16), (33, 16), (32, 16), (31, 16), (30, 16), (29, 16), (28, 16), (27, 16), (25, 15), (26, 16), (25, 16), (24, 16), (23, 16), (22, 16), (21, 16), (20, 16), (19, 16), (18, 16), (17, 16), (16, 16), (15, 16), (14, 16), (13, 16), (12, 16), (11, 16), (10, 16), (9, 16), (8, 16), (7, 16), (6, 16), (5, 16), (4, 16), (3, 16), (1, 16), (1, 15), (1, 14), (1, 13), (1, 12), (1, 11), ... (+56 more)]","[(34, 15), (34, 16), (33, 16), (32, 16), (31, 16), (30, 16), (29, 16), (28, 16), (27, 16), (25, 15), (26, 16), (25, 16), (24, 16), (23, 16), (22, 16), (21, 16), (20, 16), (19, 16), (18, 16), (17, 16), (16, 16), (15, 16), (14, 16), (13, 16), (12, 16), (11, 16), (10, 16), (9, 16), (8, 16), (7, 16), (6, 16), (5, 16), (4, 16), (3, 16), (1, 16), (1, 15), (1, 14), (1, 13), (1, 12), (1, 11), ... (+57 more)]","[(21, 16), (4, 9), (27, 4), (5, 1), (27, 13), (17, 12), (8, 9), (7, 1), (1, 15), (26, 14), (6, 11), (21, 9), (27, 6), (19, 2), (9, 1), (8, 11), (19, 11), (11, 16), (1, 8), (21, 2), (26, 16), (15, 16), (6, 13), (18, 12), (22, 12), (27, 8), (28, 16), (17, 16), (5, 14), (32, 16), (1, 10), (13, 12), (24, 12), (25, 11), (26, 9), (3, 1), (34, 16), (3, 10), (11, 2), (5, 16), ... (+105 more)]",128,0,128
146,"(2, 1)","(3, 1)",West,"['(3, 1)', '(1, 1)']","[(34, 15), (34, 16), (33, 16), (32, 16), (31, 16), (30, 16), (29, 16), (28, 16), (27, 16), (25, 15), (26, 16), (25, 16), (24, 16), (23, 16), (22, 16), (21, 16), (20, 16), (19, 16), (18, 16), (17, 16), (16, 16), (15, 16), (14, 16), (13, 16), (12, 16), (11, 16), (10, 16), (9, 16), (8, 16), (7, 16), (6, 16), (5, 16), (4, 16), (3, 16), (1, 16), (1, 15), (1, 14), (1, 13), (1, 12), (1, 11), ... (+57 more)]","[(34, 15), (34, 16), (33, 16), (32, 16), (31, 16), (30, 16), (29, 16), (28, 16), (27, 16), (25, 15), (26, 16), (25, 16), (24, 16), (23, 16), (22, 16), (21, 16), (20, 16), (19, 16), (18, 16), (17, 16), (16, 16), (15, 16), (14, 16), (13, 16), (12, 16), (11, 16), (10, 16), (9, 16), (8, 16), (7, 16), (6, 16), (5, 16), (4, 16), (3, 16), (1, 16), (1, 15), (1, 14), (1, 13), (1, 12), (1, 11), ... (+58 more)]","[(21, 16), (4, 9), (27, 4), (5, 1), (27, 13), (17, 12), (8, 9), (7, 1), (1, 15), (26, 14), (6, 11), (21, 9), (27, 6), (19, 2), (9, 1), (8, 11), (19, 11), (11, 16), (1, 8), (21, 2), (26, 16), (15, 16), (6, 13), (18, 12), (22, 12), (27, 8), (28, 16), (17, 16), (5, 14), (32, 16), (1, 10), (13, 12), (24, 12), (25, 11), (26, 9), (3, 1), (34, 16), (3, 10), (11, 2), (5, 16), ... (+106 more)]",129,0,129
147,"(1, 1)","(2, 1)",West,[],"[(34, 15), (34, 16), (33, 16), (32, 16), (31, 16), (30, 16), (29, 16), (28, 16), (27, 16), (25, 15), (26, 16), (25, 16), (24, 16), (23, 16), (22, 16), (21, 16), (20, 16), (19, 16), (18, 16), (17, 16), (16, 16), (15, 16), (14, 16), (13, 16), (12, 16), (11, 16), (10, 16), (9, 16), (8, 16), (7, 16), (6, 16), (5, 16), (4, 16), (3, 16), (1, 16), (1, 15), (1, 14), (1, 13), (1, 12), (1, 11), ... (+58 more)]","[(34, 15), (34, 16), (33, 16), (32, 16), (31, 16), (30, 16), (29, 16), (28, 16), (27, 16), (25, 15), (26, 16), (25, 16), (24, 16), (23, 16), (22, 16), (21, 16), (20, 16), (19, 16), (18, 16), (17, 16), (16, 16), (15, 16), (14, 16), (13, 16), (12, 16), (11, 16), (10, 16), (9, 16), (8, 16), (7, 16), (6, 16), (5, 16), (4, 16), (3, 16), (1, 16), (1, 15), (1, 14), (1, 13), (1, 12), (1, 11), ... (+57 more)]","[(21, 16), (4, 9), (27, 4), (5, 1), (27, 13), (17, 12), (8, 9), (7, 1), (1, 15), (26, 14), (6, 11), (21, 9), (27, 6), (19, 2), (9, 1), (8, 11), (19, 11), (11, 16), (1, 8), (21, 2), (26, 16), (15, 16), (6, 13), (18, 12), (22, 12), (27, 8), (28, 16), (17, 16), (5, 14), (32, 16), (1, 10), (13, 12), (24, 12), (25, 11), (26, 9), (3, 1), (34, 16), (3, 10), (11, 2), (5, 16), ... (+107 more)]",130,0,130
