iteration,expanded_state,parent,action,generated_successors,frontier_before,frontier_after,explored,g,h,f
1,"(15, 11)",START,START,"['(15, 12)', '(16, 11)', '(14, 11)']","['(15, 11)']","['(15, 12)', '(16, 11)', '(14, 11)']","['(15, 11)']",0,0,0
2,"(14, 11)","(15, 11)",West,"['(14, 12)', '(15, 11)', '(13, 11)']","['(15, 12)', '(16, 11)', '(14, 11)']","['(15, 12)', '(16, 11)', '(14, 12)', '(15, 11)', '(13, 11)']","['(15, 11)', '(14, 11)']",1,0,1
3,"(13, 11)","(14, 11)",West,"['(13, 12)', '(14, 11)', '(12, 11)']","['(15, 12)', '(16, 11)', '(14, 12)', '(15, 11)', '(13, 11)']","['(15, 12)', '(16, 11)', '(14, 12)', '(15, 11)', '(13, 12)', '(14, 11)', '(12, 11)']","['(15, 11)', '(13, 11)', '(14, 11)']",2,0,2
4,"(12, 11)","(13, 11)",West,"['(12, 12)', '(13, 11)', '(11, 11)']","['(15, 12)', '(16, 11)', '(14, 12)', '(15, 11)', '(13, 12)', '(14, 11)', '(12, 11)']","['(15, 12)', '(16, 11)', '(14, 12)', '(15, 11)', '(13, 12)', '(14, 11)', '(12, 12)', '(13, 11)', '(11, 11)']","['(12, 11)', '(15, 11)', '(13, 11)', '(14, 11)']",3,0,3
5,"(11, 11)","(12, 11)",West,"['(11, 12)', '(12, 11)', '(10, 11)']","['(15, 12)', '(16, 11)', '(14, 12)', '(15, 11)', '(13, 12)', '(14, 11)', '(12, 12)', '(13, 11)', '(11, 11)']","['(15, 12)', '(16, 11)', '(14, 12)', '(15, 11)', '(13, 12)', '(14, 11)', '(12, 12)', '(13, 11)', '(11, 12)', '(12, 11)', '(10, 11)']","['(15, 11)', '(12, 11)', '(13, 11)', '(11, 11)', '(14, 11)']",4,0,4
6,"(10, 11)","(11, 11)",West,"['(10, 12)', '(11, 11)', '(9, 11)']","['(15, 12)', '(16, 11)', '(14, 12)', '(15, 11)', '(13, 12)', '(14, 11)', '(12, 12)', '(13, 11)', '(11, 12)', '(12, 11)', '(10, 11)']","['(15, 12)', '(16, 11)', '(14, 12)', '(15, 11)', '(13, 12)', '(14, 11)', '(12, 12)', '(13, 11)', '(11, 12)', '(12, 11)', '(10, 12)', '(11, 11)', '(9, 11)']","['(15, 11)', '(10, 11)', '(12, 11)', '(13, 11)', '(11, 11)', '(14, 11)']",5,0,5
7,"(9, 11)","(10, 11)",West,"['(9, 12)', '(10, 11)', '(8, 11)']","['(15, 12)', '(16, 11)', '(14, 12)', '(15, 11)', '(13, 12)', '(14, 11)', '(12, 12)', '(13, 11)', '(11, 12)', '(12, 11)', '(10, 12)', '(11, 11)', '(9, 11)']","['(15, 12)', '(16, 11)', '(14, 12)', '(15, 11)', '(13, 12)', '(14, 11)', '(12, 12)', '(13, 11)', '(11, 12)', '(12, 11)', '(10, 12)', '(11, 11)', '(9, 12)', '(10, 11)', '(8, 11)']","['(15, 11)', '(10, 11)', '(9, 11)', '(12, 11)', '(13, 11)', '(11, 11)', '(14, 11)']",6,0,6
8,"(8, 11)","(9, 11)",West,"['(8, 12)', '(9, 11)', '(7, 11)']","['(15, 12)', '(16, 11)', '(14, 12)', '(15, 11)', '(13, 12)', '(14, 11)', '(12, 12)', '(13, 11)', '(11, 12)', '(12, 11)', '(10, 12)', '(11, 11)', '(9, 12)', '(10, 11)', '(8, 11)']","['(15, 12)', '(16, 11)', '(14, 12)', '(15, 11)', '(13, 12)', '(14, 11)', '(12, 12)', '(13, 11)', '(11, 12)', '(12, 11)', '(10, 12)', '(11, 11)', '(9, 12)', '(10, 11)', '(8, 12)', '(9, 11)', '(7, 11)']","['(15, 11)', '(10, 11)', '(8, 11)', '(9, 11)', '(12, 11)', '(13, 11)', '(11, 11)', '(14, 11)']",7,0,7
9,"(7, 11)","(8, 11)",West,"['(7, 12)', '(8, 11)', '(6, 11)']","['(15, 12)', '(16, 11)', '(14, 12)', '(15, 11)', '(13, 12)', '(14, 11)', '(12, 12)', '(13, 11)', '(11, 12)', '(12, 11)', '(10, 12)', '(11, 11)', '(9, 12)', '(10, 11)', '(8, 12)', '(9, 11)', '(7, 11)']","['(15, 12)', '(16, 11)', '(14, 12)', '(15, 11)', '(13, 12)', '(14, 11)', '(12, 12)', '(13, 11)', '(11, 12)', '(12, 11)', '(10, 12)', '(11, 11)', '(9, 12)', '(10, 11)', '(8, 12)', '(9, 11)', '(7, 12)', '(8, 11)', '(6, 11)']","['(15, 11)', '(10, 11)', '(8, 11)', '(9, 11)', '(12, 11)', '(7, 11)', '(13, 11)', '(11, 11)', '(14, 11)']",8,0,8
10,"(6, 11)","(7, 11)",West,"['(6, 12)', '(7, 11)', '(5, 11)']","['(15, 12)', '(16, 11)', '(14, 12)', '(15, 11)', '(13, 12)', '(14, 11)', '(12, 12)', '(13, 11)', '(11, 12)', '(12, 11)', '(10, 12)', '(11, 11)', '(9, 12)', '(10, 11)', '(8, 12)', '(9, 11)', '(7, 12)', '(8, 11)', '(6, 11)']","['(15, 12)', '(16, 11)', '(14, 12)', '(15, 11)', '(13, 12)', '(14, 11)', '(12, 12)', '(13, 11)', '(11, 12)', '(12, 11)', '(10, 12)', '(11, 11)', '(9, 12)', '(10, 11)', '(8, 12)', '(9, 11)', '(7, 12)', '(8, 11)', '(6, 12)', '(7, 11)', '(5, 11)']","['(15, 11)', '(10, 11)', '(6, 11)', '(8, 11)', '(9, 11)', '(12, 11)', '(7, 11)', '(13, 11)', '(11, 11)', '(14, 11)']",9,0,9
11,"(5, 11)","(6, 11)",West,"['(5, 12)', '(6, 11)', '(4, 11)']","['(15, 12)', '(16, 11)', '(14, 12)', '(15, 11)', '(13, 12)', '(14, 11)', '(12, 12)', '(13, 11)', '(11, 12)', '(12, 11)', '(10, 12)', '(11, 11)', '(9, 12)', '(10, 11)', '(8, 12)', '(9, 11)', '(7, 12)', '(8, 11)', '(6, 12)', '(7, 11)', '(5, 11)']","['(15, 12)', '(16, 11)', '(14, 12)', '(15, 11)', '(13, 12)', '(14, 11)', '(12, 12)', '(13, 11)', '(11, 12)', '(12, 11)', '(10, 12)', '(11, 11)', '(9, 12)', '(10, 11)', '(8, 12)', '(9, 11)', '(7, 12)', '(8, 11)', '(6, 12)', '(7, 11)', '(5, 12)', '(6, 11)', '(4, 11)']","['(15, 11)', '(10, 11)', '(5, 11)', '(6, 11)', '(8, 11)', '(9, 11)', '(12, 11)', '(7, 11)', '(13, 11)', '(11, 11)', '(14, 11)']",10,0,10
12,"(4, 11)","(5, 11)",West,"['(4, 12)', '(5, 11)', '(3, 11)']","['(15, 12)', '(16, 11)', '(14, 12)', '(15, 11)', '(13, 12)', '(14, 11)', '(12, 12)', '(13, 11)', '(11, 12)', '(12, 11)', '(10, 12)', '(11, 11)', '(9, 12)', '(10, 11)', '(8, 12)', '(9, 11)', '(7, 12)', '(8, 11)', '(6, 12)', '(7, 11)', '(5, 12)', '(6, 11)', '(4, 11)']","['(15, 12)', '(16, 11)', '(14, 12)', '(15, 11)', '(13, 12)', '(14, 11)', '(12, 12)', '(13, 11)', '(11, 12)', '(12, 11)', '(10, 12)', '(11, 11)', '(9, 12)', '(10, 11)', '(8, 12)', '(9, 11)', '(7, 12)', '(8, 11)', '(6, 12)', '(7, 11)', '(5, 12)', '(6, 11)', '(4, 12)', '(5, 11)', '(3, 11)']","['(15, 11)', '(10, 11)', '(5, 11)', '(4, 11)', '(6, 11)', '(8, 11)', '(9, 11)', '(12, 11)', '(7, 11)', '(13, 11)', '(11, 11)', '(14, 11)']",11,0,11
13,"(3, 11)","(4, 11)",West,"['(3, 12)', '(4, 11)', '(2, 11)']","['(15, 12)', '(16, 11)', '(14, 12)', '(15, 11)', '(13, 12)', '(14, 11)', '(12, 12)', '(13, 11)', '(11, 12)', '(12, 11)', '(10, 12)', '(11, 11)', '(9, 12)', '(10, 11)', '(8, 12)', '(9, 11)', '(7, 12)', '(8, 11)', '(6, 12)', '(7, 11)', '(5, 12)', '(6, 11)', '(4, 12)', '(5, 11)', '(3, 11)']","['(15, 12)', '(16, 11)', '(14, 12)', '(15, 11)', '(13, 12)', '(14, 11)', '(12, 12)', '(13, 11)', '(11, 12)', '(12, 11)', '(10, 12)', '(11, 11)', '(9, 12)', '(10, 11)', '(8, 12)', '(9, 11)', '(7, 12)', '(8, 11)', '(6, 12)', '(7, 11)', '(5, 12)', '(6, 11)', '(4, 12)', '(5, 11)', '(3, 12)', '(4, 11)', '(2, 11)']","['(15, 11)', '(10, 11)', '(5, 11)', '(4, 11)', '(3, 11)', '(6, 11)', '(8, 11)', '(9, 11)', '(12, 11)', '(7, 11)', '(13, 11)', '(11, 11)', '(14, 11)']",12,0,12
14,"(2, 11)","(3, 11)",West,"['(2, 12)', '(3, 11)', '(1, 11)']","['(15, 12)', '(16, 11)', '(14, 12)', '(15, 11)', '(13, 12)', '(14, 11)', '(12, 12)', '(13, 11)', '(11, 12)', '(12, 11)', '(10, 12)', '(11, 11)', '(9, 12)', '(10, 11)', '(8, 12)', '(9, 11)', '(7, 12)', '(8, 11)', '(6, 12)', '(7, 11)', '(5, 12)', '(6, 11)', '(4, 12)', '(5, 11)', '(3, 12)', '(4, 11)', '(2, 11)']","['(15, 12)', '(16, 11)', '(14, 12)', '(15, 11)', '(13, 12)', '(14, 11)', '(12, 12)', '(13, 11)', '(11, 12)', '(12, 11)', '(10, 12)', '(11, 11)', '(9, 12)', '(10, 11)', '(8, 12)', '(9, 11)', '(7, 12)', '(8, 11)', '(6, 12)', '(7, 11)', '(5, 12)', '(6, 11)', '(4, 12)', '(5, 11)', '(3, 12)', '(4, 11)', '(2, 12)', '(3, 11)', '(1, 11)']","['(15, 11)', '(10, 11)', '(5, 11)', '(4, 11)', '(3, 11)', '(6, 11)', '(8, 11)', '(9, 11)', '(12, 11)', '(7, 11)', '(2, 11)', '(13, 11)', '(11, 11)', '(14, 11)']",13,0,13
15,"(1, 11)","(2, 11)",West,"['(1, 12)', '(1, 10)', '(2, 11)']","['(15, 12)', '(16, 11)', '(14, 12)', '(15, 11)', '(13, 12)', '(14, 11)', '(12, 12)', '(13, 11)', '(11, 12)', '(12, 11)', '(10, 12)', '(11, 11)', '(9, 12)', '(10, 11)', '(8, 12)', '(9, 11)', '(7, 12)', '(8, 11)', '(6, 12)', '(7, 11)', '(5, 12)', '(6, 11)', '(4, 12)', '(5, 11)', '(3, 12)', '(4, 11)', '(2, 12)', '(3, 11)', '(1, 11)']","['(15, 12)', '(16, 11)', '(14, 12)', '(15, 11)', '(13, 12)', '(14, 11)', '(12, 12)', '(13, 11)', '(11, 12)', '(12, 11)', '(10, 12)', '(11, 11)', '(9, 12)', '(10, 11)', '(8, 12)', '(9, 11)', '(7, 12)', '(8, 11)', '(6, 12)', '(7, 11)', '(5, 12)', '(6, 11)', '(4, 12)', '(5, 11)', '(3, 12)', '(4, 11)', '(2, 12)', '(3, 11)', '(1, 12)', '(1, 10)', '(2, 11)']","['(15, 11)', '(10, 11)', '(5, 11)', '(4, 11)', '(3, 11)', '(6, 11)', '(1, 11)', '(8, 11)', '(9, 11)', '(12, 11)', '(7, 11)', '(2, 11)', '(13, 11)', '(11, 11)', '(14, 11)']",14,0,14
16,"(1, 10)","(1, 11)",South,"['(1, 11)', '(1, 9)']","['(15, 12)', '(16, 11)', '(14, 12)', '(15, 11)', '(13, 12)', '(14, 11)', '(12, 12)', '(13, 11)', '(11, 12)', '(12, 11)', '(10, 12)', '(11, 11)', '(9, 12)', '(10, 11)', '(8, 12)', '(9, 11)', '(7, 12)', '(8, 11)', '(6, 12)', '(7, 11)', '(5, 12)', '(6, 11)', '(4, 12)', '(5, 11)', '(3, 12)', '(4, 11)', '(2, 12)', '(3, 11)', '(1, 12)', '(1, 10)']","['(15, 12)', '(16, 11)', '(14, 12)', '(15, 11)', '(13, 12)', '(14, 11)', '(12, 12)', '(13, 11)', '(11, 12)', '(12, 11)', '(10, 12)', '(11, 11)', '(9, 12)', '(10, 11)', '(8, 12)', '(9, 11)', '(7, 12)', '(8, 11)', '(6, 12)', '(7, 11)', '(5, 12)', '(6, 11)', '(4, 12)', '(5, 11)', '(3, 12)', '(4, 11)', '(2, 12)', '(3, 11)', '(1, 12)', '(1, 11)', '(1, 9)']","['(15, 11)', '(10, 11)', '(5, 11)', '(4, 11)', '(3, 11)', '(6, 11)', '(1, 11)', '(1, 10)', '(8, 11)', '(9, 11)', '(12, 11)', '(7, 11)', '(2, 11)', '(13, 11)', '(11, 11)', '(14, 11)']",15,0,15
17,"(1, 9)","(1, 10)",South,"['(1, 10)', '(1, 8)']","['(15, 12)', '(16, 11)', '(14, 12)', '(15, 11)', '(13, 12)', '(14, 11)', '(12, 12)', '(13, 11)', '(11, 12)', '(12, 11)', '(10, 12)', '(11, 11)', '(9, 12)', '(10, 11)', '(8, 12)', '(9, 11)', '(7, 12)', '(8, 11)', '(6, 12)', '(7, 11)', '(5, 12)', '(6, 11)', '(4, 12)', '(5, 11)', '(3, 12)', '(4, 11)', '(2, 12)', '(3, 11)', '(1, 12)', '(1, 11)', '(1, 9)']","['(15, 12)', '(16, 11)', '(14, 12)', '(15, 11)', '(13, 12)', '(14, 11)', '(12, 12)', '(13, 11)', '(11, 12)', '(12, 11)', '(10, 12)', '(11, 11)', '(9, 12)', '(10, 11)', '(8, 12)', '(9, 11)', '(7, 12)', '(8, 11)', '(6, 12)', '(7, 11)', '(5, 12)', '(6, 11)', '(4, 12)', '(5, 11)', '(3, 12)', '(4, 11)', '(2, 12)', '(3, 11)', '(1, 12)', '(1, 11)', '(1, 10)', '(1, 8)']","['(15, 11)', '(10, 11)', '(5, 11)', '(4, 11)', '(3, 11)', '(6, 11)', '(1, 11)', '(1, 9)', '(1, 10)', '(8, 11)', '(9, 11)', '(12, 11)', '(7, 11)', '(2, 11)', '(13, 11)', '(11, 11)', '(14, 11)']",16,0,16
18,"(1, 8)","(1, 9)",South,"['(1, 9)', '(1, 7)']","['(15, 12)', '(16, 11)', '(14, 12)', '(15, 11)', '(13, 12)', '(14, 11)', '(12, 12)', '(13, 11)', '(11, 12)', '(12, 11)', '(10, 12)', '(11, 11)', '(9, 12)', '(10, 11)', '(8, 12)', '(9, 11)', '(7, 12)', '(8, 11)', '(6, 12)', '(7, 11)', '(5, 12)', '(6, 11)', '(4, 12)', '(5, 11)', '(3, 12)', '(4, 11)', '(2, 12)', '(3, 11)', '(1, 12)', '(1, 11)', '(1, 10)', '(1, 8)']","['(15, 12)', '(16, 11)', '(14, 12)', '(15, 11)', '(13, 12)', '(14, 11)', '(12, 12)', '(13, 11)', '(11, 12)', '(12, 11)', '(10, 12)', '(11, 11)', '(9, 12)', '(10, 11)', '(8, 12)', '(9, 11)', '(7, 12)', '(8, 11)', '(6, 12)', '(7, 11)', '(5, 12)', '(6, 11)', '(4, 12)', '(5, 11)', '(3, 12)', '(4, 11)', '(2, 12)', '(3, 11)', '(1, 12)', '(1, 11)', '(1, 10)', '(1, 9)', '(1, 7)']","['(15, 11)', '(10, 11)', '(5, 11)', '(4, 11)', '(3, 11)', '(6, 11)', '(1, 11)', '(1, 9)', '(1, 8)', '(1, 10)', '(8, 11)', '(9, 11)', '(12, 11)', '(7, 11)', '(2, 11)', '(13, 11)', '(11, 11)', '(14, 11)']",17,0,17
19,"(1, 7)","(1, 8)",South,"['(1, 8)', '(1, 6)']","['(15, 12)', '(16, 11)', '(14, 12)', '(15, 11)', '(13, 12)', '(14, 11)', '(12, 12)', '(13, 11)', '(11, 12)', '(12, 11)', '(10, 12)', '(11, 11)', '(9, 12)', '(10, 11)', '(8, 12)', '(9, 11)', '(7, 12)', '(8, 11)', '(6, 12)', '(7, 11)', '(5, 12)', '(6, 11)', '(4, 12)', '(5, 11)', '(3, 12)', '(4, 11)', '(2, 12)', '(3, 11)', '(1, 12)', '(1, 11)', '(1, 10)', '(1, 9)', '(1, 7)']","['(15, 12)', '(16, 11)', '(14, 12)', '(15, 11)', '(13, 12)', '(14, 11)', '(12, 12)', '(13, 11)', '(11, 12)', '(12, 11)', '(10, 12)', '(11, 11)', '(9, 12)', '(10, 11)', '(8, 12)', '(9, 11)', '(7, 12)', '(8, 11)', '(6, 12)', '(7, 11)', '(5, 12)', '(6, 11)', '(4, 12)', '(5, 11)', '(3, 12)', '(4, 11)', '(2, 12)', '(3, 11)', '(1, 12)', '(1, 11)', '(1, 10)', '(1, 9)', '(1, 8)', '(1, 6)']","['(9, 11)', '(2, 11)', '(1, 9)', '(13, 11)', '(11, 11)', '(15, 11)', '(6, 11)', '(4, 11)', '(8, 11)', '(10, 11)', '(1, 11)', '(1, 8)', '(12, 11)', '(3, 11)', '(14, 11)', '(5, 11)', '(1, 7)', '(1, 10)', '(7, 11)']",18,0,18
20,"(1, 6)","(1, 7)",South,"['(1, 7)', '(1, 5)']","['(15, 12)', '(16, 11)', '(14, 12)', '(15, 11)', '(13, 12)', '(14, 11)', '(12, 12)', '(13, 11)', '(11, 12)', '(12, 11)', '(10, 12)', '(11, 11)', '(9, 12)', '(10, 11)', '(8, 12)', '(9, 11)', '(7, 12)', '(8, 11)', '(6, 12)', '(7, 11)', '(5, 12)', '(6, 11)', '(4, 12)', '(5, 11)', '(3, 12)', '(4, 11)', '(2, 12)', '(3, 11)', '(1, 12)', '(1, 11)', '(1, 10)', '(1, 9)', '(1, 8)', '(1, 6)']","['(15, 12)', '(16, 11)', '(14, 12)', '(15, 11)', '(13, 12)', '(14, 11)', '(12, 12)', '(13, 11)', '(11, 12)', '(12, 11)', '(10, 12)', '(11, 11)', '(9, 12)', '(10, 11)', '(8, 12)', '(9, 11)', '(7, 12)', '(8, 11)', '(6, 12)', '(7, 11)', '(5, 12)', '(6, 11)', '(4, 12)', '(5, 11)', '(3, 12)', '(4, 11)', '(2, 12)', '(3, 11)', '(1, 12)', '(1, 11)', '(1, 10)', '(1, 9)', '(1, 8)', '(1, 7)', '(1, 5)']","['(9, 11)', '(1, 6)', '(2, 11)', '(1, 9)', '(13, 11)', '(11, 11)', '(15, 11)', '(6, 11)', '(4, 11)', '(8, 11)', '(10, 11)', '(1, 11)', '(1, 8)', '(12, 11)', '(3, 11)', '(14, 11)', '(5, 11)', '(1, 7)', '(1, 10)', '(7, 11)']",19,0,19
21,"(1, 5)","(1, 6)",South,"['(1, 6)', '(1, 4)']","['(15, 12)', '(16, 11)', '(14, 12)', '(15, 11)', '(13, 12)', '(14, 11)', '(12, 12)', '(13, 11)', '(11, 12)', '(12, 11)', '(10, 12)', '(11, 11)', '(9, 12)', '(10, 11)', '(8, 12)', '(9, 11)', '(7, 12)', '(8, 11)', '(6, 12)', '(7, 11)', '(5, 12)', '(6, 11)', '(4, 12)', '(5, 11)', '(3, 12)', '(4, 11)', '(2, 12)', '(3, 11)', '(1, 12)', '(1, 11)', '(1, 10)', '(1, 9)', '(1, 8)', '(1, 7)', '(1, 5)']","['(15, 12)', '(16, 11)', '(14, 12)', '(15, 11)', '(13, 12)', '(14, 11)', '(12, 12)', '(13, 11)', '(11, 12)', '(12, 11)', '(10, 12)', '(11, 11)', '(9, 12)', '(10, 11)', '(8, 12)', '(9, 11)', '(7, 12)', '(8, 11)', '(6, 12)', '(7, 11)', '(5, 12)', '(6, 11)', '(4, 12)', '(5, 11)', '(3, 12)', '(4, 11)', '(2, 12)', '(3, 11)', '(1, 12)', '(1, 11)', '(1, 10)', '(1, 9)', '(1, 8)', '(1, 7)', '(1, 6)', '(1, 4)']","['(9, 11)', '(1, 6)', '(2, 11)', '(1, 9)', '(13, 11)', '(11, 11)', '(15, 11)', '(6, 11)', '(4, 11)', '(8, 11)', '(10, 11)', '(1, 5)', '(1, 11)', '(1, 8)', '(12, 11)', '(3, 11)', '(14, 11)', '(5, 11)', '(1, 7)', '(1, 10)', '(7, 11)']",20,0,20
22,"(1, 4)","(1, 5)",South,"['(1, 5)', '(1, 3)']","['(15, 12)', '(16, 11)', '(14, 12)', '(15, 11)', '(13, 12)', '(14, 11)', '(12, 12)', '(13, 11)', '(11, 12)', '(12, 11)', '(10, 12)', '(11, 11)', '(9, 12)', '(10, 11)', '(8, 12)', '(9, 11)', '(7, 12)', '(8, 11)', '(6, 12)', '(7, 11)', '(5, 12)', '(6, 11)', '(4, 12)', '(5, 11)', '(3, 12)', '(4, 11)', '(2, 12)', '(3, 11)', '(1, 12)', '(1, 11)', '(1, 10)', '(1, 9)', '(1, 8)', '(1, 7)', '(1, 6)', '(1, 4)']","['(15, 12)', '(16, 11)', '(14, 12)', '(15, 11)', '(13, 12)', '(14, 11)', '(12, 12)', '(13, 11)', '(11, 12)', '(12, 11)', '(10, 12)', '(11, 11)', '(9, 12)', '(10, 11)', '(8, 12)', '(9, 11)', '(7, 12)', '(8, 11)', '(6, 12)', '(7, 11)', '(5, 12)', '(6, 11)', '(4, 12)', '(5, 11)', '(3, 12)', '(4, 11)', '(2, 12)', '(3, 11)', '(1, 12)', '(1, 11)', '(1, 10)', '(1, 9)', '(1, 8)', '(1, 7)', '(1, 6)', '(1, 5)', '(1, 3)']","['(9, 11)', '(1, 6)', '(2, 11)', '(1, 9)', '(13, 11)', '(11, 11)', '(15, 11)', '(6, 11)', '(4, 11)', '(8, 11)', '(10, 11)', '(1, 5)', '(1, 11)', '(1, 8)', '(12, 11)', '(3, 11)', '(14, 11)', '(5, 11)', '(1, 4)', '(1, 7)', '(1, 10)', '(7, 11)']",21,0,21
23,"(1, 3)","(1, 4)",South,"['(1, 4)', '(2, 3)']","['(15, 12)', '(16, 11)', '(14, 12)', '(15, 11)', '(13, 12)', '(14, 11)', '(12, 12)', '(13, 11)', '(11, 12)', '(12, 11)', '(10, 12)', '(11, 11)', '(9, 12)', '(10, 11)', '(8, 12)', '(9, 11)', '(7, 12)', '(8, 11)', '(6, 12)', '(7, 11)', '(5, 12)', '(6, 11)', '(4, 12)', '(5, 11)', '(3, 12)', '(4, 11)', '(2, 12)', '(3, 11)', '(1, 12)', '(1, 11)', '(1, 10)', '(1, 9)', '(1, 8)', '(1, 7)', '(1, 6)', '(1, 5)', '(1, 3)']","['(15, 12)', '(16, 11)', '(14, 12)', '(15, 11)', '(13, 12)', '(14, 11)', '(12, 12)', '(13, 11)', '(11, 12)', '(12, 11)', '(10, 12)', '(11, 11)', '(9, 12)', '(10, 11)', '(8, 12)', '(9, 11)', '(7, 12)', '(8, 11)', '(6, 12)', '(7, 11)', '(5, 12)', '(6, 11)', '(4, 12)', '(5, 11)', '(3, 12)', '(4, 11)', '(2, 12)', '(3, 11)', '(1, 12)', '(1, 11)', '(1, 10)', '(1, 9)', '(1, 8)', '(1, 7)', '(1, 6)', '(1, 5)', '(1, 4)', '(2, 3)']","['(9, 11)', '(1, 6)', '(2, 11)', '(1, 9)', '(13, 11)', '(11, 11)', '(1, 3)', '(15, 11)', '(6, 11)', '(4, 11)', '(8, 11)', '(10, 11)', '(1, 5)', '(1, 11)', '(1, 8)', '(12, 11)', '(3, 11)', '(14, 11)', '(5, 11)', '(1, 4)', '(1, 7)', '(1, 10)', '(7, 11)']",22,0,22
24,"(2, 3)","(1, 3)",East,"['(3, 3)', '(1, 3)']","['(15, 12)', '(16, 11)', '(14, 12)', '(15, 11)', '(13, 12)', '(14, 11)', '(12, 12)', '(13, 11)', '(11, 12)', '(12, 11)', '(10, 12)', '(11, 11)', '(9, 12)', '(10, 11)', '(8, 12)', '(9, 11)', '(7, 12)', '(8, 11)', '(6, 12)', '(7, 11)', '(5, 12)', '(6, 11)', '(4, 12)', '(5, 11)', '(3, 12)', '(4, 11)', '(2, 12)', '(3, 11)', '(1, 12)', '(1, 11)', '(1, 10)', '(1, 9)', '(1, 8)', '(1, 7)', '(1, 6)', '(1, 5)', '(1, 4)', '(2, 3)']","['(15, 12)', '(16, 11)', '(14, 12)', '(15, 11)', '(13, 12)', '(14, 11)', '(12, 12)', '(13, 11)', '(11, 12)', '(12, 11)', '(10, 12)', '(11, 11)', '(9, 12)', '(10, 11)', '(8, 12)', '(9, 11)', '(7, 12)', '(8, 11)', '(6, 12)', '(7, 11)', '(5, 12)', '(6, 11)', '(4, 12)', '(5, 11)', '(3, 12)', '(4, 11)', '(2, 12)', '(3, 11)', '(1, 12)', '(1, 11)', '(1, 10)', '(1, 9)', '(1, 8)', '(1, 7)', '(1, 6)', '(1, 5)', '(1, 4)', '(3, 3)', '(1, 3)']","['(9, 11)', '(1, 6)', '(2, 11)', '(1, 9)', '(13, 11)', '(11, 11)', '(1, 3)', '(15, 11)', '(6, 11)', '(4, 11)', '(8, 11)', '(10, 11)', '(1, 5)', '(1, 11)', '(1, 8)', '(12, 11)', '(3, 11)', '(14, 11)', '(5, 11)', '(1, 4)', '(2, 3)', '(1, 7)', '(1, 10)', '(7, 11)']",23,0,23
25,"(3, 3)","(2, 3)",East,"['(4, 3)', '(2, 3)']","['(15, 12)', '(16, 11)', '(14, 12)', '(15, 11)', '(13, 12)', '(14, 11)', '(12, 12)', '(13, 11)', '(11, 12)', '(12, 11)', '(10, 12)', '(11, 11)', '(9, 12)', '(10, 11)', '(8, 12)', '(9, 11)', '(7, 12)', '(8, 11)', '(6, 12)', '(7, 11)', '(5, 12)', '(6, 11)', '(4, 12)', '(5, 11)', '(3, 12)', '(4, 11)', '(2, 12)', '(3, 11)', '(1, 12)', '(1, 11)', '(1, 10)', '(1, 9)', '(1, 8)', '(1, 7)', '(1, 6)', '(1, 5)', '(1, 4)', '(3, 3)']","['(15, 12)', '(16, 11)', '(14, 12)', '(15, 11)', '(13, 12)', '(14, 11)', '(12, 12)', '(13, 11)', '(11, 12)', '(12, 11)', '(10, 12)', '(11, 11)', '(9, 12)', '(10, 11)', '(8, 12)', '(9, 11)', '(7, 12)', '(8, 11)', '(6, 12)', '(7, 11)', '(5, 12)', '(6, 11)', '(4, 12)', '(5, 11)', '(3, 12)', '(4, 11)', '(2, 12)', '(3, 11)', '(1, 12)', '(1, 11)', '(1, 10)', '(1, 9)', '(1, 8)', '(1, 7)', '(1, 6)', '(1, 5)', '(1, 4)', '(4, 3)', '(2, 3)']","['(9, 11)', '(1, 6)', '(2, 11)', '(1, 9)', '(13, 11)', '(11, 11)', '(1, 3)', '(15, 11)', '(6, 11)', '(3, 3)', '(4, 11)', '(8, 11)', '(10, 11)', '(1, 5)', '(1, 11)', '(1, 8)', '(12, 11)', '(3, 11)', '(14, 11)', '(5, 11)', '(1, 4)', '(2, 3)', '(1, 7)', '(1, 10)', '(7, 11)']",24,0,24
26,"(4, 3)","(3, 3)",East,"['(5, 3)', '(3, 3)']","['(15, 12)', '(16, 11)', '(14, 12)', '(15, 11)', '(13, 12)', '(14, 11)', '(12, 12)', '(13, 11)', '(11, 12)', '(12, 11)', '(10, 12)', '(11, 11)', '(9, 12)', '(10, 11)', '(8, 12)', '(9, 11)', '(7, 12)', '(8, 11)', '(6, 12)', '(7, 11)', '(5, 12)', '(6, 11)', '(4, 12)', '(5, 11)', '(3, 12)', '(4, 11)', '(2, 12)', '(3, 11)', '(1, 12)', '(1, 11)', '(1, 10)', '(1, 9)', '(1, 8)', '(1, 7)', '(1, 6)', '(1, 5)', '(1, 4)', '(4, 3)']","['(15, 12)', '(16, 11)', '(14, 12)', '(15, 11)', '(13, 12)', '(14, 11)', '(12, 12)', '(13, 11)', '(11, 12)', '(12, 11)', '(10, 12)', '(11, 11)', '(9, 12)', '(10, 11)', '(8, 12)', '(9, 11)', '(7, 12)', '(8, 11)', '(6, 12)', '(7, 11)', '(5, 12)', '(6, 11)', '(4, 12)', '(5, 11)', '(3, 12)', '(4, 11)', '(2, 12)', '(3, 11)', '(1, 12)', '(1, 11)', '(1, 10)', '(1, 9)', '(1, 8)', '(1, 7)', '(1, 6)', '(1, 5)', '(1, 4)', '(5, 3)', '(3, 3)']","['(4, 3)', '(9, 11)', '(1, 6)', '(2, 11)', '(1, 9)', '(13, 11)', '(11, 11)', '(1, 3)', '(15, 11)', '(6, 11)', '(3, 3)', '(4, 11)', '(8, 11)', '(10, 11)', '(1, 5)', '(1, 11)', '(1, 8)', '(12, 11)', '(3, 11)', '(14, 11)', '(5, 11)', '(1, 4)', '(2, 3)', '(1, 7)', '(1, 10)', '(7, 11)']",25,0,25
27,"(5, 3)","(4, 3)",East,"['(6, 3)', '(4, 3)']","['(15, 12)', '(16, 11)', '(14, 12)', '(15, 11)', '(13, 12)', '(14, 11)', '(12, 12)', '(13, 11)', '(11, 12)', '(12, 11)', '(10, 12)', '(11, 11)', '(9, 12)', '(10, 11)', '(8, 12)', '(9, 11)', '(7, 12)', '(8, 11)', '(6, 12)', '(7, 11)', '(5, 12)', '(6, 11)', '(4, 12)', '(5, 11)', '(3, 12)', '(4, 11)', '(2, 12)', '(3, 11)', '(1, 12)', '(1, 11)', '(1, 10)', '(1, 9)', '(1, 8)', '(1, 7)', '(1, 6)', '(1, 5)', '(1, 4)', '(5, 3)']","['(15, 12)', '(16, 11)', '(14, 12)', '(15, 11)', '(13, 12)', '(14, 11)', '(12, 12)', '(13, 11)', '(11, 12)', '(12, 11)', '(10, 12)', '(11, 11)', '(9, 12)', '(10, 11)', '(8, 12)', '(9, 11)', '(7, 12)', '(8, 11)', '(6, 12)', '(7, 11)', '(5, 12)', '(6, 11)', '(4, 12)', '(5, 11)', '(3, 12)', '(4, 11)', '(2, 12)', '(3, 11)', '(1, 12)', '(1, 11)', '(1, 10)', '(1, 9)', '(1, 8)', '(1, 7)', '(1, 6)', '(1, 5)', '(1, 4)', '(6, 3)', '(4, 3)']","['(4, 3)', '(9, 11)', '(1, 6)', '(2, 11)', '(1, 9)', '(13, 11)', '(11, 11)', '(1, 3)', '(15, 11)', '(6, 11)', '(3, 3)', '(5, 3)', '(4, 11)', '(8, 11)', '(10, 11)', '(1, 5)', '(1, 11)', '(1, 8)', '(12, 11)', '(3, 11)', '(14, 11)', '(5, 11)', '(1, 4)', '(2, 3)', '(1, 7)', '(1, 10)', '(7, 11)']",26,0,26
28,"(6, 3)","(5, 3)",East,"['(7, 3)', '(5, 3)']","['(15, 12)', '(16, 11)', '(14, 12)', '(15, 11)', '(13, 12)', '(14, 11)', '(12, 12)', '(13, 11)', '(11, 12)', '(12, 11)', '(10, 12)', '(11, 11)', '(9, 12)', '(10, 11)', '(8, 12)', '(9, 11)', '(7, 12)', '(8, 11)', '(6, 12)', '(7, 11)', '(5, 12)', '(6, 11)', '(4, 12)', '(5, 11)', '(3, 12)', '(4, 11)', '(2, 12)', '(3, 11)', '(1, 12)', '(1, 11)', '(1, 10)', '(1, 9)', '(1, 8)', '(1, 7)', '(1, 6)', '(1, 5)', '(1, 4)', '(6, 3)']","['(15, 12)', '(16, 11)', '(14, 12)', '(15, 11)', '(13, 12)', '(14, 11)', '(12, 12)', '(13, 11)', '(11, 12)', '(12, 11)', '(10, 12)', '(11, 11)', '(9, 12)', '(10, 11)', '(8, 12)', '(9, 11)', '(7, 12)', '(8, 11)', '(6, 12)', '(7, 11)', '(5, 12)', '(6, 11)', '(4, 12)', '(5, 11)', '(3, 12)', '(4, 11)', '(2, 12)', '(3, 11)', '(1, 12)', '(1, 11)', '(1, 10)', '(1, 9)', '(1, 8)', '(1, 7)', '(1, 6)', '(1, 5)', '(1, 4)', '(7, 3)', '(5, 3)']","['(4, 3)', '(9, 11)', '(1, 6)', '(2, 11)', '(1, 9)', '(13, 11)', '(11, 11)', '(1, 3)', '(15, 11)', '(6, 11)', '(3, 3)', '(5, 3)', '(4, 11)', '(8, 11)', '(10, 11)', '(1, 5)', '(1, 11)', '(1, 8)', '(6, 3)', '(12, 11)', '(3, 11)', '(14, 11)', '(5, 11)', '(1, 4)', '(2, 3)', '(1, 7)', '(1, 10)', '(7, 11)']",27,0,27
29,"(7, 3)","(6, 3)",East,"['(8, 3)', '(6, 3)']","['(15, 12)', '(16, 11)', '(14, 12)', '(15, 11)', '(13, 12)', '(14, 11)', '(12, 12)', '(13, 11)', '(11, 12)', '(12, 11)', '(10, 12)', '(11, 11)', '(9, 12)', '(10, 11)', '(8, 12)', '(9, 11)', '(7, 12)', '(8, 11)', '(6, 12)', '(7, 11)', '(5, 12)', '(6, 11)', '(4, 12)', '(5, 11)', '(3, 12)', '(4, 11)', '(2, 12)', '(3, 11)', '(1, 12)', '(1, 11)', '(1, 10)', '(1, 9)', '(1, 8)', '(1, 7)', '(1, 6)', '(1, 5)', '(1, 4)', '(7, 3)']","['(15, 12)', '(16, 11)', '(14, 12)', '(15, 11)', '(13, 12)', '(14, 11)', '(12, 12)', '(13, 11)', '(11, 12)', '(12, 11)', '(10, 12)', '(11, 11)', '(9, 12)', '(10, 11)', '(8, 12)', '(9, 11)', '(7, 12)', '(8, 11)', '(6, 12)', '(7, 11)', '(5, 12)', '(6, 11)', '(4, 12)', '(5, 11)', '(3, 12)', '(4, 11)', '(2, 12)', '(3, 11)', '(1, 12)', '(1, 11)', '(1, 10)', '(1, 9)', '(1, 8)', '(1, 7)', '(1, 6)', '(1, 5)', '(1, 4)', '(8, 3)', '(6, 3)']","['(4, 3)', '(9, 11)', '(1, 6)', '(2, 11)', '(1, 9)', '(13, 11)', '(11, 11)', '(1, 3)', '(15, 11)', '(6, 11)', '(3, 3)', '(5, 3)', '(4, 11)', '(8, 11)', '(10, 11)', '(1, 5)', '(1, 11)', '(1, 8)', '(7, 3)', '(6, 3)', '(12, 11)', '(3, 11)', '(14, 11)', '(5, 11)', '(1, 4)', '(2, 3)', '(1, 7)', '(1, 10)', '(7, 11)']",28,0,28
30,"(8, 3)","(7, 3)",East,"['(9, 3)', '(7, 3)']","['(15, 12)', '(16, 11)', '(14, 12)', '(15, 11)', '(13, 12)', '(14, 11)', '(12, 12)', '(13, 11)', '(11, 12)', '(12, 11)', '(10, 12)', '(11, 11)', '(9, 12)', '(10, 11)', '(8, 12)', '(9, 11)', '(7, 12)', '(8, 11)', '(6, 12)', '(7, 11)', '(5, 12)', '(6, 11)', '(4, 12)', '(5, 11)', '(3, 12)', '(4, 11)', '(2, 12)', '(3, 11)', '(1, 12)', '(1, 11)', '(1, 10)', '(1, 9)', '(1, 8)', '(1, 7)', '(1, 6)', '(1, 5)', '(1, 4)', '(8, 3)']","['(15, 12)', '(16, 11)', '(14, 12)', '(15, 11)', '(13, 12)', '(14, 11)', '(12, 12)', '(13, 11)', '(11, 12)', '(12, 11)', '(10, 12)', '(11, 11)', '(9, 12)', '(10, 11)', '(8, 12)', '(9, 11)', '(7, 12)', '(8, 11)', '(6, 12)', '(7, 11)', '(5, 12)', '(6, 11)', '(4, 12)', '(5, 11)', '(3, 12)', '(4, 11)', '(2, 12)', '(3, 11)', '(1, 12)', '(1, 11)', '(1, 10)', '(1, 9)', '(1, 8)', '(1, 7)', '(1, 6)', '(1, 5)', '(1, 4)', '(9, 3)', '(7, 3)']","['(4, 3)', '(8, 3)', '(9, 11)', '(1, 6)', '(2, 11)', '(1, 9)', '(13, 11)', '(11, 11)', '(1, 3)', '(15, 11)', '(6, 11)', '(3, 3)', '(5, 3)', '(4, 11)', '(8, 11)', '(10, 11)', '(1, 5)', '(1, 11)', '(1, 8)', '(7, 3)', '(6, 3)', '(12, 11)', '(3, 11)', '(14, 11)', '(5, 11)', '(1, 4)', '(2, 3)', '(1, 7)', '(1, 10)', '(7, 11)']",29,0,29
31,"(9, 3)","(8, 3)",East,"['(10, 3)', '(8, 3)']","['(15, 12)', '(16, 11)', '(14, 12)', '(15, 11)', '(13, 12)', '(14, 11)', '(12, 12)', '(13, 11)', '(11, 12)', '(12, 11)', '(10, 12)', '(11, 11)', '(9, 12)', '(10, 11)', '(8, 12)', '(9, 11)', '(7, 12)', '(8, 11)', '(6, 12)', '(7, 11)', '(5, 12)', '(6, 11)', '(4, 12)', '(5, 11)', '(3, 12)', '(4, 11)', '(2, 12)', '(3, 11)', '(1, 12)', '(1, 11)', '(1, 10)', '(1, 9)', '(1, 8)', '(1, 7)', '(1, 6)', '(1, 5)', '(1, 4)', '(9, 3)']","['(15, 12)', '(16, 11)', '(14, 12)', '(15, 11)', '(13, 12)', '(14, 11)', '(12, 12)', '(13, 11)', '(11, 12)', '(12, 11)', '(10, 12)', '(11, 11)', '(9, 12)', '(10, 11)', '(8, 12)', '(9, 11)', '(7, 12)', '(8, 11)', '(6, 12)', '(7, 11)', '(5, 12)', '(6, 11)', '(4, 12)', '(5, 11)', '(3, 12)', '(4, 11)', '(2, 12)', '(3, 11)', '(1, 12)', '(1, 11)', '(1, 10)', '(1, 9)', '(1, 8)', '(1, 7)', '(1, 6)', '(1, 5)', '(1, 4)', '(10, 3)', '(8, 3)']","['(4, 3)', '(8, 3)', '(9, 11)', '(1, 6)', '(2, 11)', '(1, 9)', '(13, 11)', '(11, 11)', '(1, 3)', '(15, 11)', '(6, 11)', '(3, 3)', '(5, 3)', '(4, 11)', '(8, 11)', '(10, 11)', '(1, 5)', '(1, 11)', '(1, 8)', '(7, 3)', '(6, 3)', '(12, 11)', '(3, 11)', '(14, 11)', '(5, 11)', '(9, 3)', '(1, 4)', '(2, 3)', '(1, 7)', '(1, 10)', '(7, 11)']",30,0,30
32,"(10, 3)","(9, 3)",East,"['(11, 3)', '(9, 3)']","['(15, 12)', '(16, 11)', '(14, 12)', '(15, 11)', '(13, 12)', '(14, 11)', '(12, 12)', '(13, 11)', '(11, 12)', '(12, 11)', '(10, 12)', '(11, 11)', '(9, 12)', '(10, 11)', '(8, 12)', '(9, 11)', '(7, 12)', '(8, 11)', '(6, 12)', '(7, 11)', '(5, 12)', '(6, 11)', '(4, 12)', '(5, 11)', '(3, 12)', '(4, 11)', '(2, 12)', '(3, 11)', '(1, 12)', '(1, 11)', '(1, 10)', '(1, 9)', '(1, 8)', '(1, 7)', '(1, 6)', '(1, 5)', '(1, 4)', '(10, 3)']","['(15, 12)', '(16, 11)', '(14, 12)', '(15, 11)', '(13, 12)', '(14, 11)', '(12, 12)', '(13, 11)', '(11, 12)', '(12, 11)', '(10, 12)', '(11, 11)', '(9, 12)', '(10, 11)', '(8, 12)', '(9, 11)', '(7, 12)', '(8, 11)', '(6, 12)', '(7, 11)', '(5, 12)', '(6, 11)', '(4, 12)', '(5, 11)', '(3, 12)', '(4, 11)', '(2, 12)', '(3, 11)', '(1, 12)', '(1, 11)', '(1, 10)', '(1, 9)', '(1, 8)', '(1, 7)', '(1, 6)', '(1, 5)', '(1, 4)', '(11, 3)', '(9, 3)']","['(4, 3)', '(8, 3)', '(10, 3)', '(9, 11)', '(1, 6)', '(2, 11)', '(1, 9)', '(13, 11)', '(11, 11)', '(1, 3)', '(15, 11)', '(6, 11)', '(3, 3)', '(5, 3)', '(4, 11)', '(8, 11)', '(10, 11)', '(1, 5)', '(1, 11)', '(1, 8)', '(7, 3)', '(6, 3)', '(12, 11)', '(3, 11)', '(14, 11)', '(5, 11)', '(9, 3)', '(1, 4)', '(2, 3)', '(1, 7)', '(1, 10)', '(7, 11)']",31,0,31
33,"(11, 3)","(10, 3)",East,"['(12, 3)', '(10, 3)']","['(15, 12)', '(16, 11)', '(14, 12)', '(15, 11)', '(13, 12)', '(14, 11)', '(12, 12)', '(13, 11)', '(11, 12)', '(12, 11)', '(10, 12)', '(11, 11)', '(9, 12)', '(10, 11)', '(8, 12)', '(9, 11)', '(7, 12)', '(8, 11)', '(6, 12)', '(7, 11)', '(5, 12)', '(6, 11)', '(4, 12)', '(5, 11)', '(3, 12)', '(4, 11)', '(2, 12)', '(3, 11)', '(1, 12)', '(1, 11)', '(1, 10)', '(1, 9)', '(1, 8)', '(1, 7)', '(1, 6)', '(1, 5)', '(1, 4)', '(11, 3)']","['(15, 12)', '(16, 11)', '(14, 12)', '(15, 11)', '(13, 12)', '(14, 11)', '(12, 12)', '(13, 11)', '(11, 12)', '(12, 11)', '(10, 12)', '(11, 11)', '(9, 12)', '(10, 11)', '(8, 12)', '(9, 11)', '(7, 12)', '(8, 11)', '(6, 12)', '(7, 11)', '(5, 12)', '(6, 11)', '(4, 12)', '(5, 11)', '(3, 12)', '(4, 11)', '(2, 12)', '(3, 11)', '(1, 12)', '(1, 11)', '(1, 10)', '(1, 9)', '(1, 8)', '(1, 7)', '(1, 6)', '(1, 5)', '(1, 4)', '(12, 3)', '(10, 3)']","['(4, 3)', '(8, 3)', '(10, 3)', '(9, 11)', '(1, 6)', '(2, 11)', '(1, 9)', '(13, 11)', '(11, 11)', '(1, 3)', '(15, 11)', '(6, 11)', '(3, 3)', '(5, 3)', '(4, 11)', '(8, 11)', '(10, 11)', '(1, 5)', '(1, 11)', '(1, 8)', '(7, 3)', '(6, 3)', '(12, 11)', '(3, 11)', '(14, 11)', '(5, 11)', '(9, 3)', '(11, 3)', '(1, 4)', '(2, 3)', '(1, 7)', '(1, 10)', '(7, 11)']",32,0,32
34,"(12, 3)","(11, 3)",East,"['(13, 3)', '(11, 3)']","['(15, 12)', '(16, 11)', '(14, 12)', '(15, 11)', '(13, 12)', '(14, 11)', '(12, 12)', '(13, 11)', '(11, 12)', '(12, 11)', '(10, 12)', '(11, 11)', '(9, 12)', '(10, 11)', '(8, 12)', '(9, 11)', '(7, 12)', '(8, 11)', '(6, 12)', '(7, 11)', '(5, 12)', '(6, 11)', '(4, 12)', '(5, 11)', '(3, 12)', '(4, 11)', '(2, 12)', '(3, 11)', '(1, 12)', '(1, 11)', '(1, 10)', '(1, 9)', '(1, 8)', '(1, 7)', '(1, 6)', '(1, 5)', '(1, 4)', '(12, 3)']","['(15, 12)', '(16, 11)', '(14, 12)', '(15, 11)', '(13, 12)', '(14, 11)', '(12, 12)', '(13, 11)', '(11, 12)', '(12, 11)', '(10, 12)', '(11, 11)', '(9, 12)', '(10, 11)', '(8, 12)', '(9, 11)', '(7, 12)', '(8, 11)', '(6, 12)', '(7, 11)', '(5, 12)', '(6, 11)', '(4, 12)', '(5, 11)', '(3, 12)', '(4, 11)', '(2, 12)', '(3, 11)', '(1, 12)', '(1, 11)', '(1, 10)', '(1, 9)', '(1, 8)', '(1, 7)', '(1, 6)', '(1, 5)', '(1, 4)', '(13, 3)', '(11, 3)']","['(4, 3)', '(8, 3)', '(10, 3)', '(9, 11)', '(1, 6)', '(2, 11)', '(1, 9)', '(13, 11)', '(11, 11)', '(1, 3)', '(15, 11)', '(6, 11)', '(12, 3)', '(3, 3)', '(5, 3)', '(4, 11)', '(8, 11)', '(10, 11)', '(1, 5)', '(1, 11)', '(1, 8)', '(7, 3)', '(6, 3)', '(12, 11)', '(3, 11)', '(14, 11)', '(5, 11)', '(9, 3)', '(11, 3)', '(1, 4)', '(2, 3)', '(1, 7)', '(1, 10)', '(7, 11)']",33,0,33
35,"(13, 3)","(12, 3)",East,"['(14, 3)', '(12, 3)']","['(15, 12)', '(16, 11)', '(14, 12)', '(15, 11)', '(13, 12)', '(14, 11)', '(12, 12)', '(13, 11)', '(11, 12)', '(12, 11)', '(10, 12)', '(11, 11)', '(9, 12)', '(10, 11)', '(8, 12)', '(9, 11)', '(7, 12)', '(8, 11)', '(6, 12)', '(7, 11)', '(5, 12)', '(6, 11)', '(4, 12)', '(5, 11)', '(3, 12)', '(4, 11)', '(2, 12)', '(3, 11)', '(1, 12)', '(1, 11)', '(1, 10)', '(1, 9)', '(1, 8)', '(1, 7)', '(1, 6)', '(1, 5)', '(1, 4)', '(13, 3)']","['(15, 12)', '(16, 11)', '(14, 12)', '(15, 11)', '(13, 12)', '(14, 11)', '(12, 12)', '(13, 11)', '(11, 12)', '(12, 11)', '(10, 12)', '(11, 11)', '(9, 12)', '(10, 11)', '(8, 12)', '(9, 11)', '(7, 12)', '(8, 11)', '(6, 12)', '(7, 11)', '(5, 12)', '(6, 11)', '(4, 12)', '(5, 11)', '(3, 12)', '(4, 11)', '(2, 12)', '(3, 11)', '(1, 12)', '(1, 11)', '(1, 10)', '(1, 9)', '(1, 8)', '(1, 7)', '(1, 6)', '(1, 5)', '(1, 4)', '(14, 3)', '(12, 3)']","['(4, 3)', '(8, 3)', '(10, 3)', '(9, 11)', '(1, 6)', '(2, 11)', '(1, 9)', '(13, 11)', '(11, 11)', '(1, 3)', '(15, 11)', '(6, 11)', '(12, 3)', '(3, 3)', '(5, 3)', '(4, 11)', '(8, 11)', '(10, 11)', '(1, 5)', '(1, 11)', '(1, 8)', '(7, 3)', '(6, 3)', '(12, 11)', '(3, 11)', '(14, 11)', '(5, 11)', '(9, 3)', '(11, 3)', '(1, 4)', '(2, 3)', '(13, 3)', '(1, 7)', '(1, 10)', '(7, 11)']",34,0,34
36,"(14, 3)","(13, 3)",East,"['(15, 3)', '(13, 3)']","['(15, 12)', '(16, 11)', '(14, 12)', '(15, 11)', '(13, 12)', '(14, 11)', '(12, 12)', '(13, 11)', '(11, 12)', '(12, 11)', '(10, 12)', '(11, 11)', '(9, 12)', '(10, 11)', '(8, 12)', '(9, 11)', '(7, 12)', '(8, 11)', '(6, 12)', '(7, 11)', '(5, 12)', '(6, 11)', '(4, 12)', '(5, 11)', '(3, 12)', '(4, 11)', '(2, 12)', '(3, 11)', '(1, 12)', '(1, 11)', '(1, 10)', '(1, 9)', '(1, 8)', '(1, 7)', '(1, 6)', '(1, 5)', '(1, 4)', '(14, 3)']","['(15, 12)', '(16, 11)', '(14, 12)', '(15, 11)', '(13, 12)', '(14, 11)', '(12, 12)', '(13, 11)', '(11, 12)', '(12, 11)', '(10, 12)', '(11, 11)', '(9, 12)', '(10, 11)', '(8, 12)', '(9, 11)', '(7, 12)', '(8, 11)', '(6, 12)', '(7, 11)', '(5, 12)', '(6, 11)', '(4, 12)', '(5, 11)', '(3, 12)', '(4, 11)', '(2, 12)', '(3, 11)', '(1, 12)', '(1, 11)', '(1, 10)', '(1, 9)', '(1, 8)', '(1, 7)', '(1, 6)', '(1, 5)', '(1, 4)', '(15, 3)', '(13, 3)']","['(4, 3)', '(8, 3)', '(10, 3)', '(9, 11)', '(1, 6)', '(2, 11)', '(1, 9)', '(13, 11)', '(11, 11)', '(1, 3)', '(15, 11)', '(6, 11)', '(12, 3)', '(3, 3)', '(14, 3)', '(5, 3)', '(4, 11)', '(8, 11)', '(10, 11)', '(1, 5)', '(1, 11)', '(1, 8)', '(7, 3)', '(6, 3)', '(12, 11)', '(3, 11)', '(14, 11)', '(5, 11)', '(9, 3)', '(11, 3)', '(1, 4)', '(2, 3)', '(13, 3)', '(1, 7)', '(1, 10)', '(7, 11)']",35,0,35
37,"(15, 3)","(14, 3)",East,"['(16, 3)', '(14, 3)']","['(15, 12)', '(16, 11)', '(14, 12)', '(15, 11)', '(13, 12)', '(14, 11)', '(12, 12)', '(13, 11)', '(11, 12)', '(12, 11)', '(10, 12)', '(11, 11)', '(9, 12)', '(10, 11)', '(8, 12)', '(9, 11)', '(7, 12)', '(8, 11)', '(6, 12)', '(7, 11)', '(5, 12)', '(6, 11)', '(4, 12)', '(5, 11)', '(3, 12)', '(4, 11)', '(2, 12)', '(3, 11)', '(1, 12)', '(1, 11)', '(1, 10)', '(1, 9)', '(1, 8)', '(1, 7)', '(1, 6)', '(1, 5)', '(1, 4)', '(15, 3)']","['(15, 12)', '(16, 11)', '(14, 12)', '(15, 11)', '(13, 12)', '(14, 11)', '(12, 12)', '(13, 11)', '(11, 12)', '(12, 11)', '(10, 12)', '(11, 11)', '(9, 12)', '(10, 11)', '(8, 12)', '(9, 11)', '(7, 12)', '(8, 11)', '(6, 12)', '(7, 11)', '(5, 12)', '(6, 11)', '(4, 12)', '(5, 11)', '(3, 12)', '(4, 11)', '(2, 12)', '(3, 11)', '(1, 12)', '(1, 11)', '(1, 10)', '(1, 9)', '(1, 8)', '(1, 7)', '(1, 6)', '(1, 5)', '(1, 4)', '(16, 3)', '(14, 3)']","['(4, 3)', '(8, 3)', '(10, 3)', '(9, 11)', '(1, 6)', '(2, 11)', '(1, 9)', '(13, 11)', '(11, 11)', '(1, 3)', '(15, 11)', '(6, 11)', '(12, 3)', '(3, 3)', '(14, 3)', '(5, 3)', '(4, 11)', '(8, 11)', '(10, 11)', '(1, 5)', '(1, 11)', '(1, 8)', '(7, 3)', '(6, 3)', '(12, 11)', '(3, 11)', '(14, 11)', '(5, 11)', '(9, 3)', '(11, 3)', '(1, 4)', '(2, 3)', '(13, 3)', '(1, 7)', '(1, 10)', '(15, 3)', '(7, 11)']",36,0,36
38,"(16, 3)","(15, 3)",East,"['(17, 3)', '(15, 3)']","['(15, 12)', '(16, 11)', '(14, 12)', '(15, 11)', '(13, 12)', '(14, 11)', '(12, 12)', '(13, 11)', '(11, 12)', '(12, 11)', '(10, 12)', '(11, 11)', '(9, 12)', '(10, 11)', '(8, 12)', '(9, 11)', '(7, 12)', '(8, 11)', '(6, 12)', '(7, 11)', '(5, 12)', '(6, 11)', '(4, 12)', '(5, 11)', '(3, 12)', '(4, 11)', '(2, 12)', '(3, 11)', '(1, 12)', '(1, 11)', '(1, 10)', '(1, 9)', '(1, 8)', '(1, 7)', '(1, 6)', '(1, 5)', '(1, 4)', '(16, 3)']","['(15, 12)', '(16, 11)', '(14, 12)', '(15, 11)', '(13, 12)', '(14, 11)', '(12, 12)', '(13, 11)', '(11, 12)', '(12, 11)', '(10, 12)', '(11, 11)', '(9, 12)', '(10, 11)', '(8, 12)', '(9, 11)', '(7, 12)', '(8, 11)', '(6, 12)', '(7, 11)', '(5, 12)', '(6, 11)', '(4, 12)', '(5, 11)', '(3, 12)', '(4, 11)', '(2, 12)', '(3, 11)', '(1, 12)', '(1, 11)', '(1, 10)', '(1, 9)', '(1, 8)', '(1, 7)', '(1, 6)', '(1, 5)', '(1, 4)', '(17, 3)', '(15, 3)']","['(4, 3)', '(8, 3)', '(10, 3)', '(9, 11)', '(1, 6)', '(2, 11)', '(1, 9)', '(13, 11)', '(11, 11)', '(1, 3)', '(15, 11)', '(6, 11)', '(12, 3)', '(3, 3)', '(14, 3)', '(5, 3)', '(4, 11)', '(8, 11)', '(10, 11)', '(1, 5)', '(1, 11)', '(16, 3)', '(1, 8)', '(7, 3)', '(6, 3)', '(12, 11)', '(3, 11)', '(14, 11)', '(5, 11)', '(9, 3)', '(11, 3)', '(1, 4)', '(2, 3)', '(13, 3)', '(1, 7)', '(1, 10)', '(15, 3)', '(7, 11)']",37,0,37
39,"(17, 3)","(16, 3)",East,"['(18, 3)', '(16, 3)']","['(15, 12)', '(16, 11)', '(14, 12)', '(15, 11)', '(13, 12)', '(14, 11)', '(12, 12)', '(13, 11)', '(11, 12)', '(12, 11)', '(10, 12)', '(11, 11)', '(9, 12)', '(10, 11)', '(8, 12)', '(9, 11)', '(7, 12)', '(8, 11)', '(6, 12)', '(7, 11)', '(5, 12)', '(6, 11)', '(4, 12)', '(5, 11)', '(3, 12)', '(4, 11)', '(2, 12)', '(3, 11)', '(1, 12)', '(1, 11)', '(1, 10)', '(1, 9)', '(1, 8)', '(1, 7)', '(1, 6)', '(1, 5)', '(1, 4)', '(17, 3)']","['(15, 12)', '(16, 11)', '(14, 12)', '(15, 11)', '(13, 12)', '(14, 11)', '(12, 12)', '(13, 11)', '(11, 12)', '(12, 11)', '(10, 12)', '(11, 11)', '(9, 12)', '(10, 11)', '(8, 12)', '(9, 11)', '(7, 12)', '(8, 11)', '(6, 12)', '(7, 11)', '(5, 12)', '(6, 11)', '(4, 12)', '(5, 11)', '(3, 12)', '(4, 11)', '(2, 12)', '(3, 11)', '(1, 12)', '(1, 11)', '(1, 10)', '(1, 9)', '(1, 8)', '(1, 7)', '(1, 6)', '(1, 5)', '(1, 4)', '(18, 3)', '(16, 3)']","['(4, 3)', '(17, 3)', '(8, 3)', '(10, 3)', '(9, 11)', '(1, 6)', '(2, 11)', '(1, 9)', '(13, 11)', '(11, 11)', '(1, 3)', '(15, 11)', '(6, 11)', '(12, 3)', '(3, 3)', '(14, 3)', '(5, 3)', '(4, 11)', '(8, 11)', '(10, 11)', '(1, 5)', '(1, 11)', '(16, 3)', '(1, 8)', '(7, 3)', '(6, 3)', '(12, 11)', '(3, 11)', '(14, 11)', '(5, 11)', '(9, 3)', '(11, 3)', '(1, 4)', '(2, 3)', '(13, 3)', '(1, 7)', '(1, 10)', '(15, 3)', '(7, 11)']",38,0,38
40,"(18, 3)","(17, 3)",East,"['(19, 3)', '(17, 3)']","['(15, 12)', '(16, 11)', '(14, 12)', '(15, 11)', '(13, 12)', '(14, 11)', '(12, 12)', '(13, 11)', '(11, 12)', '(12, 11)', '(10, 12)', '(11, 11)', '(9, 12)', '(10, 11)', '(8, 12)', '(9, 11)', '(7, 12)', '(8, 11)', '(6, 12)', '(7, 11)', '(5, 12)', '(6, 11)', '(4, 12)', '(5, 11)', '(3, 12)', '(4, 11)', '(2, 12)', '(3, 11)', '(1, 12)', '(1, 11)', '(1, 10)', '(1, 9)', '(1, 8)', '(1, 7)', '(1, 6)', '(1, 5)', '(1, 4)', '(18, 3)']","['(15, 12)', '(16, 11)', '(14, 12)', '(15, 11)', '(13, 12)', '(14, 11)', '(12, 12)', '(13, 11)', '(11, 12)', '(12, 11)', '(10, 12)', '(11, 11)', '(9, 12)', '(10, 11)', '(8, 12)', '(9, 11)', '(7, 12)', '(8, 11)', '(6, 12)', '(7, 11)', '(5, 12)', '(6, 11)', '(4, 12)', '(5, 11)', '(3, 12)', '(4, 11)', '(2, 12)', '(3, 11)', '(1, 12)', '(1, 11)', '(1, 10)', '(1, 9)', '(1, 8)', '(1, 7)', '(1, 6)', '(1, 5)', '(1, 4)', '(19, 3)', '(17, 3)']","['(4, 3)', '(17, 3)', '(8, 3)', '(10, 3)', '(9, 11)', '(1, 6)', '(2, 11)', '(1, 9)', '(13, 11)', '(11, 11)', '(1, 3)', '(15, 11)', '(6, 11)', '(12, 3)', '(3, 3)', '(14, 3)', '(5, 3)', '(4, 11)', '(8, 11)', '(10, 11)', '(1, 5)', '(1, 11)', '(16, 3)', '(1, 8)', '(7, 3)', '(18, 3)', '(6, 3)', '(12, 11)', '(3, 11)', '(14, 11)', '(5, 11)', '(9, 3)', '(11, 3)', '(1, 4)', '(2, 3)', '(13, 3)', '(1, 7)', '(1, 10)', '(15, 3)', '(7, 11)']",39,0,39
41,"(19, 3)","(18, 3)",East,"['(19, 4)', '(18, 3)']","['(15, 12)', '(16, 11)', '(14, 12)', '(15, 11)', '(13, 12)', '(14, 11)', '(12, 12)', '(13, 11)', '(11, 12)', '(12, 11)', '(10, 12)', '(11, 11)', '(9, 12)', '(10, 11)', '(8, 12)', '(9, 11)', '(7, 12)', '(8, 11)', '(6, 12)', '(7, 11)', '(5, 12)', '(6, 11)', '(4, 12)', '(5, 11)', '(3, 12)', '(4, 11)', '(2, 12)', '(3, 11)', '(1, 12)', '(1, 11)', '(1, 10)', '(1, 9)', '(1, 8)', '(1, 7)', '(1, 6)', '(1, 5)', '(1, 4)', '(19, 3)']","['(15, 12)', '(16, 11)', '(14, 12)', '(15, 11)', '(13, 12)', '(14, 11)', '(12, 12)', '(13, 11)', '(11, 12)', '(12, 11)', '(10, 12)', '(11, 11)', '(9, 12)', '(10, 11)', '(8, 12)', '(9, 11)', '(7, 12)', '(8, 11)', '(6, 12)', '(7, 11)', '(5, 12)', '(6, 11)', '(4, 12)', '(5, 11)', '(3, 12)', '(4, 11)', '(2, 12)', '(3, 11)', '(1, 12)', '(1, 11)', '(1, 10)', '(1, 9)', '(1, 8)', '(1, 7)', '(1, 6)', '(1, 5)', '(1, 4)', '(19, 4)', '(18, 3)']","[(4, 3), (17, 3), (8, 3), (19, 3), (10, 3), (9, 11), (1, 6), (2, 11), (1, 9), (13, 11), (11, 11), (1, 3), (15, 11), (6, 11), (12, 3), (3, 3), (14, 3), (5, 3), (4, 11), (8, 11), (10, 11), (1, 5), (1, 11), (16, 3), (1, 8), (7, 3), (18, 3), (6, 3), (12, 11), (3, 11), (14, 11), (5, 11), (9, 3), (11, 3), (1, 4), (2, 3), (13, 3), (1, 7), (1, 10), (15, 3), ... (+1 more)]",40,0,40
42,"(19, 4)","(19, 3)",North,"['(19, 5)', '(19, 3)']","['(15, 12)', '(16, 11)', '(14, 12)', '(15, 11)', '(13, 12)', '(14, 11)', '(12, 12)', '(13, 11)', '(11, 12)', '(12, 11)', '(10, 12)', '(11, 11)', '(9, 12)', '(10, 11)', '(8, 12)', '(9, 11)', '(7, 12)', '(8, 11)', '(6, 12)', '(7, 11)', '(5, 12)', '(6, 11)', '(4, 12)', '(5, 11)', '(3, 12)', '(4, 11)', '(2, 12)', '(3, 11)', '(1, 12)', '(1, 11)', '(1, 10)', '(1, 9)', '(1, 8)', '(1, 7)', '(1, 6)', '(1, 5)', '(1, 4)', '(19, 4)']","['(15, 12)', '(16, 11)', '(14, 12)', '(15, 11)', '(13, 12)', '(14, 11)', '(12, 12)', '(13, 11)', '(11, 12)', '(12, 11)', '(10, 12)', '(11, 11)', '(9, 12)', '(10, 11)', '(8, 12)', '(9, 11)', '(7, 12)', '(8, 11)', '(6, 12)', '(7, 11)', '(5, 12)', '(6, 11)', '(4, 12)', '(5, 11)', '(3, 12)', '(4, 11)', '(2, 12)', '(3, 11)', '(1, 12)', '(1, 11)', '(1, 10)', '(1, 9)', '(1, 8)', '(1, 7)', '(1, 6)', '(1, 5)', '(1, 4)', '(19, 5)', '(19, 3)']","[(4, 3), (17, 3), (8, 3), (19, 3), (10, 3), (9, 11), (1, 6), (2, 11), (1, 9), (13, 11), (11, 11), (1, 3), (15, 11), (6, 11), (12, 3), (3, 3), (14, 3), (5, 3), (4, 11), (8, 11), (10, 11), (1, 5), (1, 11), (16, 3), (1, 8), (7, 3), (18, 3), (6, 3), (12, 11), (3, 11), (14, 11), (5, 11), (19, 4), (9, 3), (11, 3), (1, 4), (2, 3), (13, 3), (1, 7), (1, 10), ... (+2 more)]",41,0,41
43,"(19, 5)","(19, 4)",North,"['(19, 6)', '(19, 4)', '(20, 5)']","['(15, 12)', '(16, 11)', '(14, 12)', '(15, 11)', '(13, 12)', '(14, 11)', '(12, 12)', '(13, 11)', '(11, 12)', '(12, 11)', '(10, 12)', '(11, 11)', '(9, 12)', '(10, 11)', '(8, 12)', '(9, 11)', '(7, 12)', '(8, 11)', '(6, 12)', '(7, 11)', '(5, 12)', '(6, 11)', '(4, 12)', '(5, 11)', '(3, 12)', '(4, 11)', '(2, 12)', '(3, 11)', '(1, 12)', '(1, 11)', '(1, 10)', '(1, 9)', '(1, 8)', '(1, 7)', '(1, 6)', '(1, 5)', '(1, 4)', '(19, 5)']","['(15, 12)', '(16, 11)', '(14, 12)', '(15, 11)', '(13, 12)', '(14, 11)', '(12, 12)', '(13, 11)', '(11, 12)', '(12, 11)', '(10, 12)', '(11, 11)', '(9, 12)', '(10, 11)', '(8, 12)', '(9, 11)', '(7, 12)', '(8, 11)', '(6, 12)', '(7, 11)', '(5, 12)', '(6, 11)', '(4, 12)', '(5, 11)', '(3, 12)', '(4, 11)', '(2, 12)', '(3, 11)', '(1, 12)', '(1, 11)', '(1, 10)', '(1, 9)', '(1, 8)', '(1, 7)', '(1, 6)', '(1, 5)', '(1, 4)', '(19, 6)', '(19, 4)', '(20, 5)']","[(4, 3), (17, 3), (8, 3), (19, 3), (10, 3), (9, 11), (1, 6), (2, 11), (1, 9), (13, 11), (11, 11), (1, 3), (15, 11), (6, 11), (12, 3), (3, 3), (14, 3), (5, 3), (4, 11), (19, 5), (8, 11), (10, 11), (1, 5), (1, 11), (16, 3), (1, 8), (7, 3), (18, 3), (6, 3), (12, 11), (3, 11), (14, 11), (5, 11), (19, 4), (9, 3), (11, 3), (1, 4), (2, 3), (13, 3), (1, 7), ... (+3 more)]",42,0,42
44,"(20, 5)","(19, 5)",East,"['(21, 5)', '(19, 5)']","['(15, 12)', '(16, 11)', '(14, 12)', '(15, 11)', '(13, 12)', '(14, 11)', '(12, 12)', '(13, 11)', '(11, 12)', '(12, 11)', '(10, 12)', '(11, 11)', '(9, 12)', '(10, 11)', '(8, 12)', '(9, 11)', '(7, 12)', '(8, 11)', '(6, 12)', '(7, 11)', '(5, 12)', '(6, 11)', '(4, 12)', '(5, 11)', '(3, 12)', '(4, 11)', '(2, 12)', '(3, 11)', '(1, 12)', '(1, 11)', '(1, 10)', '(1, 9)', '(1, 8)', '(1, 7)', '(1, 6)', '(1, 5)', '(1, 4)', '(19, 6)', '(19, 4)', '(20, 5)']","[(15, 12), (16, 11), (14, 12), (15, 11), (13, 12), (14, 11), (12, 12), (13, 11), (11, 12), (12, 11), (10, 12), (11, 11), (9, 12), (10, 11), (8, 12), (9, 11), (7, 12), (8, 11), (6, 12), (7, 11), (5, 12), (6, 11), (4, 12), (5, 11), (3, 12), (4, 11), (2, 12), (3, 11), (1, 12), (1, 11), (1, 10), (1, 9), (1, 8), (1, 7), (1, 6), (1, 5), (1, 4), (19, 6), (19, 4), (21, 5), ... (+1 more)]","[(20, 5), (4, 3), (17, 3), (8, 3), (19, 3), (10, 3), (9, 11), (1, 6), (2, 11), (1, 9), (13, 11), (11, 11), (1, 3), (15, 11), (6, 11), (12, 3), (3, 3), (14, 3), (5, 3), (4, 11), (19, 5), (8, 11), (10, 11), (1, 5), (1, 11), (16, 3), (1, 8), (7, 3), (18, 3), (6, 3), (12, 11), (3, 11), (14, 11), (5, 11), (19, 4), (9, 3), (11, 3), (1, 4), (2, 3), (13, 3), ... (+4 more)]",43,0,43
45,"(21, 5)","(20, 5)",East,"['(22, 5)', '(20, 5)']","['(15, 12)', '(16, 11)', '(14, 12)', '(15, 11)', '(13, 12)', '(14, 11)', '(12, 12)', '(13, 11)', '(11, 12)', '(12, 11)', '(10, 12)', '(11, 11)', '(9, 12)', '(10, 11)', '(8, 12)', '(9, 11)', '(7, 12)', '(8, 11)', '(6, 12)', '(7, 11)', '(5, 12)', '(6, 11)', '(4, 12)', '(5, 11)', '(3, 12)', '(4, 11)', '(2, 12)', '(3, 11)', '(1, 12)', '(1, 11)', '(1, 10)', '(1, 9)', '(1, 8)', '(1, 7)', '(1, 6)', '(1, 5)', '(1, 4)', '(19, 6)', '(19, 4)', '(21, 5)']","[(15, 12), (16, 11), (14, 12), (15, 11), (13, 12), (14, 11), (12, 12), (13, 11), (11, 12), (12, 11), (10, 12), (11, 11), (9, 12), (10, 11), (8, 12), (9, 11), (7, 12), (8, 11), (6, 12), (7, 11), (5, 12), (6, 11), (4, 12), (5, 11), (3, 12), (4, 11), (2, 12), (3, 11), (1, 12), (1, 11), (1, 10), (1, 9), (1, 8), (1, 7), (1, 6), (1, 5), (1, 4), (19, 6), (19, 4), (22, 5), ... (+1 more)]","[(20, 5), (4, 3), (17, 3), (8, 3), (19, 3), (10, 3), (9, 11), (1, 6), (2, 11), (1, 9), (13, 11), (11, 11), (1, 3), (15, 11), (6, 11), (12, 3), (3, 3), (14, 3), (5, 3), (4, 11), (19, 5), (8, 11), (10, 11), (1, 5), (1, 11), (16, 3), (1, 8), (7, 3), (18, 3), (6, 3), (21, 5), (12, 11), (3, 11), (14, 11), (5, 11), (19, 4), (9, 3), (11, 3), (1, 4), (2, 3), ... (+5 more)]",44,0,44
46,"(22, 5)","(21, 5)",East,"['(23, 5)', '(21, 5)']","['(15, 12)', '(16, 11)', '(14, 12)', '(15, 11)', '(13, 12)', '(14, 11)', '(12, 12)', '(13, 11)', '(11, 12)', '(12, 11)', '(10, 12)', '(11, 11)', '(9, 12)', '(10, 11)', '(8, 12)', '(9, 11)', '(7, 12)', '(8, 11)', '(6, 12)', '(7, 11)', '(5, 12)', '(6, 11)', '(4, 12)', '(5, 11)', '(3, 12)', '(4, 11)', '(2, 12)', '(3, 11)', '(1, 12)', '(1, 11)', '(1, 10)', '(1, 9)', '(1, 8)', '(1, 7)', '(1, 6)', '(1, 5)', '(1, 4)', '(19, 6)', '(19, 4)', '(22, 5)']","[(15, 12), (16, 11), (14, 12), (15, 11), (13, 12), (14, 11), (12, 12), (13, 11), (11, 12), (12, 11), (10, 12), (11, 11), (9, 12), (10, 11), (8, 12), (9, 11), (7, 12), (8, 11), (6, 12), (7, 11), (5, 12), (6, 11), (4, 12), (5, 11), (3, 12), (4, 11), (2, 12), (3, 11), (1, 12), (1, 11), (1, 10), (1, 9), (1, 8), (1, 7), (1, 6), (1, 5), (1, 4), (19, 6), (19, 4), (23, 5), ... (+1 more)]","[(20, 5), (22, 5), (4, 3), (17, 3), (8, 3), (19, 3), (10, 3), (9, 11), (1, 6), (2, 11), (1, 9), (13, 11), (11, 11), (1, 3), (15, 11), (6, 11), (12, 3), (3, 3), (14, 3), (5, 3), (4, 11), (19, 5), (8, 11), (10, 11), (1, 5), (1, 11), (16, 3), (1, 8), (7, 3), (18, 3), (6, 3), (21, 5), (12, 11), (3, 11), (14, 11), (5, 11), (19, 4), (9, 3), (11, 3), (1, 4), ... (+6 more)]",45,0,45
47,"(23, 5)","(22, 5)",East,"['(24, 5)', '(22, 5)']","['(15, 12)', '(16, 11)', '(14, 12)', '(15, 11)', '(13, 12)', '(14, 11)', '(12, 12)', '(13, 11)', '(11, 12)', '(12, 11)', '(10, 12)', '(11, 11)', '(9, 12)', '(10, 11)', '(8, 12)', '(9, 11)', '(7, 12)', '(8, 11)', '(6, 12)', '(7, 11)', '(5, 12)', '(6, 11)', '(4, 12)', '(5, 11)', '(3, 12)', '(4, 11)', '(2, 12)', '(3, 11)', '(1, 12)', '(1, 11)', '(1, 10)', '(1, 9)', '(1, 8)', '(1, 7)', '(1, 6)', '(1, 5)', '(1, 4)', '(19, 6)', '(19, 4)', '(23, 5)']","[(15, 12), (16, 11), (14, 12), (15, 11), (13, 12), (14, 11), (12, 12), (13, 11), (11, 12), (12, 11), (10, 12), (11, 11), (9, 12), (10, 11), (8, 12), (9, 11), (7, 12), (8, 11), (6, 12), (7, 11), (5, 12), (6, 11), (4, 12), (5, 11), (3, 12), (4, 11), (2, 12), (3, 11), (1, 12), (1, 11), (1, 10), (1, 9), (1, 8), (1, 7), (1, 6), (1, 5), (1, 4), (19, 6), (19, 4), (24, 5), ... (+1 more)]","[(20, 5), (22, 5), (4, 3), (17, 3), (8, 3), (19, 3), (10, 3), (9, 11), (1, 6), (2, 11), (1, 9), (13, 11), (11, 11), (1, 3), (15, 11), (6, 11), (12, 3), (3, 3), (14, 3), (5, 3), (4, 11), (19, 5), (8, 11), (10, 11), (1, 5), (1, 11), (16, 3), (1, 8), (7, 3), (18, 3), (6, 3), (21, 5), (23, 5), (12, 11), (3, 11), (14, 11), (5, 11), (19, 4), (9, 3), (11, 3), ... (+7 more)]",46,0,46
48,"(24, 5)","(23, 5)",East,"['(25, 5)', '(23, 5)']","['(15, 12)', '(16, 11)', '(14, 12)', '(15, 11)', '(13, 12)', '(14, 11)', '(12, 12)', '(13, 11)', '(11, 12)', '(12, 11)', '(10, 12)', '(11, 11)', '(9, 12)', '(10, 11)', '(8, 12)', '(9, 11)', '(7, 12)', '(8, 11)', '(6, 12)', '(7, 11)', '(5, 12)', '(6, 11)', '(4, 12)', '(5, 11)', '(3, 12)', '(4, 11)', '(2, 12)', '(3, 11)', '(1, 12)', '(1, 11)', '(1, 10)', '(1, 9)', '(1, 8)', '(1, 7)', '(1, 6)', '(1, 5)', '(1, 4)', '(19, 6)', '(19, 4)', '(24, 5)']","[(15, 12), (16, 11), (14, 12), (15, 11), (13, 12), (14, 11), (12, 12), (13, 11), (11, 12), (12, 11), (10, 12), (11, 11), (9, 12), (10, 11), (8, 12), (9, 11), (7, 12), (8, 11), (6, 12), (7, 11), (5, 12), (6, 11), (4, 12), (5, 11), (3, 12), (4, 11), (2, 12), (3, 11), (1, 12), (1, 11), (1, 10), (1, 9), (1, 8), (1, 7), (1, 6), (1, 5), (1, 4), (19, 6), (19, 4), (25, 5), ... (+1 more)]","[(20, 5), (22, 5), (4, 3), (17, 3), (8, 3), (19, 3), (10, 3), (9, 11), (1, 6), (2, 11), (1, 9), (13, 11), (11, 11), (1, 3), (24, 5), (15, 11), (6, 11), (12, 3), (3, 3), (14, 3), (5, 3), (4, 11), (19, 5), (8, 11), (10, 11), (1, 5), (1, 11), (16, 3), (1, 8), (7, 3), (18, 3), (6, 3), (21, 5), (23, 5), (12, 11), (3, 11), (14, 11), (5, 11), (19, 4), (9, 3), ... (+8 more)]",47,0,47
49,"(25, 5)","(24, 5)",East,"['(25, 6)', '(24, 5)']","['(15, 12)', '(16, 11)', '(14, 12)', '(15, 11)', '(13, 12)', '(14, 11)', '(12, 12)', '(13, 11)', '(11, 12)', '(12, 11)', '(10, 12)', '(11, 11)', '(9, 12)', '(10, 11)', '(8, 12)', '(9, 11)', '(7, 12)', '(8, 11)', '(6, 12)', '(7, 11)', '(5, 12)', '(6, 11)', '(4, 12)', '(5, 11)', '(3, 12)', '(4, 11)', '(2, 12)', '(3, 11)', '(1, 12)', '(1, 11)', '(1, 10)', '(1, 9)', '(1, 8)', '(1, 7)', '(1, 6)', '(1, 5)', '(1, 4)', '(19, 6)', '(19, 4)', '(25, 5)']","[(15, 12), (16, 11), (14, 12), (15, 11), (13, 12), (14, 11), (12, 12), (13, 11), (11, 12), (12, 11), (10, 12), (11, 11), (9, 12), (10, 11), (8, 12), (9, 11), (7, 12), (8, 11), (6, 12), (7, 11), (5, 12), (6, 11), (4, 12), (5, 11), (3, 12), (4, 11), (2, 12), (3, 11), (1, 12), (1, 11), (1, 10), (1, 9), (1, 8), (1, 7), (1, 6), (1, 5), (1, 4), (19, 6), (19, 4), (25, 6), ... (+1 more)]","[(20, 5), (22, 5), (4, 3), (17, 3), (8, 3), (19, 3), (10, 3), (9, 11), (1, 6), (2, 11), (1, 9), (13, 11), (11, 11), (1, 3), (24, 5), (15, 11), (6, 11), (12, 3), (3, 3), (14, 3), (5, 3), (4, 11), (19, 5), (8, 11), (10, 11), (1, 5), (1, 11), (16, 3), (1, 8), (7, 3), (18, 3), (6, 3), (21, 5), (23, 5), (12, 11), (3, 11), (14, 11), (5, 11), (19, 4), (9, 3), ... (+9 more)]",48,0,48
50,"(25, 6)","(25, 5)",North,"['(25, 7)', '(25, 5)']","['(15, 12)', '(16, 11)', '(14, 12)', '(15, 11)', '(13, 12)', '(14, 11)', '(12, 12)', '(13, 11)', '(11, 12)', '(12, 11)', '(10, 12)', '(11, 11)', '(9, 12)', '(10, 11)', '(8, 12)', '(9, 11)', '(7, 12)', '(8, 11)', '(6, 12)', '(7, 11)', '(5, 12)', '(6, 11)', '(4, 12)', '(5, 11)', '(3, 12)', '(4, 11)', '(2, 12)', '(3, 11)', '(1, 12)', '(1, 11)', '(1, 10)', '(1, 9)', '(1, 8)', '(1, 7)', '(1, 6)', '(1, 5)', '(1, 4)', '(19, 6)', '(19, 4)', '(25, 6)']","[(15, 12), (16, 11), (14, 12), (15, 11), (13, 12), (14, 11), (12, 12), (13, 11), (11, 12), (12, 11), (10, 12), (11, 11), (9, 12), (10, 11), (8, 12), (9, 11), (7, 12), (8, 11), (6, 12), (7, 11), (5, 12), (6, 11), (4, 12), (5, 11), (3, 12), (4, 11), (2, 12), (3, 11), (1, 12), (1, 11), (1, 10), (1, 9), (1, 8), (1, 7), (1, 6), (1, 5), (1, 4), (19, 6), (19, 4), (25, 7), ... (+1 more)]","[(20, 5), (22, 5), (4, 3), (17, 3), (8, 3), (19, 3), (10, 3), (9, 11), (1, 6), (2, 11), (1, 9), (13, 11), (11, 11), (1, 3), (24, 5), (15, 11), (6, 11), (12, 3), (3, 3), (14, 3), (5, 3), (4, 11), (19, 5), (8, 11), (10, 11), (1, 5), (1, 11), (25, 6), (16, 3), (1, 8), (7, 3), (18, 3), (6, 3), (21, 5), (23, 5), (12, 11), (3, 11), (14, 11), (5, 11), (19, 4), ... (+10 more)]",49,0,49
51,"(25, 7)","(25, 6)",North,"['(25, 8)', '(25, 6)', '(24, 7)']","['(15, 12)', '(16, 11)', '(14, 12)', '(15, 11)', '(13, 12)', '(14, 11)', '(12, 12)', '(13, 11)', '(11, 12)', '(12, 11)', '(10, 12)', '(11, 11)', '(9, 12)', '(10, 11)', '(8, 12)', '(9, 11)', '(7, 12)', '(8, 11)', '(6, 12)', '(7, 11)', '(5, 12)', '(6, 11)', '(4, 12)', '(5, 11)', '(3, 12)', '(4, 11)', '(2, 12)', '(3, 11)', '(1, 12)', '(1, 11)', '(1, 10)', '(1, 9)', '(1, 8)', '(1, 7)', '(1, 6)', '(1, 5)', '(1, 4)', '(19, 6)', '(19, 4)', '(25, 7)']","[(15, 12), (16, 11), (14, 12), (15, 11), (13, 12), (14, 11), (12, 12), (13, 11), (11, 12), (12, 11), (10, 12), (11, 11), (9, 12), (10, 11), (8, 12), (9, 11), (7, 12), (8, 11), (6, 12), (7, 11), (5, 12), (6, 11), (4, 12), (5, 11), (3, 12), (4, 11), (2, 12), (3, 11), (1, 12), (1, 11), (1, 10), (1, 9), (1, 8), (1, 7), (1, 6), (1, 5), (1, 4), (19, 6), (19, 4), (25, 8), ... (+2 more)]","[(20, 5), (22, 5), (4, 3), (17, 3), (8, 3), (19, 3), (10, 3), (9, 11), (1, 6), (25, 7), (2, 11), (1, 9), (13, 11), (11, 11), (1, 3), (24, 5), (15, 11), (6, 11), (12, 3), (3, 3), (14, 3), (5, 3), (4, 11), (19, 5), (8, 11), (10, 11), (1, 5), (1, 11), (25, 6), (16, 3), (1, 8), (7, 3), (18, 3), (6, 3), (21, 5), (23, 5), (12, 11), (3, 11), (14, 11), (5, 11), ... (+11 more)]",50,0,50
52,"(24, 7)","(25, 7)",West,"['(25, 7)', '(23, 7)']","[(15, 12), (16, 11), (14, 12), (15, 11), (13, 12), (14, 11), (12, 12), (13, 11), (11, 12), (12, 11), (10, 12), (11, 11), (9, 12), (10, 11), (8, 12), (9, 11), (7, 12), (8, 11), (6, 12), (7, 11), (5, 12), (6, 11), (4, 12), (5, 11), (3, 12), (4, 11), (2, 12), (3, 11), (1, 12), (1, 11), (1, 10), (1, 9), (1, 8), (1, 7), (1, 6), (1, 5), (1, 4), (19, 6), (19, 4), (25, 8), ... (+2 more)]","[(15, 12), (16, 11), (14, 12), (15, 11), (13, 12), (14, 11), (12, 12), (13, 11), (11, 12), (12, 11), (10, 12), (11, 11), (9, 12), (10, 11), (8, 12), (9, 11), (7, 12), (8, 11), (6, 12), (7, 11), (5, 12), (6, 11), (4, 12), (5, 11), (3, 12), (4, 11), (2, 12), (3, 11), (1, 12), (1, 11), (1, 10), (1, 9), (1, 8), (1, 7), (1, 6), (1, 5), (1, 4), (19, 6), (19, 4), (25, 8), ... (+3 more)]","[(20, 5), (22, 5), (4, 3), (17, 3), (8, 3), (19, 3), (10, 3), (9, 11), (1, 6), (25, 7), (2, 11), (1, 9), (13, 11), (11, 11), (1, 3), (24, 5), (15, 11), (6, 11), (12, 3), (3, 3), (14, 3), (5, 3), (4, 11), (19, 5), (8, 11), (10, 11), (1, 5), (1, 11), (25, 6), (16, 3), (1, 8), (24, 7), (7, 3), (18, 3), (6, 3), (21, 5), (23, 5), (12, 11), (3, 11), (14, 11), ... (+12 more)]",51,0,51
53,"(23, 7)","(24, 7)",West,"['(24, 7)', '(22, 7)']","[(15, 12), (16, 11), (14, 12), (15, 11), (13, 12), (14, 11), (12, 12), (13, 11), (11, 12), (12, 11), (10, 12), (11, 11), (9, 12), (10, 11), (8, 12), (9, 11), (7, 12), (8, 11), (6, 12), (7, 11), (5, 12), (6, 11), (4, 12), (5, 11), (3, 12), (4, 11), (2, 12), (3, 11), (1, 12), (1, 11), (1, 10), (1, 9), (1, 8), (1, 7), (1, 6), (1, 5), (1, 4), (19, 6), (19, 4), (25, 8), ... (+3 more)]","[(15, 12), (16, 11), (14, 12), (15, 11), (13, 12), (14, 11), (12, 12), (13, 11), (11, 12), (12, 11), (10, 12), (11, 11), (9, 12), (10, 11), (8, 12), (9, 11), (7, 12), (8, 11), (6, 12), (7, 11), (5, 12), (6, 11), (4, 12), (5, 11), (3, 12), (4, 11), (2, 12), (3, 11), (1, 12), (1, 11), (1, 10), (1, 9), (1, 8), (1, 7), (1, 6), (1, 5), (1, 4), (19, 6), (19, 4), (25, 8), ... (+4 more)]","[(20, 5), (23, 7), (22, 5), (4, 3), (17, 3), (8, 3), (19, 3), (10, 3), (9, 11), (1, 6), (25, 7), (2, 11), (1, 9), (13, 11), (11, 11), (1, 3), (24, 5), (15, 11), (6, 11), (12, 3), (3, 3), (14, 3), (5, 3), (4, 11), (19, 5), (8, 11), (10, 11), (1, 5), (1, 11), (25, 6), (16, 3), (1, 8), (24, 7), (7, 3), (18, 3), (6, 3), (21, 5), (23, 5), (12, 11), (3, 11), ... (+13 more)]",52,0,52
54,"(22, 7)","(23, 7)",West,"['(23, 7)', '(21, 7)']","[(15, 12), (16, 11), (14, 12), (15, 11), (13, 12), (14, 11), (12, 12), (13, 11), (11, 12), (12, 11), (10, 12), (11, 11), (9, 12), (10, 11), (8, 12), (9, 11), (7, 12), (8, 11), (6, 12), (7, 11), (5, 12), (6, 11), (4, 12), (5, 11), (3, 12), (4, 11), (2, 12), (3, 11), (1, 12), (1, 11), (1, 10), (1, 9), (1, 8), (1, 7), (1, 6), (1, 5), (1, 4), (19, 6), (19, 4), (25, 8), ... (+4 more)]","[(15, 12), (16, 11), (14, 12), (15, 11), (13, 12), (14, 11), (12, 12), (13, 11), (11, 12), (12, 11), (10, 12), (11, 11), (9, 12), (10, 11), (8, 12), (9, 11), (7, 12), (8, 11), (6, 12), (7, 11), (5, 12), (6, 11), (4, 12), (5, 11), (3, 12), (4, 11), (2, 12), (3, 11), (1, 12), (1, 11), (1, 10), (1, 9), (1, 8), (1, 7), (1, 6), (1, 5), (1, 4), (19, 6), (19, 4), (25, 8), ... (+5 more)]","[(20, 5), (23, 7), (22, 5), (4, 3), (17, 3), (8, 3), (19, 3), (10, 3), (9, 11), (1, 6), (25, 7), (2, 11), (1, 9), (13, 11), (11, 11), (1, 3), (24, 5), (15, 11), (6, 11), (12, 3), (22, 7), (3, 3), (14, 3), (5, 3), (4, 11), (19, 5), (8, 11), (10, 11), (1, 5), (1, 11), (25, 6), (16, 3), (1, 8), (24, 7), (7, 3), (18, 3), (6, 3), (21, 5), (23, 5), (12, 11), ... (+14 more)]",53,0,53
55,"(21, 7)","(22, 7)",West,"['(22, 7)', '(20, 7)']","[(15, 12), (16, 11), (14, 12), (15, 11), (13, 12), (14, 11), (12, 12), (13, 11), (11, 12), (12, 11), (10, 12), (11, 11), (9, 12), (10, 11), (8, 12), (9, 11), (7, 12), (8, 11), (6, 12), (7, 11), (5, 12), (6, 11), (4, 12), (5, 11), (3, 12), (4, 11), (2, 12), (3, 11), (1, 12), (1, 11), (1, 10), (1, 9), (1, 8), (1, 7), (1, 6), (1, 5), (1, 4), (19, 6), (19, 4), (25, 8), ... (+5 more)]","[(15, 12), (16, 11), (14, 12), (15, 11), (13, 12), (14, 11), (12, 12), (13, 11), (11, 12), (12, 11), (10, 12), (11, 11), (9, 12), (10, 11), (8, 12), (9, 11), (7, 12), (8, 11), (6, 12), (7, 11), (5, 12), (6, 11), (4, 12), (5, 11), (3, 12), (4, 11), (2, 12), (3, 11), (1, 12), (1, 11), (1, 10), (1, 9), (1, 8), (1, 7), (1, 6), (1, 5), (1, 4), (19, 6), (19, 4), (25, 8), ... (+6 more)]","[(20, 5), (23, 7), (22, 5), (4, 3), (17, 3), (8, 3), (19, 3), (10, 3), (9, 11), (1, 6), (25, 7), (2, 11), (1, 9), (13, 11), (11, 11), (1, 3), (24, 5), (15, 11), (6, 11), (12, 3), (22, 7), (3, 3), (14, 3), (5, 3), (4, 11), (19, 5), (8, 11), (10, 11), (1, 5), (1, 11), (25, 6), (16, 3), (1, 8), (24, 7), (7, 3), (18, 3), (6, 3), (21, 5), (23, 5), (12, 11), ... (+15 more)]",54,0,54
56,"(20, 7)","(21, 7)",West,"['(21, 7)', '(19, 7)']","[(15, 12), (16, 11), (14, 12), (15, 11), (13, 12), (14, 11), (12, 12), (13, 11), (11, 12), (12, 11), (10, 12), (11, 11), (9, 12), (10, 11), (8, 12), (9, 11), (7, 12), (8, 11), (6, 12), (7, 11), (5, 12), (6, 11), (4, 12), (5, 11), (3, 12), (4, 11), (2, 12), (3, 11), (1, 12), (1, 11), (1, 10), (1, 9), (1, 8), (1, 7), (1, 6), (1, 5), (1, 4), (19, 6), (19, 4), (25, 8), ... (+6 more)]","[(15, 12), (16, 11), (14, 12), (15, 11), (13, 12), (14, 11), (12, 12), (13, 11), (11, 12), (12, 11), (10, 12), (11, 11), (9, 12), (10, 11), (8, 12), (9, 11), (7, 12), (8, 11), (6, 12), (7, 11), (5, 12), (6, 11), (4, 12), (5, 11), (3, 12), (4, 11), (2, 12), (3, 11), (1, 12), (1, 11), (1, 10), (1, 9), (1, 8), (1, 7), (1, 6), (1, 5), (1, 4), (19, 6), (19, 4), (25, 8), ... (+7 more)]","[(20, 5), (23, 7), (22, 5), (4, 3), (17, 3), (8, 3), (19, 3), (10, 3), (9, 11), (1, 6), (25, 7), (2, 11), (1, 9), (13, 11), (11, 11), (1, 3), (24, 5), (15, 11), (6, 11), (20, 7), (12, 3), (22, 7), (3, 3), (14, 3), (5, 3), (4, 11), (19, 5), (8, 11), (10, 11), (1, 5), (1, 11), (25, 6), (16, 3), (1, 8), (24, 7), (7, 3), (18, 3), (6, 3), (21, 5), (23, 5), ... (+16 more)]",55,0,55
57,"(19, 7)","(20, 7)",West,"['(19, 6)', '(20, 7)']","[(15, 12), (16, 11), (14, 12), (15, 11), (13, 12), (14, 11), (12, 12), (13, 11), (11, 12), (12, 11), (10, 12), (11, 11), (9, 12), (10, 11), (8, 12), (9, 11), (7, 12), (8, 11), (6, 12), (7, 11), (5, 12), (6, 11), (4, 12), (5, 11), (3, 12), (4, 11), (2, 12), (3, 11), (1, 12), (1, 11), (1, 10), (1, 9), (1, 8), (1, 7), (1, 6), (1, 5), (1, 4), (19, 6), (19, 4), (25, 8), ... (+7 more)]","[(15, 12), (16, 11), (14, 12), (15, 11), (13, 12), (14, 11), (12, 12), (13, 11), (11, 12), (12, 11), (10, 12), (11, 11), (9, 12), (10, 11), (8, 12), (9, 11), (7, 12), (8, 11), (6, 12), (7, 11), (5, 12), (6, 11), (4, 12), (5, 11), (3, 12), (4, 11), (2, 12), (3, 11), (1, 12), (1, 11), (1, 10), (1, 9), (1, 8), (1, 7), (1, 6), (1, 5), (1, 4), (19, 6), (19, 4), (25, 8), ... (+8 more)]","[(20, 5), (23, 7), (22, 5), (4, 3), (17, 3), (8, 3), (19, 3), (10, 3), (9, 11), (1, 6), (25, 7), (2, 11), (1, 9), (13, 11), (11, 11), (1, 3), (24, 5), (15, 11), (6, 11), (20, 7), (12, 3), (22, 7), (3, 3), (14, 3), (5, 3), (4, 11), (19, 5), (8, 11), (10, 11), (1, 5), (1, 11), (25, 6), (16, 3), (1, 8), (24, 7), (7, 3), (18, 3), (6, 3), (21, 5), (23, 5), ... (+17 more)]",56,0,56
58,"(19, 6)","(19, 7)",South,"['(19, 7)', '(19, 5)']","[(15, 12), (16, 11), (14, 12), (15, 11), (13, 12), (14, 11), (12, 12), (13, 11), (11, 12), (12, 11), (10, 12), (11, 11), (9, 12), (10, 11), (8, 12), (9, 11), (7, 12), (8, 11), (6, 12), (7, 11), (5, 12), (6, 11), (4, 12), (5, 11), (3, 12), (4, 11), (2, 12), (3, 11), (1, 12), (1, 11), (1, 10), (1, 9), (1, 8), (1, 7), (1, 6), (1, 5), (1, 4), (19, 6), (19, 4), (25, 8), ... (+7 more)]","[(15, 12), (16, 11), (14, 12), (15, 11), (13, 12), (14, 11), (12, 12), (13, 11), (11, 12), (12, 11), (10, 12), (11, 11), (9, 12), (10, 11), (8, 12), (9, 11), (7, 12), (8, 11), (6, 12), (7, 11), (5, 12), (6, 11), (4, 12), (5, 11), (3, 12), (4, 11), (2, 12), (3, 11), (1, 12), (1, 11), (1, 10), (1, 9), (1, 8), (1, 7), (1, 6), (1, 5), (1, 4), (19, 6), (19, 4), (25, 8), ... (+8 more)]","[(20, 5), (23, 7), (22, 5), (4, 3), (17, 3), (19, 6), (8, 3), (19, 3), (10, 3), (9, 11), (1, 6), (25, 7), (2, 11), (1, 9), (13, 11), (11, 11), (1, 3), (24, 5), (15, 11), (6, 11), (20, 7), (12, 3), (22, 7), (3, 3), (14, 3), (5, 3), (4, 11), (19, 5), (8, 11), (10, 11), (1, 5), (1, 11), (25, 6), (16, 3), (1, 8), (24, 7), (7, 3), (18, 3), (6, 3), (21, 5), ... (+18 more)]",57,0,57
59,"(25, 8)","(25, 7)",North,"['(25, 9)', '(25, 7)']","['(15, 12)', '(16, 11)', '(14, 12)', '(15, 11)', '(13, 12)', '(14, 11)', '(12, 12)', '(13, 11)', '(11, 12)', '(12, 11)', '(10, 12)', '(11, 11)', '(9, 12)', '(10, 11)', '(8, 12)', '(9, 11)', '(7, 12)', '(8, 11)', '(6, 12)', '(7, 11)', '(5, 12)', '(6, 11)', '(4, 12)', '(5, 11)', '(3, 12)', '(4, 11)', '(2, 12)', '(3, 11)', '(1, 12)', '(1, 11)', '(1, 10)', '(1, 9)', '(1, 8)', '(1, 7)', '(1, 6)', '(1, 5)', '(1, 4)', '(19, 6)', '(19, 4)', '(25, 8)']","[(15, 12), (16, 11), (14, 12), (15, 11), (13, 12), (14, 11), (12, 12), (13, 11), (11, 12), (12, 11), (10, 12), (11, 11), (9, 12), (10, 11), (8, 12), (9, 11), (7, 12), (8, 11), (6, 12), (7, 11), (5, 12), (6, 11), (4, 12), (5, 11), (3, 12), (4, 11), (2, 12), (3, 11), (1, 12), (1, 11), (1, 10), (1, 9), (1, 8), (1, 7), (1, 6), (1, 5), (1, 4), (19, 6), (19, 4), (25, 9), ... (+1 more)]","[(20, 5), (23, 7), (22, 5), (4, 3), (17, 3), (19, 6), (8, 3), (19, 3), (10, 3), (9, 11), (1, 6), (25, 7), (2, 11), (1, 9), (13, 11), (11, 11), (1, 3), (24, 5), (15, 11), (6, 11), (20, 7), (12, 3), (22, 7), (3, 3), (14, 3), (5, 3), (4, 11), (19, 5), (8, 11), (10, 11), (1, 5), (1, 11), (25, 6), (16, 3), (1, 8), (24, 7), (7, 3), (18, 3), (6, 3), (21, 5), ... (+19 more)]",51,0,51
60,"(25, 9)","(25, 8)",North,"['(25, 8)', '(24, 9)']","['(15, 12)', '(16, 11)', '(14, 12)', '(15, 11)', '(13, 12)', '(14, 11)', '(12, 12)', '(13, 11)', '(11, 12)', '(12, 11)', '(10, 12)', '(11, 11)', '(9, 12)', '(10, 11)', '(8, 12)', '(9, 11)', '(7, 12)', '(8, 11)', '(6, 12)', '(7, 11)', '(5, 12)', '(6, 11)', '(4, 12)', '(5, 11)', '(3, 12)', '(4, 11)', '(2, 12)', '(3, 11)', '(1, 12)', '(1, 11)', '(1, 10)', '(1, 9)', '(1, 8)', '(1, 7)', '(1, 6)', '(1, 5)', '(1, 4)', '(19, 6)', '(19, 4)', '(25, 9)']","[(15, 12), (16, 11), (14, 12), (15, 11), (13, 12), (14, 11), (12, 12), (13, 11), (11, 12), (12, 11), (10, 12), (11, 11), (9, 12), (10, 11), (8, 12), (9, 11), (7, 12), (8, 11), (6, 12), (7, 11), (5, 12), (6, 11), (4, 12), (5, 11), (3, 12), (4, 11), (2, 12), (3, 11), (1, 12), (1, 11), (1, 10), (1, 9), (1, 8), (1, 7), (1, 6), (1, 5), (1, 4), (19, 6), (19, 4), (25, 8), ... (+1 more)]","[(20, 5), (23, 7), (22, 5), (4, 3), (17, 3), (19, 6), (8, 3), (19, 3), (10, 3), (9, 11), (1, 6), (25, 7), (2, 11), (1, 9), (13, 11), (11, 11), (1, 3), (24, 5), (15, 11), (6, 11), (20, 7), (12, 3), (22, 7), (3, 3), (14, 3), (5, 3), (4, 11), (19, 5), (8, 11), (10, 11), (25, 9), (1, 5), (1, 11), (25, 6), (16, 3), (1, 8), (24, 7), (7, 3), (18, 3), (6, 3), ... (+20 more)]",52,0,52
61,"(24, 9)","(25, 9)",West,"['(25, 9)', '(23, 9)']","[(15, 12), (16, 11), (14, 12), (15, 11), (13, 12), (14, 11), (12, 12), (13, 11), (11, 12), (12, 11), (10, 12), (11, 11), (9, 12), (10, 11), (8, 12), (9, 11), (7, 12), (8, 11), (6, 12), (7, 11), (5, 12), (6, 11), (4, 12), (5, 11), (3, 12), (4, 11), (2, 12), (3, 11), (1, 12), (1, 11), (1, 10), (1, 9), (1, 8), (1, 7), (1, 6), (1, 5), (1, 4), (19, 6), (19, 4), (25, 8), ... (+1 more)]","[(15, 12), (16, 11), (14, 12), (15, 11), (13, 12), (14, 11), (12, 12), (13, 11), (11, 12), (12, 11), (10, 12), (11, 11), (9, 12), (10, 11), (8, 12), (9, 11), (7, 12), (8, 11), (6, 12), (7, 11), (5, 12), (6, 11), (4, 12), (5, 11), (3, 12), (4, 11), (2, 12), (3, 11), (1, 12), (1, 11), (1, 10), (1, 9), (1, 8), (1, 7), (1, 6), (1, 5), (1, 4), (19, 6), (19, 4), (25, 8), ... (+2 more)]","[(20, 5), (23, 7), (22, 5), (4, 3), (17, 3), (19, 6), (8, 3), (19, 3), (10, 3), (9, 11), (1, 6), (25, 7), (2, 11), (1, 9), (13, 11), (11, 11), (1, 3), (24, 5), (15, 11), (6, 11), (20, 7), (12, 3), (22, 7), (3, 3), (14, 3), (5, 3), (4, 11), (19, 5), (8, 11), (10, 11), (25, 9), (1, 5), (1, 11), (25, 6), (16, 3), (1, 8), (24, 7), (7, 3), (18, 3), (6, 3), ... (+21 more)]",53,0,53
62,"(23, 9)","(24, 9)",West,"['(24, 9)', '(22, 9)']","[(15, 12), (16, 11), (14, 12), (15, 11), (13, 12), (14, 11), (12, 12), (13, 11), (11, 12), (12, 11), (10, 12), (11, 11), (9, 12), (10, 11), (8, 12), (9, 11), (7, 12), (8, 11), (6, 12), (7, 11), (5, 12), (6, 11), (4, 12), (5, 11), (3, 12), (4, 11), (2, 12), (3, 11), (1, 12), (1, 11), (1, 10), (1, 9), (1, 8), (1, 7), (1, 6), (1, 5), (1, 4), (19, 6), (19, 4), (25, 8), ... (+2 more)]","[(15, 12), (16, 11), (14, 12), (15, 11), (13, 12), (14, 11), (12, 12), (13, 11), (11, 12), (12, 11), (10, 12), (11, 11), (9, 12), (10, 11), (8, 12), (9, 11), (7, 12), (8, 11), (6, 12), (7, 11), (5, 12), (6, 11), (4, 12), (5, 11), (3, 12), (4, 11), (2, 12), (3, 11), (1, 12), (1, 11), (1, 10), (1, 9), (1, 8), (1, 7), (1, 6), (1, 5), (1, 4), (19, 6), (19, 4), (25, 8), ... (+3 more)]","[(20, 5), (23, 7), (22, 5), (4, 3), (17, 3), (19, 6), (8, 3), (19, 3), (10, 3), (9, 11), (1, 6), (25, 7), (2, 11), (1, 9), (13, 11), (11, 11), (1, 3), (24, 5), (15, 11), (6, 11), (20, 7), (12, 3), (23, 9), (22, 7), (3, 3), (14, 3), (5, 3), (4, 11), (19, 5), (8, 11), (10, 11), (25, 9), (1, 5), (1, 11), (25, 6), (16, 3), (1, 8), (24, 7), (7, 3), (18, 3), ... (+22 more)]",54,0,54
63,"(22, 9)","(23, 9)",West,"['(23, 9)', '(21, 9)']","[(15, 12), (16, 11), (14, 12), (15, 11), (13, 12), (14, 11), (12, 12), (13, 11), (11, 12), (12, 11), (10, 12), (11, 11), (9, 12), (10, 11), (8, 12), (9, 11), (7, 12), (8, 11), (6, 12), (7, 11), (5, 12), (6, 11), (4, 12), (5, 11), (3, 12), (4, 11), (2, 12), (3, 11), (1, 12), (1, 11), (1, 10), (1, 9), (1, 8), (1, 7), (1, 6), (1, 5), (1, 4), (19, 6), (19, 4), (25, 8), ... (+3 more)]","[(15, 12), (16, 11), (14, 12), (15, 11), (13, 12), (14, 11), (12, 12), (13, 11), (11, 12), (12, 11), (10, 12), (11, 11), (9, 12), (10, 11), (8, 12), (9, 11), (7, 12), (8, 11), (6, 12), (7, 11), (5, 12), (6, 11), (4, 12), (5, 11), (3, 12), (4, 11), (2, 12), (3, 11), (1, 12), (1, 11), (1, 10), (1, 9), (1, 8), (1, 7), (1, 6), (1, 5), (1, 4), (19, 6), (19, 4), (25, 8), ... (+4 more)]","[(20, 5), (23, 7), (22, 5), (4, 3), (17, 3), (19, 6), (8, 3), (19, 3), (10, 3), (9, 11), (1, 6), (25, 7), (2, 11), (1, 9), (13, 11), (11, 11), (1, 3), (24, 5), (15, 11), (6, 11), (20, 7), (12, 3), (23, 9), (22, 7), (3, 3), (14, 3), (5, 3), (4, 11), (19, 5), (8, 11), (10, 11), (25, 9), (1, 5), (1, 11), (25, 6), (16, 3), (1, 8), (24, 7), (7, 3), (18, 3), ... (+23 more)]",55,0,55
64,"(21, 9)","(22, 9)",West,"['(22, 9)', '(20, 9)']","[(15, 12), (16, 11), (14, 12), (15, 11), (13, 12), (14, 11), (12, 12), (13, 11), (11, 12), (12, 11), (10, 12), (11, 11), (9, 12), (10, 11), (8, 12), (9, 11), (7, 12), (8, 11), (6, 12), (7, 11), (5, 12), (6, 11), (4, 12), (5, 11), (3, 12), (4, 11), (2, 12), (3, 11), (1, 12), (1, 11), (1, 10), (1, 9), (1, 8), (1, 7), (1, 6), (1, 5), (1, 4), (19, 6), (19, 4), (25, 8), ... (+4 more)]","[(15, 12), (16, 11), (14, 12), (15, 11), (13, 12), (14, 11), (12, 12), (13, 11), (11, 12), (12, 11), (10, 12), (11, 11), (9, 12), (10, 11), (8, 12), (9, 11), (7, 12), (8, 11), (6, 12), (7, 11), (5, 12), (6, 11), (4, 12), (5, 11), (3, 12), (4, 11), (2, 12), (3, 11), (1, 12), (1, 11), (1, 10), (1, 9), (1, 8), (1, 7), (1, 6), (1, 5), (1, 4), (19, 6), (19, 4), (25, 8), ... (+5 more)]","[(20, 5), (23, 7), (22, 5), (4, 3), (17, 3), (19, 6), (8, 3), (19, 3), (10, 3), (9, 11), (1, 6), (25, 7), (2, 11), (1, 9), (13, 11), (11, 11), (1, 3), (24, 5), (15, 11), (6, 11), (21, 9), (20, 7), (12, 3), (23, 9), (22, 7), (3, 3), (14, 3), (5, 3), (4, 11), (19, 5), (8, 11), (10, 11), (25, 9), (1, 5), (1, 11), (25, 6), (16, 3), (1, 8), (24, 7), (7, 3), ... (+24 more)]",56,0,56
65,"(20, 9)","(21, 9)",West,"['(21, 9)', '(19, 9)']","[(15, 12), (16, 11), (14, 12), (15, 11), (13, 12), (14, 11), (12, 12), (13, 11), (11, 12), (12, 11), (10, 12), (11, 11), (9, 12), (10, 11), (8, 12), (9, 11), (7, 12), (8, 11), (6, 12), (7, 11), (5, 12), (6, 11), (4, 12), (5, 11), (3, 12), (4, 11), (2, 12), (3, 11), (1, 12), (1, 11), (1, 10), (1, 9), (1, 8), (1, 7), (1, 6), (1, 5), (1, 4), (19, 6), (19, 4), (25, 8), ... (+5 more)]","[(15, 12), (16, 11), (14, 12), (15, 11), (13, 12), (14, 11), (12, 12), (13, 11), (11, 12), (12, 11), (10, 12), (11, 11), (9, 12), (10, 11), (8, 12), (9, 11), (7, 12), (8, 11), (6, 12), (7, 11), (5, 12), (6, 11), (4, 12), (5, 11), (3, 12), (4, 11), (2, 12), (3, 11), (1, 12), (1, 11), (1, 10), (1, 9), (1, 8), (1, 7), (1, 6), (1, 5), (1, 4), (19, 6), (19, 4), (25, 8), ... (+6 more)]","[(20, 5), (23, 7), (22, 5), (4, 3), (17, 3), (19, 6), (8, 3), (19, 3), (10, 3), (9, 11), (1, 6), (25, 7), (2, 11), (1, 9), (13, 11), (11, 11), (1, 3), (24, 5), (15, 11), (6, 11), (21, 9), (20, 7), (12, 3), (23, 9), (22, 7), (3, 3), (14, 3), (5, 3), (4, 11), (19, 5), (8, 11), (10, 11), (25, 9), (1, 5), (1, 11), (25, 6), (16, 3), (1, 8), (24, 7), (7, 3), ... (+25 more)]",57,0,57
66,"(19, 9)","(20, 9)",West,"['(20, 9)', '(18, 9)']","[(15, 12), (16, 11), (14, 12), (15, 11), (13, 12), (14, 11), (12, 12), (13, 11), (11, 12), (12, 11), (10, 12), (11, 11), (9, 12), (10, 11), (8, 12), (9, 11), (7, 12), (8, 11), (6, 12), (7, 11), (5, 12), (6, 11), (4, 12), (5, 11), (3, 12), (4, 11), (2, 12), (3, 11), (1, 12), (1, 11), (1, 10), (1, 9), (1, 8), (1, 7), (1, 6), (1, 5), (1, 4), (19, 6), (19, 4), (25, 8), ... (+6 more)]","[(15, 12), (16, 11), (14, 12), (15, 11), (13, 12), (14, 11), (12, 12), (13, 11), (11, 12), (12, 11), (10, 12), (11, 11), (9, 12), (10, 11), (8, 12), (9, 11), (7, 12), (8, 11), (6, 12), (7, 11), (5, 12), (6, 11), (4, 12), (5, 11), (3, 12), (4, 11), (2, 12), (3, 11), (1, 12), (1, 11), (1, 10), (1, 9), (1, 8), (1, 7), (1, 6), (1, 5), (1, 4), (19, 6), (19, 4), (25, 8), ... (+7 more)]","[(20, 5), (23, 7), (22, 5), (4, 3), (17, 3), (19, 6), (8, 3), (19, 3), (19, 9), (10, 3), (9, 11), (1, 6), (25, 7), (2, 11), (1, 9), (13, 11), (11, 11), (1, 3), (24, 5), (15, 11), (6, 11), (21, 9), (20, 7), (12, 3), (23, 9), (22, 7), (3, 3), (14, 3), (5, 3), (4, 11), (19, 5), (8, 11), (10, 11), (25, 9), (1, 5), (1, 11), (25, 6), (16, 3), (1, 8), (24, 7), ... (+26 more)]",58,0,58
67,"(18, 9)","(19, 9)",West,"['(19, 9)', '(17, 9)']","[(15, 12), (16, 11), (14, 12), (15, 11), (13, 12), (14, 11), (12, 12), (13, 11), (11, 12), (12, 11), (10, 12), (11, 11), (9, 12), (10, 11), (8, 12), (9, 11), (7, 12), (8, 11), (6, 12), (7, 11), (5, 12), (6, 11), (4, 12), (5, 11), (3, 12), (4, 11), (2, 12), (3, 11), (1, 12), (1, 11), (1, 10), (1, 9), (1, 8), (1, 7), (1, 6), (1, 5), (1, 4), (19, 6), (19, 4), (25, 8), ... (+7 more)]","[(15, 12), (16, 11), (14, 12), (15, 11), (13, 12), (14, 11), (12, 12), (13, 11), (11, 12), (12, 11), (10, 12), (11, 11), (9, 12), (10, 11), (8, 12), (9, 11), (7, 12), (8, 11), (6, 12), (7, 11), (5, 12), (6, 11), (4, 12), (5, 11), (3, 12), (4, 11), (2, 12), (3, 11), (1, 12), (1, 11), (1, 10), (1, 9), (1, 8), (1, 7), (1, 6), (1, 5), (1, 4), (19, 6), (19, 4), (25, 8), ... (+8 more)]","[(20, 5), (23, 7), (22, 5), (4, 3), (17, 3), (19, 6), (8, 3), (19, 3), (19, 9), (10, 3), (9, 11), (1, 6), (25, 7), (2, 11), (1, 9), (13, 11), (11, 11), (1, 3), (24, 5), (15, 11), (6, 11), (21, 9), (20, 7), (12, 3), (23, 9), (22, 7), (3, 3), (14, 3), (5, 3), (4, 11), (19, 5), (8, 11), (10, 11), (25, 9), (1, 5), (1, 11), (25, 6), (16, 3), (1, 8), (24, 7), ... (+27 more)]",59,0,59
68,"(17, 9)","(18, 9)",West,"['(17, 8)', '(18, 9)']","[(15, 12), (16, 11), (14, 12), (15, 11), (13, 12), (14, 11), (12, 12), (13, 11), (11, 12), (12, 11), (10, 12), (11, 11), (9, 12), (10, 11), (8, 12), (9, 11), (7, 12), (8, 11), (6, 12), (7, 11), (5, 12), (6, 11), (4, 12), (5, 11), (3, 12), (4, 11), (2, 12), (3, 11), (1, 12), (1, 11), (1, 10), (1, 9), (1, 8), (1, 7), (1, 6), (1, 5), (1, 4), (19, 6), (19, 4), (25, 8), ... (+8 more)]","[(15, 12), (16, 11), (14, 12), (15, 11), (13, 12), (14, 11), (12, 12), (13, 11), (11, 12), (12, 11), (10, 12), (11, 11), (9, 12), (10, 11), (8, 12), (9, 11), (7, 12), (8, 11), (6, 12), (7, 11), (5, 12), (6, 11), (4, 12), (5, 11), (3, 12), (4, 11), (2, 12), (3, 11), (1, 12), (1, 11), (1, 10), (1, 9), (1, 8), (1, 7), (1, 6), (1, 5), (1, 4), (19, 6), (19, 4), (25, 8), ... (+9 more)]","[(20, 5), (23, 7), (22, 5), (4, 3), (17, 3), (17, 9), (19, 6), (8, 3), (19, 3), (19, 9), (10, 3), (9, 11), (1, 6), (25, 7), (2, 11), (1, 9), (13, 11), (11, 11), (1, 3), (24, 5), (15, 11), (6, 11), (21, 9), (20, 7), (12, 3), (23, 9), (22, 7), (3, 3), (14, 3), (5, 3), (4, 11), (19, 5), (8, 11), (10, 11), (25, 9), (1, 5), (1, 11), (25, 6), (16, 3), (1, 8), ... (+28 more)]",60,0,60
69,"(17, 8)","(17, 9)",South,"['(17, 9)', '(17, 7)']","[(15, 12), (16, 11), (14, 12), (15, 11), (13, 12), (14, 11), (12, 12), (13, 11), (11, 12), (12, 11), (10, 12), (11, 11), (9, 12), (10, 11), (8, 12), (9, 11), (7, 12), (8, 11), (6, 12), (7, 11), (5, 12), (6, 11), (4, 12), (5, 11), (3, 12), (4, 11), (2, 12), (3, 11), (1, 12), (1, 11), (1, 10), (1, 9), (1, 8), (1, 7), (1, 6), (1, 5), (1, 4), (19, 6), (19, 4), (25, 8), ... (+8 more)]","[(15, 12), (16, 11), (14, 12), (15, 11), (13, 12), (14, 11), (12, 12), (13, 11), (11, 12), (12, 11), (10, 12), (11, 11), (9, 12), (10, 11), (8, 12), (9, 11), (7, 12), (8, 11), (6, 12), (7, 11), (5, 12), (6, 11), (4, 12), (5, 11), (3, 12), (4, 11), (2, 12), (3, 11), (1, 12), (1, 11), (1, 10), (1, 9), (1, 8), (1, 7), (1, 6), (1, 5), (1, 4), (19, 6), (19, 4), (25, 8), ... (+9 more)]","[(20, 5), (23, 7), (22, 5), (4, 3), (17, 3), (17, 9), (19, 6), (8, 3), (19, 3), (19, 9), (10, 3), (9, 11), (1, 6), (25, 7), (2, 11), (1, 9), (13, 11), (11, 11), (1, 3), (24, 5), (15, 11), (6, 11), (21, 9), (20, 7), (12, 3), (23, 9), (22, 7), (3, 3), (14, 3), (5, 3), (4, 11), (17, 8), (19, 5), (8, 11), (10, 11), (25, 9), (1, 5), (1, 11), (25, 6), (16, 3), ... (+29 more)]",61,0,61
70,"(17, 7)","(17, 8)",South,"['(17, 8)', '(17, 6)']","[(15, 12), (16, 11), (14, 12), (15, 11), (13, 12), (14, 11), (12, 12), (13, 11), (11, 12), (12, 11), (10, 12), (11, 11), (9, 12), (10, 11), (8, 12), (9, 11), (7, 12), (8, 11), (6, 12), (7, 11), (5, 12), (6, 11), (4, 12), (5, 11), (3, 12), (4, 11), (2, 12), (3, 11), (1, 12), (1, 11), (1, 10), (1, 9), (1, 8), (1, 7), (1, 6), (1, 5), (1, 4), (19, 6), (19, 4), (25, 8), ... (+9 more)]","[(15, 12), (16, 11), (14, 12), (15, 11), (13, 12), (14, 11), (12, 12), (13, 11), (11, 12), (12, 11), (10, 12), (11, 11), (9, 12), (10, 11), (8, 12), (9, 11), (7, 12), (8, 11), (6, 12), (7, 11), (5, 12), (6, 11), (4, 12), (5, 11), (3, 12), (4, 11), (2, 12), (3, 11), (1, 12), (1, 11), (1, 10), (1, 9), (1, 8), (1, 7), (1, 6), (1, 5), (1, 4), (19, 6), (19, 4), (25, 8), ... (+10 more)]","[(20, 5), (23, 7), (22, 5), (4, 3), (17, 3), (17, 9), (19, 6), (8, 3), (19, 3), (19, 9), (10, 3), (9, 11), (1, 6), (25, 7), (2, 11), (1, 9), (13, 11), (11, 11), (1, 3), (24, 5), (15, 11), (6, 11), (21, 9), (20, 7), (12, 3), (23, 9), (22, 7), (3, 3), (14, 3), (5, 3), (4, 11), (17, 8), (19, 5), (8, 11), (10, 11), (25, 9), (1, 5), (1, 11), (25, 6), (16, 3), ... (+30 more)]",62,0,62
71,"(17, 6)","(17, 7)",South,"['(17, 7)', '(17, 5)']","[(15, 12), (16, 11), (14, 12), (15, 11), (13, 12), (14, 11), (12, 12), (13, 11), (11, 12), (12, 11), (10, 12), (11, 11), (9, 12), (10, 11), (8, 12), (9, 11), (7, 12), (8, 11), (6, 12), (7, 11), (5, 12), (6, 11), (4, 12), (5, 11), (3, 12), (4, 11), (2, 12), (3, 11), (1, 12), (1, 11), (1, 10), (1, 9), (1, 8), (1, 7), (1, 6), (1, 5), (1, 4), (19, 6), (19, 4), (25, 8), ... (+10 more)]","[(15, 12), (16, 11), (14, 12), (15, 11), (13, 12), (14, 11), (12, 12), (13, 11), (11, 12), (12, 11), (10, 12), (11, 11), (9, 12), (10, 11), (8, 12), (9, 11), (7, 12), (8, 11), (6, 12), (7, 11), (5, 12), (6, 11), (4, 12), (5, 11), (3, 12), (4, 11), (2, 12), (3, 11), (1, 12), (1, 11), (1, 10), (1, 9), (1, 8), (1, 7), (1, 6), (1, 5), (1, 4), (19, 6), (19, 4), (25, 8), ... (+11 more)]","[(20, 5), (23, 7), (22, 5), (4, 3), (17, 3), (17, 9), (19, 6), (17, 6), (8, 3), (19, 3), (19, 9), (10, 3), (9, 11), (1, 6), (25, 7), (2, 11), (1, 9), (13, 11), (11, 11), (1, 3), (24, 5), (15, 11), (6, 11), (21, 9), (20, 7), (12, 3), (23, 9), (22, 7), (3, 3), (14, 3), (5, 3), (4, 11), (17, 8), (19, 5), (8, 11), (10, 11), (25, 9), (1, 5), (1, 11), (25, 6), ... (+31 more)]",63,0,63
72,"(17, 5)","(17, 6)",South,"['(17, 6)', '(16, 5)']","[(15, 12), (16, 11), (14, 12), (15, 11), (13, 12), (14, 11), (12, 12), (13, 11), (11, 12), (12, 11), (10, 12), (11, 11), (9, 12), (10, 11), (8, 12), (9, 11), (7, 12), (8, 11), (6, 12), (7, 11), (5, 12), (6, 11), (4, 12), (5, 11), (3, 12), (4, 11), (2, 12), (3, 11), (1, 12), (1, 11), (1, 10), (1, 9), (1, 8), (1, 7), (1, 6), (1, 5), (1, 4), (19, 6), (19, 4), (25, 8), ... (+11 more)]","[(15, 12), (16, 11), (14, 12), (15, 11), (13, 12), (14, 11), (12, 12), (13, 11), (11, 12), (12, 11), (10, 12), (11, 11), (9, 12), (10, 11), (8, 12), (9, 11), (7, 12), (8, 11), (6, 12), (7, 11), (5, 12), (6, 11), (4, 12), (5, 11), (3, 12), (4, 11), (2, 12), (3, 11), (1, 12), (1, 11), (1, 10), (1, 9), (1, 8), (1, 7), (1, 6), (1, 5), (1, 4), (19, 6), (19, 4), (25, 8), ... (+12 more)]","[(20, 5), (23, 7), (22, 5), (4, 3), (17, 3), (17, 9), (19, 6), (17, 6), (8, 3), (19, 3), (19, 9), (10, 3), (9, 11), (1, 6), (25, 7), (2, 11), (1, 9), (13, 11), (11, 11), (1, 3), (24, 5), (15, 11), (6, 11), (21, 9), (20, 7), (12, 3), (23, 9), (22, 7), (3, 3), (14, 3), (5, 3), (17, 5), (4, 11), (17, 8), (19, 5), (8, 11), (10, 11), (25, 9), (1, 5), (1, 11), ... (+32 more)]",64,0,64
73,"(16, 5)","(17, 5)",West,"['(17, 5)', '(15, 5)']","[(15, 12), (16, 11), (14, 12), (15, 11), (13, 12), (14, 11), (12, 12), (13, 11), (11, 12), (12, 11), (10, 12), (11, 11), (9, 12), (10, 11), (8, 12), (9, 11), (7, 12), (8, 11), (6, 12), (7, 11), (5, 12), (6, 11), (4, 12), (5, 11), (3, 12), (4, 11), (2, 12), (3, 11), (1, 12), (1, 11), (1, 10), (1, 9), (1, 8), (1, 7), (1, 6), (1, 5), (1, 4), (19, 6), (19, 4), (25, 8), ... (+12 more)]","[(15, 12), (16, 11), (14, 12), (15, 11), (13, 12), (14, 11), (12, 12), (13, 11), (11, 12), (12, 11), (10, 12), (11, 11), (9, 12), (10, 11), (8, 12), (9, 11), (7, 12), (8, 11), (6, 12), (7, 11), (5, 12), (6, 11), (4, 12), (5, 11), (3, 12), (4, 11), (2, 12), (3, 11), (1, 12), (1, 11), (1, 10), (1, 9), (1, 8), (1, 7), (1, 6), (1, 5), (1, 4), (19, 6), (19, 4), (25, 8), ... (+13 more)]","[(20, 5), (23, 7), (22, 5), (4, 3), (17, 3), (17, 9), (19, 6), (17, 6), (8, 3), (19, 3), (19, 9), (10, 3), (9, 11), (1, 6), (25, 7), (2, 11), (1, 9), (13, 11), (11, 11), (1, 3), (24, 5), (15, 11), (6, 11), (21, 9), (20, 7), (12, 3), (23, 9), (22, 7), (3, 3), (14, 3), (5, 3), (17, 5), (4, 11), (17, 8), (19, 5), (8, 11), (10, 11), (25, 9), (1, 5), (1, 11), ... (+33 more)]",65,0,65
74,"(15, 5)","(16, 5)",West,"['(15, 6)', '(16, 5)']","[(15, 12), (16, 11), (14, 12), (15, 11), (13, 12), (14, 11), (12, 12), (13, 11), (11, 12), (12, 11), (10, 12), (11, 11), (9, 12), (10, 11), (8, 12), (9, 11), (7, 12), (8, 11), (6, 12), (7, 11), (5, 12), (6, 11), (4, 12), (5, 11), (3, 12), (4, 11), (2, 12), (3, 11), (1, 12), (1, 11), (1, 10), (1, 9), (1, 8), (1, 7), (1, 6), (1, 5), (1, 4), (19, 6), (19, 4), (25, 8), ... (+13 more)]","[(15, 12), (16, 11), (14, 12), (15, 11), (13, 12), (14, 11), (12, 12), (13, 11), (11, 12), (12, 11), (10, 12), (11, 11), (9, 12), (10, 11), (8, 12), (9, 11), (7, 12), (8, 11), (6, 12), (7, 11), (5, 12), (6, 11), (4, 12), (5, 11), (3, 12), (4, 11), (2, 12), (3, 11), (1, 12), (1, 11), (1, 10), (1, 9), (1, 8), (1, 7), (1, 6), (1, 5), (1, 4), (19, 6), (19, 4), (25, 8), ... (+14 more)]","[(20, 5), (23, 7), (22, 5), (4, 3), (17, 3), (17, 9), (19, 6), (17, 6), (8, 3), (19, 3), (19, 9), (10, 3), (9, 11), (1, 6), (25, 7), (2, 11), (1, 9), (13, 11), (11, 11), (1, 3), (24, 5), (15, 11), (15, 5), (6, 11), (21, 9), (20, 7), (12, 3), (23, 9), (22, 7), (3, 3), (14, 3), (5, 3), (17, 5), (4, 11), (17, 8), (19, 5), (8, 11), (10, 11), (25, 9), (1, 5), ... (+34 more)]",66,0,66
75,"(15, 6)","(15, 5)",North,"['(15, 7)', '(15, 5)']","[(15, 12), (16, 11), (14, 12), (15, 11), (13, 12), (14, 11), (12, 12), (13, 11), (11, 12), (12, 11), (10, 12), (11, 11), (9, 12), (10, 11), (8, 12), (9, 11), (7, 12), (8, 11), (6, 12), (7, 11), (5, 12), (6, 11), (4, 12), (5, 11), (3, 12), (4, 11), (2, 12), (3, 11), (1, 12), (1, 11), (1, 10), (1, 9), (1, 8), (1, 7), (1, 6), (1, 5), (1, 4), (19, 6), (19, 4), (25, 8), ... (+13 more)]","[(15, 12), (16, 11), (14, 12), (15, 11), (13, 12), (14, 11), (12, 12), (13, 11), (11, 12), (12, 11), (10, 12), (11, 11), (9, 12), (10, 11), (8, 12), (9, 11), (7, 12), (8, 11), (6, 12), (7, 11), (5, 12), (6, 11), (4, 12), (5, 11), (3, 12), (4, 11), (2, 12), (3, 11), (1, 12), (1, 11), (1, 10), (1, 9), (1, 8), (1, 7), (1, 6), (1, 5), (1, 4), (19, 6), (19, 4), (25, 8), ... (+14 more)]","[(20, 5), (23, 7), (22, 5), (4, 3), (17, 3), (17, 9), (19, 6), (17, 6), (8, 3), (19, 3), (19, 9), (10, 3), (9, 11), (1, 6), (25, 7), (2, 11), (1, 9), (13, 11), (11, 11), (1, 3), (24, 5), (15, 11), (15, 5), (6, 11), (21, 9), (20, 7), (12, 3), (23, 9), (22, 7), (3, 3), (14, 3), (5, 3), (17, 5), (4, 11), (17, 8), (19, 5), (8, 11), (10, 11), (25, 9), (1, 5), ... (+35 more)]",67,0,67
76,"(15, 7)","(15, 6)",North,"['(15, 8)', '(15, 6)', '(14, 7)']","[(15, 12), (16, 11), (14, 12), (15, 11), (13, 12), (14, 11), (12, 12), (13, 11), (11, 12), (12, 11), (10, 12), (11, 11), (9, 12), (10, 11), (8, 12), (9, 11), (7, 12), (8, 11), (6, 12), (7, 11), (5, 12), (6, 11), (4, 12), (5, 11), (3, 12), (4, 11), (2, 12), (3, 11), (1, 12), (1, 11), (1, 10), (1, 9), (1, 8), (1, 7), (1, 6), (1, 5), (1, 4), (19, 6), (19, 4), (25, 8), ... (+13 more)]","[(15, 12), (16, 11), (14, 12), (15, 11), (13, 12), (14, 11), (12, 12), (13, 11), (11, 12), (12, 11), (10, 12), (11, 11), (9, 12), (10, 11), (8, 12), (9, 11), (7, 12), (8, 11), (6, 12), (7, 11), (5, 12), (6, 11), (4, 12), (5, 11), (3, 12), (4, 11), (2, 12), (3, 11), (1, 12), (1, 11), (1, 10), (1, 9), (1, 8), (1, 7), (1, 6), (1, 5), (1, 4), (19, 6), (19, 4), (25, 8), ... (+15 more)]","[(20, 5), (23, 7), (22, 5), (4, 3), (17, 3), (17, 9), (19, 6), (17, 6), (8, 3), (19, 3), (19, 9), (10, 3), (9, 11), (1, 6), (25, 7), (2, 11), (1, 9), (13, 11), (11, 11), (1, 3), (24, 5), (15, 11), (15, 5), (6, 11), (21, 9), (20, 7), (12, 3), (23, 9), (22, 7), (3, 3), (14, 3), (5, 3), (17, 5), (4, 11), (17, 8), (19, 5), (8, 11), (10, 11), (25, 9), (1, 5), ... (+36 more)]",68,0,68
77,"(14, 7)","(15, 7)",West,"['(15, 7)', '(13, 7)']","[(15, 12), (16, 11), (14, 12), (15, 11), (13, 12), (14, 11), (12, 12), (13, 11), (11, 12), (12, 11), (10, 12), (11, 11), (9, 12), (10, 11), (8, 12), (9, 11), (7, 12), (8, 11), (6, 12), (7, 11), (5, 12), (6, 11), (4, 12), (5, 11), (3, 12), (4, 11), (2, 12), (3, 11), (1, 12), (1, 11), (1, 10), (1, 9), (1, 8), (1, 7), (1, 6), (1, 5), (1, 4), (19, 6), (19, 4), (25, 8), ... (+15 more)]","[(15, 12), (16, 11), (14, 12), (15, 11), (13, 12), (14, 11), (12, 12), (13, 11), (11, 12), (12, 11), (10, 12), (11, 11), (9, 12), (10, 11), (8, 12), (9, 11), (7, 12), (8, 11), (6, 12), (7, 11), (5, 12), (6, 11), (4, 12), (5, 11), (3, 12), (4, 11), (2, 12), (3, 11), (1, 12), (1, 11), (1, 10), (1, 9), (1, 8), (1, 7), (1, 6), (1, 5), (1, 4), (19, 6), (19, 4), (25, 8), ... (+16 more)]","[(17, 3), (19, 9), (2, 11), (15, 5), (6, 11), (21, 9), (5, 3), (17, 5), (8, 11), (1, 8), (15, 7), (7, 3), (18, 3), (17, 7), (19, 4), (9, 3), (13, 3), (1, 10), (22, 5), (17, 9), (19, 6), (1, 3), (24, 5), (15, 11), (22, 7), (3, 3), (14, 3), (4, 11), (1, 5), (24, 7), (25, 6), (16, 3), (18, 9), (22, 9), (5, 11), (1, 7), (24, 9), (25, 8), (16, 5), (15, 6), ... (+37 more)]",69,0,69
78,"(13, 7)","(14, 7)",West,"['(13, 8)', '(14, 7)']","[(15, 12), (16, 11), (14, 12), (15, 11), (13, 12), (14, 11), (12, 12), (13, 11), (11, 12), (12, 11), (10, 12), (11, 11), (9, 12), (10, 11), (8, 12), (9, 11), (7, 12), (8, 11), (6, 12), (7, 11), (5, 12), (6, 11), (4, 12), (5, 11), (3, 12), (4, 11), (2, 12), (3, 11), (1, 12), (1, 11), (1, 10), (1, 9), (1, 8), (1, 7), (1, 6), (1, 5), (1, 4), (19, 6), (19, 4), (25, 8), ... (+16 more)]","[(15, 12), (16, 11), (14, 12), (15, 11), (13, 12), (14, 11), (12, 12), (13, 11), (11, 12), (12, 11), (10, 12), (11, 11), (9, 12), (10, 11), (8, 12), (9, 11), (7, 12), (8, 11), (6, 12), (7, 11), (5, 12), (6, 11), (4, 12), (5, 11), (3, 12), (4, 11), (2, 12), (3, 11), (1, 12), (1, 11), (1, 10), (1, 9), (1, 8), (1, 7), (1, 6), (1, 5), (1, 4), (19, 6), (19, 4), (25, 8), ... (+17 more)]","[(17, 3), (19, 9), (2, 11), (15, 5), (6, 11), (21, 9), (5, 3), (17, 5), (8, 11), (1, 8), (15, 7), (7, 3), (18, 3), (17, 7), (19, 4), (9, 3), (13, 3), (1, 10), (22, 5), (17, 9), (19, 6), (1, 3), (24, 5), (15, 11), (22, 7), (3, 3), (14, 3), (4, 11), (1, 5), (24, 7), (25, 6), (16, 3), (13, 7), (18, 9), (22, 9), (5, 11), (1, 7), (24, 9), (25, 8), (16, 5), ... (+38 more)]",70,0,70
79,"(13, 8)","(13, 7)",North,"['(13, 9)', '(13, 7)']","[(15, 12), (16, 11), (14, 12), (15, 11), (13, 12), (14, 11), (12, 12), (13, 11), (11, 12), (12, 11), (10, 12), (11, 11), (9, 12), (10, 11), (8, 12), (9, 11), (7, 12), (8, 11), (6, 12), (7, 11), (5, 12), (6, 11), (4, 12), (5, 11), (3, 12), (4, 11), (2, 12), (3, 11), (1, 12), (1, 11), (1, 10), (1, 9), (1, 8), (1, 7), (1, 6), (1, 5), (1, 4), (19, 6), (19, 4), (25, 8), ... (+16 more)]","[(15, 12), (16, 11), (14, 12), (15, 11), (13, 12), (14, 11), (12, 12), (13, 11), (11, 12), (12, 11), (10, 12), (11, 11), (9, 12), (10, 11), (8, 12), (9, 11), (7, 12), (8, 11), (6, 12), (7, 11), (5, 12), (6, 11), (4, 12), (5, 11), (3, 12), (4, 11), (2, 12), (3, 11), (1, 12), (1, 11), (1, 10), (1, 9), (1, 8), (1, 7), (1, 6), (1, 5), (1, 4), (19, 6), (19, 4), (25, 8), ... (+17 more)]","[(17, 3), (19, 9), (2, 11), (13, 8), (15, 5), (6, 11), (21, 9), (5, 3), (17, 5), (8, 11), (1, 8), (15, 7), (7, 3), (18, 3), (17, 7), (19, 4), (9, 3), (13, 3), (1, 10), (22, 5), (17, 9), (19, 6), (1, 3), (24, 5), (15, 11), (22, 7), (3, 3), (14, 3), (4, 11), (1, 5), (24, 7), (25, 6), (16, 3), (13, 7), (18, 9), (22, 9), (5, 11), (1, 7), (24, 9), (25, 8), ... (+39 more)]",71,0,71
80,"(13, 9)","(13, 8)",North,"['(13, 8)', '(12, 9)']","[(15, 12), (16, 11), (14, 12), (15, 11), (13, 12), (14, 11), (12, 12), (13, 11), (11, 12), (12, 11), (10, 12), (11, 11), (9, 12), (10, 11), (8, 12), (9, 11), (7, 12), (8, 11), (6, 12), (7, 11), (5, 12), (6, 11), (4, 12), (5, 11), (3, 12), (4, 11), (2, 12), (3, 11), (1, 12), (1, 11), (1, 10), (1, 9), (1, 8), (1, 7), (1, 6), (1, 5), (1, 4), (19, 6), (19, 4), (25, 8), ... (+16 more)]","[(15, 12), (16, 11), (14, 12), (15, 11), (13, 12), (14, 11), (12, 12), (13, 11), (11, 12), (12, 11), (10, 12), (11, 11), (9, 12), (10, 11), (8, 12), (9, 11), (7, 12), (8, 11), (6, 12), (7, 11), (5, 12), (6, 11), (4, 12), (5, 11), (3, 12), (4, 11), (2, 12), (3, 11), (1, 12), (1, 11), (1, 10), (1, 9), (1, 8), (1, 7), (1, 6), (1, 5), (1, 4), (19, 6), (19, 4), (25, 8), ... (+17 more)]","[(17, 3), (19, 9), (2, 11), (13, 8), (15, 5), (6, 11), (21, 9), (5, 3), (17, 5), (8, 11), (1, 8), (15, 7), (7, 3), (18, 3), (17, 7), (19, 4), (9, 3), (13, 3), (1, 10), (22, 5), (17, 9), (19, 6), (1, 3), (24, 5), (15, 11), (22, 7), (3, 3), (14, 3), (4, 11), (1, 5), (24, 7), (25, 6), (16, 3), (13, 7), (18, 9), (22, 9), (5, 11), (1, 7), (24, 9), (25, 8), ... (+40 more)]",72,0,72
81,"(12, 9)","(13, 9)",West,"['(13, 9)', '(11, 9)']","[(15, 12), (16, 11), (14, 12), (15, 11), (13, 12), (14, 11), (12, 12), (13, 11), (11, 12), (12, 11), (10, 12), (11, 11), (9, 12), (10, 11), (8, 12), (9, 11), (7, 12), (8, 11), (6, 12), (7, 11), (5, 12), (6, 11), (4, 12), (5, 11), (3, 12), (4, 11), (2, 12), (3, 11), (1, 12), (1, 11), (1, 10), (1, 9), (1, 8), (1, 7), (1, 6), (1, 5), (1, 4), (19, 6), (19, 4), (25, 8), ... (+17 more)]","[(15, 12), (16, 11), (14, 12), (15, 11), (13, 12), (14, 11), (12, 12), (13, 11), (11, 12), (12, 11), (10, 12), (11, 11), (9, 12), (10, 11), (8, 12), (9, 11), (7, 12), (8, 11), (6, 12), (7, 11), (5, 12), (6, 11), (4, 12), (5, 11), (3, 12), (4, 11), (2, 12), (3, 11), (1, 12), (1, 11), (1, 10), (1, 9), (1, 8), (1, 7), (1, 6), (1, 5), (1, 4), (19, 6), (19, 4), (25, 8), ... (+18 more)]","[(17, 3), (19, 9), (2, 11), (13, 8), (15, 5), (6, 11), (21, 9), (5, 3), (17, 5), (8, 11), (1, 8), (15, 7), (7, 3), (18, 3), (17, 7), (19, 4), (9, 3), (13, 3), (1, 10), (22, 5), (17, 9), (19, 6), (1, 3), (24, 5), (15, 11), (22, 7), (3, 3), (14, 3), (4, 11), (1, 5), (24, 7), (25, 6), (16, 3), (13, 7), (18, 9), (22, 9), (5, 11), (1, 7), (24, 9), (25, 8), ... (+41 more)]",73,0,73
82,"(11, 9)","(12, 9)",West,"['(11, 8)', '(12, 9)']","[(15, 12), (16, 11), (14, 12), (15, 11), (13, 12), (14, 11), (12, 12), (13, 11), (11, 12), (12, 11), (10, 12), (11, 11), (9, 12), (10, 11), (8, 12), (9, 11), (7, 12), (8, 11), (6, 12), (7, 11), (5, 12), (6, 11), (4, 12), (5, 11), (3, 12), (4, 11), (2, 12), (3, 11), (1, 12), (1, 11), (1, 10), (1, 9), (1, 8), (1, 7), (1, 6), (1, 5), (1, 4), (19, 6), (19, 4), (25, 8), ... (+18 more)]","[(15, 12), (16, 11), (14, 12), (15, 11), (13, 12), (14, 11), (12, 12), (13, 11), (11, 12), (12, 11), (10, 12), (11, 11), (9, 12), (10, 11), (8, 12), (9, 11), (7, 12), (8, 11), (6, 12), (7, 11), (5, 12), (6, 11), (4, 12), (5, 11), (3, 12), (4, 11), (2, 12), (3, 11), (1, 12), (1, 11), (1, 10), (1, 9), (1, 8), (1, 7), (1, 6), (1, 5), (1, 4), (19, 6), (19, 4), (25, 8), ... (+19 more)]","[(17, 3), (19, 9), (2, 11), (13, 8), (15, 5), (6, 11), (21, 9), (5, 3), (17, 5), (8, 11), (1, 8), (15, 7), (7, 3), (18, 3), (17, 7), (19, 4), (9, 3), (11, 9), (13, 3), (1, 10), (22, 5), (17, 9), (19, 6), (1, 3), (24, 5), (15, 11), (22, 7), (3, 3), (14, 3), (4, 11), (1, 5), (24, 7), (25, 6), (16, 3), (13, 7), (18, 9), (22, 9), (5, 11), (1, 7), (24, 9), ... (+42 more)]",74,0,74
83,"(11, 8)","(11, 9)",South,"['(11, 9)', '(11, 7)']","[(15, 12), (16, 11), (14, 12), (15, 11), (13, 12), (14, 11), (12, 12), (13, 11), (11, 12), (12, 11), (10, 12), (11, 11), (9, 12), (10, 11), (8, 12), (9, 11), (7, 12), (8, 11), (6, 12), (7, 11), (5, 12), (6, 11), (4, 12), (5, 11), (3, 12), (4, 11), (2, 12), (3, 11), (1, 12), (1, 11), (1, 10), (1, 9), (1, 8), (1, 7), (1, 6), (1, 5), (1, 4), (19, 6), (19, 4), (25, 8), ... (+18 more)]","[(15, 12), (16, 11), (14, 12), (15, 11), (13, 12), (14, 11), (12, 12), (13, 11), (11, 12), (12, 11), (10, 12), (11, 11), (9, 12), (10, 11), (8, 12), (9, 11), (7, 12), (8, 11), (6, 12), (7, 11), (5, 12), (6, 11), (4, 12), (5, 11), (3, 12), (4, 11), (2, 12), (3, 11), (1, 12), (1, 11), (1, 10), (1, 9), (1, 8), (1, 7), (1, 6), (1, 5), (1, 4), (19, 6), (19, 4), (25, 8), ... (+19 more)]","[(17, 3), (19, 9), (2, 11), (13, 8), (15, 5), (6, 11), (21, 9), (5, 3), (17, 5), (8, 11), (1, 8), (15, 7), (7, 3), (18, 3), (17, 7), (19, 4), (9, 3), (11, 9), (13, 3), (1, 10), (22, 5), (17, 9), (19, 6), (1, 3), (24, 5), (15, 11), (22, 7), (3, 3), (14, 3), (4, 11), (1, 5), (24, 7), (25, 6), (16, 3), (13, 7), (18, 9), (22, 9), (5, 11), (1, 7), (24, 9), ... (+43 more)]",75,0,75
84,"(11, 7)","(11, 8)",South,"['(11, 8)', '(11, 6)', '(10, 7)']","[(15, 12), (16, 11), (14, 12), (15, 11), (13, 12), (14, 11), (12, 12), (13, 11), (11, 12), (12, 11), (10, 12), (11, 11), (9, 12), (10, 11), (8, 12), (9, 11), (7, 12), (8, 11), (6, 12), (7, 11), (5, 12), (6, 11), (4, 12), (5, 11), (3, 12), (4, 11), (2, 12), (3, 11), (1, 12), (1, 11), (1, 10), (1, 9), (1, 8), (1, 7), (1, 6), (1, 5), (1, 4), (19, 6), (19, 4), (25, 8), ... (+19 more)]","[(15, 12), (16, 11), (14, 12), (15, 11), (13, 12), (14, 11), (12, 12), (13, 11), (11, 12), (12, 11), (10, 12), (11, 11), (9, 12), (10, 11), (8, 12), (9, 11), (7, 12), (8, 11), (6, 12), (7, 11), (5, 12), (6, 11), (4, 12), (5, 11), (3, 12), (4, 11), (2, 12), (3, 11), (1, 12), (1, 11), (1, 10), (1, 9), (1, 8), (1, 7), (1, 6), (1, 5), (1, 4), (19, 6), (19, 4), (25, 8), ... (+21 more)]","[(17, 3), (19, 9), (2, 11), (13, 8), (15, 5), (6, 11), (21, 9), (5, 3), (17, 5), (8, 11), (11, 7), (1, 8), (15, 7), (7, 3), (18, 3), (17, 7), (19, 4), (9, 3), (11, 9), (13, 3), (1, 10), (22, 5), (17, 9), (19, 6), (1, 3), (24, 5), (15, 11), (22, 7), (3, 3), (14, 3), (4, 11), (1, 5), (24, 7), (25, 6), (16, 3), (13, 7), (18, 9), (22, 9), (5, 11), (1, 7), ... (+44 more)]",76,0,76
85,"(10, 7)","(11, 7)",West,"['(11, 7)', '(9, 7)']","[(15, 12), (16, 11), (14, 12), (15, 11), (13, 12), (14, 11), (12, 12), (13, 11), (11, 12), (12, 11), (10, 12), (11, 11), (9, 12), (10, 11), (8, 12), (9, 11), (7, 12), (8, 11), (6, 12), (7, 11), (5, 12), (6, 11), (4, 12), (5, 11), (3, 12), (4, 11), (2, 12), (3, 11), (1, 12), (1, 11), (1, 10), (1, 9), (1, 8), (1, 7), (1, 6), (1, 5), (1, 4), (19, 6), (19, 4), (25, 8), ... (+21 more)]","[(15, 12), (16, 11), (14, 12), (15, 11), (13, 12), (14, 11), (12, 12), (13, 11), (11, 12), (12, 11), (10, 12), (11, 11), (9, 12), (10, 11), (8, 12), (9, 11), (7, 12), (8, 11), (6, 12), (7, 11), (5, 12), (6, 11), (4, 12), (5, 11), (3, 12), (4, 11), (2, 12), (3, 11), (1, 12), (1, 11), (1, 10), (1, 9), (1, 8), (1, 7), (1, 6), (1, 5), (1, 4), (19, 6), (19, 4), (25, 8), ... (+22 more)]","[(17, 3), (19, 9), (2, 11), (13, 8), (15, 5), (6, 11), (21, 9), (5, 3), (17, 5), (8, 11), (11, 7), (1, 8), (15, 7), (7, 3), (18, 3), (17, 7), (19, 4), (9, 3), (11, 9), (13, 3), (1, 10), (22, 5), (17, 9), (19, 6), (1, 3), (24, 5), (15, 11), (22, 7), (3, 3), (14, 3), (4, 11), (1, 5), (24, 7), (25, 6), (16, 3), (13, 7), (18, 9), (22, 9), (5, 11), (1, 7), ... (+45 more)]",77,0,77
86,"(9, 7)","(10, 7)",West,"['(9, 8)', '(10, 7)']","[(15, 12), (16, 11), (14, 12), (15, 11), (13, 12), (14, 11), (12, 12), (13, 11), (11, 12), (12, 11), (10, 12), (11, 11), (9, 12), (10, 11), (8, 12), (9, 11), (7, 12), (8, 11), (6, 12), (7, 11), (5, 12), (6, 11), (4, 12), (5, 11), (3, 12), (4, 11), (2, 12), (3, 11), (1, 12), (1, 11), (1, 10), (1, 9), (1, 8), (1, 7), (1, 6), (1, 5), (1, 4), (19, 6), (19, 4), (25, 8), ... (+22 more)]","[(15, 12), (16, 11), (14, 12), (15, 11), (13, 12), (14, 11), (12, 12), (13, 11), (11, 12), (12, 11), (10, 12), (11, 11), (9, 12), (10, 11), (8, 12), (9, 11), (7, 12), (8, 11), (6, 12), (7, 11), (5, 12), (6, 11), (4, 12), (5, 11), (3, 12), (4, 11), (2, 12), (3, 11), (1, 12), (1, 11), (1, 10), (1, 9), (1, 8), (1, 7), (1, 6), (1, 5), (1, 4), (19, 6), (19, 4), (25, 8), ... (+23 more)]","[(17, 3), (19, 9), (2, 11), (13, 8), (15, 5), (6, 11), (21, 9), (5, 3), (17, 5), (8, 11), (11, 7), (1, 8), (15, 7), (7, 3), (18, 3), (17, 7), (19, 4), (9, 3), (11, 9), (13, 3), (1, 10), (22, 5), (17, 9), (19, 6), (1, 3), (24, 5), (15, 11), (22, 7), (3, 3), (14, 3), (4, 11), (9, 7), (1, 5), (24, 7), (25, 6), (16, 3), (13, 7), (18, 9), (22, 9), (5, 11), ... (+46 more)]",78,0,78
87,"(9, 8)","(9, 7)",North,"['(9, 9)', '(9, 7)']","[(15, 12), (16, 11), (14, 12), (15, 11), (13, 12), (14, 11), (12, 12), (13, 11), (11, 12), (12, 11), (10, 12), (11, 11), (9, 12), (10, 11), (8, 12), (9, 11), (7, 12), (8, 11), (6, 12), (7, 11), (5, 12), (6, 11), (4, 12), (5, 11), (3, 12), (4, 11), (2, 12), (3, 11), (1, 12), (1, 11), (1, 10), (1, 9), (1, 8), (1, 7), (1, 6), (1, 5), (1, 4), (19, 6), (19, 4), (25, 8), ... (+22 more)]","[(15, 12), (16, 11), (14, 12), (15, 11), (13, 12), (14, 11), (12, 12), (13, 11), (11, 12), (12, 11), (10, 12), (11, 11), (9, 12), (10, 11), (8, 12), (9, 11), (7, 12), (8, 11), (6, 12), (7, 11), (5, 12), (6, 11), (4, 12), (5, 11), (3, 12), (4, 11), (2, 12), (3, 11), (1, 12), (1, 11), (1, 10), (1, 9), (1, 8), (1, 7), (1, 6), (1, 5), (1, 4), (19, 6), (19, 4), (25, 8), ... (+23 more)]","[(17, 3), (19, 9), (9, 8), (2, 11), (13, 8), (15, 5), (6, 11), (21, 9), (5, 3), (17, 5), (8, 11), (11, 7), (1, 8), (15, 7), (7, 3), (18, 3), (17, 7), (19, 4), (9, 3), (11, 9), (13, 3), (1, 10), (22, 5), (17, 9), (19, 6), (1, 3), (24, 5), (15, 11), (22, 7), (3, 3), (14, 3), (4, 11), (9, 7), (1, 5), (24, 7), (25, 6), (16, 3), (13, 7), (18, 9), (22, 9), ... (+47 more)]",79,0,79
88,"(9, 9)","(9, 8)",North,"['(9, 8)', '(8, 9)']","[(15, 12), (16, 11), (14, 12), (15, 11), (13, 12), (14, 11), (12, 12), (13, 11), (11, 12), (12, 11), (10, 12), (11, 11), (9, 12), (10, 11), (8, 12), (9, 11), (7, 12), (8, 11), (6, 12), (7, 11), (5, 12), (6, 11), (4, 12), (5, 11), (3, 12), (4, 11), (2, 12), (3, 11), (1, 12), (1, 11), (1, 10), (1, 9), (1, 8), (1, 7), (1, 6), (1, 5), (1, 4), (19, 6), (19, 4), (25, 8), ... (+22 more)]","[(15, 12), (16, 11), (14, 12), (15, 11), (13, 12), (14, 11), (12, 12), (13, 11), (11, 12), (12, 11), (10, 12), (11, 11), (9, 12), (10, 11), (8, 12), (9, 11), (7, 12), (8, 11), (6, 12), (7, 11), (5, 12), (6, 11), (4, 12), (5, 11), (3, 12), (4, 11), (2, 12), (3, 11), (1, 12), (1, 11), (1, 10), (1, 9), (1, 8), (1, 7), (1, 6), (1, 5), (1, 4), (19, 6), (19, 4), (25, 8), ... (+23 more)]","[(17, 3), (19, 9), (9, 8), (2, 11), (13, 8), (15, 5), (6, 11), (21, 9), (5, 3), (17, 5), (8, 11), (11, 7), (1, 8), (15, 7), (7, 3), (18, 3), (17, 7), (19, 4), (9, 3), (11, 9), (13, 3), (1, 10), (22, 5), (17, 9), (19, 6), (1, 3), (24, 5), (15, 11), (22, 7), (3, 3), (14, 3), (4, 11), (9, 7), (1, 5), (24, 7), (25, 6), (16, 3), (13, 7), (18, 9), (22, 9), ... (+48 more)]",80,0,80
89,"(8, 9)","(9, 9)",West,"['(9, 9)', '(7, 9)']","[(15, 12), (16, 11), (14, 12), (15, 11), (13, 12), (14, 11), (12, 12), (13, 11), (11, 12), (12, 11), (10, 12), (11, 11), (9, 12), (10, 11), (8, 12), (9, 11), (7, 12), (8, 11), (6, 12), (7, 11), (5, 12), (6, 11), (4, 12), (5, 11), (3, 12), (4, 11), (2, 12), (3, 11), (1, 12), (1, 11), (1, 10), (1, 9), (1, 8), (1, 7), (1, 6), (1, 5), (1, 4), (19, 6), (19, 4), (25, 8), ... (+23 more)]","[(15, 12), (16, 11), (14, 12), (15, 11), (13, 12), (14, 11), (12, 12), (13, 11), (11, 12), (12, 11), (10, 12), (11, 11), (9, 12), (10, 11), (8, 12), (9, 11), (7, 12), (8, 11), (6, 12), (7, 11), (5, 12), (6, 11), (4, 12), (5, 11), (3, 12), (4, 11), (2, 12), (3, 11), (1, 12), (1, 11), (1, 10), (1, 9), (1, 8), (1, 7), (1, 6), (1, 5), (1, 4), (19, 6), (19, 4), (25, 8), ... (+24 more)]","[(17, 3), (19, 9), (8, 9), (9, 8), (2, 11), (13, 8), (15, 5), (6, 11), (21, 9), (5, 3), (17, 5), (8, 11), (11, 7), (1, 8), (15, 7), (7, 3), (18, 3), (17, 7), (19, 4), (9, 3), (11, 9), (13, 3), (1, 10), (22, 5), (17, 9), (19, 6), (1, 3), (24, 5), (15, 11), (22, 7), (3, 3), (14, 3), (4, 11), (9, 7), (1, 5), (24, 7), (25, 6), (16, 3), (13, 7), (18, 9), ... (+49 more)]",81,0,81
90,"(7, 9)","(8, 9)",West,"['(7, 8)', '(8, 9)']","[(15, 12), (16, 11), (14, 12), (15, 11), (13, 12), (14, 11), (12, 12), (13, 11), (11, 12), (12, 11), (10, 12), (11, 11), (9, 12), (10, 11), (8, 12), (9, 11), (7, 12), (8, 11), (6, 12), (7, 11), (5, 12), (6, 11), (4, 12), (5, 11), (3, 12), (4, 11), (2, 12), (3, 11), (1, 12), (1, 11), (1, 10), (1, 9), (1, 8), (1, 7), (1, 6), (1, 5), (1, 4), (19, 6), (19, 4), (25, 8), ... (+24 more)]","[(15, 12), (16, 11), (14, 12), (15, 11), (13, 12), (14, 11), (12, 12), (13, 11), (11, 12), (12, 11), (10, 12), (11, 11), (9, 12), (10, 11), (8, 12), (9, 11), (7, 12), (8, 11), (6, 12), (7, 11), (5, 12), (6, 11), (4, 12), (5, 11), (3, 12), (4, 11), (2, 12), (3, 11), (1, 12), (1, 11), (1, 10), (1, 9), (1, 8), (1, 7), (1, 6), (1, 5), (1, 4), (19, 6), (19, 4), (25, 8), ... (+25 more)]","[(17, 3), (19, 9), (8, 9), (9, 8), (2, 11), (13, 8), (15, 5), (6, 11), (21, 9), (5, 3), (17, 5), (8, 11), (11, 7), (1, 8), (15, 7), (7, 3), (18, 3), (17, 7), (19, 4), (9, 3), (11, 9), (13, 3), (1, 10), (22, 5), (17, 9), (19, 6), (1, 3), (24, 5), (15, 11), (22, 7), (3, 3), (14, 3), (4, 11), (9, 7), (1, 5), (24, 7), (25, 6), (16, 3), (13, 7), (18, 9), ... (+50 more)]",82,0,82
91,"(7, 8)","(7, 9)",South,"['(7, 9)', '(7, 7)']","[(15, 12), (16, 11), (14, 12), (15, 11), (13, 12), (14, 11), (12, 12), (13, 11), (11, 12), (12, 11), (10, 12), (11, 11), (9, 12), (10, 11), (8, 12), (9, 11), (7, 12), (8, 11), (6, 12), (7, 11), (5, 12), (6, 11), (4, 12), (5, 11), (3, 12), (4, 11), (2, 12), (3, 11), (1, 12), (1, 11), (1, 10), (1, 9), (1, 8), (1, 7), (1, 6), (1, 5), (1, 4), (19, 6), (19, 4), (25, 8), ... (+24 more)]","[(15, 12), (16, 11), (14, 12), (15, 11), (13, 12), (14, 11), (12, 12), (13, 11), (11, 12), (12, 11), (10, 12), (11, 11), (9, 12), (10, 11), (8, 12), (9, 11), (7, 12), (8, 11), (6, 12), (7, 11), (5, 12), (6, 11), (4, 12), (5, 11), (3, 12), (4, 11), (2, 12), (3, 11), (1, 12), (1, 11), (1, 10), (1, 9), (1, 8), (1, 7), (1, 6), (1, 5), (1, 4), (19, 6), (19, 4), (25, 8), ... (+25 more)]","[(17, 3), (19, 9), (8, 9), (9, 8), (2, 11), (13, 8), (15, 5), (6, 11), (21, 9), (5, 3), (17, 5), (8, 11), (11, 7), (1, 8), (15, 7), (7, 3), (18, 3), (17, 7), (19, 4), (9, 3), (11, 9), (13, 3), (1, 10), (22, 5), (17, 9), (19, 6), (1, 3), (24, 5), (15, 11), (22, 7), (3, 3), (14, 3), (4, 11), (9, 7), (1, 5), (24, 7), (25, 6), (16, 3), (13, 7), (18, 9), ... (+51 more)]",83,0,83
92,"(7, 7)","(7, 8)",South,"['(7, 8)', '(7, 6)', '(6, 7)']","[(15, 12), (16, 11), (14, 12), (15, 11), (13, 12), (14, 11), (12, 12), (13, 11), (11, 12), (12, 11), (10, 12), (11, 11), (9, 12), (10, 11), (8, 12), (9, 11), (7, 12), (8, 11), (6, 12), (7, 11), (5, 12), (6, 11), (4, 12), (5, 11), (3, 12), (4, 11), (2, 12), (3, 11), (1, 12), (1, 11), (1, 10), (1, 9), (1, 8), (1, 7), (1, 6), (1, 5), (1, 4), (19, 6), (19, 4), (25, 8), ... (+25 more)]","[(15, 12), (16, 11), (14, 12), (15, 11), (13, 12), (14, 11), (12, 12), (13, 11), (11, 12), (12, 11), (10, 12), (11, 11), (9, 12), (10, 11), (8, 12), (9, 11), (7, 12), (8, 11), (6, 12), (7, 11), (5, 12), (6, 11), (4, 12), (5, 11), (3, 12), (4, 11), (2, 12), (3, 11), (1, 12), (1, 11), (1, 10), (1, 9), (1, 8), (1, 7), (1, 6), (1, 5), (1, 4), (19, 6), (19, 4), (25, 8), ... (+27 more)]","[(17, 3), (19, 9), (8, 9), (9, 8), (2, 11), (13, 8), (15, 5), (6, 11), (21, 9), (5, 3), (17, 5), (8, 11), (11, 7), (1, 8), (15, 7), (7, 3), (18, 3), (17, 7), (19, 4), (9, 3), (11, 9), (13, 3), (1, 10), (22, 5), (17, 9), (19, 6), (1, 3), (24, 5), (15, 11), (7, 7), (22, 7), (3, 3), (14, 3), (4, 11), (9, 7), (1, 5), (24, 7), (25, 6), (16, 3), (13, 7), ... (+52 more)]",84,0,84
93,"(6, 7)","(7, 7)",West,"['(7, 7)', '(5, 7)']","[(15, 12), (16, 11), (14, 12), (15, 11), (13, 12), (14, 11), (12, 12), (13, 11), (11, 12), (12, 11), (10, 12), (11, 11), (9, 12), (10, 11), (8, 12), (9, 11), (7, 12), (8, 11), (6, 12), (7, 11), (5, 12), (6, 11), (4, 12), (5, 11), (3, 12), (4, 11), (2, 12), (3, 11), (1, 12), (1, 11), (1, 10), (1, 9), (1, 8), (1, 7), (1, 6), (1, 5), (1, 4), (19, 6), (19, 4), (25, 8), ... (+27 more)]","[(15, 12), (16, 11), (14, 12), (15, 11), (13, 12), (14, 11), (12, 12), (13, 11), (11, 12), (12, 11), (10, 12), (11, 11), (9, 12), (10, 11), (8, 12), (9, 11), (7, 12), (8, 11), (6, 12), (7, 11), (5, 12), (6, 11), (4, 12), (5, 11), (3, 12), (4, 11), (2, 12), (3, 11), (1, 12), (1, 11), (1, 10), (1, 9), (1, 8), (1, 7), (1, 6), (1, 5), (1, 4), (19, 6), (19, 4), (25, 8), ... (+28 more)]","[(17, 3), (19, 9), (8, 9), (9, 8), (2, 11), (13, 8), (15, 5), (6, 11), (21, 9), (5, 3), (17, 5), (8, 11), (11, 7), (1, 8), (15, 7), (7, 3), (18, 3), (17, 7), (19, 4), (9, 3), (11, 9), (13, 3), (1, 10), (22, 5), (17, 9), (19, 6), (1, 3), (24, 5), (15, 11), (7, 7), (22, 7), (3, 3), (14, 3), (4, 11), (9, 7), (1, 5), (24, 7), (25, 6), (16, 3), (13, 7), ... (+53 more)]",85,0,85
94,"(5, 7)","(6, 7)",West,"['(5, 8)', '(6, 7)']","[(15, 12), (16, 11), (14, 12), (15, 11), (13, 12), (14, 11), (12, 12), (13, 11), (11, 12), (12, 11), (10, 12), (11, 11), (9, 12), (10, 11), (8, 12), (9, 11), (7, 12), (8, 11), (6, 12), (7, 11), (5, 12), (6, 11), (4, 12), (5, 11), (3, 12), (4, 11), (2, 12), (3, 11), (1, 12), (1, 11), (1, 10), (1, 9), (1, 8), (1, 7), (1, 6), (1, 5), (1, 4), (19, 6), (19, 4), (25, 8), ... (+28 more)]","[(15, 12), (16, 11), (14, 12), (15, 11), (13, 12), (14, 11), (12, 12), (13, 11), (11, 12), (12, 11), (10, 12), (11, 11), (9, 12), (10, 11), (8, 12), (9, 11), (7, 12), (8, 11), (6, 12), (7, 11), (5, 12), (6, 11), (4, 12), (5, 11), (3, 12), (4, 11), (2, 12), (3, 11), (1, 12), (1, 11), (1, 10), (1, 9), (1, 8), (1, 7), (1, 6), (1, 5), (1, 4), (19, 6), (19, 4), (25, 8), ... (+29 more)]","[(17, 3), (19, 9), (8, 9), (9, 8), (2, 11), (13, 8), (15, 5), (6, 11), (21, 9), (5, 3), (17, 5), (8, 11), (11, 7), (1, 8), (15, 7), (7, 3), (18, 3), (17, 7), (19, 4), (9, 3), (11, 9), (13, 3), (1, 10), (22, 5), (17, 9), (19, 6), (5, 7), (1, 3), (24, 5), (15, 11), (7, 7), (22, 7), (3, 3), (14, 3), (4, 11), (9, 7), (1, 5), (24, 7), (25, 6), (16, 3), ... (+54 more)]",86,0,86
95,"(5, 8)","(5, 7)",North,"['(5, 9)', '(5, 7)']","[(15, 12), (16, 11), (14, 12), (15, 11), (13, 12), (14, 11), (12, 12), (13, 11), (11, 12), (12, 11), (10, 12), (11, 11), (9, 12), (10, 11), (8, 12), (9, 11), (7, 12), (8, 11), (6, 12), (7, 11), (5, 12), (6, 11), (4, 12), (5, 11), (3, 12), (4, 11), (2, 12), (3, 11), (1, 12), (1, 11), (1, 10), (1, 9), (1, 8), (1, 7), (1, 6), (1, 5), (1, 4), (19, 6), (19, 4), (25, 8), ... (+28 more)]","[(15, 12), (16, 11), (14, 12), (15, 11), (13, 12), (14, 11), (12, 12), (13, 11), (11, 12), (12, 11), (10, 12), (11, 11), (9, 12), (10, 11), (8, 12), (9, 11), (7, 12), (8, 11), (6, 12), (7, 11), (5, 12), (6, 11), (4, 12), (5, 11), (3, 12), (4, 11), (2, 12), (3, 11), (1, 12), (1, 11), (1, 10), (1, 9), (1, 8), (1, 7), (1, 6), (1, 5), (1, 4), (19, 6), (19, 4), (25, 8), ... (+29 more)]","[(17, 3), (19, 9), (8, 9), (9, 8), (2, 11), (13, 8), (15, 5), (6, 11), (21, 9), (5, 3), (17, 5), (8, 11), (11, 7), (1, 8), (15, 7), (7, 3), (18, 3), (17, 7), (19, 4), (9, 3), (11, 9), (13, 3), (1, 10), (22, 5), (17, 9), (19, 6), (5, 7), (1, 3), (24, 5), (15, 11), (7, 7), (22, 7), (3, 3), (14, 3), (4, 11), (9, 7), (1, 5), (24, 7), (25, 6), (16, 3), ... (+55 more)]",87,0,87
96,"(5, 9)","(5, 8)",North,"['(5, 8)', '(4, 9)']","[(15, 12), (16, 11), (14, 12), (15, 11), (13, 12), (14, 11), (12, 12), (13, 11), (11, 12), (12, 11), (10, 12), (11, 11), (9, 12), (10, 11), (8, 12), (9, 11), (7, 12), (8, 11), (6, 12), (7, 11), (5, 12), (6, 11), (4, 12), (5, 11), (3, 12), (4, 11), (2, 12), (3, 11), (1, 12), (1, 11), (1, 10), (1, 9), (1, 8), (1, 7), (1, 6), (1, 5), (1, 4), (19, 6), (19, 4), (25, 8), ... (+28 more)]","[(15, 12), (16, 11), (14, 12), (15, 11), (13, 12), (14, 11), (12, 12), (13, 11), (11, 12), (12, 11), (10, 12), (11, 11), (9, 12), (10, 11), (8, 12), (9, 11), (7, 12), (8, 11), (6, 12), (7, 11), (5, 12), (6, 11), (4, 12), (5, 11), (3, 12), (4, 11), (2, 12), (3, 11), (1, 12), (1, 11), (1, 10), (1, 9), (1, 8), (1, 7), (1, 6), (1, 5), (1, 4), (19, 6), (19, 4), (25, 8), ... (+29 more)]","[(17, 3), (19, 9), (8, 9), (9, 8), (2, 11), (13, 8), (15, 5), (6, 11), (21, 9), (5, 3), (17, 5), (8, 11), (11, 7), (1, 8), (15, 7), (7, 3), (18, 3), (17, 7), (19, 4), (9, 3), (11, 9), (13, 3), (1, 10), (22, 5), (17, 9), (19, 6), (5, 7), (1, 3), (24, 5), (15, 11), (7, 7), (22, 7), (3, 3), (14, 3), (5, 9), (4, 11), (9, 7), (1, 5), (24, 7), (25, 6), ... (+56 more)]",88,0,88
97,"(4, 9)","(5, 9)",West,"['(5, 9)', '(3, 9)']","[(15, 12), (16, 11), (14, 12), (15, 11), (13, 12), (14, 11), (12, 12), (13, 11), (11, 12), (12, 11), (10, 12), (11, 11), (9, 12), (10, 11), (8, 12), (9, 11), (7, 12), (8, 11), (6, 12), (7, 11), (5, 12), (6, 11), (4, 12), (5, 11), (3, 12), (4, 11), (2, 12), (3, 11), (1, 12), (1, 11), (1, 10), (1, 9), (1, 8), (1, 7), (1, 6), (1, 5), (1, 4), (19, 6), (19, 4), (25, 8), ... (+29 more)]","[(15, 12), (16, 11), (14, 12), (15, 11), (13, 12), (14, 11), (12, 12), (13, 11), (11, 12), (12, 11), (10, 12), (11, 11), (9, 12), (10, 11), (8, 12), (9, 11), (7, 12), (8, 11), (6, 12), (7, 11), (5, 12), (6, 11), (4, 12), (5, 11), (3, 12), (4, 11), (2, 12), (3, 11), (1, 12), (1, 11), (1, 10), (1, 9), (1, 8), (1, 7), (1, 6), (1, 5), (1, 4), (19, 6), (19, 4), (25, 8), ... (+30 more)]","[(4, 9), (17, 3), (19, 9), (8, 9), (9, 8), (2, 11), (13, 8), (15, 5), (6, 11), (21, 9), (5, 3), (17, 5), (8, 11), (11, 7), (1, 8), (15, 7), (7, 3), (18, 3), (17, 7), (19, 4), (9, 3), (11, 9), (13, 3), (1, 10), (22, 5), (17, 9), (19, 6), (5, 7), (1, 3), (24, 5), (15, 11), (7, 7), (22, 7), (3, 3), (14, 3), (5, 9), (4, 11), (9, 7), (1, 5), (24, 7), ... (+57 more)]",89,0,89
98,"(3, 9)","(4, 9)",West,"['(3, 8)', '(4, 9)']","[(15, 12), (16, 11), (14, 12), (15, 11), (13, 12), (14, 11), (12, 12), (13, 11), (11, 12), (12, 11), (10, 12), (11, 11), (9, 12), (10, 11), (8, 12), (9, 11), (7, 12), (8, 11), (6, 12), (7, 11), (5, 12), (6, 11), (4, 12), (5, 11), (3, 12), (4, 11), (2, 12), (3, 11), (1, 12), (1, 11), (1, 10), (1, 9), (1, 8), (1, 7), (1, 6), (1, 5), (1, 4), (19, 6), (19, 4), (25, 8), ... (+30 more)]","[(15, 12), (16, 11), (14, 12), (15, 11), (13, 12), (14, 11), (12, 12), (13, 11), (11, 12), (12, 11), (10, 12), (11, 11), (9, 12), (10, 11), (8, 12), (9, 11), (7, 12), (8, 11), (6, 12), (7, 11), (5, 12), (6, 11), (4, 12), (5, 11), (3, 12), (4, 11), (2, 12), (3, 11), (1, 12), (1, 11), (1, 10), (1, 9), (1, 8), (1, 7), (1, 6), (1, 5), (1, 4), (19, 6), (19, 4), (25, 8), ... (+31 more)]","[(4, 9), (17, 3), (19, 9), (8, 9), (9, 8), (2, 11), (13, 8), (15, 5), (6, 11), (21, 9), (5, 3), (17, 5), (8, 11), (11, 7), (1, 8), (15, 7), (7, 3), (18, 3), (17, 7), (19, 4), (9, 3), (11, 9), (13, 3), (1, 10), (22, 5), (17, 9), (19, 6), (5, 7), (1, 3), (24, 5), (15, 11), (7, 7), (22, 7), (3, 3), (14, 3), (5, 9), (4, 11), (9, 7), (1, 5), (24, 7), ... (+58 more)]",90,0,90
99,"(3, 8)","(3, 9)",South,"['(3, 9)', '(3, 7)']","[(15, 12), (16, 11), (14, 12), (15, 11), (13, 12), (14, 11), (12, 12), (13, 11), (11, 12), (12, 11), (10, 12), (11, 11), (9, 12), (10, 11), (8, 12), (9, 11), (7, 12), (8, 11), (6, 12), (7, 11), (5, 12), (6, 11), (4, 12), (5, 11), (3, 12), (4, 11), (2, 12), (3, 11), (1, 12), (1, 11), (1, 10), (1, 9), (1, 8), (1, 7), (1, 6), (1, 5), (1, 4), (19, 6), (19, 4), (25, 8), ... (+30 more)]","[(15, 12), (16, 11), (14, 12), (15, 11), (13, 12), (14, 11), (12, 12), (13, 11), (11, 12), (12, 11), (10, 12), (11, 11), (9, 12), (10, 11), (8, 12), (9, 11), (7, 12), (8, 11), (6, 12), (7, 11), (5, 12), (6, 11), (4, 12), (5, 11), (3, 12), (4, 11), (2, 12), (3, 11), (1, 12), (1, 11), (1, 10), (1, 9), (1, 8), (1, 7), (1, 6), (1, 5), (1, 4), (19, 6), (19, 4), (25, 8), ... (+31 more)]","[(4, 9), (17, 3), (19, 9), (8, 9), (9, 8), (2, 11), (13, 8), (15, 5), (6, 11), (21, 9), (5, 3), (17, 5), (8, 11), (11, 7), (1, 8), (15, 7), (7, 3), (18, 3), (3, 8), (17, 7), (19, 4), (9, 3), (11, 9), (13, 3), (1, 10), (22, 5), (17, 9), (19, 6), (5, 7), (1, 3), (24, 5), (15, 11), (7, 7), (22, 7), (3, 3), (14, 3), (5, 9), (4, 11), (9, 7), (1, 5), ... (+59 more)]",91,0,91
100,"(3, 7)","(3, 8)",South,"['(3, 8)', '(3, 6)']","[(15, 12), (16, 11), (14, 12), (15, 11), (13, 12), (14, 11), (12, 12), (13, 11), (11, 12), (12, 11), (10, 12), (11, 11), (9, 12), (10, 11), (8, 12), (9, 11), (7, 12), (8, 11), (6, 12), (7, 11), (5, 12), (6, 11), (4, 12), (5, 11), (3, 12), (4, 11), (2, 12), (3, 11), (1, 12), (1, 11), (1, 10), (1, 9), (1, 8), (1, 7), (1, 6), (1, 5), (1, 4), (19, 6), (19, 4), (25, 8), ... (+31 more)]","[(15, 12), (16, 11), (14, 12), (15, 11), (13, 12), (14, 11), (12, 12), (13, 11), (11, 12), (12, 11), (10, 12), (11, 11), (9, 12), (10, 11), (8, 12), (9, 11), (7, 12), (8, 11), (6, 12), (7, 11), (5, 12), (6, 11), (4, 12), (5, 11), (3, 12), (4, 11), (2, 12), (3, 11), (1, 12), (1, 11), (1, 10), (1, 9), (1, 8), (1, 7), (1, 6), (1, 5), (1, 4), (19, 6), (19, 4), (25, 8), ... (+32 more)]","[(4, 9), (17, 3), (19, 9), (8, 9), (9, 8), (2, 11), (13, 8), (15, 5), (6, 11), (21, 9), (5, 3), (17, 5), (8, 11), (11, 7), (1, 8), (15, 7), (7, 3), (18, 3), (3, 8), (17, 7), (19, 4), (9, 3), (11, 9), (13, 3), (1, 10), (22, 5), (17, 9), (19, 6), (5, 7), (1, 3), (24, 5), (15, 11), (7, 7), (22, 7), (3, 3), (14, 3), (5, 9), (4, 11), (9, 7), (1, 5), ... (+60 more)]",92,0,92
101,"(3, 6)","(3, 7)",South,"['(3, 7)', '(3, 5)']","[(15, 12), (16, 11), (14, 12), (15, 11), (13, 12), (14, 11), (12, 12), (13, 11), (11, 12), (12, 11), (10, 12), (11, 11), (9, 12), (10, 11), (8, 12), (9, 11), (7, 12), (8, 11), (6, 12), (7, 11), (5, 12), (6, 11), (4, 12), (5, 11), (3, 12), (4, 11), (2, 12), (3, 11), (1, 12), (1, 11), (1, 10), (1, 9), (1, 8), (1, 7), (1, 6), (1, 5), (1, 4), (19, 6), (19, 4), (25, 8), ... (+32 more)]","[(15, 12), (16, 11), (14, 12), (15, 11), (13, 12), (14, 11), (12, 12), (13, 11), (11, 12), (12, 11), (10, 12), (11, 11), (9, 12), (10, 11), (8, 12), (9, 11), (7, 12), (8, 11), (6, 12), (7, 11), (5, 12), (6, 11), (4, 12), (5, 11), (3, 12), (4, 11), (2, 12), (3, 11), (1, 12), (1, 11), (1, 10), (1, 9), (1, 8), (1, 7), (1, 6), (1, 5), (1, 4), (19, 6), (19, 4), (25, 8), ... (+33 more)]","[(4, 9), (17, 3), (19, 9), (8, 9), (9, 8), (2, 11), (13, 8), (15, 5), (6, 11), (21, 9), (3, 6), (5, 3), (17, 5), (8, 11), (11, 7), (1, 8), (15, 7), (7, 3), (18, 3), (3, 8), (17, 7), (19, 4), (9, 3), (11, 9), (13, 3), (1, 10), (22, 5), (17, 9), (19, 6), (5, 7), (1, 3), (24, 5), (15, 11), (7, 7), (22, 7), (3, 3), (14, 3), (5, 9), (4, 11), (9, 7), ... (+61 more)]",93,0,93
102,"(3, 5)","(3, 6)",South,"['(3, 6)', '(4, 5)']","[(15, 12), (16, 11), (14, 12), (15, 11), (13, 12), (14, 11), (12, 12), (13, 11), (11, 12), (12, 11), (10, 12), (11, 11), (9, 12), (10, 11), (8, 12), (9, 11), (7, 12), (8, 11), (6, 12), (7, 11), (5, 12), (6, 11), (4, 12), (5, 11), (3, 12), (4, 11), (2, 12), (3, 11), (1, 12), (1, 11), (1, 10), (1, 9), (1, 8), (1, 7), (1, 6), (1, 5), (1, 4), (19, 6), (19, 4), (25, 8), ... (+33 more)]","[(15, 12), (16, 11), (14, 12), (15, 11), (13, 12), (14, 11), (12, 12), (13, 11), (11, 12), (12, 11), (10, 12), (11, 11), (9, 12), (10, 11), (8, 12), (9, 11), (7, 12), (8, 11), (6, 12), (7, 11), (5, 12), (6, 11), (4, 12), (5, 11), (3, 12), (4, 11), (2, 12), (3, 11), (1, 12), (1, 11), (1, 10), (1, 9), (1, 8), (1, 7), (1, 6), (1, 5), (1, 4), (19, 6), (19, 4), (25, 8), ... (+34 more)]","[(4, 9), (17, 3), (19, 9), (8, 9), (9, 8), (2, 11), (13, 8), (15, 5), (6, 11), (21, 9), (3, 6), (5, 3), (17, 5), (8, 11), (11, 7), (1, 8), (15, 7), (7, 3), (18, 3), (3, 8), (17, 7), (19, 4), (9, 3), (11, 9), (13, 3), (1, 10), (22, 5), (17, 9), (19, 6), (5, 7), (1, 3), (24, 5), (15, 11), (7, 7), (22, 7), (3, 3), (14, 3), (5, 9), (4, 11), (9, 7), ... (+62 more)]",94,0,94
103,"(4, 5)","(3, 5)",East,"['(5, 5)', '(3, 5)']","[(15, 12), (16, 11), (14, 12), (15, 11), (13, 12), (14, 11), (12, 12), (13, 11), (11, 12), (12, 11), (10, 12), (11, 11), (9, 12), (10, 11), (8, 12), (9, 11), (7, 12), (8, 11), (6, 12), (7, 11), (5, 12), (6, 11), (4, 12), (5, 11), (3, 12), (4, 11), (2, 12), (3, 11), (1, 12), (1, 11), (1, 10), (1, 9), (1, 8), (1, 7), (1, 6), (1, 5), (1, 4), (19, 6), (19, 4), (25, 8), ... (+34 more)]","[(15, 12), (16, 11), (14, 12), (15, 11), (13, 12), (14, 11), (12, 12), (13, 11), (11, 12), (12, 11), (10, 12), (11, 11), (9, 12), (10, 11), (8, 12), (9, 11), (7, 12), (8, 11), (6, 12), (7, 11), (5, 12), (6, 11), (4, 12), (5, 11), (3, 12), (4, 11), (2, 12), (3, 11), (1, 12), (1, 11), (1, 10), (1, 9), (1, 8), (1, 7), (1, 6), (1, 5), (1, 4), (19, 6), (19, 4), (25, 8), ... (+35 more)]","[(4, 9), (17, 3), (19, 9), (8, 9), (9, 8), (2, 11), (13, 8), (15, 5), (6, 11), (21, 9), (3, 6), (5, 3), (17, 5), (8, 11), (11, 7), (1, 8), (15, 7), (7, 3), (18, 3), (3, 8), (17, 7), (19, 4), (9, 3), (11, 9), (13, 3), (1, 10), (22, 5), (17, 9), (19, 6), (5, 7), (1, 3), (24, 5), (15, 11), (7, 7), (22, 7), (3, 3), (14, 3), (5, 9), (4, 11), (9, 7), ... (+63 more)]",95,0,95
104,"(5, 5)","(4, 5)",East,"['(4, 5)']","[(15, 12), (16, 11), (14, 12), (15, 11), (13, 12), (14, 11), (12, 12), (13, 11), (11, 12), (12, 11), (10, 12), (11, 11), (9, 12), (10, 11), (8, 12), (9, 11), (7, 12), (8, 11), (6, 12), (7, 11), (5, 12), (6, 11), (4, 12), (5, 11), (3, 12), (4, 11), (2, 12), (3, 11), (1, 12), (1, 11), (1, 10), (1, 9), (1, 8), (1, 7), (1, 6), (1, 5), (1, 4), (19, 6), (19, 4), (25, 8), ... (+34 more)]","[(15, 12), (16, 11), (14, 12), (15, 11), (13, 12), (14, 11), (12, 12), (13, 11), (11, 12), (12, 11), (10, 12), (11, 11), (9, 12), (10, 11), (8, 12), (9, 11), (7, 12), (8, 11), (6, 12), (7, 11), (5, 12), (6, 11), (4, 12), (5, 11), (3, 12), (4, 11), (2, 12), (3, 11), (1, 12), (1, 11), (1, 10), (1, 9), (1, 8), (1, 7), (1, 6), (1, 5), (1, 4), (19, 6), (19, 4), (25, 8), ... (+34 more)]","[(4, 9), (17, 3), (19, 9), (8, 9), (9, 8), (2, 11), (13, 8), (15, 5), (6, 11), (21, 9), (3, 6), (5, 3), (17, 5), (8, 11), (11, 7), (1, 8), (15, 7), (7, 3), (18, 3), (3, 8), (17, 7), (19, 4), (5, 5), (9, 3), (11, 9), (13, 3), (1, 10), (22, 5), (17, 9), (19, 6), (5, 7), (1, 3), (24, 5), (15, 11), (7, 7), (22, 7), (3, 3), (14, 3), (5, 9), (4, 11), ... (+64 more)]",96,0,96
105,"(7, 6)","(7, 7)",South,"['(7, 7)', '(7, 5)']","[(15, 12), (16, 11), (14, 12), (15, 11), (13, 12), (14, 11), (12, 12), (13, 11), (11, 12), (12, 11), (10, 12), (11, 11), (9, 12), (10, 11), (8, 12), (9, 11), (7, 12), (8, 11), (6, 12), (7, 11), (5, 12), (6, 11), (4, 12), (5, 11), (3, 12), (4, 11), (2, 12), (3, 11), (1, 12), (1, 11), (1, 10), (1, 9), (1, 8), (1, 7), (1, 6), (1, 5), (1, 4), (19, 6), (19, 4), (25, 8), ... (+26 more)]","[(15, 12), (16, 11), (14, 12), (15, 11), (13, 12), (14, 11), (12, 12), (13, 11), (11, 12), (12, 11), (10, 12), (11, 11), (9, 12), (10, 11), (8, 12), (9, 11), (7, 12), (8, 11), (6, 12), (7, 11), (5, 12), (6, 11), (4, 12), (5, 11), (3, 12), (4, 11), (2, 12), (3, 11), (1, 12), (1, 11), (1, 10), (1, 9), (1, 8), (1, 7), (1, 6), (1, 5), (1, 4), (19, 6), (19, 4), (25, 8), ... (+27 more)]","[(4, 9), (17, 3), (19, 9), (8, 9), (9, 8), (2, 11), (13, 8), (15, 5), (6, 11), (21, 9), (3, 6), (5, 3), (17, 5), (8, 11), (11, 7), (1, 8), (15, 7), (7, 3), (18, 3), (3, 8), (17, 7), (19, 4), (5, 5), (9, 3), (11, 9), (13, 3), (1, 10), (22, 5), (17, 9), (19, 6), (5, 7), (1, 3), (24, 5), (15, 11), (7, 7), (22, 7), (3, 3), (14, 3), (5, 9), (4, 11), ... (+65 more)]",85,0,85
106,"(7, 5)","(7, 6)",South,"['(7, 6)', '(8, 5)']","[(15, 12), (16, 11), (14, 12), (15, 11), (13, 12), (14, 11), (12, 12), (13, 11), (11, 12), (12, 11), (10, 12), (11, 11), (9, 12), (10, 11), (8, 12), (9, 11), (7, 12), (8, 11), (6, 12), (7, 11), (5, 12), (6, 11), (4, 12), (5, 11), (3, 12), (4, 11), (2, 12), (3, 11), (1, 12), (1, 11), (1, 10), (1, 9), (1, 8), (1, 7), (1, 6), (1, 5), (1, 4), (19, 6), (19, 4), (25, 8), ... (+27 more)]","[(15, 12), (16, 11), (14, 12), (15, 11), (13, 12), (14, 11), (12, 12), (13, 11), (11, 12), (12, 11), (10, 12), (11, 11), (9, 12), (10, 11), (8, 12), (9, 11), (7, 12), (8, 11), (6, 12), (7, 11), (5, 12), (6, 11), (4, 12), (5, 11), (3, 12), (4, 11), (2, 12), (3, 11), (1, 12), (1, 11), (1, 10), (1, 9), (1, 8), (1, 7), (1, 6), (1, 5), (1, 4), (19, 6), (19, 4), (25, 8), ... (+28 more)]","[(4, 9), (17, 3), (19, 9), (8, 9), (9, 8), (2, 11), (13, 8), (15, 5), (6, 11), (21, 9), (3, 6), (5, 3), (17, 5), (8, 11), (11, 7), (1, 8), (15, 7), (7, 3), (18, 3), (3, 8), (17, 7), (19, 4), (5, 5), (9, 3), (11, 9), (13, 3), (1, 10), (7, 5), (22, 5), (17, 9), (19, 6), (5, 7), (1, 3), (24, 5), (15, 11), (7, 7), (22, 7), (3, 3), (14, 3), (5, 9), ... (+66 more)]",86,0,86
107,"(8, 5)","(7, 5)",East,"['(9, 5)', '(7, 5)']","[(15, 12), (16, 11), (14, 12), (15, 11), (13, 12), (14, 11), (12, 12), (13, 11), (11, 12), (12, 11), (10, 12), (11, 11), (9, 12), (10, 11), (8, 12), (9, 11), (7, 12), (8, 11), (6, 12), (7, 11), (5, 12), (6, 11), (4, 12), (5, 11), (3, 12), (4, 11), (2, 12), (3, 11), (1, 12), (1, 11), (1, 10), (1, 9), (1, 8), (1, 7), (1, 6), (1, 5), (1, 4), (19, 6), (19, 4), (25, 8), ... (+28 more)]","[(15, 12), (16, 11), (14, 12), (15, 11), (13, 12), (14, 11), (12, 12), (13, 11), (11, 12), (12, 11), (10, 12), (11, 11), (9, 12), (10, 11), (8, 12), (9, 11), (7, 12), (8, 11), (6, 12), (7, 11), (5, 12), (6, 11), (4, 12), (5, 11), (3, 12), (4, 11), (2, 12), (3, 11), (1, 12), (1, 11), (1, 10), (1, 9), (1, 8), (1, 7), (1, 6), (1, 5), (1, 4), (19, 6), (19, 4), (25, 8), ... (+29 more)]","[(4, 9), (17, 3), (19, 9), (8, 9), (9, 8), (2, 11), (13, 8), (15, 5), (6, 11), (21, 9), (3, 6), (5, 3), (17, 5), (8, 11), (11, 7), (1, 8), (15, 7), (7, 3), (18, 3), (3, 8), (17, 7), (19, 4), (5, 5), (9, 3), (11, 9), (13, 3), (1, 10), (7, 5), (22, 5), (17, 9), (19, 6), (5, 7), (1, 3), (24, 5), (15, 11), (7, 7), (22, 7), (3, 3), (14, 3), (5, 9), ... (+67 more)]",87,0,87
108,"(9, 5)","(8, 5)",East,"['(8, 5)']","[(15, 12), (16, 11), (14, 12), (15, 11), (13, 12), (14, 11), (12, 12), (13, 11), (11, 12), (12, 11), (10, 12), (11, 11), (9, 12), (10, 11), (8, 12), (9, 11), (7, 12), (8, 11), (6, 12), (7, 11), (5, 12), (6, 11), (4, 12), (5, 11), (3, 12), (4, 11), (2, 12), (3, 11), (1, 12), (1, 11), (1, 10), (1, 9), (1, 8), (1, 7), (1, 6), (1, 5), (1, 4), (19, 6), (19, 4), (25, 8), ... (+28 more)]","[(15, 12), (16, 11), (14, 12), (15, 11), (13, 12), (14, 11), (12, 12), (13, 11), (11, 12), (12, 11), (10, 12), (11, 11), (9, 12), (10, 11), (8, 12), (9, 11), (7, 12), (8, 11), (6, 12), (7, 11), (5, 12), (6, 11), (4, 12), (5, 11), (3, 12), (4, 11), (2, 12), (3, 11), (1, 12), (1, 11), (1, 10), (1, 9), (1, 8), (1, 7), (1, 6), (1, 5), (1, 4), (19, 6), (19, 4), (25, 8), ... (+28 more)]","[(4, 9), (17, 3), (19, 9), (8, 9), (9, 8), (2, 11), (13, 8), (15, 5), (6, 11), (21, 9), (3, 6), (5, 3), (17, 5), (8, 11), (11, 7), (1, 8), (15, 7), (7, 3), (18, 3), (3, 8), (17, 7), (19, 4), (5, 5), (9, 3), (11, 9), (13, 3), (1, 10), (7, 5), (22, 5), (17, 9), (19, 6), (5, 7), (9, 5), (1, 3), (24, 5), (15, 11), (7, 7), (22, 7), (3, 3), (14, 3), ... (+68 more)]",88,0,88
109,"(11, 6)","(11, 7)",South,"['(11, 7)', '(11, 5)']","[(15, 12), (16, 11), (14, 12), (15, 11), (13, 12), (14, 11), (12, 12), (13, 11), (11, 12), (12, 11), (10, 12), (11, 11), (9, 12), (10, 11), (8, 12), (9, 11), (7, 12), (8, 11), (6, 12), (7, 11), (5, 12), (6, 11), (4, 12), (5, 11), (3, 12), (4, 11), (2, 12), (3, 11), (1, 12), (1, 11), (1, 10), (1, 9), (1, 8), (1, 7), (1, 6), (1, 5), (1, 4), (19, 6), (19, 4), (25, 8), ... (+20 more)]","[(15, 12), (16, 11), (14, 12), (15, 11), (13, 12), (14, 11), (12, 12), (13, 11), (11, 12), (12, 11), (10, 12), (11, 11), (9, 12), (10, 11), (8, 12), (9, 11), (7, 12), (8, 11), (6, 12), (7, 11), (5, 12), (6, 11), (4, 12), (5, 11), (3, 12), (4, 11), (2, 12), (3, 11), (1, 12), (1, 11), (1, 10), (1, 9), (1, 8), (1, 7), (1, 6), (1, 5), (1, 4), (19, 6), (19, 4), (25, 8), ... (+21 more)]","[(4, 9), (17, 3), (19, 9), (8, 9), (9, 8), (2, 11), (13, 8), (15, 5), (6, 11), (21, 9), (3, 6), (5, 3), (17, 5), (8, 11), (11, 7), (1, 8), (15, 7), (7, 3), (18, 3), (3, 8), (17, 7), (19, 4), (5, 5), (9, 3), (11, 9), (13, 3), (1, 10), (7, 5), (22, 5), (17, 9), (19, 6), (5, 7), (9, 5), (1, 3), (24, 5), (15, 11), (7, 7), (22, 7), (3, 3), (14, 3), ... (+69 more)]",77,0,77
110,"(11, 5)","(11, 6)",South,"['(11, 6)', '(12, 5)']","[(15, 12), (16, 11), (14, 12), (15, 11), (13, 12), (14, 11), (12, 12), (13, 11), (11, 12), (12, 11), (10, 12), (11, 11), (9, 12), (10, 11), (8, 12), (9, 11), (7, 12), (8, 11), (6, 12), (7, 11), (5, 12), (6, 11), (4, 12), (5, 11), (3, 12), (4, 11), (2, 12), (3, 11), (1, 12), (1, 11), (1, 10), (1, 9), (1, 8), (1, 7), (1, 6), (1, 5), (1, 4), (19, 6), (19, 4), (25, 8), ... (+21 more)]","[(15, 12), (16, 11), (14, 12), (15, 11), (13, 12), (14, 11), (12, 12), (13, 11), (11, 12), (12, 11), (10, 12), (11, 11), (9, 12), (10, 11), (8, 12), (9, 11), (7, 12), (8, 11), (6, 12), (7, 11), (5, 12), (6, 11), (4, 12), (5, 11), (3, 12), (4, 11), (2, 12), (3, 11), (1, 12), (1, 11), (1, 10), (1, 9), (1, 8), (1, 7), (1, 6), (1, 5), (1, 4), (19, 6), (19, 4), (25, 8), ... (+22 more)]","[(4, 9), (17, 3), (19, 9), (8, 9), (9, 8), (11, 5), (2, 11), (13, 8), (15, 5), (6, 11), (21, 9), (3, 6), (5, 3), (17, 5), (8, 11), (11, 7), (1, 8), (15, 7), (7, 3), (18, 3), (3, 8), (17, 7), (19, 4), (5, 5), (9, 3), (11, 9), (13, 3), (1, 10), (7, 5), (22, 5), (17, 9), (19, 6), (5, 7), (9, 5), (1, 3), (24, 5), (15, 11), (7, 7), (22, 7), (3, 3), ... (+70 more)]",78,0,78
111,"(12, 5)","(11, 5)",East,"['(13, 5)', '(11, 5)']","[(15, 12), (16, 11), (14, 12), (15, 11), (13, 12), (14, 11), (12, 12), (13, 11), (11, 12), (12, 11), (10, 12), (11, 11), (9, 12), (10, 11), (8, 12), (9, 11), (7, 12), (8, 11), (6, 12), (7, 11), (5, 12), (6, 11), (4, 12), (5, 11), (3, 12), (4, 11), (2, 12), (3, 11), (1, 12), (1, 11), (1, 10), (1, 9), (1, 8), (1, 7), (1, 6), (1, 5), (1, 4), (19, 6), (19, 4), (25, 8), ... (+22 more)]","[(15, 12), (16, 11), (14, 12), (15, 11), (13, 12), (14, 11), (12, 12), (13, 11), (11, 12), (12, 11), (10, 12), (11, 11), (9, 12), (10, 11), (8, 12), (9, 11), (7, 12), (8, 11), (6, 12), (7, 11), (5, 12), (6, 11), (4, 12), (5, 11), (3, 12), (4, 11), (2, 12), (3, 11), (1, 12), (1, 11), (1, 10), (1, 9), (1, 8), (1, 7), (1, 6), (1, 5), (1, 4), (19, 6), (19, 4), (25, 8), ... (+23 more)]","[(4, 9), (17, 3), (19, 9), (8, 9), (9, 8), (11, 5), (2, 11), (13, 8), (15, 5), (6, 11), (21, 9), (3, 6), (5, 3), (17, 5), (8, 11), (11, 7), (1, 8), (15, 7), (7, 3), (18, 3), (3, 8), (17, 7), (19, 4), (5, 5), (9, 3), (11, 9), (13, 3), (1, 10), (7, 5), (22, 5), (17, 9), (19, 6), (5, 7), (9, 5), (1, 3), (24, 5), (15, 11), (7, 7), (22, 7), (3, 3), ... (+71 more)]",79,0,79
112,"(13, 5)","(12, 5)",East,"['(12, 5)']","[(15, 12), (16, 11), (14, 12), (15, 11), (13, 12), (14, 11), (12, 12), (13, 11), (11, 12), (12, 11), (10, 12), (11, 11), (9, 12), (10, 11), (8, 12), (9, 11), (7, 12), (8, 11), (6, 12), (7, 11), (5, 12), (6, 11), (4, 12), (5, 11), (3, 12), (4, 11), (2, 12), (3, 11), (1, 12), (1, 11), (1, 10), (1, 9), (1, 8), (1, 7), (1, 6), (1, 5), (1, 4), (19, 6), (19, 4), (25, 8), ... (+22 more)]","[(15, 12), (16, 11), (14, 12), (15, 11), (13, 12), (14, 11), (12, 12), (13, 11), (11, 12), (12, 11), (10, 12), (11, 11), (9, 12), (10, 11), (8, 12), (9, 11), (7, 12), (8, 11), (6, 12), (7, 11), (5, 12), (6, 11), (4, 12), (5, 11), (3, 12), (4, 11), (2, 12), (3, 11), (1, 12), (1, 11), (1, 10), (1, 9), (1, 8), (1, 7), (1, 6), (1, 5), (1, 4), (19, 6), (19, 4), (25, 8), ... (+22 more)]","[(4, 9), (17, 3), (19, 9), (8, 9), (9, 8), (11, 5), (2, 11), (13, 8), (15, 5), (6, 11), (21, 9), (3, 6), (5, 3), (17, 5), (8, 11), (11, 7), (1, 8), (15, 7), (7, 3), (18, 3), (3, 8), (17, 7), (19, 4), (5, 5), (9, 3), (11, 9), (13, 3), (1, 10), (7, 5), (22, 5), (17, 9), (19, 6), (5, 7), (9, 5), (1, 3), (24, 5), (13, 5), (15, 11), (7, 7), (22, 7), ... (+72 more)]",80,0,80
113,"(15, 8)","(15, 7)",North,"['(15, 9)', '(15, 7)']","[(15, 12), (16, 11), (14, 12), (15, 11), (13, 12), (14, 11), (12, 12), (13, 11), (11, 12), (12, 11), (10, 12), (11, 11), (9, 12), (10, 11), (8, 12), (9, 11), (7, 12), (8, 11), (6, 12), (7, 11), (5, 12), (6, 11), (4, 12), (5, 11), (3, 12), (4, 11), (2, 12), (3, 11), (1, 12), (1, 11), (1, 10), (1, 9), (1, 8), (1, 7), (1, 6), (1, 5), (1, 4), (19, 6), (19, 4), (25, 8), ... (+13 more)]","[(15, 12), (16, 11), (14, 12), (15, 11), (13, 12), (14, 11), (12, 12), (13, 11), (11, 12), (12, 11), (10, 12), (11, 11), (9, 12), (10, 11), (8, 12), (9, 11), (7, 12), (8, 11), (6, 12), (7, 11), (5, 12), (6, 11), (4, 12), (5, 11), (3, 12), (4, 11), (2, 12), (3, 11), (1, 12), (1, 11), (1, 10), (1, 9), (1, 8), (1, 7), (1, 6), (1, 5), (1, 4), (19, 6), (19, 4), (25, 8), ... (+14 more)]","[(4, 9), (17, 3), (19, 9), (8, 9), (9, 8), (11, 5), (2, 11), (13, 8), (15, 5), (6, 11), (21, 9), (3, 6), (5, 3), (17, 5), (8, 11), (11, 7), (1, 8), (15, 7), (7, 3), (18, 3), (3, 8), (17, 7), (19, 4), (5, 5), (9, 3), (11, 9), (13, 3), (1, 10), (7, 5), (22, 5), (17, 9), (19, 6), (5, 7), (9, 5), (1, 3), (24, 5), (13, 5), (15, 11), (7, 7), (22, 7), ... (+73 more)]",69,0,69
114,"(15, 9)","(15, 8)",North,"['(15, 8)']","[(15, 12), (16, 11), (14, 12), (15, 11), (13, 12), (14, 11), (12, 12), (13, 11), (11, 12), (12, 11), (10, 12), (11, 11), (9, 12), (10, 11), (8, 12), (9, 11), (7, 12), (8, 11), (6, 12), (7, 11), (5, 12), (6, 11), (4, 12), (5, 11), (3, 12), (4, 11), (2, 12), (3, 11), (1, 12), (1, 11), (1, 10), (1, 9), (1, 8), (1, 7), (1, 6), (1, 5), (1, 4), (19, 6), (19, 4), (25, 8), ... (+13 more)]","[(15, 12), (16, 11), (14, 12), (15, 11), (13, 12), (14, 11), (12, 12), (13, 11), (11, 12), (12, 11), (10, 12), (11, 11), (9, 12), (10, 11), (8, 12), (9, 11), (7, 12), (8, 11), (6, 12), (7, 11), (5, 12), (6, 11), (4, 12), (5, 11), (3, 12), (4, 11), (2, 12), (3, 11), (1, 12), (1, 11), (1, 10), (1, 9), (1, 8), (1, 7), (1, 6), (1, 5), (1, 4), (19, 6), (19, 4), (25, 8), ... (+13 more)]","[(4, 9), (17, 3), (19, 9), (8, 9), (9, 8), (11, 5), (2, 11), (13, 8), (15, 5), (6, 11), (21, 9), (3, 6), (5, 3), (17, 5), (8, 11), (11, 7), (1, 8), (15, 7), (7, 3), (18, 3), (3, 8), (17, 7), (19, 4), (5, 5), (9, 3), (11, 9), (13, 3), (1, 10), (15, 9), (7, 5), (22, 5), (17, 9), (19, 6), (5, 7), (9, 5), (1, 3), (24, 5), (13, 5), (15, 11), (7, 7), ... (+74 more)]",70,0,70
115,"(1, 12)","(1, 11)",North,"['(1, 11)', '(2, 12)']","['(15, 12)', '(16, 11)', '(14, 12)', '(15, 11)', '(13, 12)', '(14, 11)', '(12, 12)', '(13, 11)', '(11, 12)', '(12, 11)', '(10, 12)', '(11, 11)', '(9, 12)', '(10, 11)', '(8, 12)', '(9, 11)', '(7, 12)', '(8, 11)', '(6, 12)', '(7, 11)', '(5, 12)', '(6, 11)', '(4, 12)', '(5, 11)', '(3, 12)', '(4, 11)', '(2, 12)', '(3, 11)', '(1, 12)']","['(15, 12)', '(16, 11)', '(14, 12)', '(15, 11)', '(13, 12)', '(14, 11)', '(12, 12)', '(13, 11)', '(11, 12)', '(12, 11)', '(10, 12)', '(11, 11)', '(9, 12)', '(10, 11)', '(8, 12)', '(9, 11)', '(7, 12)', '(8, 11)', '(6, 12)', '(7, 11)', '(5, 12)', '(6, 11)', '(4, 12)', '(5, 11)', '(3, 12)', '(4, 11)', '(2, 12)', '(3, 11)', '(1, 11)', '(2, 12)']","[(4, 9), (17, 3), (19, 9), (8, 9), (9, 8), (11, 5), (2, 11), (13, 8), (15, 5), (6, 11), (21, 9), (3, 6), (5, 3), (17, 5), (8, 11), (11, 7), (1, 8), (15, 7), (7, 3), (18, 3), (3, 8), (17, 7), (19, 4), (5, 5), (9, 3), (11, 9), (13, 3), (1, 10), (15, 9), (7, 5), (22, 5), (17, 9), (19, 6), (5, 7), (9, 5), (1, 3), (24, 5), (13, 5), (1, 12), (15, 11), ... (+75 more)]",15,0,15
116,"(2, 12)","(1, 12)",East,"['(2, 11)', '(3, 12)', '(1, 12)']","['(15, 12)', '(16, 11)', '(14, 12)', '(15, 11)', '(13, 12)', '(14, 11)', '(12, 12)', '(13, 11)', '(11, 12)', '(12, 11)', '(10, 12)', '(11, 11)', '(9, 12)', '(10, 11)', '(8, 12)', '(9, 11)', '(7, 12)', '(8, 11)', '(6, 12)', '(7, 11)', '(5, 12)', '(6, 11)', '(4, 12)', '(5, 11)', '(3, 12)', '(4, 11)', '(2, 12)', '(3, 11)', '(1, 11)', '(2, 12)']","['(15, 12)', '(16, 11)', '(14, 12)', '(15, 11)', '(13, 12)', '(14, 11)', '(12, 12)', '(13, 11)', '(11, 12)', '(12, 11)', '(10, 12)', '(11, 11)', '(9, 12)', '(10, 11)', '(8, 12)', '(9, 11)', '(7, 12)', '(8, 11)', '(6, 12)', '(7, 11)', '(5, 12)', '(6, 11)', '(4, 12)', '(5, 11)', '(3, 12)', '(4, 11)', '(2, 12)', '(3, 11)', '(1, 11)', '(2, 11)', '(3, 12)', '(1, 12)']","[(4, 9), (17, 3), (19, 9), (8, 9), (9, 8), (11, 5), (2, 11), (13, 8), (15, 5), (6, 11), (21, 9), (3, 6), (5, 3), (17, 5), (8, 11), (11, 7), (1, 8), (15, 7), (7, 3), (18, 3), (3, 8), (17, 7), (19, 4), (5, 5), (9, 3), (11, 9), (13, 3), (1, 10), (15, 9), (7, 5), (22, 5), (17, 9), (19, 6), (5, 7), (9, 5), (1, 3), (24, 5), (13, 5), (1, 12), (15, 11), ... (+76 more)]",16,0,16
117,"(3, 12)","(2, 12)",East,"['(3, 11)', '(4, 12)', '(2, 12)']","['(15, 12)', '(16, 11)', '(14, 12)', '(15, 11)', '(13, 12)', '(14, 11)', '(12, 12)', '(13, 11)', '(11, 12)', '(12, 11)', '(10, 12)', '(11, 11)', '(9, 12)', '(10, 11)', '(8, 12)', '(9, 11)', '(7, 12)', '(8, 11)', '(6, 12)', '(7, 11)', '(5, 12)', '(6, 11)', '(4, 12)', '(5, 11)', '(3, 12)', '(4, 11)', '(2, 12)', '(3, 11)', '(1, 11)', '(2, 11)', '(3, 12)']","['(15, 12)', '(16, 11)', '(14, 12)', '(15, 11)', '(13, 12)', '(14, 11)', '(12, 12)', '(13, 11)', '(11, 12)', '(12, 11)', '(10, 12)', '(11, 11)', '(9, 12)', '(10, 11)', '(8, 12)', '(9, 11)', '(7, 12)', '(8, 11)', '(6, 12)', '(7, 11)', '(5, 12)', '(6, 11)', '(4, 12)', '(5, 11)', '(3, 12)', '(4, 11)', '(2, 12)', '(3, 11)', '(1, 11)', '(2, 11)', '(3, 11)', '(4, 12)', '(2, 12)']","[(4, 9), (17, 3), (19, 9), (8, 9), (9, 8), (11, 5), (2, 11), (13, 8), (15, 5), (6, 11), (21, 9), (3, 6), (5, 3), (17, 5), (8, 11), (11, 7), (1, 8), (15, 7), (7, 3), (18, 3), (3, 8), (17, 7), (19, 4), (5, 5), (9, 3), (11, 9), (13, 3), (1, 10), (15, 9), (7, 5), (22, 5), (17, 9), (19, 6), (5, 7), (9, 5), (1, 3), (24, 5), (13, 5), (1, 12), (15, 11), ... (+77 more)]",17,0,17
118,"(4, 12)","(3, 12)",East,"['(4, 11)', '(5, 12)', '(3, 12)']","['(15, 12)', '(16, 11)', '(14, 12)', '(15, 11)', '(13, 12)', '(14, 11)', '(12, 12)', '(13, 11)', '(11, 12)', '(12, 11)', '(10, 12)', '(11, 11)', '(9, 12)', '(10, 11)', '(8, 12)', '(9, 11)', '(7, 12)', '(8, 11)', '(6, 12)', '(7, 11)', '(5, 12)', '(6, 11)', '(4, 12)', '(5, 11)', '(3, 12)', '(4, 11)', '(2, 12)', '(3, 11)', '(1, 11)', '(2, 11)', '(3, 11)', '(4, 12)']","['(15, 12)', '(16, 11)', '(14, 12)', '(15, 11)', '(13, 12)', '(14, 11)', '(12, 12)', '(13, 11)', '(11, 12)', '(12, 11)', '(10, 12)', '(11, 11)', '(9, 12)', '(10, 11)', '(8, 12)', '(9, 11)', '(7, 12)', '(8, 11)', '(6, 12)', '(7, 11)', '(5, 12)', '(6, 11)', '(4, 12)', '(5, 11)', '(3, 12)', '(4, 11)', '(2, 12)', '(3, 11)', '(1, 11)', '(2, 11)', '(3, 11)', '(4, 11)', '(5, 12)', '(3, 12)']","[(4, 9), (17, 3), (19, 9), (8, 9), (9, 8), (11, 5), (2, 11), (13, 8), (15, 5), (6, 11), (21, 9), (3, 6), (5, 3), (17, 5), (8, 11), (11, 7), (1, 8), (15, 7), (7, 3), (18, 3), (3, 8), (17, 7), (19, 4), (5, 5), (9, 3), (11, 9), (13, 3), (1, 10), (15, 9), (7, 5), (22, 5), (17, 9), (19, 6), (5, 7), (9, 5), (1, 3), (24, 5), (13, 5), (1, 12), (15, 11), ... (+78 more)]",18,0,18
119,"(5, 12)","(4, 12)",East,"['(5, 11)', '(6, 12)', '(4, 12)']","['(15, 12)', '(16, 11)', '(14, 12)', '(15, 11)', '(13, 12)', '(14, 11)', '(12, 12)', '(13, 11)', '(11, 12)', '(12, 11)', '(10, 12)', '(11, 11)', '(9, 12)', '(10, 11)', '(8, 12)', '(9, 11)', '(7, 12)', '(8, 11)', '(6, 12)', '(7, 11)', '(5, 12)', '(6, 11)', '(4, 12)', '(5, 11)', '(3, 12)', '(4, 11)', '(2, 12)', '(3, 11)', '(1, 11)', '(2, 11)', '(3, 11)', '(4, 11)', '(5, 12)']","['(15, 12)', '(16, 11)', '(14, 12)', '(15, 11)', '(13, 12)', '(14, 11)', '(12, 12)', '(13, 11)', '(11, 12)', '(12, 11)', '(10, 12)', '(11, 11)', '(9, 12)', '(10, 11)', '(8, 12)', '(9, 11)', '(7, 12)', '(8, 11)', '(6, 12)', '(7, 11)', '(5, 12)', '(6, 11)', '(4, 12)', '(5, 11)', '(3, 12)', '(4, 11)', '(2, 12)', '(3, 11)', '(1, 11)', '(2, 11)', '(3, 11)', '(4, 11)', '(5, 11)', '(6, 12)', '(4, 12)']","[(4, 9), (17, 3), (19, 9), (8, 9), (9, 8), (11, 5), (2, 11), (13, 8), (15, 5), (6, 11), (21, 9), (3, 6), (5, 3), (17, 5), (5, 12), (8, 11), (11, 7), (1, 8), (15, 7), (7, 3), (18, 3), (3, 8), (17, 7), (19, 4), (5, 5), (9, 3), (11, 9), (13, 3), (1, 10), (15, 9), (7, 5), (22, 5), (17, 9), (19, 6), (5, 7), (9, 5), (1, 3), (24, 5), (13, 5), (1, 12), ... (+79 more)]",19,0,19
120,"(6, 12)","(5, 12)",East,"['(6, 11)', '(7, 12)', '(5, 12)']","['(15, 12)', '(16, 11)', '(14, 12)', '(15, 11)', '(13, 12)', '(14, 11)', '(12, 12)', '(13, 11)', '(11, 12)', '(12, 11)', '(10, 12)', '(11, 11)', '(9, 12)', '(10, 11)', '(8, 12)', '(9, 11)', '(7, 12)', '(8, 11)', '(6, 12)', '(7, 11)', '(5, 12)', '(6, 11)', '(4, 12)', '(5, 11)', '(3, 12)', '(4, 11)', '(2, 12)', '(3, 11)', '(1, 11)', '(2, 11)', '(3, 11)', '(4, 11)', '(5, 11)', '(6, 12)']","['(15, 12)', '(16, 11)', '(14, 12)', '(15, 11)', '(13, 12)', '(14, 11)', '(12, 12)', '(13, 11)', '(11, 12)', '(12, 11)', '(10, 12)', '(11, 11)', '(9, 12)', '(10, 11)', '(8, 12)', '(9, 11)', '(7, 12)', '(8, 11)', '(6, 12)', '(7, 11)', '(5, 12)', '(6, 11)', '(4, 12)', '(5, 11)', '(3, 12)', '(4, 11)', '(2, 12)', '(3, 11)', '(1, 11)', '(2, 11)', '(3, 11)', '(4, 11)', '(5, 11)', '(6, 11)', '(7, 12)', '(5, 12)']","[(4, 9), (17, 3), (19, 9), (8, 9), (9, 8), (11, 5), (2, 11), (13, 8), (15, 5), (6, 11), (21, 9), (3, 6), (5, 3), (17, 5), (5, 12), (8, 11), (11, 7), (1, 8), (15, 7), (7, 3), (18, 3), (3, 8), (17, 7), (19, 4), (5, 5), (9, 3), (11, 9), (13, 3), (1, 10), (15, 9), (7, 5), (22, 5), (17, 9), (19, 6), (5, 7), (9, 5), (1, 3), (24, 5), (13, 5), (1, 12), ... (+80 more)]",20,0,20
121,"(7, 12)","(6, 12)",East,"['(7, 11)', '(8, 12)', '(6, 12)']","['(15, 12)', '(16, 11)', '(14, 12)', '(15, 11)', '(13, 12)', '(14, 11)', '(12, 12)', '(13, 11)', '(11, 12)', '(12, 11)', '(10, 12)', '(11, 11)', '(9, 12)', '(10, 11)', '(8, 12)', '(9, 11)', '(7, 12)', '(8, 11)', '(6, 12)', '(7, 11)', '(5, 12)', '(6, 11)', '(4, 12)', '(5, 11)', '(3, 12)', '(4, 11)', '(2, 12)', '(3, 11)', '(1, 11)', '(2, 11)', '(3, 11)', '(4, 11)', '(5, 11)', '(6, 11)', '(7, 12)']","['(15, 12)', '(16, 11)', '(14, 12)', '(15, 11)', '(13, 12)', '(14, 11)', '(12, 12)', '(13, 11)', '(11, 12)', '(12, 11)', '(10, 12)', '(11, 11)', '(9, 12)', '(10, 11)', '(8, 12)', '(9, 11)', '(7, 12)', '(8, 11)', '(6, 12)', '(7, 11)', '(5, 12)', '(6, 11)', '(4, 12)', '(5, 11)', '(3, 12)', '(4, 11)', '(2, 12)', '(3, 11)', '(1, 11)', '(2, 11)', '(3, 11)', '(4, 11)', '(5, 11)', '(6, 11)', '(7, 11)', '(8, 12)', '(6, 12)']","[(4, 9), (17, 3), (19, 9), (8, 9), (9, 8), (11, 5), (2, 11), (13, 8), (15, 5), (6, 11), (21, 9), (3, 6), (5, 3), (17, 5), (5, 12), (8, 11), (11, 7), (1, 8), (15, 7), (7, 3), (18, 3), (7, 12), (3, 8), (17, 7), (19, 4), (5, 5), (9, 3), (11, 9), (13, 3), (1, 10), (15, 9), (7, 5), (22, 5), (17, 9), (19, 6), (5, 7), (9, 5), (1, 3), (24, 5), (13, 5), ... (+81 more)]",21,0,21
122,"(8, 12)","(7, 12)",East,"['(8, 11)', '(9, 12)', '(7, 12)']","['(15, 12)', '(16, 11)', '(14, 12)', '(15, 11)', '(13, 12)', '(14, 11)', '(12, 12)', '(13, 11)', '(11, 12)', '(12, 11)', '(10, 12)', '(11, 11)', '(9, 12)', '(10, 11)', '(8, 12)', '(9, 11)', '(7, 12)', '(8, 11)', '(6, 12)', '(7, 11)', '(5, 12)', '(6, 11)', '(4, 12)', '(5, 11)', '(3, 12)', '(4, 11)', '(2, 12)', '(3, 11)', '(1, 11)', '(2, 11)', '(3, 11)', '(4, 11)', '(5, 11)', '(6, 11)', '(7, 11)', '(8, 12)']","['(15, 12)', '(16, 11)', '(14, 12)', '(15, 11)', '(13, 12)', '(14, 11)', '(12, 12)', '(13, 11)', '(11, 12)', '(12, 11)', '(10, 12)', '(11, 11)', '(9, 12)', '(10, 11)', '(8, 12)', '(9, 11)', '(7, 12)', '(8, 11)', '(6, 12)', '(7, 11)', '(5, 12)', '(6, 11)', '(4, 12)', '(5, 11)', '(3, 12)', '(4, 11)', '(2, 12)', '(3, 11)', '(1, 11)', '(2, 11)', '(3, 11)', '(4, 11)', '(5, 11)', '(6, 11)', '(7, 11)', '(8, 11)', '(9, 12)', '(7, 12)']","[(4, 9), (17, 3), (19, 9), (8, 9), (9, 8), (11, 5), (2, 11), (13, 8), (15, 5), (6, 11), (21, 9), (3, 6), (5, 3), (17, 5), (5, 12), (8, 11), (11, 7), (1, 8), (15, 7), (7, 3), (18, 3), (7, 12), (3, 8), (17, 7), (19, 4), (5, 5), (9, 3), (11, 9), (13, 3), (1, 10), (15, 9), (7, 5), (22, 5), (17, 9), (19, 6), (5, 7), (9, 5), (1, 3), (24, 5), (13, 5), ... (+82 more)]",22,0,22
123,"(9, 12)","(8, 12)",East,"['(9, 11)', '(10, 12)', '(8, 12)']","['(15, 12)', '(16, 11)', '(14, 12)', '(15, 11)', '(13, 12)', '(14, 11)', '(12, 12)', '(13, 11)', '(11, 12)', '(12, 11)', '(10, 12)', '(11, 11)', '(9, 12)', '(10, 11)', '(8, 12)', '(9, 11)', '(7, 12)', '(8, 11)', '(6, 12)', '(7, 11)', '(5, 12)', '(6, 11)', '(4, 12)', '(5, 11)', '(3, 12)', '(4, 11)', '(2, 12)', '(3, 11)', '(1, 11)', '(2, 11)', '(3, 11)', '(4, 11)', '(5, 11)', '(6, 11)', '(7, 11)', '(8, 11)', '(9, 12)']","['(15, 12)', '(16, 11)', '(14, 12)', '(15, 11)', '(13, 12)', '(14, 11)', '(12, 12)', '(13, 11)', '(11, 12)', '(12, 11)', '(10, 12)', '(11, 11)', '(9, 12)', '(10, 11)', '(8, 12)', '(9, 11)', '(7, 12)', '(8, 11)', '(6, 12)', '(7, 11)', '(5, 12)', '(6, 11)', '(4, 12)', '(5, 11)', '(3, 12)', '(4, 11)', '(2, 12)', '(3, 11)', '(1, 11)', '(2, 11)', '(3, 11)', '(4, 11)', '(5, 11)', '(6, 11)', '(7, 11)', '(8, 11)', '(9, 11)', '(10, 12)', '(8, 12)']","[(4, 9), (17, 3), (19, 9), (8, 9), (9, 8), (11, 5), (2, 11), (13, 8), (15, 5), (6, 11), (21, 9), (3, 6), (5, 3), (17, 5), (5, 12), (8, 11), (11, 7), (1, 8), (15, 7), (7, 3), (18, 3), (7, 12), (3, 8), (17, 7), (19, 4), (5, 5), (9, 3), (9, 12), (11, 9), (13, 3), (1, 10), (15, 9), (7, 5), (22, 5), (17, 9), (19, 6), (5, 7), (9, 5), (1, 3), (24, 5), ... (+83 more)]",23,0,23
124,"(10, 12)","(9, 12)",East,"['(10, 11)', '(11, 12)', '(9, 12)']","['(15, 12)', '(16, 11)', '(14, 12)', '(15, 11)', '(13, 12)', '(14, 11)', '(12, 12)', '(13, 11)', '(11, 12)', '(12, 11)', '(10, 12)', '(11, 11)', '(9, 12)', '(10, 11)', '(8, 12)', '(9, 11)', '(7, 12)', '(8, 11)', '(6, 12)', '(7, 11)', '(5, 12)', '(6, 11)', '(4, 12)', '(5, 11)', '(3, 12)', '(4, 11)', '(2, 12)', '(3, 11)', '(1, 11)', '(2, 11)', '(3, 11)', '(4, 11)', '(5, 11)', '(6, 11)', '(7, 11)', '(8, 11)', '(9, 11)', '(10, 12)']","['(15, 12)', '(16, 11)', '(14, 12)', '(15, 11)', '(13, 12)', '(14, 11)', '(12, 12)', '(13, 11)', '(11, 12)', '(12, 11)', '(10, 12)', '(11, 11)', '(9, 12)', '(10, 11)', '(8, 12)', '(9, 11)', '(7, 12)', '(8, 11)', '(6, 12)', '(7, 11)', '(5, 12)', '(6, 11)', '(4, 12)', '(5, 11)', '(3, 12)', '(4, 11)', '(2, 12)', '(3, 11)', '(1, 11)', '(2, 11)', '(3, 11)', '(4, 11)', '(5, 11)', '(6, 11)', '(7, 11)', '(8, 11)', '(9, 11)', '(10, 11)', '(11, 12)', '(9, 12)']","[(4, 9), (17, 3), (19, 9), (8, 9), (9, 8), (11, 5), (2, 11), (13, 8), (15, 5), (6, 11), (21, 9), (3, 6), (5, 3), (17, 5), (5, 12), (8, 11), (11, 7), (1, 8), (15, 7), (7, 3), (18, 3), (7, 12), (3, 8), (17, 7), (19, 4), (5, 5), (9, 3), (9, 12), (11, 9), (13, 3), (1, 10), (15, 9), (7, 5), (22, 5), (17, 9), (19, 6), (5, 7), (9, 5), (1, 3), (24, 5), ... (+84 more)]",24,0,24
125,"(11, 12)","(10, 12)",East,"['(11, 11)', '(12, 12)', '(10, 12)']","['(15, 12)', '(16, 11)', '(14, 12)', '(15, 11)', '(13, 12)', '(14, 11)', '(12, 12)', '(13, 11)', '(11, 12)', '(12, 11)', '(10, 12)', '(11, 11)', '(9, 12)', '(10, 11)', '(8, 12)', '(9, 11)', '(7, 12)', '(8, 11)', '(6, 12)', '(7, 11)', '(5, 12)', '(6, 11)', '(4, 12)', '(5, 11)', '(3, 12)', '(4, 11)', '(2, 12)', '(3, 11)', '(1, 11)', '(2, 11)', '(3, 11)', '(4, 11)', '(5, 11)', '(6, 11)', '(7, 11)', '(8, 11)', '(9, 11)', '(10, 11)', '(11, 12)']","[(15, 12), (16, 11), (14, 12), (15, 11), (13, 12), (14, 11), (12, 12), (13, 11), (11, 12), (12, 11), (10, 12), (11, 11), (9, 12), (10, 11), (8, 12), (9, 11), (7, 12), (8, 11), (6, 12), (7, 11), (5, 12), (6, 11), (4, 12), (5, 11), (3, 12), (4, 11), (2, 12), (3, 11), (1, 11), (2, 11), (3, 11), (4, 11), (5, 11), (6, 11), (7, 11), (8, 11), (9, 11), (10, 11), (11, 11), (12, 12), ... (+1 more)]","[(4, 9), (17, 3), (19, 9), (8, 9), (9, 8), (11, 5), (2, 11), (13, 8), (15, 5), (6, 11), (21, 9), (3, 6), (5, 3), (17, 5), (5, 12), (8, 11), (11, 7), (1, 8), (15, 7), (7, 3), (18, 3), (7, 12), (3, 8), (17, 7), (19, 4), (5, 5), (9, 3), (9, 12), (11, 9), (13, 3), (1, 10), (15, 9), (7, 5), (22, 5), (17, 9), (19, 6), (5, 7), (9, 5), (1, 3), (24, 5), ... (+85 more)]",25,0,25
126,"(12, 12)","(11, 12)",East,"['(12, 11)', '(13, 12)', '(11, 12)']","['(15, 12)', '(16, 11)', '(14, 12)', '(15, 11)', '(13, 12)', '(14, 11)', '(12, 12)', '(13, 11)', '(11, 12)', '(12, 11)', '(10, 12)', '(11, 11)', '(9, 12)', '(10, 11)', '(8, 12)', '(9, 11)', '(7, 12)', '(8, 11)', '(6, 12)', '(7, 11)', '(5, 12)', '(6, 11)', '(4, 12)', '(5, 11)', '(3, 12)', '(4, 11)', '(2, 12)', '(3, 11)', '(1, 11)', '(2, 11)', '(3, 11)', '(4, 11)', '(5, 11)', '(6, 11)', '(7, 11)', '(8, 11)', '(9, 11)', '(10, 11)', '(11, 11)', '(12, 12)']","[(15, 12), (16, 11), (14, 12), (15, 11), (13, 12), (14, 11), (12, 12), (13, 11), (11, 12), (12, 11), (10, 12), (11, 11), (9, 12), (10, 11), (8, 12), (9, 11), (7, 12), (8, 11), (6, 12), (7, 11), (5, 12), (6, 11), (4, 12), (5, 11), (3, 12), (4, 11), (2, 12), (3, 11), (1, 11), (2, 11), (3, 11), (4, 11), (5, 11), (6, 11), (7, 11), (8, 11), (9, 11), (10, 11), (11, 11), (12, 11), ... (+2 more)]","[(4, 9), (17, 3), (19, 9), (8, 9), (9, 8), (11, 5), (2, 11), (13, 8), (15, 5), (6, 11), (21, 9), (3, 6), (5, 3), (17, 5), (5, 12), (8, 11), (11, 7), (1, 8), (15, 7), (7, 3), (18, 3), (7, 12), (3, 8), (17, 7), (19, 4), (5, 5), (9, 3), (9, 12), (11, 9), (13, 3), (1, 10), (15, 9), (7, 5), (22, 5), (17, 9), (19, 6), (5, 7), (9, 5), (1, 3), (24, 5), ... (+86 more)]",26,0,26
127,"(13, 12)","(12, 12)",East,"['(13, 11)', '(14, 12)', '(12, 12)']","[(15, 12), (16, 11), (14, 12), (15, 11), (13, 12), (14, 11), (12, 12), (13, 11), (11, 12), (12, 11), (10, 12), (11, 11), (9, 12), (10, 11), (8, 12), (9, 11), (7, 12), (8, 11), (6, 12), (7, 11), (5, 12), (6, 11), (4, 12), (5, 11), (3, 12), (4, 11), (2, 12), (3, 11), (1, 11), (2, 11), (3, 11), (4, 11), (5, 11), (6, 11), (7, 11), (8, 11), (9, 11), (10, 11), (11, 11), (12, 11), ... (+1 more)]","[(15, 12), (16, 11), (14, 12), (15, 11), (13, 12), (14, 11), (12, 12), (13, 11), (11, 12), (12, 11), (10, 12), (11, 11), (9, 12), (10, 11), (8, 12), (9, 11), (7, 12), (8, 11), (6, 12), (7, 11), (5, 12), (6, 11), (4, 12), (5, 11), (3, 12), (4, 11), (2, 12), (3, 11), (1, 11), (2, 11), (3, 11), (4, 11), (5, 11), (6, 11), (7, 11), (8, 11), (9, 11), (10, 11), (11, 11), (12, 11), ... (+3 more)]","[(4, 9), (17, 3), (19, 9), (8, 9), (9, 8), (11, 5), (2, 11), (13, 8), (15, 5), (6, 11), (21, 9), (3, 6), (5, 3), (17, 5), (5, 12), (8, 11), (11, 7), (1, 8), (15, 7), (7, 3), (18, 3), (7, 12), (3, 8), (17, 7), (19, 4), (5, 5), (9, 3), (9, 12), (11, 9), (13, 3), (1, 10), (15, 9), (13, 12), (7, 5), (22, 5), (17, 9), (19, 6), (5, 7), (9, 5), (1, 3), ... (+87 more)]",27,0,27
128,"(14, 12)","(13, 12)",East,"['(14, 11)', '(15, 12)', '(13, 12)']","[(15, 12), (16, 11), (14, 12), (15, 11), (13, 12), (14, 11), (12, 12), (13, 11), (11, 12), (12, 11), (10, 12), (11, 11), (9, 12), (10, 11), (8, 12), (9, 11), (7, 12), (8, 11), (6, 12), (7, 11), (5, 12), (6, 11), (4, 12), (5, 11), (3, 12), (4, 11), (2, 12), (3, 11), (1, 11), (2, 11), (3, 11), (4, 11), (5, 11), (6, 11), (7, 11), (8, 11), (9, 11), (10, 11), (11, 11), (12, 11), ... (+2 more)]","[(15, 12), (16, 11), (14, 12), (15, 11), (13, 12), (14, 11), (12, 12), (13, 11), (11, 12), (12, 11), (10, 12), (11, 11), (9, 12), (10, 11), (8, 12), (9, 11), (7, 12), (8, 11), (6, 12), (7, 11), (5, 12), (6, 11), (4, 12), (5, 11), (3, 12), (4, 11), (2, 12), (3, 11), (1, 11), (2, 11), (3, 11), (4, 11), (5, 11), (6, 11), (7, 11), (8, 11), (9, 11), (10, 11), (11, 11), (12, 11), ... (+4 more)]","[(4, 9), (17, 3), (19, 9), (8, 9), (9, 8), (11, 5), (2, 11), (13, 8), (15, 5), (6, 11), (21, 9), (3, 6), (5, 3), (17, 5), (5, 12), (8, 11), (11, 7), (1, 8), (15, 7), (7, 3), (18, 3), (7, 12), (3, 8), (17, 7), (19, 4), (5, 5), (9, 3), (9, 12), (11, 9), (13, 3), (1, 10), (15, 9), (13, 12), (7, 5), (22, 5), (17, 9), (19, 6), (5, 7), (9, 5), (1, 3), ... (+88 more)]",28,0,28
129,"(15, 12)","(14, 12)",East,"['(15, 11)', '(16, 12)', '(14, 12)']","[(15, 12), (16, 11), (14, 12), (15, 11), (13, 12), (14, 11), (12, 12), (13, 11), (11, 12), (12, 11), (10, 12), (11, 11), (9, 12), (10, 11), (8, 12), (9, 11), (7, 12), (8, 11), (6, 12), (7, 11), (5, 12), (6, 11), (4, 12), (5, 11), (3, 12), (4, 11), (2, 12), (3, 11), (1, 11), (2, 11), (3, 11), (4, 11), (5, 11), (6, 11), (7, 11), (8, 11), (9, 11), (10, 11), (11, 11), (12, 11), ... (+3 more)]","[(15, 12), (16, 11), (14, 12), (15, 11), (13, 12), (14, 11), (12, 12), (13, 11), (11, 12), (12, 11), (10, 12), (11, 11), (9, 12), (10, 11), (8, 12), (9, 11), (7, 12), (8, 11), (6, 12), (7, 11), (5, 12), (6, 11), (4, 12), (5, 11), (3, 12), (4, 11), (2, 12), (3, 11), (1, 11), (2, 11), (3, 11), (4, 11), (5, 11), (6, 11), (7, 11), (8, 11), (9, 11), (10, 11), (11, 11), (12, 11), ... (+5 more)]","[(4, 9), (17, 3), (19, 9), (8, 9), (9, 8), (11, 5), (2, 11), (13, 8), (15, 5), (6, 11), (21, 9), (3, 6), (5, 3), (17, 5), (5, 12), (8, 11), (11, 7), (1, 8), (15, 7), (7, 3), (18, 3), (7, 12), (3, 8), (17, 7), (19, 4), (5, 5), (9, 3), (9, 12), (11, 9), (13, 3), (1, 10), (15, 9), (13, 12), (7, 5), (22, 5), (17, 9), (19, 6), (5, 7), (9, 5), (1, 3), ... (+89 more)]",29,0,29
130,"(16, 12)","(15, 12)",East,"['(16, 11)', '(17, 12)', '(15, 12)']","[(15, 12), (16, 11), (14, 12), (15, 11), (13, 12), (14, 11), (12, 12), (13, 11), (11, 12), (12, 11), (10, 12), (11, 11), (9, 12), (10, 11), (8, 12), (9, 11), (7, 12), (8, 11), (6, 12), (7, 11), (5, 12), (6, 11), (4, 12), (5, 11), (3, 12), (4, 11), (2, 12), (3, 11), (1, 11), (2, 11), (3, 11), (4, 11), (5, 11), (6, 11), (7, 11), (8, 11), (9, 11), (10, 11), (11, 11), (12, 11), ... (+4 more)]","[(15, 12), (16, 11), (14, 12), (15, 11), (13, 12), (14, 11), (12, 12), (13, 11), (11, 12), (12, 11), (10, 12), (11, 11), (9, 12), (10, 11), (8, 12), (9, 11), (7, 12), (8, 11), (6, 12), (7, 11), (5, 12), (6, 11), (4, 12), (5, 11), (3, 12), (4, 11), (2, 12), (3, 11), (1, 11), (2, 11), (3, 11), (4, 11), (5, 11), (6, 11), (7, 11), (8, 11), (9, 11), (10, 11), (11, 11), (12, 11), ... (+6 more)]","[(4, 9), (17, 3), (19, 9), (8, 9), (9, 8), (11, 5), (2, 11), (13, 8), (15, 5), (6, 11), (21, 9), (3, 6), (5, 3), (17, 5), (5, 12), (8, 11), (11, 7), (1, 8), (15, 7), (7, 3), (18, 3), (7, 12), (3, 8), (17, 7), (19, 4), (5, 5), (9, 3), (9, 12), (11, 9), (13, 3), (1, 10), (15, 9), (13, 12), (7, 5), (22, 5), (17, 9), (19, 6), (5, 7), (9, 5), (1, 3), ... (+90 more)]",30,0,30
131,"(17, 12)","(16, 12)",East,"['(17, 11)', '(18, 12)', '(16, 12)']","[(15, 12), (16, 11), (14, 12), (15, 11), (13, 12), (14, 11), (12, 12), (13, 11), (11, 12), (12, 11), (10, 12), (11, 11), (9, 12), (10, 11), (8, 12), (9, 11), (7, 12), (8, 11), (6, 12), (7, 11), (5, 12), (6, 11), (4, 12), (5, 11), (3, 12), (4, 11), (2, 12), (3, 11), (1, 11), (2, 11), (3, 11), (4, 11), (5, 11), (6, 11), (7, 11), (8, 11), (9, 11), (10, 11), (11, 11), (12, 11), ... (+5 more)]","[(15, 12), (16, 11), (14, 12), (15, 11), (13, 12), (14, 11), (12, 12), (13, 11), (11, 12), (12, 11), (10, 12), (11, 11), (9, 12), (10, 11), (8, 12), (9, 11), (7, 12), (8, 11), (6, 12), (7, 11), (5, 12), (6, 11), (4, 12), (5, 11), (3, 12), (4, 11), (2, 12), (3, 11), (1, 11), (2, 11), (3, 11), (4, 11), (5, 11), (6, 11), (7, 11), (8, 11), (9, 11), (10, 11), (11, 11), (12, 11), ... (+7 more)]","[(4, 9), (17, 3), (17, 12), (19, 9), (8, 9), (9, 8), (11, 5), (2, 11), (13, 8), (15, 5), (6, 11), (21, 9), (3, 6), (5, 3), (17, 5), (5, 12), (8, 11), (11, 7), (1, 8), (15, 7), (7, 3), (18, 3), (7, 12), (3, 8), (17, 7), (19, 4), (5, 5), (9, 3), (9, 12), (11, 9), (13, 3), (1, 10), (15, 9), (13, 12), (7, 5), (22, 5), (17, 9), (19, 6), (5, 7), (9, 5), ... (+91 more)]",31,0,31
132,"(18, 12)","(17, 12)",East,"['(18, 11)', '(19, 12)', '(17, 12)']","[(15, 12), (16, 11), (14, 12), (15, 11), (13, 12), (14, 11), (12, 12), (13, 11), (11, 12), (12, 11), (10, 12), (11, 11), (9, 12), (10, 11), (8, 12), (9, 11), (7, 12), (8, 11), (6, 12), (7, 11), (5, 12), (6, 11), (4, 12), (5, 11), (3, 12), (4, 11), (2, 12), (3, 11), (1, 11), (2, 11), (3, 11), (4, 11), (5, 11), (6, 11), (7, 11), (8, 11), (9, 11), (10, 11), (11, 11), (12, 11), ... (+6 more)]","[(15, 12), (16, 11), (14, 12), (15, 11), (13, 12), (14, 11), (12, 12), (13, 11), (11, 12), (12, 11), (10, 12), (11, 11), (9, 12), (10, 11), (8, 12), (9, 11), (7, 12), (8, 11), (6, 12), (7, 11), (5, 12), (6, 11), (4, 12), (5, 11), (3, 12), (4, 11), (2, 12), (3, 11), (1, 11), (2, 11), (3, 11), (4, 11), (5, 11), (6, 11), (7, 11), (8, 11), (9, 11), (10, 11), (11, 11), (12, 11), ... (+8 more)]","[(4, 9), (17, 3), (17, 12), (19, 9), (8, 9), (9, 8), (11, 5), (2, 11), (13, 8), (15, 5), (6, 11), (21, 9), (3, 6), (5, 3), (17, 5), (5, 12), (8, 11), (11, 7), (1, 8), (15, 7), (7, 3), (18, 3), (7, 12), (18, 12), (3, 8), (17, 7), (19, 4), (5, 5), (9, 3), (9, 12), (11, 9), (13, 3), (1, 10), (15, 9), (13, 12), (7, 5), (22, 5), (17, 9), (19, 6), (5, 7), ... (+92 more)]",32,0,32
133,"(19, 12)","(18, 12)",East,"['(19, 11)', '(20, 12)', '(18, 12)']","[(15, 12), (16, 11), (14, 12), (15, 11), (13, 12), (14, 11), (12, 12), (13, 11), (11, 12), (12, 11), (10, 12), (11, 11), (9, 12), (10, 11), (8, 12), (9, 11), (7, 12), (8, 11), (6, 12), (7, 11), (5, 12), (6, 11), (4, 12), (5, 11), (3, 12), (4, 11), (2, 12), (3, 11), (1, 11), (2, 11), (3, 11), (4, 11), (5, 11), (6, 11), (7, 11), (8, 11), (9, 11), (10, 11), (11, 11), (12, 11), ... (+7 more)]","[(15, 12), (16, 11), (14, 12), (15, 11), (13, 12), (14, 11), (12, 12), (13, 11), (11, 12), (12, 11), (10, 12), (11, 11), (9, 12), (10, 11), (8, 12), (9, 11), (7, 12), (8, 11), (6, 12), (7, 11), (5, 12), (6, 11), (4, 12), (5, 11), (3, 12), (4, 11), (2, 12), (3, 11), (1, 11), (2, 11), (3, 11), (4, 11), (5, 11), (6, 11), (7, 11), (8, 11), (9, 11), (10, 11), (11, 11), (12, 11), ... (+9 more)]","[(4, 9), (17, 3), (17, 12), (19, 9), (8, 9), (9, 8), (11, 5), (2, 11), (13, 8), (15, 5), (6, 11), (21, 9), (3, 6), (5, 3), (17, 5), (5, 12), (8, 11), (11, 7), (1, 8), (15, 7), (7, 3), (18, 3), (7, 12), (18, 12), (3, 8), (17, 7), (19, 4), (5, 5), (9, 3), (9, 12), (11, 9), (13, 3), (1, 10), (15, 9), (13, 12), (7, 5), (22, 5), (17, 9), (19, 6), (5, 7), ... (+93 more)]",33,0,33
134,"(20, 12)","(19, 12)",East,"['(20, 11)', '(21, 12)', '(19, 12)']","[(15, 12), (16, 11), (14, 12), (15, 11), (13, 12), (14, 11), (12, 12), (13, 11), (11, 12), (12, 11), (10, 12), (11, 11), (9, 12), (10, 11), (8, 12), (9, 11), (7, 12), (8, 11), (6, 12), (7, 11), (5, 12), (6, 11), (4, 12), (5, 11), (3, 12), (4, 11), (2, 12), (3, 11), (1, 11), (2, 11), (3, 11), (4, 11), (5, 11), (6, 11), (7, 11), (8, 11), (9, 11), (10, 11), (11, 11), (12, 11), ... (+8 more)]","[(15, 12), (16, 11), (14, 12), (15, 11), (13, 12), (14, 11), (12, 12), (13, 11), (11, 12), (12, 11), (10, 12), (11, 11), (9, 12), (10, 11), (8, 12), (9, 11), (7, 12), (8, 11), (6, 12), (7, 11), (5, 12), (6, 11), (4, 12), (5, 11), (3, 12), (4, 11), (2, 12), (3, 11), (1, 11), (2, 11), (3, 11), (4, 11), (5, 11), (6, 11), (7, 11), (8, 11), (9, 11), (10, 11), (11, 11), (12, 11), ... (+10 more)]","[(4, 9), (17, 3), (17, 12), (19, 9), (8, 9), (9, 8), (11, 5), (2, 11), (13, 8), (15, 5), (6, 11), (21, 9), (3, 6), (5, 3), (17, 5), (5, 12), (8, 11), (11, 7), (1, 8), (15, 7), (7, 3), (18, 3), (7, 12), (18, 12), (3, 8), (17, 7), (19, 4), (5, 5), (9, 3), (9, 12), (11, 9), (13, 3), (1, 10), (15, 9), (13, 12), (7, 5), (22, 5), (17, 9), (19, 6), (5, 7), ... (+94 more)]",34,0,34
135,"(21, 12)","(20, 12)",East,"['(21, 11)', '(22, 12)', '(20, 12)']","[(15, 12), (16, 11), (14, 12), (15, 11), (13, 12), (14, 11), (12, 12), (13, 11), (11, 12), (12, 11), (10, 12), (11, 11), (9, 12), (10, 11), (8, 12), (9, 11), (7, 12), (8, 11), (6, 12), (7, 11), (5, 12), (6, 11), (4, 12), (5, 11), (3, 12), (4, 11), (2, 12), (3, 11), (1, 11), (2, 11), (3, 11), (4, 11), (5, 11), (6, 11), (7, 11), (8, 11), (9, 11), (10, 11), (11, 11), (12, 11), ... (+9 more)]","[(15, 12), (16, 11), (14, 12), (15, 11), (13, 12), (14, 11), (12, 12), (13, 11), (11, 12), (12, 11), (10, 12), (11, 11), (9, 12), (10, 11), (8, 12), (9, 11), (7, 12), (8, 11), (6, 12), (7, 11), (5, 12), (6, 11), (4, 12), (5, 11), (3, 12), (4, 11), (2, 12), (3, 11), (1, 11), (2, 11), (3, 11), (4, 11), (5, 11), (6, 11), (7, 11), (8, 11), (9, 11), (10, 11), (11, 11), (12, 11), ... (+11 more)]","[(4, 9), (17, 3), (17, 12), (19, 9), (8, 9), (9, 8), (11, 5), (2, 11), (13, 8), (15, 5), (6, 11), (21, 9), (3, 6), (5, 3), (17, 5), (5, 12), (8, 11), (11, 7), (1, 8), (15, 7), (7, 3), (18, 3), (7, 12), (18, 12), (3, 8), (17, 7), (19, 4), (5, 5), (9, 3), (9, 12), (11, 9), (13, 3), (1, 10), (15, 9), (13, 12), (7, 5), (22, 5), (17, 9), (19, 6), (5, 7), ... (+95 more)]",35,0,35
136,"(22, 12)","(21, 12)",East,"['(22, 11)', '(23, 12)', '(21, 12)']","[(15, 12), (16, 11), (14, 12), (15, 11), (13, 12), (14, 11), (12, 12), (13, 11), (11, 12), (12, 11), (10, 12), (11, 11), (9, 12), (10, 11), (8, 12), (9, 11), (7, 12), (8, 11), (6, 12), (7, 11), (5, 12), (6, 11), (4, 12), (5, 11), (3, 12), (4, 11), (2, 12), (3, 11), (1, 11), (2, 11), (3, 11), (4, 11), (5, 11), (6, 11), (7, 11), (8, 11), (9, 11), (10, 11), (11, 11), (12, 11), ... (+10 more)]","[(15, 12), (16, 11), (14, 12), (15, 11), (13, 12), (14, 11), (12, 12), (13, 11), (11, 12), (12, 11), (10, 12), (11, 11), (9, 12), (10, 11), (8, 12), (9, 11), (7, 12), (8, 11), (6, 12), (7, 11), (5, 12), (6, 11), (4, 12), (5, 11), (3, 12), (4, 11), (2, 12), (3, 11), (1, 11), (2, 11), (3, 11), (4, 11), (5, 11), (6, 11), (7, 11), (8, 11), (9, 11), (10, 11), (11, 11), (12, 11), ... (+12 more)]","[(4, 9), (17, 3), (17, 12), (19, 9), (8, 9), (9, 8), (11, 5), (2, 11), (13, 8), (15, 5), (6, 11), (21, 9), (3, 6), (5, 3), (17, 5), (5, 12), (8, 11), (11, 7), (1, 8), (15, 7), (7, 3), (18, 3), (7, 12), (18, 12), (22, 12), (3, 8), (17, 7), (19, 4), (5, 5), (9, 3), (9, 12), (11, 9), (13, 3), (1, 10), (15, 9), (13, 12), (7, 5), (22, 5), (17, 9), (19, 6), ... (+96 more)]",36,0,36
137,"(23, 12)","(22, 12)",East,"['(23, 11)', '(24, 12)', '(22, 12)']","[(15, 12), (16, 11), (14, 12), (15, 11), (13, 12), (14, 11), (12, 12), (13, 11), (11, 12), (12, 11), (10, 12), (11, 11), (9, 12), (10, 11), (8, 12), (9, 11), (7, 12), (8, 11), (6, 12), (7, 11), (5, 12), (6, 11), (4, 12), (5, 11), (3, 12), (4, 11), (2, 12), (3, 11), (1, 11), (2, 11), (3, 11), (4, 11), (5, 11), (6, 11), (7, 11), (8, 11), (9, 11), (10, 11), (11, 11), (12, 11), ... (+11 more)]","[(15, 12), (16, 11), (14, 12), (15, 11), (13, 12), (14, 11), (12, 12), (13, 11), (11, 12), (12, 11), (10, 12), (11, 11), (9, 12), (10, 11), (8, 12), (9, 11), (7, 12), (8, 11), (6, 12), (7, 11), (5, 12), (6, 11), (4, 12), (5, 11), (3, 12), (4, 11), (2, 12), (3, 11), (1, 11), (2, 11), (3, 11), (4, 11), (5, 11), (6, 11), (7, 11), (8, 11), (9, 11), (10, 11), (11, 11), (12, 11), ... (+13 more)]","[(4, 9), (17, 3), (17, 12), (19, 9), (8, 9), (9, 8), (11, 5), (2, 11), (13, 8), (15, 5), (6, 11), (21, 9), (3, 6), (5, 3), (17, 5), (5, 12), (8, 11), (11, 7), (1, 8), (15, 7), (7, 3), (18, 3), (7, 12), (18, 12), (22, 12), (3, 8), (17, 7), (19, 4), (5, 5), (9, 3), (9, 12), (11, 9), (13, 3), (1, 10), (15, 9), (13, 12), (7, 5), (22, 5), (17, 9), (19, 6), ... (+97 more)]",37,0,37
138,"(24, 12)","(23, 12)",East,"['(24, 11)', '(25, 12)', '(23, 12)']","[(15, 12), (16, 11), (14, 12), (15, 11), (13, 12), (14, 11), (12, 12), (13, 11), (11, 12), (12, 11), (10, 12), (11, 11), (9, 12), (10, 11), (8, 12), (9, 11), (7, 12), (8, 11), (6, 12), (7, 11), (5, 12), (6, 11), (4, 12), (5, 11), (3, 12), (4, 11), (2, 12), (3, 11), (1, 11), (2, 11), (3, 11), (4, 11), (5, 11), (6, 11), (7, 11), (8, 11), (9, 11), (10, 11), (11, 11), (12, 11), ... (+12 more)]","[(15, 12), (16, 11), (14, 12), (15, 11), (13, 12), (14, 11), (12, 12), (13, 11), (11, 12), (12, 11), (10, 12), (11, 11), (9, 12), (10, 11), (8, 12), (9, 11), (7, 12), (8, 11), (6, 12), (7, 11), (5, 12), (6, 11), (4, 12), (5, 11), (3, 12), (4, 11), (2, 12), (3, 11), (1, 11), (2, 11), (3, 11), (4, 11), (5, 11), (6, 11), (7, 11), (8, 11), (9, 11), (10, 11), (11, 11), (12, 11), ... (+14 more)]","[(4, 9), (17, 3), (17, 12), (19, 9), (8, 9), (9, 8), (11, 5), (2, 11), (13, 8), (15, 5), (6, 11), (21, 9), (3, 6), (5, 3), (17, 5), (5, 12), (8, 11), (11, 7), (1, 8), (15, 7), (7, 3), (18, 3), (7, 12), (18, 12), (22, 12), (3, 8), (17, 7), (19, 4), (5, 5), (9, 3), (9, 12), (11, 9), (13, 3), (1, 10), (15, 9), (13, 12), (24, 12), (7, 5), (22, 5), (17, 9), ... (+98 more)]",38,0,38
139,"(25, 12)","(24, 12)",East,"['(25, 11)', '(26, 12)', '(24, 12)']","[(15, 12), (16, 11), (14, 12), (15, 11), (13, 12), (14, 11), (12, 12), (13, 11), (11, 12), (12, 11), (10, 12), (11, 11), (9, 12), (10, 11), (8, 12), (9, 11), (7, 12), (8, 11), (6, 12), (7, 11), (5, 12), (6, 11), (4, 12), (5, 11), (3, 12), (4, 11), (2, 12), (3, 11), (1, 11), (2, 11), (3, 11), (4, 11), (5, 11), (6, 11), (7, 11), (8, 11), (9, 11), (10, 11), (11, 11), (12, 11), ... (+13 more)]","[(15, 12), (16, 11), (14, 12), (15, 11), (13, 12), (14, 11), (12, 12), (13, 11), (11, 12), (12, 11), (10, 12), (11, 11), (9, 12), (10, 11), (8, 12), (9, 11), (7, 12), (8, 11), (6, 12), (7, 11), (5, 12), (6, 11), (4, 12), (5, 11), (3, 12), (4, 11), (2, 12), (3, 11), (1, 11), (2, 11), (3, 11), (4, 11), (5, 11), (6, 11), (7, 11), (8, 11), (9, 11), (10, 11), (11, 11), (12, 11), ... (+15 more)]","[(4, 9), (17, 3), (17, 12), (19, 9), (8, 9), (9, 8), (11, 5), (2, 11), (13, 8), (15, 5), (6, 11), (21, 9), (3, 6), (5, 3), (17, 5), (5, 12), (8, 11), (11, 7), (1, 8), (15, 7), (7, 3), (18, 3), (7, 12), (18, 12), (22, 12), (3, 8), (17, 7), (19, 4), (5, 5), (9, 3), (9, 12), (11, 9), (13, 3), (1, 10), (15, 9), (13, 12), (24, 12), (7, 5), (22, 5), (17, 9), ... (+99 more)]",39,0,39
140,"(26, 12)","(25, 12)",East,"['(26, 11)', '(27, 12)', '(25, 12)']","[(15, 12), (16, 11), (14, 12), (15, 11), (13, 12), (14, 11), (12, 12), (13, 11), (11, 12), (12, 11), (10, 12), (11, 11), (9, 12), (10, 11), (8, 12), (9, 11), (7, 12), (8, 11), (6, 12), (7, 11), (5, 12), (6, 11), (4, 12), (5, 11), (3, 12), (4, 11), (2, 12), (3, 11), (1, 11), (2, 11), (3, 11), (4, 11), (5, 11), (6, 11), (7, 11), (8, 11), (9, 11), (10, 11), (11, 11), (12, 11), ... (+14 more)]","[(15, 12), (16, 11), (14, 12), (15, 11), (13, 12), (14, 11), (12, 12), (13, 11), (11, 12), (12, 11), (10, 12), (11, 11), (9, 12), (10, 11), (8, 12), (9, 11), (7, 12), (8, 11), (6, 12), (7, 11), (5, 12), (6, 11), (4, 12), (5, 11), (3, 12), (4, 11), (2, 12), (3, 11), (1, 11), (2, 11), (3, 11), (4, 11), (5, 11), (6, 11), (7, 11), (8, 11), (9, 11), (10, 11), (11, 11), (12, 11), ... (+16 more)]","[(4, 9), (17, 3), (17, 12), (19, 9), (8, 9), (9, 8), (11, 5), (2, 11), (13, 8), (15, 5), (6, 11), (21, 9), (3, 6), (5, 3), (17, 5), (5, 12), (8, 11), (11, 7), (1, 8), (15, 7), (7, 3), (18, 3), (7, 12), (18, 12), (22, 12), (3, 8), (17, 7), (19, 4), (5, 5), (9, 3), (9, 12), (11, 9), (13, 3), (1, 10), (15, 9), (13, 12), (24, 12), (7, 5), (22, 5), (17, 9), ... (+100 more)]",40,0,40
141,"(27, 12)","(26, 12)",East,"['(27, 11)', '(26, 12)']","[(15, 12), (16, 11), (14, 12), (15, 11), (13, 12), (14, 11), (12, 12), (13, 11), (11, 12), (12, 11), (10, 12), (11, 11), (9, 12), (10, 11), (8, 12), (9, 11), (7, 12), (8, 11), (6, 12), (7, 11), (5, 12), (6, 11), (4, 12), (5, 11), (3, 12), (4, 11), (2, 12), (3, 11), (1, 11), (2, 11), (3, 11), (4, 11), (5, 11), (6, 11), (7, 11), (8, 11), (9, 11), (10, 11), (11, 11), (12, 11), ... (+15 more)]","[(15, 12), (16, 11), (14, 12), (15, 11), (13, 12), (14, 11), (12, 12), (13, 11), (11, 12), (12, 11), (10, 12), (11, 11), (9, 12), (10, 11), (8, 12), (9, 11), (7, 12), (8, 11), (6, 12), (7, 11), (5, 12), (6, 11), (4, 12), (5, 11), (3, 12), (4, 11), (2, 12), (3, 11), (1, 11), (2, 11), (3, 11), (4, 11), (5, 11), (6, 11), (7, 11), (8, 11), (9, 11), (10, 11), (11, 11), (12, 11), ... (+16 more)]","[(4, 9), (17, 3), (17, 12), (19, 9), (8, 9), (9, 8), (11, 5), (2, 11), (13, 8), (15, 5), (6, 11), (21, 9), (3, 6), (5, 3), (17, 5), (5, 12), (8, 11), (11, 7), (1, 8), (15, 7), (7, 3), (18, 3), (7, 12), (18, 12), (22, 12), (3, 8), (17, 7), (19, 4), (5, 5), (9, 3), (9, 12), (11, 9), (13, 3), (1, 10), (15, 9), (13, 12), (24, 12), (7, 5), (22, 5), (17, 9), ... (+101 more)]",41,0,41
142,"(27, 11)","(27, 12)",South,"['(27, 12)', '(27, 10)', '(26, 11)']","[(15, 12), (16, 11), (14, 12), (15, 11), (13, 12), (14, 11), (12, 12), (13, 11), (11, 12), (12, 11), (10, 12), (11, 11), (9, 12), (10, 11), (8, 12), (9, 11), (7, 12), (8, 11), (6, 12), (7, 11), (5, 12), (6, 11), (4, 12), (5, 11), (3, 12), (4, 11), (2, 12), (3, 11), (1, 11), (2, 11), (3, 11), (4, 11), (5, 11), (6, 11), (7, 11), (8, 11), (9, 11), (10, 11), (11, 11), (12, 11), ... (+15 more)]","[(15, 12), (16, 11), (14, 12), (15, 11), (13, 12), (14, 11), (12, 12), (13, 11), (11, 12), (12, 11), (10, 12), (11, 11), (9, 12), (10, 11), (8, 12), (9, 11), (7, 12), (8, 11), (6, 12), (7, 11), (5, 12), (6, 11), (4, 12), (5, 11), (3, 12), (4, 11), (2, 12), (3, 11), (1, 11), (2, 11), (3, 11), (4, 11), (5, 11), (6, 11), (7, 11), (8, 11), (9, 11), (10, 11), (11, 11), (12, 11), ... (+17 more)]","[(4, 9), (17, 3), (17, 12), (19, 9), (8, 9), (9, 8), (11, 5), (2, 11), (13, 8), (15, 5), (6, 11), (21, 9), (3, 6), (5, 3), (17, 5), (5, 12), (8, 11), (11, 7), (1, 8), (15, 7), (7, 3), (18, 3), (7, 12), (18, 12), (22, 12), (3, 8), (17, 7), (19, 4), (5, 5), (9, 3), (9, 12), (11, 9), (13, 3), (1, 10), (15, 9), (13, 12), (24, 12), (7, 5), (22, 5), (17, 9), ... (+102 more)]",42,0,42
143,"(26, 11)","(27, 11)",West,"['(26, 12)', '(27, 11)', '(25, 11)']","[(15, 12), (16, 11), (14, 12), (15, 11), (13, 12), (14, 11), (12, 12), (13, 11), (11, 12), (12, 11), (10, 12), (11, 11), (9, 12), (10, 11), (8, 12), (9, 11), (7, 12), (8, 11), (6, 12), (7, 11), (5, 12), (6, 11), (4, 12), (5, 11), (3, 12), (4, 11), (2, 12), (3, 11), (1, 11), (2, 11), (3, 11), (4, 11), (5, 11), (6, 11), (7, 11), (8, 11), (9, 11), (10, 11), (11, 11), (12, 11), ... (+17 more)]","[(15, 12), (16, 11), (14, 12), (15, 11), (13, 12), (14, 11), (12, 12), (13, 11), (11, 12), (12, 11), (10, 12), (11, 11), (9, 12), (10, 11), (8, 12), (9, 11), (7, 12), (8, 11), (6, 12), (7, 11), (5, 12), (6, 11), (4, 12), (5, 11), (3, 12), (4, 11), (2, 12), (3, 11), (1, 11), (2, 11), (3, 11), (4, 11), (5, 11), (6, 11), (7, 11), (8, 11), (9, 11), (10, 11), (11, 11), (12, 11), ... (+19 more)]","[(4, 9), (17, 3), (17, 12), (19, 9), (8, 9), (9, 8), (11, 5), (2, 11), (13, 8), (15, 5), (6, 11), (21, 9), (3, 6), (5, 3), (17, 5), (5, 12), (8, 11), (11, 7), (1, 8), (15, 7), (7, 3), (18, 3), (7, 12), (18, 12), (22, 12), (3, 8), (17, 7), (19, 4), (5, 5), (9, 3), (9, 12), (11, 9), (13, 3), (1, 10), (15, 9), (13, 12), (24, 12), (7, 5), (22, 5), (17, 9), ... (+103 more)]",43,0,43
144,"(25, 11)","(26, 11)",West,"['(25, 12)', '(26, 11)', '(24, 11)']","[(15, 12), (16, 11), (14, 12), (15, 11), (13, 12), (14, 11), (12, 12), (13, 11), (11, 12), (12, 11), (10, 12), (11, 11), (9, 12), (10, 11), (8, 12), (9, 11), (7, 12), (8, 11), (6, 12), (7, 11), (5, 12), (6, 11), (4, 12), (5, 11), (3, 12), (4, 11), (2, 12), (3, 11), (1, 11), (2, 11), (3, 11), (4, 11), (5, 11), (6, 11), (7, 11), (8, 11), (9, 11), (10, 11), (11, 11), (12, 11), ... (+19 more)]","[(15, 12), (16, 11), (14, 12), (15, 11), (13, 12), (14, 11), (12, 12), (13, 11), (11, 12), (12, 11), (10, 12), (11, 11), (9, 12), (10, 11), (8, 12), (9, 11), (7, 12), (8, 11), (6, 12), (7, 11), (5, 12), (6, 11), (4, 12), (5, 11), (3, 12), (4, 11), (2, 12), (3, 11), (1, 11), (2, 11), (3, 11), (4, 11), (5, 11), (6, 11), (7, 11), (8, 11), (9, 11), (10, 11), (11, 11), (12, 11), ... (+21 more)]","[(4, 9), (17, 3), (17, 12), (19, 9), (8, 9), (9, 8), (11, 5), (2, 11), (13, 8), (15, 5), (6, 11), (21, 9), (3, 6), (5, 3), (17, 5), (5, 12), (8, 11), (11, 7), (1, 8), (15, 7), (7, 3), (18, 3), (7, 12), (18, 12), (22, 12), (3, 8), (17, 7), (19, 4), (5, 5), (9, 3), (9, 12), (11, 9), (13, 3), (1, 10), (15, 9), (13, 12), (24, 12), (7, 5), (25, 11), (22, 5), ... (+104 more)]",44,0,44
145,"(24, 11)","(25, 11)",West,"['(24, 12)', '(25, 11)', '(23, 11)']","[(15, 12), (16, 11), (14, 12), (15, 11), (13, 12), (14, 11), (12, 12), (13, 11), (11, 12), (12, 11), (10, 12), (11, 11), (9, 12), (10, 11), (8, 12), (9, 11), (7, 12), (8, 11), (6, 12), (7, 11), (5, 12), (6, 11), (4, 12), (5, 11), (3, 12), (4, 11), (2, 12), (3, 11), (1, 11), (2, 11), (3, 11), (4, 11), (5, 11), (6, 11), (7, 11), (8, 11), (9, 11), (10, 11), (11, 11), (12, 11), ... (+21 more)]","[(15, 12), (16, 11), (14, 12), (15, 11), (13, 12), (14, 11), (12, 12), (13, 11), (11, 12), (12, 11), (10, 12), (11, 11), (9, 12), (10, 11), (8, 12), (9, 11), (7, 12), (8, 11), (6, 12), (7, 11), (5, 12), (6, 11), (4, 12), (5, 11), (3, 12), (4, 11), (2, 12), (3, 11), (1, 11), (2, 11), (3, 11), (4, 11), (5, 11), (6, 11), (7, 11), (8, 11), (9, 11), (10, 11), (11, 11), (12, 11), ... (+23 more)]","[(4, 9), (17, 3), (17, 12), (19, 9), (8, 9), (9, 8), (11, 5), (2, 11), (13, 8), (15, 5), (6, 11), (21, 9), (3, 6), (5, 3), (17, 5), (5, 12), (8, 11), (11, 7), (1, 8), (15, 7), (7, 3), (18, 3), (7, 12), (18, 12), (22, 12), (3, 8), (17, 7), (19, 4), (5, 5), (9, 3), (9, 12), (11, 9), (13, 3), (1, 10), (15, 9), (13, 12), (24, 12), (7, 5), (25, 11), (22, 5), ... (+105 more)]",45,0,45
146,"(23, 11)","(24, 11)",West,"['(23, 12)', '(24, 11)', '(22, 11)']","[(15, 12), (16, 11), (14, 12), (15, 11), (13, 12), (14, 11), (12, 12), (13, 11), (11, 12), (12, 11), (10, 12), (11, 11), (9, 12), (10, 11), (8, 12), (9, 11), (7, 12), (8, 11), (6, 12), (7, 11), (5, 12), (6, 11), (4, 12), (5, 11), (3, 12), (4, 11), (2, 12), (3, 11), (1, 11), (2, 11), (3, 11), (4, 11), (5, 11), (6, 11), (7, 11), (8, 11), (9, 11), (10, 11), (11, 11), (12, 11), ... (+23 more)]","[(15, 12), (16, 11), (14, 12), (15, 11), (13, 12), (14, 11), (12, 12), (13, 11), (11, 12), (12, 11), (10, 12), (11, 11), (9, 12), (10, 11), (8, 12), (9, 11), (7, 12), (8, 11), (6, 12), (7, 11), (5, 12), (6, 11), (4, 12), (5, 11), (3, 12), (4, 11), (2, 12), (3, 11), (1, 11), (2, 11), (3, 11), (4, 11), (5, 11), (6, 11), (7, 11), (8, 11), (9, 11), (10, 11), (11, 11), (12, 11), ... (+25 more)]","[(4, 9), (17, 3), (17, 12), (19, 9), (8, 9), (9, 8), (11, 5), (2, 11), (13, 8), (15, 5), (6, 11), (21, 9), (3, 6), (5, 3), (17, 5), (5, 12), (8, 11), (11, 7), (1, 8), (15, 7), (7, 3), (18, 3), (7, 12), (18, 12), (22, 12), (3, 8), (17, 7), (19, 4), (5, 5), (9, 3), (9, 12), (11, 9), (13, 3), (1, 10), (15, 9), (13, 12), (24, 12), (7, 5), (25, 11), (22, 5), ... (+106 more)]",46,0,46
147,"(22, 11)","(23, 11)",West,"['(22, 12)', '(23, 11)', '(21, 11)']","[(15, 12), (16, 11), (14, 12), (15, 11), (13, 12), (14, 11), (12, 12), (13, 11), (11, 12), (12, 11), (10, 12), (11, 11), (9, 12), (10, 11), (8, 12), (9, 11), (7, 12), (8, 11), (6, 12), (7, 11), (5, 12), (6, 11), (4, 12), (5, 11), (3, 12), (4, 11), (2, 12), (3, 11), (1, 11), (2, 11), (3, 11), (4, 11), (5, 11), (6, 11), (7, 11), (8, 11), (9, 11), (10, 11), (11, 11), (12, 11), ... (+25 more)]","[(15, 12), (16, 11), (14, 12), (15, 11), (13, 12), (14, 11), (12, 12), (13, 11), (11, 12), (12, 11), (10, 12), (11, 11), (9, 12), (10, 11), (8, 12), (9, 11), (7, 12), (8, 11), (6, 12), (7, 11), (5, 12), (6, 11), (4, 12), (5, 11), (3, 12), (4, 11), (2, 12), (3, 11), (1, 11), (2, 11), (3, 11), (4, 11), (5, 11), (6, 11), (7, 11), (8, 11), (9, 11), (10, 11), (11, 11), (12, 11), ... (+27 more)]","[(4, 9), (17, 3), (17, 12), (19, 9), (8, 9), (9, 8), (11, 5), (2, 11), (13, 8), (15, 5), (6, 11), (21, 9), (3, 6), (5, 3), (17, 5), (5, 12), (8, 11), (11, 7), (1, 8), (15, 7), (7, 3), (18, 3), (7, 12), (18, 12), (22, 12), (3, 8), (17, 7), (19, 4), (5, 5), (9, 3), (9, 12), (11, 9), (13, 3), (1, 10), (15, 9), (13, 12), (24, 12), (7, 5), (25, 11), (22, 5), ... (+107 more)]",47,0,47
148,"(21, 11)","(22, 11)",West,"['(21, 12)', '(22, 11)', '(20, 11)']","[(15, 12), (16, 11), (14, 12), (15, 11), (13, 12), (14, 11), (12, 12), (13, 11), (11, 12), (12, 11), (10, 12), (11, 11), (9, 12), (10, 11), (8, 12), (9, 11), (7, 12), (8, 11), (6, 12), (7, 11), (5, 12), (6, 11), (4, 12), (5, 11), (3, 12), (4, 11), (2, 12), (3, 11), (1, 11), (2, 11), (3, 11), (4, 11), (5, 11), (6, 11), (7, 11), (8, 11), (9, 11), (10, 11), (11, 11), (12, 11), ... (+27 more)]","[(15, 12), (16, 11), (14, 12), (15, 11), (13, 12), (14, 11), (12, 12), (13, 11), (11, 12), (12, 11), (10, 12), (11, 11), (9, 12), (10, 11), (8, 12), (9, 11), (7, 12), (8, 11), (6, 12), (7, 11), (5, 12), (6, 11), (4, 12), (5, 11), (3, 12), (4, 11), (2, 12), (3, 11), (1, 11), (2, 11), (3, 11), (4, 11), (5, 11), (6, 11), (7, 11), (8, 11), (9, 11), (10, 11), (11, 11), (12, 11), ... (+29 more)]","[(4, 9), (17, 3), (17, 12), (19, 9), (8, 9), (9, 8), (11, 5), (2, 11), (13, 8), (15, 5), (6, 11), (21, 9), (3, 6), (5, 3), (17, 5), (5, 12), (8, 11), (11, 7), (1, 8), (15, 7), (7, 3), (18, 3), (7, 12), (18, 12), (22, 12), (3, 8), (17, 7), (19, 4), (5, 5), (9, 3), (9, 12), (11, 9), (13, 3), (1, 10), (15, 9), (13, 12), (24, 12), (7, 5), (25, 11), (22, 5), ... (+108 more)]",48,0,48
149,"(20, 11)","(21, 11)",West,"['(20, 12)', '(21, 11)', '(19, 11)']","[(15, 12), (16, 11), (14, 12), (15, 11), (13, 12), (14, 11), (12, 12), (13, 11), (11, 12), (12, 11), (10, 12), (11, 11), (9, 12), (10, 11), (8, 12), (9, 11), (7, 12), (8, 11), (6, 12), (7, 11), (5, 12), (6, 11), (4, 12), (5, 11), (3, 12), (4, 11), (2, 12), (3, 11), (1, 11), (2, 11), (3, 11), (4, 11), (5, 11), (6, 11), (7, 11), (8, 11), (9, 11), (10, 11), (11, 11), (12, 11), ... (+29 more)]","[(15, 12), (16, 11), (14, 12), (15, 11), (13, 12), (14, 11), (12, 12), (13, 11), (11, 12), (12, 11), (10, 12), (11, 11), (9, 12), (10, 11), (8, 12), (9, 11), (7, 12), (8, 11), (6, 12), (7, 11), (5, 12), (6, 11), (4, 12), (5, 11), (3, 12), (4, 11), (2, 12), (3, 11), (1, 11), (2, 11), (3, 11), (4, 11), (5, 11), (6, 11), (7, 11), (8, 11), (9, 11), (10, 11), (11, 11), (12, 11), ... (+31 more)]","[(4, 9), (17, 3), (17, 12), (19, 9), (8, 9), (9, 8), (11, 5), (2, 11), (13, 8), (15, 5), (6, 11), (21, 9), (3, 6), (5, 3), (17, 5), (5, 12), (8, 11), (11, 7), (1, 8), (15, 7), (7, 3), (18, 3), (7, 12), (18, 12), (22, 12), (3, 8), (17, 7), (19, 4), (5, 5), (9, 3), (9, 12), (11, 9), (13, 3), (1, 10), (15, 9), (13, 12), (24, 12), (7, 5), (25, 11), (22, 5), ... (+109 more)]",49,0,49
150,"(19, 11)","(20, 11)",West,"['(19, 12)', '(20, 11)', '(18, 11)']","[(15, 12), (16, 11), (14, 12), (15, 11), (13, 12), (14, 11), (12, 12), (13, 11), (11, 12), (12, 11), (10, 12), (11, 11), (9, 12), (10, 11), (8, 12), (9, 11), (7, 12), (8, 11), (6, 12), (7, 11), (5, 12), (6, 11), (4, 12), (5, 11), (3, 12), (4, 11), (2, 12), (3, 11), (1, 11), (2, 11), (3, 11), (4, 11), (5, 11), (6, 11), (7, 11), (8, 11), (9, 11), (10, 11), (11, 11), (12, 11), ... (+31 more)]","[(15, 12), (16, 11), (14, 12), (15, 11), (13, 12), (14, 11), (12, 12), (13, 11), (11, 12), (12, 11), (10, 12), (11, 11), (9, 12), (10, 11), (8, 12), (9, 11), (7, 12), (8, 11), (6, 12), (7, 11), (5, 12), (6, 11), (4, 12), (5, 11), (3, 12), (4, 11), (2, 12), (3, 11), (1, 11), (2, 11), (3, 11), (4, 11), (5, 11), (6, 11), (7, 11), (8, 11), (9, 11), (10, 11), (11, 11), (12, 11), ... (+33 more)]","[(4, 9), (17, 3), (17, 12), (19, 9), (8, 9), (9, 8), (11, 5), (2, 11), (13, 8), (15, 5), (6, 11), (21, 9), (3, 6), (5, 3), (17, 5), (5, 12), (8, 11), (19, 11), (11, 7), (1, 8), (15, 7), (7, 3), (18, 3), (7, 12), (18, 12), (22, 12), (3, 8), (17, 7), (19, 4), (5, 5), (9, 3), (9, 12), (11, 9), (13, 3), (1, 10), (15, 9), (13, 12), (24, 12), (7, 5), (25, 11), ... (+110 more)]",50,0,50
151,"(18, 11)","(19, 11)",West,"['(18, 12)', '(19, 11)', '(17, 11)']","[(15, 12), (16, 11), (14, 12), (15, 11), (13, 12), (14, 11), (12, 12), (13, 11), (11, 12), (12, 11), (10, 12), (11, 11), (9, 12), (10, 11), (8, 12), (9, 11), (7, 12), (8, 11), (6, 12), (7, 11), (5, 12), (6, 11), (4, 12), (5, 11), (3, 12), (4, 11), (2, 12), (3, 11), (1, 11), (2, 11), (3, 11), (4, 11), (5, 11), (6, 11), (7, 11), (8, 11), (9, 11), (10, 11), (11, 11), (12, 11), ... (+33 more)]","[(15, 12), (16, 11), (14, 12), (15, 11), (13, 12), (14, 11), (12, 12), (13, 11), (11, 12), (12, 11), (10, 12), (11, 11), (9, 12), (10, 11), (8, 12), (9, 11), (7, 12), (8, 11), (6, 12), (7, 11), (5, 12), (6, 11), (4, 12), (5, 11), (3, 12), (4, 11), (2, 12), (3, 11), (1, 11), (2, 11), (3, 11), (4, 11), (5, 11), (6, 11), (7, 11), (8, 11), (9, 11), (10, 11), (11, 11), (12, 11), ... (+35 more)]","[(4, 9), (17, 3), (17, 12), (19, 9), (8, 9), (9, 8), (11, 5), (2, 11), (13, 8), (15, 5), (6, 11), (21, 9), (3, 6), (5, 3), (17, 5), (5, 12), (8, 11), (19, 11), (11, 7), (1, 8), (15, 7), (7, 3), (18, 3), (7, 12), (18, 12), (22, 12), (3, 8), (17, 7), (19, 4), (5, 5), (9, 3), (9, 12), (11, 9), (13, 3), (1, 10), (15, 9), (13, 12), (24, 12), (7, 5), (25, 11), ... (+111 more)]",51,0,51
152,"(17, 11)","(18, 11)",West,"['(17, 12)', '(18, 11)', '(16, 11)']","[(15, 12), (16, 11), (14, 12), (15, 11), (13, 12), (14, 11), (12, 12), (13, 11), (11, 12), (12, 11), (10, 12), (11, 11), (9, 12), (10, 11), (8, 12), (9, 11), (7, 12), (8, 11), (6, 12), (7, 11), (5, 12), (6, 11), (4, 12), (5, 11), (3, 12), (4, 11), (2, 12), (3, 11), (1, 11), (2, 11), (3, 11), (4, 11), (5, 11), (6, 11), (7, 11), (8, 11), (9, 11), (10, 11), (11, 11), (12, 11), ... (+35 more)]","[(15, 12), (16, 11), (14, 12), (15, 11), (13, 12), (14, 11), (12, 12), (13, 11), (11, 12), (12, 11), (10, 12), (11, 11), (9, 12), (10, 11), (8, 12), (9, 11), (7, 12), (8, 11), (6, 12), (7, 11), (5, 12), (6, 11), (4, 12), (5, 11), (3, 12), (4, 11), (2, 12), (3, 11), (1, 11), (2, 11), (3, 11), (4, 11), (5, 11), (6, 11), (7, 11), (8, 11), (9, 11), (10, 11), (11, 11), (12, 11), ... (+37 more)]","[(4, 9), (17, 3), (17, 12), (19, 9), (8, 9), (9, 8), (11, 5), (2, 11), (13, 8), (15, 5), (6, 11), (21, 9), (3, 6), (5, 3), (17, 5), (5, 12), (8, 11), (19, 11), (11, 7), (1, 8), (15, 7), (7, 3), (18, 3), (7, 12), (18, 12), (22, 12), (3, 8), (17, 7), (19, 4), (5, 5), (9, 3), (9, 12), (11, 9), (13, 3), (1, 10), (15, 9), (13, 12), (24, 12), (7, 5), (25, 11), ... (+112 more)]",52,0,52
153,"(16, 11)","(17, 11)",West,"['(16, 12)', '(17, 11)', '(15, 11)']","[(15, 12), (16, 11), (14, 12), (15, 11), (13, 12), (14, 11), (12, 12), (13, 11), (11, 12), (12, 11), (10, 12), (11, 11), (9, 12), (10, 11), (8, 12), (9, 11), (7, 12), (8, 11), (6, 12), (7, 11), (5, 12), (6, 11), (4, 12), (5, 11), (3, 12), (4, 11), (2, 12), (3, 11), (1, 11), (2, 11), (3, 11), (4, 11), (5, 11), (6, 11), (7, 11), (8, 11), (9, 11), (10, 11), (11, 11), (12, 11), ... (+37 more)]","[(15, 12), (16, 11), (14, 12), (15, 11), (13, 12), (14, 11), (12, 12), (13, 11), (11, 12), (12, 11), (10, 12), (11, 11), (9, 12), (10, 11), (8, 12), (9, 11), (7, 12), (8, 11), (6, 12), (7, 11), (5, 12), (6, 11), (4, 12), (5, 11), (3, 12), (4, 11), (2, 12), (3, 11), (1, 11), (2, 11), (3, 11), (4, 11), (5, 11), (6, 11), (7, 11), (8, 11), (9, 11), (10, 11), (11, 11), (12, 11), ... (+39 more)]","[(4, 9), (17, 3), (17, 12), (19, 9), (8, 9), (9, 8), (11, 5), (2, 11), (13, 8), (15, 5), (6, 11), (21, 9), (3, 6), (5, 3), (17, 5), (5, 12), (8, 11), (19, 11), (11, 7), (1, 8), (15, 7), (7, 3), (18, 3), (7, 12), (18, 12), (22, 12), (3, 8), (17, 7), (19, 4), (5, 5), (9, 3), (9, 12), (11, 9), (13, 3), (1, 10), (15, 9), (13, 12), (24, 12), (7, 5), (25, 11), ... (+113 more)]",53,0,53
154,"(27, 10)","(27, 11)",South,"['(27, 11)', '(27, 9)']","[(15, 12), (16, 11), (14, 12), (15, 11), (13, 12), (14, 11), (12, 12), (13, 11), (11, 12), (12, 11), (10, 12), (11, 11), (9, 12), (10, 11), (8, 12), (9, 11), (7, 12), (8, 11), (6, 12), (7, 11), (5, 12), (6, 11), (4, 12), (5, 11), (3, 12), (4, 11), (2, 12), (3, 11), (1, 11), (2, 11), (3, 11), (4, 11), (5, 11), (6, 11), (7, 11), (8, 11), (9, 11), (10, 11), (11, 11), (12, 11), ... (+16 more)]","[(15, 12), (16, 11), (14, 12), (15, 11), (13, 12), (14, 11), (12, 12), (13, 11), (11, 12), (12, 11), (10, 12), (11, 11), (9, 12), (10, 11), (8, 12), (9, 11), (7, 12), (8, 11), (6, 12), (7, 11), (5, 12), (6, 11), (4, 12), (5, 11), (3, 12), (4, 11), (2, 12), (3, 11), (1, 11), (2, 11), (3, 11), (4, 11), (5, 11), (6, 11), (7, 11), (8, 11), (9, 11), (10, 11), (11, 11), (12, 11), ... (+17 more)]","[(4, 9), (17, 3), (17, 12), (19, 9), (8, 9), (9, 8), (11, 5), (2, 11), (13, 8), (15, 5), (6, 11), (21, 9), (3, 6), (5, 3), (17, 5), (5, 12), (8, 11), (19, 11), (11, 7), (1, 8), (15, 7), (7, 3), (18, 3), (7, 12), (18, 12), (22, 12), (3, 8), (17, 7), (19, 4), (5, 5), (9, 3), (9, 12), (11, 9), (13, 3), (1, 10), (15, 9), (13, 12), (24, 12), (7, 5), (25, 11), ... (+114 more)]",43,0,43
155,"(27, 9)","(27, 10)",South,"['(27, 10)', '(27, 8)']","[(15, 12), (16, 11), (14, 12), (15, 11), (13, 12), (14, 11), (12, 12), (13, 11), (11, 12), (12, 11), (10, 12), (11, 11), (9, 12), (10, 11), (8, 12), (9, 11), (7, 12), (8, 11), (6, 12), (7, 11), (5, 12), (6, 11), (4, 12), (5, 11), (3, 12), (4, 11), (2, 12), (3, 11), (1, 11), (2, 11), (3, 11), (4, 11), (5, 11), (6, 11), (7, 11), (8, 11), (9, 11), (10, 11), (11, 11), (12, 11), ... (+17 more)]","[(15, 12), (16, 11), (14, 12), (15, 11), (13, 12), (14, 11), (12, 12), (13, 11), (11, 12), (12, 11), (10, 12), (11, 11), (9, 12), (10, 11), (8, 12), (9, 11), (7, 12), (8, 11), (6, 12), (7, 11), (5, 12), (6, 11), (4, 12), (5, 11), (3, 12), (4, 11), (2, 12), (3, 11), (1, 11), (2, 11), (3, 11), (4, 11), (5, 11), (6, 11), (7, 11), (8, 11), (9, 11), (10, 11), (11, 11), (12, 11), ... (+18 more)]","[(4, 9), (17, 3), (17, 12), (19, 9), (8, 9), (9, 8), (11, 5), (2, 11), (13, 8), (15, 5), (6, 11), (21, 9), (3, 6), (5, 3), (17, 5), (5, 12), (8, 11), (19, 11), (11, 7), (1, 8), (15, 7), (7, 3), (18, 3), (7, 12), (18, 12), (22, 12), (3, 8), (17, 7), (19, 4), (5, 5), (9, 3), (9, 12), (11, 9), (13, 3), (1, 10), (15, 9), (13, 12), (24, 12), (7, 5), (25, 11), ... (+115 more)]",44,0,44
156,"(27, 8)","(27, 9)",South,"['(27, 9)', '(27, 7)']","[(15, 12), (16, 11), (14, 12), (15, 11), (13, 12), (14, 11), (12, 12), (13, 11), (11, 12), (12, 11), (10, 12), (11, 11), (9, 12), (10, 11), (8, 12), (9, 11), (7, 12), (8, 11), (6, 12), (7, 11), (5, 12), (6, 11), (4, 12), (5, 11), (3, 12), (4, 11), (2, 12), (3, 11), (1, 11), (2, 11), (3, 11), (4, 11), (5, 11), (6, 11), (7, 11), (8, 11), (9, 11), (10, 11), (11, 11), (12, 11), ... (+18 more)]","[(15, 12), (16, 11), (14, 12), (15, 11), (13, 12), (14, 11), (12, 12), (13, 11), (11, 12), (12, 11), (10, 12), (11, 11), (9, 12), (10, 11), (8, 12), (9, 11), (7, 12), (8, 11), (6, 12), (7, 11), (5, 12), (6, 11), (4, 12), (5, 11), (3, 12), (4, 11), (2, 12), (3, 11), (1, 11), (2, 11), (3, 11), (4, 11), (5, 11), (6, 11), (7, 11), (8, 11), (9, 11), (10, 11), (11, 11), (12, 11), ... (+19 more)]","[(4, 9), (17, 3), (17, 12), (19, 9), (8, 9), (9, 8), (11, 5), (2, 11), (13, 8), (15, 5), (6, 11), (21, 9), (3, 6), (5, 3), (17, 5), (5, 12), (8, 11), (19, 11), (11, 7), (1, 8), (15, 7), (7, 3), (18, 3), (7, 12), (18, 12), (22, 12), (27, 8), (3, 8), (17, 7), (19, 4), (5, 5), (9, 3), (9, 12), (11, 9), (13, 3), (1, 10), (15, 9), (13, 12), (24, 12), (7, 5), ... (+116 more)]",45,0,45
157,"(27, 7)","(27, 8)",South,"['(27, 8)', '(27, 6)']","[(15, 12), (16, 11), (14, 12), (15, 11), (13, 12), (14, 11), (12, 12), (13, 11), (11, 12), (12, 11), (10, 12), (11, 11), (9, 12), (10, 11), (8, 12), (9, 11), (7, 12), (8, 11), (6, 12), (7, 11), (5, 12), (6, 11), (4, 12), (5, 11), (3, 12), (4, 11), (2, 12), (3, 11), (1, 11), (2, 11), (3, 11), (4, 11), (5, 11), (6, 11), (7, 11), (8, 11), (9, 11), (10, 11), (11, 11), (12, 11), ... (+19 more)]","[(15, 12), (16, 11), (14, 12), (15, 11), (13, 12), (14, 11), (12, 12), (13, 11), (11, 12), (12, 11), (10, 12), (11, 11), (9, 12), (10, 11), (8, 12), (9, 11), (7, 12), (8, 11), (6, 12), (7, 11), (5, 12), (6, 11), (4, 12), (5, 11), (3, 12), (4, 11), (2, 12), (3, 11), (1, 11), (2, 11), (3, 11), (4, 11), (5, 11), (6, 11), (7, 11), (8, 11), (9, 11), (10, 11), (11, 11), (12, 11), ... (+20 more)]","[(4, 9), (17, 3), (17, 12), (19, 9), (8, 9), (9, 8), (11, 5), (2, 11), (13, 8), (15, 5), (6, 11), (21, 9), (3, 6), (5, 3), (17, 5), (5, 12), (8, 11), (19, 11), (11, 7), (1, 8), (15, 7), (7, 3), (18, 3), (7, 12), (18, 12), (22, 12), (27, 8), (3, 8), (17, 7), (19, 4), (5, 5), (9, 3), (9, 12), (11, 9), (13, 3), (1, 10), (15, 9), (13, 12), (24, 12), (7, 5), ... (+117 more)]",46,0,46
158,"(27, 6)","(27, 7)",South,"['(27, 7)', '(27, 5)']","[(15, 12), (16, 11), (14, 12), (15, 11), (13, 12), (14, 11), (12, 12), (13, 11), (11, 12), (12, 11), (10, 12), (11, 11), (9, 12), (10, 11), (8, 12), (9, 11), (7, 12), (8, 11), (6, 12), (7, 11), (5, 12), (6, 11), (4, 12), (5, 11), (3, 12), (4, 11), (2, 12), (3, 11), (1, 11), (2, 11), (3, 11), (4, 11), (5, 11), (6, 11), (7, 11), (8, 11), (9, 11), (10, 11), (11, 11), (12, 11), ... (+20 more)]","[(15, 12), (16, 11), (14, 12), (15, 11), (13, 12), (14, 11), (12, 12), (13, 11), (11, 12), (12, 11), (10, 12), (11, 11), (9, 12), (10, 11), (8, 12), (9, 11), (7, 12), (8, 11), (6, 12), (7, 11), (5, 12), (6, 11), (4, 12), (5, 11), (3, 12), (4, 11), (2, 12), (3, 11), (1, 11), (2, 11), (3, 11), (4, 11), (5, 11), (6, 11), (7, 11), (8, 11), (9, 11), (10, 11), (11, 11), (12, 11), ... (+21 more)]","[(4, 9), (17, 3), (17, 12), (19, 9), (8, 9), (9, 8), (11, 5), (2, 11), (13, 8), (15, 5), (6, 11), (21, 9), (27, 6), (3, 6), (5, 3), (17, 5), (5, 12), (8, 11), (19, 11), (11, 7), (1, 8), (15, 7), (7, 3), (18, 3), (7, 12), (18, 12), (22, 12), (27, 8), (3, 8), (17, 7), (19, 4), (5, 5), (9, 3), (9, 12), (11, 9), (13, 3), (1, 10), (15, 9), (13, 12), (24, 12), ... (+118 more)]",47,0,47
159,"(27, 5)","(27, 6)",South,"['(27, 6)', '(27, 4)']","[(15, 12), (16, 11), (14, 12), (15, 11), (13, 12), (14, 11), (12, 12), (13, 11), (11, 12), (12, 11), (10, 12), (11, 11), (9, 12), (10, 11), (8, 12), (9, 11), (7, 12), (8, 11), (6, 12), (7, 11), (5, 12), (6, 11), (4, 12), (5, 11), (3, 12), (4, 11), (2, 12), (3, 11), (1, 11), (2, 11), (3, 11), (4, 11), (5, 11), (6, 11), (7, 11), (8, 11), (9, 11), (10, 11), (11, 11), (12, 11), ... (+21 more)]","[(15, 12), (16, 11), (14, 12), (15, 11), (13, 12), (14, 11), (12, 12), (13, 11), (11, 12), (12, 11), (10, 12), (11, 11), (9, 12), (10, 11), (8, 12), (9, 11), (7, 12), (8, 11), (6, 12), (7, 11), (5, 12), (6, 11), (4, 12), (5, 11), (3, 12), (4, 11), (2, 12), (3, 11), (1, 11), (2, 11), (3, 11), (4, 11), (5, 11), (6, 11), (7, 11), (8, 11), (9, 11), (10, 11), (11, 11), (12, 11), ... (+22 more)]","[(4, 9), (17, 3), (17, 12), (19, 9), (8, 9), (9, 8), (11, 5), (2, 11), (13, 8), (15, 5), (6, 11), (21, 9), (27, 6), (3, 6), (5, 3), (17, 5), (5, 12), (8, 11), (19, 11), (11, 7), (1, 8), (15, 7), (7, 3), (18, 3), (7, 12), (18, 12), (22, 12), (27, 8), (3, 8), (17, 7), (19, 4), (5, 5), (9, 3), (9, 12), (11, 9), (13, 3), (1, 10), (15, 9), (13, 12), (24, 12), ... (+119 more)]",48,0,48
160,"(27, 4)","(27, 5)",South,"['(27, 5)', '(27, 3)']","[(15, 12), (16, 11), (14, 12), (15, 11), (13, 12), (14, 11), (12, 12), (13, 11), (11, 12), (12, 11), (10, 12), (11, 11), (9, 12), (10, 11), (8, 12), (9, 11), (7, 12), (8, 11), (6, 12), (7, 11), (5, 12), (6, 11), (4, 12), (5, 11), (3, 12), (4, 11), (2, 12), (3, 11), (1, 11), (2, 11), (3, 11), (4, 11), (5, 11), (6, 11), (7, 11), (8, 11), (9, 11), (10, 11), (11, 11), (12, 11), ... (+22 more)]","[(15, 12), (16, 11), (14, 12), (15, 11), (13, 12), (14, 11), (12, 12), (13, 11), (11, 12), (12, 11), (10, 12), (11, 11), (9, 12), (10, 11), (8, 12), (9, 11), (7, 12), (8, 11), (6, 12), (7, 11), (5, 12), (6, 11), (4, 12), (5, 11), (3, 12), (4, 11), (2, 12), (3, 11), (1, 11), (2, 11), (3, 11), (4, 11), (5, 11), (6, 11), (7, 11), (8, 11), (9, 11), (10, 11), (11, 11), (12, 11), ... (+23 more)]","[(4, 9), (27, 4), (17, 3), (17, 12), (19, 9), (8, 9), (9, 8), (11, 5), (2, 11), (13, 8), (15, 5), (6, 11), (21, 9), (27, 6), (3, 6), (5, 3), (17, 5), (5, 12), (8, 11), (19, 11), (11, 7), (1, 8), (15, 7), (7, 3), (18, 3), (7, 12), (18, 12), (22, 12), (27, 8), (3, 8), (17, 7), (19, 4), (5, 5), (9, 3), (9, 12), (11, 9), (13, 3), (1, 10), (15, 9), (13, 12), ... (+120 more)]",49,0,49
161,"(27, 3)","(27, 4)",South,"['(27, 4)', '(27, 2)', '(26, 3)']","[(15, 12), (16, 11), (14, 12), (15, 11), (13, 12), (14, 11), (12, 12), (13, 11), (11, 12), (12, 11), (10, 12), (11, 11), (9, 12), (10, 11), (8, 12), (9, 11), (7, 12), (8, 11), (6, 12), (7, 11), (5, 12), (6, 11), (4, 12), (5, 11), (3, 12), (4, 11), (2, 12), (3, 11), (1, 11), (2, 11), (3, 11), (4, 11), (5, 11), (6, 11), (7, 11), (8, 11), (9, 11), (10, 11), (11, 11), (12, 11), ... (+23 more)]","[(15, 12), (16, 11), (14, 12), (15, 11), (13, 12), (14, 11), (12, 12), (13, 11), (11, 12), (12, 11), (10, 12), (11, 11), (9, 12), (10, 11), (8, 12), (9, 11), (7, 12), (8, 11), (6, 12), (7, 11), (5, 12), (6, 11), (4, 12), (5, 11), (3, 12), (4, 11), (2, 12), (3, 11), (1, 11), (2, 11), (3, 11), (4, 11), (5, 11), (6, 11), (7, 11), (8, 11), (9, 11), (10, 11), (11, 11), (12, 11), ... (+25 more)]","[(4, 9), (27, 4), (17, 3), (17, 12), (19, 9), (8, 9), (9, 8), (11, 5), (2, 11), (13, 8), (15, 5), (6, 11), (21, 9), (27, 6), (3, 6), (5, 3), (17, 5), (5, 12), (8, 11), (19, 11), (11, 7), (1, 8), (15, 7), (7, 3), (18, 3), (7, 12), (18, 12), (22, 12), (27, 8), (3, 8), (17, 7), (19, 4), (5, 5), (9, 3), (9, 12), (11, 9), (13, 3), (1, 10), (15, 9), (13, 12), ... (+121 more)]",50,0,50
162,"(26, 3)","(27, 3)",West,"['(27, 3)', '(25, 3)']","[(15, 12), (16, 11), (14, 12), (15, 11), (13, 12), (14, 11), (12, 12), (13, 11), (11, 12), (12, 11), (10, 12), (11, 11), (9, 12), (10, 11), (8, 12), (9, 11), (7, 12), (8, 11), (6, 12), (7, 11), (5, 12), (6, 11), (4, 12), (5, 11), (3, 12), (4, 11), (2, 12), (3, 11), (1, 11), (2, 11), (3, 11), (4, 11), (5, 11), (6, 11), (7, 11), (8, 11), (9, 11), (10, 11), (11, 11), (12, 11), ... (+25 more)]","[(15, 12), (16, 11), (14, 12), (15, 11), (13, 12), (14, 11), (12, 12), (13, 11), (11, 12), (12, 11), (10, 12), (11, 11), (9, 12), (10, 11), (8, 12), (9, 11), (7, 12), (8, 11), (6, 12), (7, 11), (5, 12), (6, 11), (4, 12), (5, 11), (3, 12), (4, 11), (2, 12), (3, 11), (1, 11), (2, 11), (3, 11), (4, 11), (5, 11), (6, 11), (7, 11), (8, 11), (9, 11), (10, 11), (11, 11), (12, 11), ... (+26 more)]","[(4, 9), (27, 4), (17, 3), (17, 12), (19, 9), (8, 9), (9, 8), (11, 5), (2, 11), (13, 8), (15, 5), (6, 11), (21, 9), (27, 6), (3, 6), (5, 3), (17, 5), (5, 12), (8, 11), (19, 11), (11, 7), (1, 8), (15, 7), (7, 3), (18, 3), (7, 12), (18, 12), (22, 12), (27, 8), (3, 8), (17, 7), (19, 4), (5, 5), (9, 3), (9, 12), (11, 9), (13, 3), (1, 10), (15, 9), (13, 12), ... (+122 more)]",51,0,51
163,"(25, 3)","(26, 3)",West,"['(26, 3)', '(24, 3)']","[(15, 12), (16, 11), (14, 12), (15, 11), (13, 12), (14, 11), (12, 12), (13, 11), (11, 12), (12, 11), (10, 12), (11, 11), (9, 12), (10, 11), (8, 12), (9, 11), (7, 12), (8, 11), (6, 12), (7, 11), (5, 12), (6, 11), (4, 12), (5, 11), (3, 12), (4, 11), (2, 12), (3, 11), (1, 11), (2, 11), (3, 11), (4, 11), (5, 11), (6, 11), (7, 11), (8, 11), (9, 11), (10, 11), (11, 11), (12, 11), ... (+26 more)]","[(15, 12), (16, 11), (14, 12), (15, 11), (13, 12), (14, 11), (12, 12), (13, 11), (11, 12), (12, 11), (10, 12), (11, 11), (9, 12), (10, 11), (8, 12), (9, 11), (7, 12), (8, 11), (6, 12), (7, 11), (5, 12), (6, 11), (4, 12), (5, 11), (3, 12), (4, 11), (2, 12), (3, 11), (1, 11), (2, 11), (3, 11), (4, 11), (5, 11), (6, 11), (7, 11), (8, 11), (9, 11), (10, 11), (11, 11), (12, 11), ... (+27 more)]","[(4, 9), (27, 4), (17, 3), (17, 12), (19, 9), (8, 9), (9, 8), (11, 5), (2, 11), (13, 8), (15, 5), (6, 11), (21, 9), (27, 6), (3, 6), (5, 3), (17, 5), (5, 12), (8, 11), (19, 11), (11, 7), (1, 8), (15, 7), (7, 3), (18, 3), (7, 12), (18, 12), (22, 12), (27, 8), (3, 8), (17, 7), (19, 4), (5, 5), (9, 3), (9, 12), (11, 9), (13, 3), (1, 10), (15, 9), (13, 12), ... (+123 more)]",52,0,52
164,"(24, 3)","(25, 3)",West,"['(25, 3)', '(23, 3)']","[(15, 12), (16, 11), (14, 12), (15, 11), (13, 12), (14, 11), (12, 12), (13, 11), (11, 12), (12, 11), (10, 12), (11, 11), (9, 12), (10, 11), (8, 12), (9, 11), (7, 12), (8, 11), (6, 12), (7, 11), (5, 12), (6, 11), (4, 12), (5, 11), (3, 12), (4, 11), (2, 12), (3, 11), (1, 11), (2, 11), (3, 11), (4, 11), (5, 11), (6, 11), (7, 11), (8, 11), (9, 11), (10, 11), (11, 11), (12, 11), ... (+27 more)]","[(15, 12), (16, 11), (14, 12), (15, 11), (13, 12), (14, 11), (12, 12), (13, 11), (11, 12), (12, 11), (10, 12), (11, 11), (9, 12), (10, 11), (8, 12), (9, 11), (7, 12), (8, 11), (6, 12), (7, 11), (5, 12), (6, 11), (4, 12), (5, 11), (3, 12), (4, 11), (2, 12), (3, 11), (1, 11), (2, 11), (3, 11), (4, 11), (5, 11), (6, 11), (7, 11), (8, 11), (9, 11), (10, 11), (11, 11), (12, 11), ... (+28 more)]","[(4, 9), (27, 4), (17, 3), (17, 12), (19, 9), (8, 9), (9, 8), (11, 5), (2, 11), (13, 8), (15, 5), (6, 11), (21, 9), (27, 6), (3, 6), (5, 3), (17, 5), (5, 12), (8, 11), (19, 11), (11, 7), (1, 8), (15, 7), (7, 3), (18, 3), (7, 12), (18, 12), (22, 12), (27, 8), (3, 8), (17, 7), (19, 4), (5, 5), (9, 3), (9, 12), (11, 9), (13, 3), (24, 3), (1, 10), (15, 9), ... (+124 more)]",53,0,53
165,"(23, 3)","(24, 3)",West,"['(24, 3)', '(22, 3)']","[(15, 12), (16, 11), (14, 12), (15, 11), (13, 12), (14, 11), (12, 12), (13, 11), (11, 12), (12, 11), (10, 12), (11, 11), (9, 12), (10, 11), (8, 12), (9, 11), (7, 12), (8, 11), (6, 12), (7, 11), (5, 12), (6, 11), (4, 12), (5, 11), (3, 12), (4, 11), (2, 12), (3, 11), (1, 11), (2, 11), (3, 11), (4, 11), (5, 11), (6, 11), (7, 11), (8, 11), (9, 11), (10, 11), (11, 11), (12, 11), ... (+28 more)]","[(15, 12), (16, 11), (14, 12), (15, 11), (13, 12), (14, 11), (12, 12), (13, 11), (11, 12), (12, 11), (10, 12), (11, 11), (9, 12), (10, 11), (8, 12), (9, 11), (7, 12), (8, 11), (6, 12), (7, 11), (5, 12), (6, 11), (4, 12), (5, 11), (3, 12), (4, 11), (2, 12), (3, 11), (1, 11), (2, 11), (3, 11), (4, 11), (5, 11), (6, 11), (7, 11), (8, 11), (9, 11), (10, 11), (11, 11), (12, 11), ... (+29 more)]","[(4, 9), (27, 4), (17, 3), (17, 12), (19, 9), (8, 9), (9, 8), (11, 5), (2, 11), (13, 8), (15, 5), (6, 11), (21, 9), (27, 6), (3, 6), (5, 3), (17, 5), (5, 12), (8, 11), (19, 11), (11, 7), (1, 8), (15, 7), (7, 3), (18, 3), (7, 12), (18, 12), (22, 12), (27, 8), (3, 8), (17, 7), (19, 4), (5, 5), (9, 3), (9, 12), (11, 9), (13, 3), (24, 3), (1, 10), (15, 9), ... (+125 more)]",54,0,54
166,"(22, 3)","(23, 3)",West,"['(23, 3)', '(21, 3)']","[(15, 12), (16, 11), (14, 12), (15, 11), (13, 12), (14, 11), (12, 12), (13, 11), (11, 12), (12, 11), (10, 12), (11, 11), (9, 12), (10, 11), (8, 12), (9, 11), (7, 12), (8, 11), (6, 12), (7, 11), (5, 12), (6, 11), (4, 12), (5, 11), (3, 12), (4, 11), (2, 12), (3, 11), (1, 11), (2, 11), (3, 11), (4, 11), (5, 11), (6, 11), (7, 11), (8, 11), (9, 11), (10, 11), (11, 11), (12, 11), ... (+29 more)]","[(15, 12), (16, 11), (14, 12), (15, 11), (13, 12), (14, 11), (12, 12), (13, 11), (11, 12), (12, 11), (10, 12), (11, 11), (9, 12), (10, 11), (8, 12), (9, 11), (7, 12), (8, 11), (6, 12), (7, 11), (5, 12), (6, 11), (4, 12), (5, 11), (3, 12), (4, 11), (2, 12), (3, 11), (1, 11), (2, 11), (3, 11), (4, 11), (5, 11), (6, 11), (7, 11), (8, 11), (9, 11), (10, 11), (11, 11), (12, 11), ... (+30 more)]","[(4, 9), (27, 4), (17, 3), (17, 12), (19, 9), (8, 9), (9, 8), (11, 5), (2, 11), (13, 8), (15, 5), (6, 11), (21, 9), (27, 6), (3, 6), (5, 3), (17, 5), (5, 12), (8, 11), (19, 11), (11, 7), (1, 8), (15, 7), (7, 3), (18, 3), (7, 12), (18, 12), (22, 3), (22, 12), (27, 8), (3, 8), (17, 7), (19, 4), (5, 5), (9, 3), (9, 12), (11, 9), (13, 3), (24, 3), (1, 10), ... (+126 more)]",55,0,55
167,"(21, 3)","(22, 3)",West,"['(21, 2)', '(22, 3)']","[(15, 12), (16, 11), (14, 12), (15, 11), (13, 12), (14, 11), (12, 12), (13, 11), (11, 12), (12, 11), (10, 12), (11, 11), (9, 12), (10, 11), (8, 12), (9, 11), (7, 12), (8, 11), (6, 12), (7, 11), (5, 12), (6, 11), (4, 12), (5, 11), (3, 12), (4, 11), (2, 12), (3, 11), (1, 11), (2, 11), (3, 11), (4, 11), (5, 11), (6, 11), (7, 11), (8, 11), (9, 11), (10, 11), (11, 11), (12, 11), ... (+30 more)]","[(15, 12), (16, 11), (14, 12), (15, 11), (13, 12), (14, 11), (12, 12), (13, 11), (11, 12), (12, 11), (10, 12), (11, 11), (9, 12), (10, 11), (8, 12), (9, 11), (7, 12), (8, 11), (6, 12), (7, 11), (5, 12), (6, 11), (4, 12), (5, 11), (3, 12), (4, 11), (2, 12), (3, 11), (1, 11), (2, 11), (3, 11), (4, 11), (5, 11), (6, 11), (7, 11), (8, 11), (9, 11), (10, 11), (11, 11), (12, 11), ... (+31 more)]","[(4, 9), (27, 4), (17, 3), (17, 12), (19, 9), (8, 9), (9, 8), (11, 5), (2, 11), (13, 8), (15, 5), (6, 11), (21, 9), (27, 6), (3, 6), (5, 3), (17, 5), (5, 12), (8, 11), (19, 11), (11, 7), (1, 8), (15, 7), (7, 3), (18, 3), (7, 12), (18, 12), (22, 3), (22, 12), (27, 8), (3, 8), (17, 7), (19, 4), (5, 5), (9, 3), (9, 12), (11, 9), (13, 3), (24, 3), (1, 10), ... (+127 more)]",56,0,56
168,"(21, 2)","(21, 3)",South,"['(21, 3)', '(21, 1)']","[(15, 12), (16, 11), (14, 12), (15, 11), (13, 12), (14, 11), (12, 12), (13, 11), (11, 12), (12, 11), (10, 12), (11, 11), (9, 12), (10, 11), (8, 12), (9, 11), (7, 12), (8, 11), (6, 12), (7, 11), (5, 12), (6, 11), (4, 12), (5, 11), (3, 12), (4, 11), (2, 12), (3, 11), (1, 11), (2, 11), (3, 11), (4, 11), (5, 11), (6, 11), (7, 11), (8, 11), (9, 11), (10, 11), (11, 11), (12, 11), ... (+30 more)]","[(15, 12), (16, 11), (14, 12), (15, 11), (13, 12), (14, 11), (12, 12), (13, 11), (11, 12), (12, 11), (10, 12), (11, 11), (9, 12), (10, 11), (8, 12), (9, 11), (7, 12), (8, 11), (6, 12), (7, 11), (5, 12), (6, 11), (4, 12), (5, 11), (3, 12), (4, 11), (2, 12), (3, 11), (1, 11), (2, 11), (3, 11), (4, 11), (5, 11), (6, 11), (7, 11), (8, 11), (9, 11), (10, 11), (11, 11), (12, 11), ... (+31 more)]","[(4, 9), (27, 4), (17, 3), (17, 12), (19, 9), (8, 9), (9, 8), (11, 5), (2, 11), (13, 8), (15, 5), (6, 11), (21, 9), (27, 6), (3, 6), (5, 3), (17, 5), (5, 12), (8, 11), (19, 11), (11, 7), (1, 8), (15, 7), (7, 3), (18, 3), (21, 2), (7, 12), (18, 12), (22, 3), (22, 12), (27, 8), (3, 8), (17, 7), (19, 4), (5, 5), (9, 3), (9, 12), (11, 9), (13, 3), (24, 3), ... (+128 more)]",57,0,57
169,"(21, 1)","(21, 2)",South,"['(21, 2)', '(22, 1)', '(20, 1)']","[(15, 12), (16, 11), (14, 12), (15, 11), (13, 12), (14, 11), (12, 12), (13, 11), (11, 12), (12, 11), (10, 12), (11, 11), (9, 12), (10, 11), (8, 12), (9, 11), (7, 12), (8, 11), (6, 12), (7, 11), (5, 12), (6, 11), (4, 12), (5, 11), (3, 12), (4, 11), (2, 12), (3, 11), (1, 11), (2, 11), (3, 11), (4, 11), (5, 11), (6, 11), (7, 11), (8, 11), (9, 11), (10, 11), (11, 11), (12, 11), ... (+31 more)]","[(15, 12), (16, 11), (14, 12), (15, 11), (13, 12), (14, 11), (12, 12), (13, 11), (11, 12), (12, 11), (10, 12), (11, 11), (9, 12), (10, 11), (8, 12), (9, 11), (7, 12), (8, 11), (6, 12), (7, 11), (5, 12), (6, 11), (4, 12), (5, 11), (3, 12), (4, 11), (2, 12), (3, 11), (1, 11), (2, 11), (3, 11), (4, 11), (5, 11), (6, 11), (7, 11), (8, 11), (9, 11), (10, 11), (11, 11), (12, 11), ... (+33 more)]","[(4, 9), (27, 4), (17, 3), (17, 12), (19, 9), (8, 9), (9, 8), (11, 5), (2, 11), (13, 8), (15, 5), (6, 11), (21, 9), (27, 6), (3, 6), (5, 3), (17, 5), (5, 12), (8, 11), (19, 11), (11, 7), (1, 8), (15, 7), (7, 3), (18, 3), (21, 2), (7, 12), (18, 12), (22, 3), (22, 12), (27, 8), (3, 8), (17, 7), (19, 4), (5, 5), (9, 3), (9, 12), (11, 9), (13, 3), (24, 3), ... (+129 more)]",58,0,58
170,"(20, 1)","(21, 1)",West,"['(21, 1)', '(19, 1)']","[(15, 12), (16, 11), (14, 12), (15, 11), (13, 12), (14, 11), (12, 12), (13, 11), (11, 12), (12, 11), (10, 12), (11, 11), (9, 12), (10, 11), (8, 12), (9, 11), (7, 12), (8, 11), (6, 12), (7, 11), (5, 12), (6, 11), (4, 12), (5, 11), (3, 12), (4, 11), (2, 12), (3, 11), (1, 11), (2, 11), (3, 11), (4, 11), (5, 11), (6, 11), (7, 11), (8, 11), (9, 11), (10, 11), (11, 11), (12, 11), ... (+33 more)]","[(15, 12), (16, 11), (14, 12), (15, 11), (13, 12), (14, 11), (12, 12), (13, 11), (11, 12), (12, 11), (10, 12), (11, 11), (9, 12), (10, 11), (8, 12), (9, 11), (7, 12), (8, 11), (6, 12), (7, 11), (5, 12), (6, 11), (4, 12), (5, 11), (3, 12), (4, 11), (2, 12), (3, 11), (1, 11), (2, 11), (3, 11), (4, 11), (5, 11), (6, 11), (7, 11), (8, 11), (9, 11), (10, 11), (11, 11), (12, 11), ... (+34 more)]","[(4, 9), (27, 4), (17, 3), (17, 12), (19, 9), (8, 9), (9, 8), (11, 5), (2, 11), (13, 8), (15, 5), (6, 11), (21, 9), (27, 6), (3, 6), (5, 3), (17, 5), (5, 12), (8, 11), (19, 11), (11, 7), (1, 8), (15, 7), (7, 3), (18, 3), (21, 2), (7, 12), (18, 12), (22, 3), (22, 12), (27, 8), (3, 8), (17, 7), (19, 4), (5, 5), (9, 3), (9, 12), (11, 9), (13, 3), (24, 3), ... (+130 more)]",59,0,59
171,"(19, 1)","(20, 1)",West,"['(20, 1)', '(18, 1)']","[(15, 12), (16, 11), (14, 12), (15, 11), (13, 12), (14, 11), (12, 12), (13, 11), (11, 12), (12, 11), (10, 12), (11, 11), (9, 12), (10, 11), (8, 12), (9, 11), (7, 12), (8, 11), (6, 12), (7, 11), (5, 12), (6, 11), (4, 12), (5, 11), (3, 12), (4, 11), (2, 12), (3, 11), (1, 11), (2, 11), (3, 11), (4, 11), (5, 11), (6, 11), (7, 11), (8, 11), (9, 11), (10, 11), (11, 11), (12, 11), ... (+34 more)]","[(15, 12), (16, 11), (14, 12), (15, 11), (13, 12), (14, 11), (12, 12), (13, 11), (11, 12), (12, 11), (10, 12), (11, 11), (9, 12), (10, 11), (8, 12), (9, 11), (7, 12), (8, 11), (6, 12), (7, 11), (5, 12), (6, 11), (4, 12), (5, 11), (3, 12), (4, 11), (2, 12), (3, 11), (1, 11), (2, 11), (3, 11), (4, 11), (5, 11), (6, 11), (7, 11), (8, 11), (9, 11), (10, 11), (11, 11), (12, 11), ... (+35 more)]","[(4, 9), (27, 4), (17, 3), (17, 12), (19, 9), (8, 9), (9, 8), (11, 5), (2, 11), (13, 8), (15, 5), (6, 11), (21, 9), (27, 6), (3, 6), (5, 3), (17, 5), (5, 12), (8, 11), (19, 11), (11, 7), (1, 8), (15, 7), (7, 3), (18, 3), (21, 2), (7, 12), (18, 12), (22, 3), (22, 12), (27, 8), (3, 8), (17, 7), (19, 4), (5, 5), (9, 3), (9, 12), (11, 9), (13, 3), (24, 3), ... (+131 more)]",60,0,60
172,"(18, 1)","(19, 1)",West,"['(19, 1)', '(17, 1)']","[(15, 12), (16, 11), (14, 12), (15, 11), (13, 12), (14, 11), (12, 12), (13, 11), (11, 12), (12, 11), (10, 12), (11, 11), (9, 12), (10, 11), (8, 12), (9, 11), (7, 12), (8, 11), (6, 12), (7, 11), (5, 12), (6, 11), (4, 12), (5, 11), (3, 12), (4, 11), (2, 12), (3, 11), (1, 11), (2, 11), (3, 11), (4, 11), (5, 11), (6, 11), (7, 11), (8, 11), (9, 11), (10, 11), (11, 11), (12, 11), ... (+35 more)]","[(15, 12), (16, 11), (14, 12), (15, 11), (13, 12), (14, 11), (12, 12), (13, 11), (11, 12), (12, 11), (10, 12), (11, 11), (9, 12), (10, 11), (8, 12), (9, 11), (7, 12), (8, 11), (6, 12), (7, 11), (5, 12), (6, 11), (4, 12), (5, 11), (3, 12), (4, 11), (2, 12), (3, 11), (1, 11), (2, 11), (3, 11), (4, 11), (5, 11), (6, 11), (7, 11), (8, 11), (9, 11), (10, 11), (11, 11), (12, 11), ... (+36 more)]","[(4, 9), (27, 4), (17, 3), (17, 12), (19, 9), (8, 9), (9, 8), (11, 5), (2, 11), (13, 8), (15, 5), (18, 1), (6, 11), (21, 9), (27, 6), (3, 6), (5, 3), (17, 5), (5, 12), (8, 11), (19, 11), (11, 7), (1, 8), (15, 7), (7, 3), (18, 3), (21, 2), (7, 12), (18, 12), (22, 3), (22, 12), (27, 8), (3, 8), (17, 7), (19, 4), (5, 5), (9, 3), (9, 12), (11, 9), (13, 3), ... (+132 more)]",61,0,61
173,"(17, 1)","(18, 1)",West,"['(18, 1)', '(16, 1)']","[(15, 12), (16, 11), (14, 12), (15, 11), (13, 12), (14, 11), (12, 12), (13, 11), (11, 12), (12, 11), (10, 12), (11, 11), (9, 12), (10, 11), (8, 12), (9, 11), (7, 12), (8, 11), (6, 12), (7, 11), (5, 12), (6, 11), (4, 12), (5, 11), (3, 12), (4, 11), (2, 12), (3, 11), (1, 11), (2, 11), (3, 11), (4, 11), (5, 11), (6, 11), (7, 11), (8, 11), (9, 11), (10, 11), (11, 11), (12, 11), ... (+36 more)]","[(15, 12), (16, 11), (14, 12), (15, 11), (13, 12), (14, 11), (12, 12), (13, 11), (11, 12), (12, 11), (10, 12), (11, 11), (9, 12), (10, 11), (8, 12), (9, 11), (7, 12), (8, 11), (6, 12), (7, 11), (5, 12), (6, 11), (4, 12), (5, 11), (3, 12), (4, 11), (2, 12), (3, 11), (1, 11), (2, 11), (3, 11), (4, 11), (5, 11), (6, 11), (7, 11), (8, 11), (9, 11), (10, 11), (11, 11), (12, 11), ... (+37 more)]","[(4, 9), (27, 4), (17, 3), (17, 12), (19, 9), (8, 9), (9, 8), (11, 5), (2, 11), (13, 8), (15, 5), (18, 1), (6, 11), (21, 9), (27, 6), (3, 6), (5, 3), (17, 5), (5, 12), (8, 11), (19, 11), (11, 7), (1, 8), (15, 7), (7, 3), (18, 3), (21, 2), (7, 12), (18, 12), (22, 3), (22, 12), (27, 8), (3, 8), (17, 7), (19, 4), (5, 5), (9, 3), (9, 12), (11, 9), (13, 3), ... (+133 more)]",62,0,62
174,"(16, 1)","(17, 1)",West,"['(17, 1)', '(15, 1)']","[(15, 12), (16, 11), (14, 12), (15, 11), (13, 12), (14, 11), (12, 12), (13, 11), (11, 12), (12, 11), (10, 12), (11, 11), (9, 12), (10, 11), (8, 12), (9, 11), (7, 12), (8, 11), (6, 12), (7, 11), (5, 12), (6, 11), (4, 12), (5, 11), (3, 12), (4, 11), (2, 12), (3, 11), (1, 11), (2, 11), (3, 11), (4, 11), (5, 11), (6, 11), (7, 11), (8, 11), (9, 11), (10, 11), (11, 11), (12, 11), ... (+37 more)]","[(15, 12), (16, 11), (14, 12), (15, 11), (13, 12), (14, 11), (12, 12), (13, 11), (11, 12), (12, 11), (10, 12), (11, 11), (9, 12), (10, 11), (8, 12), (9, 11), (7, 12), (8, 11), (6, 12), (7, 11), (5, 12), (6, 11), (4, 12), (5, 11), (3, 12), (4, 11), (2, 12), (3, 11), (1, 11), (2, 11), (3, 11), (4, 11), (5, 11), (6, 11), (7, 11), (8, 11), (9, 11), (10, 11), (11, 11), (12, 11), ... (+38 more)]","[(4, 9), (27, 4), (17, 3), (17, 12), (19, 9), (8, 9), (9, 8), (11, 5), (2, 11), (13, 8), (15, 5), (18, 1), (6, 11), (21, 9), (27, 6), (3, 6), (5, 3), (17, 5), (5, 12), (8, 11), (19, 11), (11, 7), (1, 8), (15, 7), (7, 3), (18, 3), (21, 2), (7, 12), (18, 12), (22, 3), (22, 12), (27, 8), (3, 8), (17, 7), (19, 4), (5, 5), (9, 3), (9, 12), (11, 9), (13, 3), ... (+134 more)]",63,0,63
175,"(15, 1)","(16, 1)",West,"['(16, 1)', '(14, 1)']","[(15, 12), (16, 11), (14, 12), (15, 11), (13, 12), (14, 11), (12, 12), (13, 11), (11, 12), (12, 11), (10, 12), (11, 11), (9, 12), (10, 11), (8, 12), (9, 11), (7, 12), (8, 11), (6, 12), (7, 11), (5, 12), (6, 11), (4, 12), (5, 11), (3, 12), (4, 11), (2, 12), (3, 11), (1, 11), (2, 11), (3, 11), (4, 11), (5, 11), (6, 11), (7, 11), (8, 11), (9, 11), (10, 11), (11, 11), (12, 11), ... (+38 more)]","[(15, 12), (16, 11), (14, 12), (15, 11), (13, 12), (14, 11), (12, 12), (13, 11), (11, 12), (12, 11), (10, 12), (11, 11), (9, 12), (10, 11), (8, 12), (9, 11), (7, 12), (8, 11), (6, 12), (7, 11), (5, 12), (6, 11), (4, 12), (5, 11), (3, 12), (4, 11), (2, 12), (3, 11), (1, 11), (2, 11), (3, 11), (4, 11), (5, 11), (6, 11), (7, 11), (8, 11), (9, 11), (10, 11), (11, 11), (12, 11), ... (+39 more)]","[(4, 9), (27, 4), (17, 3), (17, 12), (19, 9), (8, 9), (9, 8), (11, 5), (2, 11), (13, 8), (15, 5), (18, 1), (6, 11), (21, 9), (27, 6), (3, 6), (5, 3), (17, 5), (5, 12), (8, 11), (19, 11), (11, 7), (1, 8), (15, 7), (7, 3), (18, 3), (21, 2), (7, 12), (18, 12), (22, 3), (22, 12), (27, 8), (3, 8), (17, 7), (19, 4), (5, 5), (9, 3), (9, 12), (11, 9), (13, 3), ... (+135 more)]",64,0,64
176,"(14, 1)","(15, 1)",West,"['(15, 1)', '(13, 1)']","[(15, 12), (16, 11), (14, 12), (15, 11), (13, 12), (14, 11), (12, 12), (13, 11), (11, 12), (12, 11), (10, 12), (11, 11), (9, 12), (10, 11), (8, 12), (9, 11), (7, 12), (8, 11), (6, 12), (7, 11), (5, 12), (6, 11), (4, 12), (5, 11), (3, 12), (4, 11), (2, 12), (3, 11), (1, 11), (2, 11), (3, 11), (4, 11), (5, 11), (6, 11), (7, 11), (8, 11), (9, 11), (10, 11), (11, 11), (12, 11), ... (+39 more)]","[(15, 12), (16, 11), (14, 12), (15, 11), (13, 12), (14, 11), (12, 12), (13, 11), (11, 12), (12, 11), (10, 12), (11, 11), (9, 12), (10, 11), (8, 12), (9, 11), (7, 12), (8, 11), (6, 12), (7, 11), (5, 12), (6, 11), (4, 12), (5, 11), (3, 12), (4, 11), (2, 12), (3, 11), (1, 11), (2, 11), (3, 11), (4, 11), (5, 11), (6, 11), (7, 11), (8, 11), (9, 11), (10, 11), (11, 11), (12, 11), ... (+40 more)]","[(4, 9), (27, 4), (17, 3), (17, 12), (19, 9), (8, 9), (9, 8), (11, 5), (2, 11), (13, 8), (15, 5), (18, 1), (6, 11), (21, 9), (27, 6), (3, 6), (5, 3), (17, 5), (5, 12), (8, 11), (19, 11), (11, 7), (1, 8), (15, 7), (7, 3), (18, 3), (21, 2), (7, 12), (18, 12), (22, 3), (22, 12), (27, 8), (3, 8), (17, 7), (19, 4), (5, 5), (9, 3), (9, 12), (11, 9), (13, 3), ... (+136 more)]",65,0,65
177,"(13, 1)","(14, 1)",West,"['(14, 1)', '(12, 1)']","[(15, 12), (16, 11), (14, 12), (15, 11), (13, 12), (14, 11), (12, 12), (13, 11), (11, 12), (12, 11), (10, 12), (11, 11), (9, 12), (10, 11), (8, 12), (9, 11), (7, 12), (8, 11), (6, 12), (7, 11), (5, 12), (6, 11), (4, 12), (5, 11), (3, 12), (4, 11), (2, 12), (3, 11), (1, 11), (2, 11), (3, 11), (4, 11), (5, 11), (6, 11), (7, 11), (8, 11), (9, 11), (10, 11), (11, 11), (12, 11), ... (+40 more)]","[(15, 12), (16, 11), (14, 12), (15, 11), (13, 12), (14, 11), (12, 12), (13, 11), (11, 12), (12, 11), (10, 12), (11, 11), (9, 12), (10, 11), (8, 12), (9, 11), (7, 12), (8, 11), (6, 12), (7, 11), (5, 12), (6, 11), (4, 12), (5, 11), (3, 12), (4, 11), (2, 12), (3, 11), (1, 11), (2, 11), (3, 11), (4, 11), (5, 11), (6, 11), (7, 11), (8, 11), (9, 11), (10, 11), (11, 11), (12, 11), ... (+41 more)]","[(4, 9), (27, 4), (17, 3), (17, 12), (19, 9), (8, 9), (9, 8), (11, 5), (2, 11), (13, 8), (15, 5), (18, 1), (6, 11), (21, 9), (27, 6), (3, 6), (5, 3), (17, 5), (5, 12), (8, 11), (19, 11), (11, 7), (13, 1), (1, 8), (15, 7), (7, 3), (18, 3), (21, 2), (7, 12), (18, 12), (22, 3), (22, 12), (27, 8), (3, 8), (17, 7), (19, 4), (5, 5), (9, 3), (9, 12), (11, 9), ... (+137 more)]",66,0,66
178,"(12, 1)","(13, 1)",West,"['(13, 1)', '(11, 1)']","[(15, 12), (16, 11), (14, 12), (15, 11), (13, 12), (14, 11), (12, 12), (13, 11), (11, 12), (12, 11), (10, 12), (11, 11), (9, 12), (10, 11), (8, 12), (9, 11), (7, 12), (8, 11), (6, 12), (7, 11), (5, 12), (6, 11), (4, 12), (5, 11), (3, 12), (4, 11), (2, 12), (3, 11), (1, 11), (2, 11), (3, 11), (4, 11), (5, 11), (6, 11), (7, 11), (8, 11), (9, 11), (10, 11), (11, 11), (12, 11), ... (+41 more)]","[(15, 12), (16, 11), (14, 12), (15, 11), (13, 12), (14, 11), (12, 12), (13, 11), (11, 12), (12, 11), (10, 12), (11, 11), (9, 12), (10, 11), (8, 12), (9, 11), (7, 12), (8, 11), (6, 12), (7, 11), (5, 12), (6, 11), (4, 12), (5, 11), (3, 12), (4, 11), (2, 12), (3, 11), (1, 11), (2, 11), (3, 11), (4, 11), (5, 11), (6, 11), (7, 11), (8, 11), (9, 11), (10, 11), (11, 11), (12, 11), ... (+42 more)]","[(4, 9), (27, 4), (17, 3), (17, 12), (19, 9), (8, 9), (9, 8), (11, 5), (2, 11), (13, 8), (15, 5), (18, 1), (6, 11), (21, 9), (27, 6), (3, 6), (5, 3), (17, 5), (5, 12), (8, 11), (19, 11), (11, 7), (13, 1), (1, 8), (15, 7), (7, 3), (18, 3), (21, 2), (7, 12), (18, 12), (22, 3), (22, 12), (27, 8), (3, 8), (17, 7), (19, 4), (5, 5), (9, 3), (9, 12), (11, 9), ... (+138 more)]",67,0,67
179,"(11, 1)","(12, 1)",West,"['(12, 1)', '(10, 1)']","[(15, 12), (16, 11), (14, 12), (15, 11), (13, 12), (14, 11), (12, 12), (13, 11), (11, 12), (12, 11), (10, 12), (11, 11), (9, 12), (10, 11), (8, 12), (9, 11), (7, 12), (8, 11), (6, 12), (7, 11), (5, 12), (6, 11), (4, 12), (5, 11), (3, 12), (4, 11), (2, 12), (3, 11), (1, 11), (2, 11), (3, 11), (4, 11), (5, 11), (6, 11), (7, 11), (8, 11), (9, 11), (10, 11), (11, 11), (12, 11), ... (+42 more)]","[(15, 12), (16, 11), (14, 12), (15, 11), (13, 12), (14, 11), (12, 12), (13, 11), (11, 12), (12, 11), (10, 12), (11, 11), (9, 12), (10, 11), (8, 12), (9, 11), (7, 12), (8, 11), (6, 12), (7, 11), (5, 12), (6, 11), (4, 12), (5, 11), (3, 12), (4, 11), (2, 12), (3, 11), (1, 11), (2, 11), (3, 11), (4, 11), (5, 11), (6, 11), (7, 11), (8, 11), (9, 11), (10, 11), (11, 11), (12, 11), ... (+43 more)]","[(4, 9), (27, 4), (17, 3), (17, 12), (19, 9), (8, 9), (9, 8), (11, 5), (2, 11), (13, 8), (15, 5), (18, 1), (6, 11), (21, 9), (27, 6), (3, 6), (5, 3), (17, 5), (5, 12), (8, 11), (19, 11), (11, 7), (13, 1), (1, 8), (15, 7), (7, 3), (18, 3), (21, 2), (7, 12), (18, 12), (22, 3), (22, 12), (27, 8), (3, 8), (17, 7), (19, 4), (5, 5), (9, 3), (9, 12), (11, 9), ... (+139 more)]",68,0,68
180,"(10, 1)","(11, 1)",West,"['(11, 1)', '(9, 1)']","[(15, 12), (16, 11), (14, 12), (15, 11), (13, 12), (14, 11), (12, 12), (13, 11), (11, 12), (12, 11), (10, 12), (11, 11), (9, 12), (10, 11), (8, 12), (9, 11), (7, 12), (8, 11), (6, 12), (7, 11), (5, 12), (6, 11), (4, 12), (5, 11), (3, 12), (4, 11), (2, 12), (3, 11), (1, 11), (2, 11), (3, 11), (4, 11), (5, 11), (6, 11), (7, 11), (8, 11), (9, 11), (10, 11), (11, 11), (12, 11), ... (+43 more)]","[(15, 12), (16, 11), (14, 12), (15, 11), (13, 12), (14, 11), (12, 12), (13, 11), (11, 12), (12, 11), (10, 12), (11, 11), (9, 12), (10, 11), (8, 12), (9, 11), (7, 12), (8, 11), (6, 12), (7, 11), (5, 12), (6, 11), (4, 12), (5, 11), (3, 12), (4, 11), (2, 12), (3, 11), (1, 11), (2, 11), (3, 11), (4, 11), (5, 11), (6, 11), (7, 11), (8, 11), (9, 11), (10, 11), (11, 11), (12, 11), ... (+44 more)]","[(4, 9), (27, 4), (17, 3), (17, 12), (19, 9), (8, 9), (9, 8), (11, 5), (2, 11), (13, 8), (15, 5), (18, 1), (6, 11), (21, 9), (27, 6), (3, 6), (5, 3), (17, 5), (5, 12), (8, 11), (19, 11), (11, 7), (13, 1), (1, 8), (15, 7), (7, 3), (18, 3), (21, 2), (7, 12), (18, 12), (22, 3), (22, 12), (27, 8), (3, 8), (17, 7), (19, 4), (5, 5), (9, 3), (9, 12), (11, 9), ... (+140 more)]",69,0,69
181,"(9, 1)","(10, 1)",West,"['(10, 1)', '(8, 1)']","[(15, 12), (16, 11), (14, 12), (15, 11), (13, 12), (14, 11), (12, 12), (13, 11), (11, 12), (12, 11), (10, 12), (11, 11), (9, 12), (10, 11), (8, 12), (9, 11), (7, 12), (8, 11), (6, 12), (7, 11), (5, 12), (6, 11), (4, 12), (5, 11), (3, 12), (4, 11), (2, 12), (3, 11), (1, 11), (2, 11), (3, 11), (4, 11), (5, 11), (6, 11), (7, 11), (8, 11), (9, 11), (10, 11), (11, 11), (12, 11), ... (+44 more)]","[(15, 12), (16, 11), (14, 12), (15, 11), (13, 12), (14, 11), (12, 12), (13, 11), (11, 12), (12, 11), (10, 12), (11, 11), (9, 12), (10, 11), (8, 12), (9, 11), (7, 12), (8, 11), (6, 12), (7, 11), (5, 12), (6, 11), (4, 12), (5, 11), (3, 12), (4, 11), (2, 12), (3, 11), (1, 11), (2, 11), (3, 11), (4, 11), (5, 11), (6, 11), (7, 11), (8, 11), (9, 11), (10, 11), (11, 11), (12, 11), ... (+45 more)]","[(4, 9), (27, 4), (17, 3), (17, 12), (19, 9), (8, 9), (9, 8), (11, 5), (2, 11), (13, 8), (15, 5), (18, 1), (6, 11), (21, 9), (27, 6), (3, 6), (5, 3), (17, 5), (9, 1), (5, 12), (8, 11), (19, 11), (11, 7), (13, 1), (1, 8), (15, 7), (7, 3), (18, 3), (21, 2), (7, 12), (18, 12), (22, 3), (22, 12), (27, 8), (3, 8), (17, 7), (19, 4), (5, 5), (9, 3), (9, 12), ... (+141 more)]",70,0,70
182,"(8, 1)","(9, 1)",West,"['(9, 1)', '(7, 1)']","[(15, 12), (16, 11), (14, 12), (15, 11), (13, 12), (14, 11), (12, 12), (13, 11), (11, 12), (12, 11), (10, 12), (11, 11), (9, 12), (10, 11), (8, 12), (9, 11), (7, 12), (8, 11), (6, 12), (7, 11), (5, 12), (6, 11), (4, 12), (5, 11), (3, 12), (4, 11), (2, 12), (3, 11), (1, 11), (2, 11), (3, 11), (4, 11), (5, 11), (6, 11), (7, 11), (8, 11), (9, 11), (10, 11), (11, 11), (12, 11), ... (+45 more)]","[(15, 12), (16, 11), (14, 12), (15, 11), (13, 12), (14, 11), (12, 12), (13, 11), (11, 12), (12, 11), (10, 12), (11, 11), (9, 12), (10, 11), (8, 12), (9, 11), (7, 12), (8, 11), (6, 12), (7, 11), (5, 12), (6, 11), (4, 12), (5, 11), (3, 12), (4, 11), (2, 12), (3, 11), (1, 11), (2, 11), (3, 11), (4, 11), (5, 11), (6, 11), (7, 11), (8, 11), (9, 11), (10, 11), (11, 11), (12, 11), ... (+46 more)]","[(4, 9), (27, 4), (17, 3), (17, 12), (19, 9), (8, 9), (9, 8), (11, 5), (2, 11), (13, 8), (15, 5), (18, 1), (6, 11), (21, 9), (27, 6), (3, 6), (5, 3), (17, 5), (9, 1), (5, 12), (8, 11), (19, 11), (11, 7), (13, 1), (1, 8), (15, 7), (7, 3), (18, 3), (21, 2), (7, 12), (18, 12), (22, 3), (22, 12), (27, 8), (3, 8), (17, 7), (19, 4), (5, 5), (9, 3), (9, 12), ... (+142 more)]",71,0,71
183,"(7, 1)","(8, 1)",West,"['(8, 1)', '(6, 1)']","[(15, 12), (16, 11), (14, 12), (15, 11), (13, 12), (14, 11), (12, 12), (13, 11), (11, 12), (12, 11), (10, 12), (11, 11), (9, 12), (10, 11), (8, 12), (9, 11), (7, 12), (8, 11), (6, 12), (7, 11), (5, 12), (6, 11), (4, 12), (5, 11), (3, 12), (4, 11), (2, 12), (3, 11), (1, 11), (2, 11), (3, 11), (4, 11), (5, 11), (6, 11), (7, 11), (8, 11), (9, 11), (10, 11), (11, 11), (12, 11), ... (+46 more)]","[(15, 12), (16, 11), (14, 12), (15, 11), (13, 12), (14, 11), (12, 12), (13, 11), (11, 12), (12, 11), (10, 12), (11, 11), (9, 12), (10, 11), (8, 12), (9, 11), (7, 12), (8, 11), (6, 12), (7, 11), (5, 12), (6, 11), (4, 12), (5, 11), (3, 12), (4, 11), (2, 12), (3, 11), (1, 11), (2, 11), (3, 11), (4, 11), (5, 11), (6, 11), (7, 11), (8, 11), (9, 11), (10, 11), (11, 11), (12, 11), ... (+47 more)]","[(4, 9), (27, 4), (17, 3), (17, 12), (19, 9), (8, 9), (9, 8), (11, 5), (2, 11), (13, 8), (15, 5), (18, 1), (7, 1), (6, 11), (21, 9), (27, 6), (3, 6), (5, 3), (17, 5), (9, 1), (5, 12), (8, 11), (19, 11), (11, 7), (13, 1), (1, 8), (15, 7), (7, 3), (18, 3), (21, 2), (7, 12), (18, 12), (22, 3), (22, 12), (27, 8), (3, 8), (17, 7), (19, 4), (5, 5), (9, 3), ... (+143 more)]",72,0,72
184,"(6, 1)","(7, 1)",West,"['(7, 1)', '(5, 1)']","[(15, 12), (16, 11), (14, 12), (15, 11), (13, 12), (14, 11), (12, 12), (13, 11), (11, 12), (12, 11), (10, 12), (11, 11), (9, 12), (10, 11), (8, 12), (9, 11), (7, 12), (8, 11), (6, 12), (7, 11), (5, 12), (6, 11), (4, 12), (5, 11), (3, 12), (4, 11), (2, 12), (3, 11), (1, 11), (2, 11), (3, 11), (4, 11), (5, 11), (6, 11), (7, 11), (8, 11), (9, 11), (10, 11), (11, 11), (12, 11), ... (+47 more)]","[(15, 12), (16, 11), (14, 12), (15, 11), (13, 12), (14, 11), (12, 12), (13, 11), (11, 12), (12, 11), (10, 12), (11, 11), (9, 12), (10, 11), (8, 12), (9, 11), (7, 12), (8, 11), (6, 12), (7, 11), (5, 12), (6, 11), (4, 12), (5, 11), (3, 12), (4, 11), (2, 12), (3, 11), (1, 11), (2, 11), (3, 11), (4, 11), (5, 11), (6, 11), (7, 11), (8, 11), (9, 11), (10, 11), (11, 11), (12, 11), ... (+48 more)]","[(4, 9), (27, 4), (17, 3), (17, 12), (19, 9), (8, 9), (9, 8), (11, 5), (2, 11), (13, 8), (15, 5), (18, 1), (7, 1), (6, 11), (21, 9), (27, 6), (3, 6), (5, 3), (17, 5), (9, 1), (5, 12), (8, 11), (19, 11), (11, 7), (13, 1), (1, 8), (15, 7), (7, 3), (18, 3), (21, 2), (7, 12), (18, 12), (22, 3), (22, 12), (27, 8), (3, 8), (17, 7), (19, 4), (5, 5), (9, 3), ... (+144 more)]",73,0,73
185,"(5, 1)","(6, 1)",West,"['(6, 1)', '(4, 1)']","[(15, 12), (16, 11), (14, 12), (15, 11), (13, 12), (14, 11), (12, 12), (13, 11), (11, 12), (12, 11), (10, 12), (11, 11), (9, 12), (10, 11), (8, 12), (9, 11), (7, 12), (8, 11), (6, 12), (7, 11), (5, 12), (6, 11), (4, 12), (5, 11), (3, 12), (4, 11), (2, 12), (3, 11), (1, 11), (2, 11), (3, 11), (4, 11), (5, 11), (6, 11), (7, 11), (8, 11), (9, 11), (10, 11), (11, 11), (12, 11), ... (+48 more)]","[(15, 12), (16, 11), (14, 12), (15, 11), (13, 12), (14, 11), (12, 12), (13, 11), (11, 12), (12, 11), (10, 12), (11, 11), (9, 12), (10, 11), (8, 12), (9, 11), (7, 12), (8, 11), (6, 12), (7, 11), (5, 12), (6, 11), (4, 12), (5, 11), (3, 12), (4, 11), (2, 12), (3, 11), (1, 11), (2, 11), (3, 11), (4, 11), (5, 11), (6, 11), (7, 11), (8, 11), (9, 11), (10, 11), (11, 11), (12, 11), ... (+49 more)]","[(4, 9), (27, 4), (17, 3), (5, 1), (17, 12), (19, 9), (8, 9), (9, 8), (11, 5), (2, 11), (13, 8), (15, 5), (18, 1), (7, 1), (6, 11), (21, 9), (27, 6), (3, 6), (5, 3), (17, 5), (9, 1), (5, 12), (8, 11), (19, 11), (11, 7), (13, 1), (1, 8), (15, 7), (7, 3), (18, 3), (21, 2), (7, 12), (18, 12), (22, 3), (22, 12), (27, 8), (3, 8), (17, 7), (19, 4), (5, 5), ... (+145 more)]",74,0,74
186,"(4, 1)","(5, 1)",West,"['(5, 1)', '(3, 1)']","[(15, 12), (16, 11), (14, 12), (15, 11), (13, 12), (14, 11), (12, 12), (13, 11), (11, 12), (12, 11), (10, 12), (11, 11), (9, 12), (10, 11), (8, 12), (9, 11), (7, 12), (8, 11), (6, 12), (7, 11), (5, 12), (6, 11), (4, 12), (5, 11), (3, 12), (4, 11), (2, 12), (3, 11), (1, 11), (2, 11), (3, 11), (4, 11), (5, 11), (6, 11), (7, 11), (8, 11), (9, 11), (10, 11), (11, 11), (12, 11), ... (+49 more)]","[(15, 12), (16, 11), (14, 12), (15, 11), (13, 12), (14, 11), (12, 12), (13, 11), (11, 12), (12, 11), (10, 12), (11, 11), (9, 12), (10, 11), (8, 12), (9, 11), (7, 12), (8, 11), (6, 12), (7, 11), (5, 12), (6, 11), (4, 12), (5, 11), (3, 12), (4, 11), (2, 12), (3, 11), (1, 11), (2, 11), (3, 11), (4, 11), (5, 11), (6, 11), (7, 11), (8, 11), (9, 11), (10, 11), (11, 11), (12, 11), ... (+50 more)]","[(4, 9), (27, 4), (17, 3), (5, 1), (17, 12), (19, 9), (8, 9), (9, 8), (11, 5), (2, 11), (13, 8), (15, 5), (18, 1), (7, 1), (6, 11), (21, 9), (27, 6), (3, 6), (5, 3), (17, 5), (9, 1), (5, 12), (8, 11), (19, 11), (11, 7), (13, 1), (1, 8), (15, 7), (7, 3), (18, 3), (21, 2), (7, 12), (18, 12), (22, 3), (22, 12), (27, 8), (3, 8), (17, 7), (19, 4), (5, 5), ... (+146 more)]",75,0,75
187,"(3, 1)","(4, 1)",West,"['(4, 1)', '(2, 1)']","[(15, 12), (16, 11), (14, 12), (15, 11), (13, 12), (14, 11), (12, 12), (13, 11), (11, 12), (12, 11), (10, 12), (11, 11), (9, 12), (10, 11), (8, 12), (9, 11), (7, 12), (8, 11), (6, 12), (7, 11), (5, 12), (6, 11), (4, 12), (5, 11), (3, 12), (4, 11), (2, 12), (3, 11), (1, 11), (2, 11), (3, 11), (4, 11), (5, 11), (6, 11), (7, 11), (8, 11), (9, 11), (10, 11), (11, 11), (12, 11), ... (+50 more)]","[(15, 12), (16, 11), (14, 12), (15, 11), (13, 12), (14, 11), (12, 12), (13, 11), (11, 12), (12, 11), (10, 12), (11, 11), (9, 12), (10, 11), (8, 12), (9, 11), (7, 12), (8, 11), (6, 12), (7, 11), (5, 12), (6, 11), (4, 12), (5, 11), (3, 12), (4, 11), (2, 12), (3, 11), (1, 11), (2, 11), (3, 11), (4, 11), (5, 11), (6, 11), (7, 11), (8, 11), (9, 11), (10, 11), (11, 11), (12, 11), ... (+51 more)]","[(4, 9), (27, 4), (17, 3), (5, 1), (17, 12), (19, 9), (8, 9), (9, 8), (11, 5), (2, 11), (13, 8), (15, 5), (18, 1), (7, 1), (6, 11), (21, 9), (27, 6), (3, 6), (5, 3), (17, 5), (9, 1), (5, 12), (8, 11), (19, 11), (11, 7), (13, 1), (1, 8), (15, 7), (7, 3), (18, 3), (21, 2), (7, 12), (18, 12), (22, 3), (22, 12), (27, 8), (3, 8), (17, 7), (19, 4), (5, 5), ... (+147 more)]",76,0,76
188,"(2, 1)","(3, 1)",West,"['(3, 1)', '(1, 1)']","[(15, 12), (16, 11), (14, 12), (15, 11), (13, 12), (14, 11), (12, 12), (13, 11), (11, 12), (12, 11), (10, 12), (11, 11), (9, 12), (10, 11), (8, 12), (9, 11), (7, 12), (8, 11), (6, 12), (7, 11), (5, 12), (6, 11), (4, 12), (5, 11), (3, 12), (4, 11), (2, 12), (3, 11), (1, 11), (2, 11), (3, 11), (4, 11), (5, 11), (6, 11), (7, 11), (8, 11), (9, 11), (10, 11), (11, 11), (12, 11), ... (+51 more)]","[(15, 12), (16, 11), (14, 12), (15, 11), (13, 12), (14, 11), (12, 12), (13, 11), (11, 12), (12, 11), (10, 12), (11, 11), (9, 12), (10, 11), (8, 12), (9, 11), (7, 12), (8, 11), (6, 12), (7, 11), (5, 12), (6, 11), (4, 12), (5, 11), (3, 12), (4, 11), (2, 12), (3, 11), (1, 11), (2, 11), (3, 11), (4, 11), (5, 11), (6, 11), (7, 11), (8, 11), (9, 11), (10, 11), (11, 11), (12, 11), ... (+52 more)]","[(4, 9), (27, 4), (17, 3), (5, 1), (17, 12), (19, 9), (8, 9), (9, 8), (11, 5), (2, 11), (13, 8), (15, 5), (18, 1), (7, 1), (6, 11), (21, 9), (27, 6), (3, 6), (5, 3), (17, 5), (9, 1), (5, 12), (8, 11), (19, 11), (11, 7), (13, 1), (1, 8), (15, 7), (7, 3), (18, 3), (21, 2), (7, 12), (18, 12), (22, 3), (22, 12), (27, 8), (3, 8), (17, 7), (19, 4), (5, 5), ... (+148 more)]",77,0,77
189,"(1, 1)","(2, 1)",West,[],"[(15, 12), (16, 11), (14, 12), (15, 11), (13, 12), (14, 11), (12, 12), (13, 11), (11, 12), (12, 11), (10, 12), (11, 11), (9, 12), (10, 11), (8, 12), (9, 11), (7, 12), (8, 11), (6, 12), (7, 11), (5, 12), (6, 11), (4, 12), (5, 11), (3, 12), (4, 11), (2, 12), (3, 11), (1, 11), (2, 11), (3, 11), (4, 11), (5, 11), (6, 11), (7, 11), (8, 11), (9, 11), (10, 11), (11, 11), (12, 11), ... (+52 more)]","[(15, 12), (16, 11), (14, 12), (15, 11), (13, 12), (14, 11), (12, 12), (13, 11), (11, 12), (12, 11), (10, 12), (11, 11), (9, 12), (10, 11), (8, 12), (9, 11), (7, 12), (8, 11), (6, 12), (7, 11), (5, 12), (6, 11), (4, 12), (5, 11), (3, 12), (4, 11), (2, 12), (3, 11), (1, 11), (2, 11), (3, 11), (4, 11), (5, 11), (6, 11), (7, 11), (8, 11), (9, 11), (10, 11), (11, 11), (12, 11), ... (+51 more)]","[(4, 9), (27, 4), (17, 3), (5, 1), (17, 12), (19, 9), (8, 9), (9, 8), (11, 5), (2, 11), (13, 8), (15, 5), (18, 1), (7, 1), (6, 11), (21, 9), (27, 6), (3, 6), (5, 3), (17, 5), (9, 1), (5, 12), (8, 11), (19, 11), (11, 7), (13, 1), (1, 8), (15, 7), (7, 3), (18, 3), (21, 2), (7, 12), (18, 12), (22, 3), (22, 12), (27, 8), (3, 8), (17, 7), (19, 4), (5, 5), ... (+149 more)]",78,0,78
