iteration,expanded_state,parent,action,generated_successors,frontier_before,frontier_after,explored,g,h,f
1,"(15, 11)",START,START,"['(15, 12)', '(16, 11)', '(14, 11)']","['(15, 11)']","['(14, 11)', '(16, 11)', '(15, 12)']","['(15, 11)']",0,24,24
2,"(14, 11)","(15, 11)",West,"['(14, 12)', '(15, 11)', '(13, 11)']","['(14, 11)', '(16, 11)', '(15, 12)']","['(13, 11)', '(14, 12)', '(15, 12)', '(16, 11)']","['(15, 11)', '(14, 11)']",1,23,23
3,"(13, 11)","(14, 11)",West,"['(13, 12)', '(14, 11)', '(12, 11)']","['(13, 11)', '(14, 12)', '(15, 12)', '(16, 11)']","['(12, 11)', '(13, 12)', '(15, 12)', '(16, 11)', '(14, 12)']","['(15, 11)', '(13, 11)', '(14, 11)']",2,22,22
4,"(12, 11)","(13, 11)",West,"['(12, 12)', '(13, 11)', '(11, 11)']","['(12, 11)', '(13, 12)', '(15, 12)', '(16, 11)', '(14, 12)']","['(11, 11)', '(13, 12)', '(12, 12)', '(16, 11)', '(14, 12)', '(15, 12)']","['(12, 11)', '(15, 11)', '(13, 11)', '(14, 11)']",3,21,21
5,"(11, 11)","(12, 11)",West,"['(11, 12)', '(12, 11)', '(10, 11)']","['(11, 11)', '(13, 12)', '(12, 12)', '(16, 11)', '(14, 12)', '(15, 12)']","['(10, 11)', '(13, 12)', '(11, 12)', '(16, 11)', '(14, 12)', '(15, 12)', '(12, 12)']","['(15, 11)', '(12, 11)', '(13, 11)', '(11, 11)', '(14, 11)']",4,20,20
6,"(10, 11)","(11, 11)",West,"['(10, 12)', '(11, 11)', '(9, 11)']","['(10, 11)', '(13, 12)', '(11, 12)', '(16, 11)', '(14, 12)', '(15, 12)', '(12, 12)']","['(9, 11)', '(10, 12)', '(11, 12)', '(13, 12)', '(14, 12)', '(15, 12)', '(12, 12)', '(16, 11)']","['(15, 11)', '(10, 11)', '(12, 11)', '(13, 11)', '(11, 11)', '(14, 11)']",5,19,19
7,"(9, 11)","(10, 11)",West,"['(9, 12)', '(10, 11)', '(8, 11)']","['(9, 11)', '(10, 12)', '(11, 12)', '(13, 12)', '(14, 12)', '(15, 12)', '(12, 12)', '(16, 11)']","['(8, 11)', '(9, 12)', '(11, 12)', '(10, 12)', '(14, 12)', '(15, 12)', '(12, 12)', '(16, 11)', '(13, 12)']","['(15, 11)', '(10, 11)', '(9, 11)', '(12, 11)', '(13, 11)', '(11, 11)', '(14, 11)']",6,18,18
8,"(8, 11)","(9, 11)",West,"['(8, 12)', '(9, 11)', '(7, 11)']","['(8, 11)', '(9, 12)', '(11, 12)', '(10, 12)', '(14, 12)', '(15, 12)', '(12, 12)', '(16, 11)', '(13, 12)']","['(7, 11)', '(8, 12)', '(11, 12)', '(10, 12)', '(9, 12)', '(15, 12)', '(12, 12)', '(16, 11)', '(13, 12)', '(14, 12)']","['(15, 11)', '(10, 11)', '(8, 11)', '(9, 11)', '(12, 11)', '(13, 11)', '(11, 11)', '(14, 11)']",7,17,17
9,"(7, 11)","(8, 11)",West,"['(7, 12)', '(8, 11)', '(6, 11)']","['(7, 11)', '(8, 12)', '(11, 12)', '(10, 12)', '(9, 12)', '(15, 12)', '(12, 12)', '(16, 11)', '(13, 12)', '(14, 12)']","['(6, 11)', '(7, 12)', '(11, 12)', '(10, 12)', '(8, 12)', '(15, 12)', '(12, 12)', '(16, 11)', '(13, 12)', '(14, 12)', '(9, 12)']","['(15, 11)', '(10, 11)', '(8, 11)', '(9, 11)', '(12, 11)', '(7, 11)', '(13, 11)', '(11, 11)', '(14, 11)']",8,16,16
10,"(6, 11)","(7, 11)",West,"['(6, 12)', '(7, 11)', '(5, 11)']","['(6, 11)', '(7, 12)', '(11, 12)', '(10, 12)', '(8, 12)', '(15, 12)', '(12, 12)', '(16, 11)', '(13, 12)', '(14, 12)', '(9, 12)']","['(5, 11)', '(7, 12)', '(6, 12)', '(10, 12)', '(8, 12)', '(11, 12)', '(12, 12)', '(16, 11)', '(13, 12)', '(14, 12)', '(9, 12)', '(15, 12)']","['(15, 11)', '(10, 11)', '(6, 11)', '(8, 11)', '(9, 11)', '(12, 11)', '(7, 11)', '(13, 11)', '(11, 11)', '(14, 11)']",9,15,15
11,"(5, 11)","(6, 11)",West,"['(5, 12)', '(6, 11)', '(4, 11)']","['(5, 11)', '(7, 12)', '(6, 12)', '(10, 12)', '(8, 12)', '(11, 12)', '(12, 12)', '(16, 11)', '(13, 12)', '(14, 12)', '(9, 12)', '(15, 12)']","['(4, 11)', '(7, 12)', '(5, 12)', '(10, 12)', '(8, 12)', '(6, 12)', '(12, 12)', '(16, 11)', '(13, 12)', '(14, 12)', '(9, 12)', '(15, 12)', '(11, 12)']","['(15, 11)', '(10, 11)', '(5, 11)', '(6, 11)', '(8, 11)', '(9, 11)', '(12, 11)', '(7, 11)', '(13, 11)', '(11, 11)', '(14, 11)']",10,14,14
12,"(4, 11)","(5, 11)",West,"['(4, 12)', '(5, 11)', '(3, 11)']","['(4, 11)', '(7, 12)', '(5, 12)', '(10, 12)', '(8, 12)', '(6, 12)', '(12, 12)', '(16, 11)', '(13, 12)', '(14, 12)', '(9, 12)', '(15, 12)', '(11, 12)']","['(3, 11)', '(7, 12)', '(4, 12)', '(10, 12)', '(8, 12)', '(6, 12)', '(5, 12)', '(16, 11)', '(13, 12)', '(14, 12)', '(9, 12)', '(15, 12)', '(11, 12)', '(12, 12)']","['(15, 11)', '(10, 11)', '(5, 11)', '(4, 11)', '(6, 11)', '(8, 11)', '(9, 11)', '(12, 11)', '(7, 11)', '(13, 11)', '(11, 11)', '(14, 11)']",11,13,13
13,"(3, 11)","(4, 11)",West,"['(3, 12)', '(4, 11)', '(2, 11)']","['(3, 11)', '(7, 12)', '(4, 12)', '(10, 12)', '(8, 12)', '(6, 12)', '(5, 12)', '(16, 11)', '(13, 12)', '(14, 12)', '(9, 12)', '(15, 12)', '(11, 12)', '(12, 12)']","['(2, 11)', '(7, 12)', '(3, 12)', '(10, 12)', '(8, 12)', '(6, 12)', '(4, 12)', '(16, 11)', '(13, 12)', '(14, 12)', '(9, 12)', '(15, 12)', '(11, 12)', '(12, 12)', '(5, 12)']","['(15, 11)', '(10, 11)', '(5, 11)', '(4, 11)', '(3, 11)', '(6, 11)', '(8, 11)', '(9, 11)', '(12, 11)', '(7, 11)', '(13, 11)', '(11, 11)', '(14, 11)']",12,12,12
14,"(2, 11)","(3, 11)",West,"['(2, 12)', '(3, 11)', '(1, 11)']","['(2, 11)', '(7, 12)', '(3, 12)', '(10, 12)', '(8, 12)', '(6, 12)', '(4, 12)', '(16, 11)', '(13, 12)', '(14, 12)', '(9, 12)', '(15, 12)', '(11, 12)', '(12, 12)', '(5, 12)']","['(1, 11)', '(2, 12)', '(3, 12)', '(7, 12)', '(8, 12)', '(6, 12)', '(4, 12)', '(10, 12)', '(13, 12)', '(14, 12)', '(9, 12)', '(15, 12)', '(11, 12)', '(12, 12)', '(5, 12)', '(16, 11)']","['(15, 11)', '(10, 11)', '(5, 11)', '(4, 11)', '(3, 11)', '(6, 11)', '(8, 11)', '(9, 11)', '(12, 11)', '(7, 11)', '(2, 11)', '(13, 11)', '(11, 11)', '(14, 11)']",13,11,11
15,"(1, 11)","(2, 11)",West,"['(1, 12)', '(1, 10)', '(2, 11)']","['(1, 11)', '(2, 12)', '(3, 12)', '(7, 12)', '(8, 12)', '(6, 12)', '(4, 12)', '(10, 12)', '(13, 12)', '(14, 12)', '(9, 12)', '(15, 12)', '(11, 12)', '(12, 12)', '(5, 12)', '(16, 11)']","['(1, 10)', '(1, 12)', '(3, 12)', '(2, 12)', '(8, 12)', '(6, 12)', '(4, 12)', '(7, 12)', '(13, 12)', '(14, 12)', '(9, 12)', '(15, 12)', '(11, 12)', '(12, 12)', '(5, 12)', '(16, 11)', '(10, 12)']","['(15, 11)', '(10, 11)', '(5, 11)', '(4, 11)', '(3, 11)', '(6, 11)', '(1, 11)', '(8, 11)', '(9, 11)', '(12, 11)', '(7, 11)', '(2, 11)', '(13, 11)', '(11, 11)', '(14, 11)']",14,10,10
16,"(1, 10)","(1, 11)",South,"['(1, 11)', '(1, 9)']","['(1, 10)', '(1, 12)', '(3, 12)', '(2, 12)', '(8, 12)', '(6, 12)', '(4, 12)', '(7, 12)', '(13, 12)', '(14, 12)', '(9, 12)', '(15, 12)', '(11, 12)', '(12, 12)', '(5, 12)', '(16, 11)', '(10, 12)']","['(1, 9)', '(1, 12)', '(3, 12)', '(2, 12)', '(8, 12)', '(6, 12)', '(4, 12)', '(7, 12)', '(13, 12)', '(14, 12)', '(9, 12)', '(15, 12)', '(11, 12)', '(12, 12)', '(5, 12)', '(16, 11)', '(10, 12)']","['(15, 11)', '(10, 11)', '(5, 11)', '(4, 11)', '(3, 11)', '(6, 11)', '(1, 11)', '(1, 10)', '(8, 11)', '(9, 11)', '(12, 11)', '(7, 11)', '(2, 11)', '(13, 11)', '(11, 11)', '(14, 11)']",15,9,9
17,"(1, 9)","(1, 10)",South,"['(1, 10)', '(1, 8)']","['(1, 9)', '(1, 12)', '(3, 12)', '(2, 12)', '(8, 12)', '(6, 12)', '(4, 12)', '(7, 12)', '(13, 12)', '(14, 12)', '(9, 12)', '(15, 12)', '(11, 12)', '(12, 12)', '(5, 12)', '(16, 11)', '(10, 12)']","['(1, 8)', '(1, 12)', '(3, 12)', '(2, 12)', '(8, 12)', '(6, 12)', '(4, 12)', '(7, 12)', '(13, 12)', '(14, 12)', '(9, 12)', '(15, 12)', '(11, 12)', '(12, 12)', '(5, 12)', '(16, 11)', '(10, 12)']","['(15, 11)', '(10, 11)', '(5, 11)', '(4, 11)', '(3, 11)', '(6, 11)', '(1, 11)', '(1, 9)', '(1, 10)', '(8, 11)', '(9, 11)', '(12, 11)', '(7, 11)', '(2, 11)', '(13, 11)', '(11, 11)', '(14, 11)']",16,8,8
18,"(1, 8)","(1, 9)",South,"['(1, 9)', '(1, 7)']","['(1, 8)', '(1, 12)', '(3, 12)', '(2, 12)', '(8, 12)', '(6, 12)', '(4, 12)', '(7, 12)', '(13, 12)', '(14, 12)', '(9, 12)', '(15, 12)', '(11, 12)', '(12, 12)', '(5, 12)', '(16, 11)', '(10, 12)']","['(1, 7)', '(1, 12)', '(3, 12)', '(2, 12)', '(8, 12)', '(6, 12)', '(4, 12)', '(7, 12)', '(13, 12)', '(14, 12)', '(9, 12)', '(15, 12)', '(11, 12)', '(12, 12)', '(5, 12)', '(16, 11)', '(10, 12)']","['(15, 11)', '(10, 11)', '(5, 11)', '(4, 11)', '(3, 11)', '(6, 11)', '(1, 11)', '(1, 9)', '(1, 8)', '(1, 10)', '(8, 11)', '(9, 11)', '(12, 11)', '(7, 11)', '(2, 11)', '(13, 11)', '(11, 11)', '(14, 11)']",17,7,7
19,"(1, 7)","(1, 8)",South,"['(1, 8)', '(1, 6)']","['(1, 7)', '(1, 12)', '(3, 12)', '(2, 12)', '(8, 12)', '(6, 12)', '(4, 12)', '(7, 12)', '(13, 12)', '(14, 12)', '(9, 12)', '(15, 12)', '(11, 12)', '(12, 12)', '(5, 12)', '(16, 11)', '(10, 12)']","['(1, 6)', '(1, 12)', '(3, 12)', '(2, 12)', '(8, 12)', '(6, 12)', '(4, 12)', '(7, 12)', '(13, 12)', '(14, 12)', '(9, 12)', '(15, 12)', '(11, 12)', '(12, 12)', '(5, 12)', '(16, 11)', '(10, 12)']","['(9, 11)', '(2, 11)', '(1, 9)', '(13, 11)', '(11, 11)', '(15, 11)', '(6, 11)', '(4, 11)', '(8, 11)', '(10, 11)', '(1, 11)', '(1, 8)', '(12, 11)', '(3, 11)', '(14, 11)', '(5, 11)', '(1, 7)', '(1, 10)', '(7, 11)']",18,6,6
20,"(1, 6)","(1, 7)",South,"['(1, 7)', '(1, 5)']","['(1, 6)', '(1, 12)', '(3, 12)', '(2, 12)', '(8, 12)', '(6, 12)', '(4, 12)', '(7, 12)', '(13, 12)', '(14, 12)', '(9, 12)', '(15, 12)', '(11, 12)', '(12, 12)', '(5, 12)', '(16, 11)', '(10, 12)']","['(1, 5)', '(1, 12)', '(3, 12)', '(2, 12)', '(8, 12)', '(6, 12)', '(4, 12)', '(7, 12)', '(13, 12)', '(14, 12)', '(9, 12)', '(15, 12)', '(11, 12)', '(12, 12)', '(5, 12)', '(16, 11)', '(10, 12)']","['(9, 11)', '(1, 6)', '(2, 11)', '(1, 9)', '(13, 11)', '(11, 11)', '(15, 11)', '(6, 11)', '(4, 11)', '(8, 11)', '(10, 11)', '(1, 11)', '(1, 8)', '(12, 11)', '(3, 11)', '(14, 11)', '(5, 11)', '(1, 7)', '(1, 10)', '(7, 11)']",19,5,5
21,"(1, 5)","(1, 6)",South,"['(1, 6)', '(1, 4)']","['(1, 5)', '(1, 12)', '(3, 12)', '(2, 12)', '(8, 12)', '(6, 12)', '(4, 12)', '(7, 12)', '(13, 12)', '(14, 12)', '(9, 12)', '(15, 12)', '(11, 12)', '(12, 12)', '(5, 12)', '(16, 11)', '(10, 12)']","['(1, 4)', '(1, 12)', '(3, 12)', '(2, 12)', '(8, 12)', '(6, 12)', '(4, 12)', '(7, 12)', '(13, 12)', '(14, 12)', '(9, 12)', '(15, 12)', '(11, 12)', '(12, 12)', '(5, 12)', '(16, 11)', '(10, 12)']","['(9, 11)', '(1, 6)', '(2, 11)', '(1, 9)', '(13, 11)', '(11, 11)', '(15, 11)', '(6, 11)', '(4, 11)', '(8, 11)', '(10, 11)', '(1, 5)', '(1, 11)', '(1, 8)', '(12, 11)', '(3, 11)', '(14, 11)', '(5, 11)', '(1, 7)', '(1, 10)', '(7, 11)']",20,4,4
22,"(1, 4)","(1, 5)",South,"['(1, 5)', '(1, 3)']","['(1, 4)', '(1, 12)', '(3, 12)', '(2, 12)', '(8, 12)', '(6, 12)', '(4, 12)', '(7, 12)', '(13, 12)', '(14, 12)', '(9, 12)', '(15, 12)', '(11, 12)', '(12, 12)', '(5, 12)', '(16, 11)', '(10, 12)']","['(1, 3)', '(1, 12)', '(3, 12)', '(2, 12)', '(8, 12)', '(6, 12)', '(4, 12)', '(7, 12)', '(13, 12)', '(14, 12)', '(9, 12)', '(15, 12)', '(11, 12)', '(12, 12)', '(5, 12)', '(16, 11)', '(10, 12)']","['(9, 11)', '(1, 6)', '(2, 11)', '(1, 9)', '(13, 11)', '(11, 11)', '(15, 11)', '(6, 11)', '(4, 11)', '(8, 11)', '(10, 11)', '(1, 5)', '(1, 11)', '(1, 8)', '(12, 11)', '(3, 11)', '(14, 11)', '(5, 11)', '(1, 4)', '(1, 7)', '(1, 10)', '(7, 11)']",21,3,3
23,"(1, 3)","(1, 4)",South,"['(1, 4)', '(2, 3)']","['(1, 3)', '(1, 12)', '(3, 12)', '(2, 12)', '(8, 12)', '(6, 12)', '(4, 12)', '(7, 12)', '(13, 12)', '(14, 12)', '(9, 12)', '(15, 12)', '(11, 12)', '(12, 12)', '(5, 12)', '(16, 11)', '(10, 12)']","['(2, 3)', '(1, 12)', '(3, 12)', '(2, 12)', '(8, 12)', '(6, 12)', '(4, 12)', '(7, 12)', '(13, 12)', '(14, 12)', '(9, 12)', '(15, 12)', '(11, 12)', '(12, 12)', '(5, 12)', '(16, 11)', '(10, 12)']","['(9, 11)', '(1, 6)', '(2, 11)', '(1, 9)', '(13, 11)', '(11, 11)', '(1, 3)', '(15, 11)', '(6, 11)', '(4, 11)', '(8, 11)', '(10, 11)', '(1, 5)', '(1, 11)', '(1, 8)', '(12, 11)', '(3, 11)', '(14, 11)', '(5, 11)', '(1, 4)', '(1, 7)', '(1, 10)', '(7, 11)']",22,2,2
24,"(2, 3)","(1, 3)",East,"['(3, 3)', '(1, 3)']","['(2, 3)', '(1, 12)', '(3, 12)', '(2, 12)', '(8, 12)', '(6, 12)', '(4, 12)', '(7, 12)', '(13, 12)', '(14, 12)', '(9, 12)', '(15, 12)', '(11, 12)', '(12, 12)', '(5, 12)', '(16, 11)', '(10, 12)']","['(3, 3)', '(1, 12)', '(3, 12)', '(2, 12)', '(8, 12)', '(6, 12)', '(4, 12)', '(7, 12)', '(13, 12)', '(14, 12)', '(9, 12)', '(15, 12)', '(11, 12)', '(12, 12)', '(5, 12)', '(16, 11)', '(10, 12)']","['(9, 11)', '(1, 6)', '(2, 11)', '(1, 9)', '(13, 11)', '(11, 11)', '(1, 3)', '(15, 11)', '(6, 11)', '(4, 11)', '(8, 11)', '(10, 11)', '(1, 5)', '(1, 11)', '(1, 8)', '(12, 11)', '(3, 11)', '(14, 11)', '(5, 11)', '(1, 4)', '(2, 3)', '(1, 7)', '(1, 10)', '(7, 11)']",23,3,3
25,"(3, 3)","(2, 3)",East,"['(4, 3)', '(2, 3)']","['(3, 3)', '(1, 12)', '(3, 12)', '(2, 12)', '(8, 12)', '(6, 12)', '(4, 12)', '(7, 12)', '(13, 12)', '(14, 12)', '(9, 12)', '(15, 12)', '(11, 12)', '(12, 12)', '(5, 12)', '(16, 11)', '(10, 12)']","['(4, 3)', '(1, 12)', '(3, 12)', '(2, 12)', '(8, 12)', '(6, 12)', '(4, 12)', '(7, 12)', '(13, 12)', '(14, 12)', '(9, 12)', '(15, 12)', '(11, 12)', '(12, 12)', '(5, 12)', '(16, 11)', '(10, 12)']","['(9, 11)', '(1, 6)', '(2, 11)', '(1, 9)', '(13, 11)', '(11, 11)', '(1, 3)', '(15, 11)', '(6, 11)', '(3, 3)', '(4, 11)', '(8, 11)', '(10, 11)', '(1, 5)', '(1, 11)', '(1, 8)', '(12, 11)', '(3, 11)', '(14, 11)', '(5, 11)', '(1, 4)', '(2, 3)', '(1, 7)', '(1, 10)', '(7, 11)']",24,4,4
26,"(4, 3)","(3, 3)",East,"['(5, 3)', '(3, 3)']","['(4, 3)', '(1, 12)', '(3, 12)', '(2, 12)', '(8, 12)', '(6, 12)', '(4, 12)', '(7, 12)', '(13, 12)', '(14, 12)', '(9, 12)', '(15, 12)', '(11, 12)', '(12, 12)', '(5, 12)', '(16, 11)', '(10, 12)']","['(5, 3)', '(1, 12)', '(3, 12)', '(2, 12)', '(8, 12)', '(6, 12)', '(4, 12)', '(7, 12)', '(13, 12)', '(14, 12)', '(9, 12)', '(15, 12)', '(11, 12)', '(12, 12)', '(5, 12)', '(16, 11)', '(10, 12)']","['(4, 3)', '(9, 11)', '(1, 6)', '(2, 11)', '(1, 9)', '(13, 11)', '(11, 11)', '(1, 3)', '(15, 11)', '(6, 11)', '(3, 3)', '(4, 11)', '(8, 11)', '(10, 11)', '(1, 5)', '(1, 11)', '(1, 8)', '(12, 11)', '(3, 11)', '(14, 11)', '(5, 11)', '(1, 4)', '(2, 3)', '(1, 7)', '(1, 10)', '(7, 11)']",25,5,5
27,"(5, 3)","(4, 3)",East,"['(6, 3)', '(4, 3)']","['(5, 3)', '(1, 12)', '(3, 12)', '(2, 12)', '(8, 12)', '(6, 12)', '(4, 12)', '(7, 12)', '(13, 12)', '(14, 12)', '(9, 12)', '(15, 12)', '(11, 12)', '(12, 12)', '(5, 12)', '(16, 11)', '(10, 12)']","['(6, 3)', '(1, 12)', '(3, 12)', '(2, 12)', '(8, 12)', '(6, 12)', '(4, 12)', '(7, 12)', '(13, 12)', '(14, 12)', '(9, 12)', '(15, 12)', '(11, 12)', '(12, 12)', '(5, 12)', '(16, 11)', '(10, 12)']","['(4, 3)', '(9, 11)', '(1, 6)', '(2, 11)', '(1, 9)', '(13, 11)', '(11, 11)', '(1, 3)', '(15, 11)', '(6, 11)', '(3, 3)', '(5, 3)', '(4, 11)', '(8, 11)', '(10, 11)', '(1, 5)', '(1, 11)', '(1, 8)', '(12, 11)', '(3, 11)', '(14, 11)', '(5, 11)', '(1, 4)', '(2, 3)', '(1, 7)', '(1, 10)', '(7, 11)']",26,6,6
28,"(6, 3)","(5, 3)",East,"['(7, 3)', '(5, 3)']","['(6, 3)', '(1, 12)', '(3, 12)', '(2, 12)', '(8, 12)', '(6, 12)', '(4, 12)', '(7, 12)', '(13, 12)', '(14, 12)', '(9, 12)', '(15, 12)', '(11, 12)', '(12, 12)', '(5, 12)', '(16, 11)', '(10, 12)']","['(7, 3)', '(1, 12)', '(3, 12)', '(2, 12)', '(8, 12)', '(6, 12)', '(4, 12)', '(7, 12)', '(13, 12)', '(14, 12)', '(9, 12)', '(15, 12)', '(11, 12)', '(12, 12)', '(5, 12)', '(16, 11)', '(10, 12)']","['(4, 3)', '(9, 11)', '(1, 6)', '(2, 11)', '(1, 9)', '(13, 11)', '(11, 11)', '(1, 3)', '(15, 11)', '(6, 11)', '(3, 3)', '(5, 3)', '(4, 11)', '(8, 11)', '(10, 11)', '(1, 5)', '(1, 11)', '(1, 8)', '(6, 3)', '(12, 11)', '(3, 11)', '(14, 11)', '(5, 11)', '(1, 4)', '(2, 3)', '(1, 7)', '(1, 10)', '(7, 11)']",27,7,7
29,"(7, 3)","(6, 3)",East,"['(8, 3)', '(6, 3)']","['(7, 3)', '(1, 12)', '(3, 12)', '(2, 12)', '(8, 12)', '(6, 12)', '(4, 12)', '(7, 12)', '(13, 12)', '(14, 12)', '(9, 12)', '(15, 12)', '(11, 12)', '(12, 12)', '(5, 12)', '(16, 11)', '(10, 12)']","['(8, 3)', '(1, 12)', '(3, 12)', '(2, 12)', '(8, 12)', '(6, 12)', '(4, 12)', '(7, 12)', '(13, 12)', '(14, 12)', '(9, 12)', '(15, 12)', '(11, 12)', '(12, 12)', '(5, 12)', '(16, 11)', '(10, 12)']","['(4, 3)', '(9, 11)', '(1, 6)', '(2, 11)', '(1, 9)', '(13, 11)', '(11, 11)', '(1, 3)', '(15, 11)', '(6, 11)', '(3, 3)', '(5, 3)', '(4, 11)', '(8, 11)', '(10, 11)', '(1, 5)', '(1, 11)', '(1, 8)', '(7, 3)', '(6, 3)', '(12, 11)', '(3, 11)', '(14, 11)', '(5, 11)', '(1, 4)', '(2, 3)', '(1, 7)', '(1, 10)', '(7, 11)']",28,8,8
30,"(8, 3)","(7, 3)",East,"['(9, 3)', '(7, 3)']","['(8, 3)', '(1, 12)', '(3, 12)', '(2, 12)', '(8, 12)', '(6, 12)', '(4, 12)', '(7, 12)', '(13, 12)', '(14, 12)', '(9, 12)', '(15, 12)', '(11, 12)', '(12, 12)', '(5, 12)', '(16, 11)', '(10, 12)']","['(9, 3)', '(1, 12)', '(3, 12)', '(2, 12)', '(8, 12)', '(6, 12)', '(4, 12)', '(7, 12)', '(13, 12)', '(14, 12)', '(9, 12)', '(15, 12)', '(11, 12)', '(12, 12)', '(5, 12)', '(16, 11)', '(10, 12)']","['(4, 3)', '(8, 3)', '(9, 11)', '(1, 6)', '(2, 11)', '(1, 9)', '(13, 11)', '(11, 11)', '(1, 3)', '(15, 11)', '(6, 11)', '(3, 3)', '(5, 3)', '(4, 11)', '(8, 11)', '(10, 11)', '(1, 5)', '(1, 11)', '(1, 8)', '(7, 3)', '(6, 3)', '(12, 11)', '(3, 11)', '(14, 11)', '(5, 11)', '(1, 4)', '(2, 3)', '(1, 7)', '(1, 10)', '(7, 11)']",29,9,9
31,"(9, 3)","(8, 3)",East,"['(10, 3)', '(8, 3)']","['(9, 3)', '(1, 12)', '(3, 12)', '(2, 12)', '(8, 12)', '(6, 12)', '(4, 12)', '(7, 12)', '(13, 12)', '(14, 12)', '(9, 12)', '(15, 12)', '(11, 12)', '(12, 12)', '(5, 12)', '(16, 11)', '(10, 12)']","['(1, 12)', '(10, 3)', '(3, 12)', '(2, 12)', '(8, 12)', '(6, 12)', '(4, 12)', '(7, 12)', '(13, 12)', '(14, 12)', '(9, 12)', '(15, 12)', '(11, 12)', '(12, 12)', '(5, 12)', '(16, 11)', '(10, 12)']","['(4, 3)', '(8, 3)', '(9, 11)', '(1, 6)', '(2, 11)', '(1, 9)', '(13, 11)', '(11, 11)', '(1, 3)', '(15, 11)', '(6, 11)', '(3, 3)', '(5, 3)', '(4, 11)', '(8, 11)', '(10, 11)', '(1, 5)', '(1, 11)', '(1, 8)', '(7, 3)', '(6, 3)', '(12, 11)', '(3, 11)', '(14, 11)', '(5, 11)', '(9, 3)', '(1, 4)', '(2, 3)', '(1, 7)', '(1, 10)', '(7, 11)']",30,10,10
32,"(1, 12)","(1, 11)",North,"['(1, 11)', '(2, 12)']","['(1, 12)', '(10, 3)', '(3, 12)', '(2, 12)', '(8, 12)', '(6, 12)', '(4, 12)', '(7, 12)', '(13, 12)', '(14, 12)', '(9, 12)', '(15, 12)', '(11, 12)', '(12, 12)', '(5, 12)', '(16, 11)', '(10, 12)']","['(10, 3)', '(2, 12)', '(3, 12)', '(2, 12)', '(8, 12)', '(6, 12)', '(4, 12)', '(7, 12)', '(13, 12)', '(14, 12)', '(9, 12)', '(15, 12)', '(11, 12)', '(12, 12)', '(5, 12)', '(16, 11)', '(10, 12)']","['(4, 3)', '(8, 3)', '(9, 11)', '(1, 6)', '(2, 11)', '(1, 9)', '(13, 11)', '(11, 11)', '(1, 3)', '(1, 12)', '(15, 11)', '(6, 11)', '(3, 3)', '(5, 3)', '(4, 11)', '(8, 11)', '(10, 11)', '(1, 5)', '(1, 11)', '(1, 8)', '(7, 3)', '(6, 3)', '(12, 11)', '(3, 11)', '(14, 11)', '(5, 11)', '(9, 3)', '(1, 4)', '(2, 3)', '(1, 7)', '(1, 10)', '(7, 11)']",15,11,11
33,"(10, 3)","(9, 3)",East,"['(11, 3)', '(9, 3)']","['(10, 3)', '(2, 12)', '(3, 12)', '(2, 12)', '(8, 12)', '(6, 12)', '(4, 12)', '(7, 12)', '(13, 12)', '(14, 12)', '(9, 12)', '(15, 12)', '(11, 12)', '(12, 12)', '(5, 12)', '(16, 11)', '(10, 12)']","['(2, 12)', '(2, 12)', '(3, 12)', '(11, 3)', '(8, 12)', '(6, 12)', '(4, 12)', '(7, 12)', '(13, 12)', '(14, 12)', '(9, 12)', '(15, 12)', '(11, 12)', '(12, 12)', '(5, 12)', '(16, 11)', '(10, 12)']","['(4, 3)', '(8, 3)', '(10, 3)', '(9, 11)', '(1, 6)', '(2, 11)', '(1, 9)', '(13, 11)', '(11, 11)', '(1, 3)', '(1, 12)', '(15, 11)', '(6, 11)', '(3, 3)', '(5, 3)', '(4, 11)', '(8, 11)', '(10, 11)', '(1, 5)', '(1, 11)', '(1, 8)', '(7, 3)', '(6, 3)', '(12, 11)', '(3, 11)', '(14, 11)', '(5, 11)', '(9, 3)', '(1, 4)', '(2, 3)', '(1, 7)', '(1, 10)', '(7, 11)']",31,11,11
34,"(2, 12)","(1, 12)",East,"['(2, 11)', '(3, 12)', '(1, 12)']","['(2, 12)', '(2, 12)', '(3, 12)', '(11, 3)', '(8, 12)', '(6, 12)', '(4, 12)', '(7, 12)', '(13, 12)', '(14, 12)', '(9, 12)', '(15, 12)', '(11, 12)', '(12, 12)', '(5, 12)', '(16, 11)', '(10, 12)']","['(2, 12)', '(11, 3)', '(3, 12)', '(3, 12)', '(8, 12)', '(6, 12)', '(4, 12)', '(7, 12)', '(13, 12)', '(14, 12)', '(9, 12)', '(15, 12)', '(11, 12)', '(12, 12)', '(5, 12)', '(16, 11)', '(10, 12)']","['(4, 3)', '(8, 3)', '(10, 3)', '(9, 11)', '(1, 6)', '(2, 11)', '(1, 9)', '(13, 11)', '(11, 11)', '(1, 3)', '(1, 12)', '(15, 11)', '(6, 11)', '(3, 3)', '(5, 3)', '(4, 11)', '(8, 11)', '(10, 11)', '(1, 5)', '(1, 11)', '(1, 8)', '(7, 3)', '(6, 3)', '(12, 11)', '(3, 11)', '(14, 11)', '(5, 11)', '(9, 3)', '(1, 4)', '(2, 3)', '(1, 7)', '(2, 12)', '(1, 10)', '(7, 11)']",14,12,12
35,"(11, 3)","(10, 3)",East,"['(12, 3)', '(10, 3)']","['(11, 3)', '(3, 12)', '(3, 12)', '(7, 12)', '(8, 12)', '(6, 12)', '(4, 12)', '(10, 12)', '(13, 12)', '(14, 12)', '(9, 12)', '(15, 12)', '(11, 12)', '(12, 12)', '(5, 12)', '(16, 11)']","['(3, 12)', '(3, 12)', '(4, 12)', '(12, 3)', '(8, 12)', '(6, 12)', '(5, 12)', '(7, 12)', '(13, 12)', '(14, 12)', '(9, 12)', '(15, 12)', '(11, 12)', '(12, 12)', '(16, 11)', '(10, 12)']","['(4, 3)', '(8, 3)', '(10, 3)', '(9, 11)', '(1, 6)', '(2, 11)', '(1, 9)', '(13, 11)', '(11, 11)', '(1, 3)', '(1, 12)', '(15, 11)', '(6, 11)', '(3, 3)', '(5, 3)', '(4, 11)', '(8, 11)', '(10, 11)', '(1, 5)', '(1, 11)', '(1, 8)', '(7, 3)', '(6, 3)', '(12, 11)', '(3, 11)', '(14, 11)', '(5, 11)', '(9, 3)', '(11, 3)', '(1, 4)', '(2, 3)', '(1, 7)', '(2, 12)', '(1, 10)', '(7, 11)']",32,12,12
36,"(3, 12)","(2, 12)",East,"['(3, 11)', '(4, 12)', '(2, 12)']","['(3, 12)', '(3, 12)', '(4, 12)', '(12, 3)', '(8, 12)', '(6, 12)', '(5, 12)', '(7, 12)', '(13, 12)', '(14, 12)', '(9, 12)', '(15, 12)', '(11, 12)', '(12, 12)', '(16, 11)', '(10, 12)']","['(3, 12)', '(12, 3)', '(4, 12)', '(4, 12)', '(8, 12)', '(6, 12)', '(5, 12)', '(7, 12)', '(13, 12)', '(14, 12)', '(9, 12)', '(15, 12)', '(11, 12)', '(12, 12)', '(16, 11)', '(10, 12)']","['(4, 3)', '(8, 3)', '(10, 3)', '(9, 11)', '(1, 6)', '(2, 11)', '(1, 9)', '(13, 11)', '(11, 11)', '(1, 3)', '(1, 12)', '(15, 11)', '(6, 11)', '(3, 3)', '(5, 3)', '(3, 12)', '(4, 11)', '(8, 11)', '(10, 11)', '(1, 5)', '(1, 11)', '(1, 8)', '(7, 3)', '(6, 3)', '(12, 11)', '(3, 11)', '(14, 11)', '(5, 11)', '(9, 3)', '(11, 3)', '(1, 4)', '(2, 3)', '(1, 7)', '(2, 12)', '(1, 10)', '(7, 11)']",13,13,13
37,"(12, 3)","(11, 3)",East,"['(13, 3)', '(11, 3)']","['(12, 3)', '(4, 12)', '(4, 12)', '(7, 12)', '(8, 12)', '(6, 12)', '(5, 12)', '(10, 12)', '(13, 12)', '(14, 12)', '(9, 12)', '(15, 12)', '(11, 12)', '(12, 12)', '(16, 11)']","['(4, 12)', '(4, 12)', '(13, 3)', '(7, 12)', '(8, 12)', '(6, 12)', '(5, 12)', '(10, 12)', '(13, 12)', '(14, 12)', '(9, 12)', '(15, 12)', '(11, 12)', '(16, 11)', '(12, 12)']","['(4, 3)', '(8, 3)', '(10, 3)', '(9, 11)', '(1, 6)', '(2, 11)', '(1, 9)', '(13, 11)', '(11, 11)', '(1, 3)', '(1, 12)', '(15, 11)', '(6, 11)', '(12, 3)', '(3, 3)', '(5, 3)', '(3, 12)', '(4, 11)', '(8, 11)', '(10, 11)', '(1, 5)', '(1, 11)', '(1, 8)', '(7, 3)', '(6, 3)', '(12, 11)', '(3, 11)', '(14, 11)', '(5, 11)', '(9, 3)', '(11, 3)', '(1, 4)', '(2, 3)', '(1, 7)', '(2, 12)', '(1, 10)', '(7, 11)']",33,13,13
38,"(4, 12)","(3, 12)",East,"['(4, 11)', '(5, 12)', '(3, 12)']","['(4, 12)', '(4, 12)', '(13, 3)', '(7, 12)', '(8, 12)', '(6, 12)', '(5, 12)', '(10, 12)', '(13, 12)', '(14, 12)', '(9, 12)', '(15, 12)', '(11, 12)', '(16, 11)', '(12, 12)']","['(4, 12)', '(7, 12)', '(13, 3)', '(10, 12)', '(8, 12)', '(6, 12)', '(5, 12)', '(12, 12)', '(13, 12)', '(14, 12)', '(9, 12)', '(15, 12)', '(11, 12)', '(16, 11)', '(5, 12)']","['(4, 3)', '(4, 12)', '(8, 3)', '(10, 3)', '(9, 11)', '(1, 6)', '(2, 11)', '(1, 9)', '(13, 11)', '(11, 11)', '(1, 3)', '(1, 12)', '(15, 11)', '(6, 11)', '(12, 3)', '(3, 3)', '(5, 3)', '(3, 12)', '(4, 11)', '(8, 11)', '(10, 11)', '(1, 5)', '(1, 11)', '(1, 8)', '(7, 3)', '(6, 3)', '(12, 11)', '(3, 11)', '(14, 11)', '(5, 11)', '(9, 3)', '(11, 3)', '(1, 4)', '(2, 3)', '(1, 7)', '(2, 12)', '(1, 10)', '(7, 11)']",12,14,14
39,"(13, 3)","(12, 3)",East,"['(14, 3)', '(12, 3)']","['(13, 3)', '(7, 12)', '(5, 12)', '(10, 12)', '(8, 12)', '(6, 12)', '(5, 12)', '(12, 12)', '(13, 12)', '(14, 12)', '(9, 12)', '(15, 12)', '(11, 12)', '(16, 11)']","['(5, 12)', '(7, 12)', '(5, 12)', '(10, 12)', '(8, 12)', '(6, 12)', '(14, 3)', '(12, 12)', '(13, 12)', '(14, 12)', '(9, 12)', '(15, 12)', '(11, 12)', '(16, 11)']","['(4, 3)', '(4, 12)', '(8, 3)', '(10, 3)', '(9, 11)', '(1, 6)', '(2, 11)', '(1, 9)', '(13, 11)', '(11, 11)', '(1, 3)', '(1, 12)', '(15, 11)', '(6, 11)', '(12, 3)', '(3, 3)', '(5, 3)', '(3, 12)', '(4, 11)', '(8, 11)', '(10, 11)', '(1, 5)', '(1, 11)', '(1, 8)', '(7, 3)', '(6, 3)', '(12, 11)', '(3, 11)', '(14, 11)', '(5, 11)', '(9, 3)', '(11, 3)', '(1, 4)', '(2, 3)', '(13, 3)', '(1, 7)', '(2, 12)', '(1, 10)', '(7, 11)']",34,14,14
40,"(5, 12)","(4, 12)",East,"['(5, 11)', '(6, 12)', '(4, 12)']","['(5, 12)', '(7, 12)', '(5, 12)', '(10, 12)', '(8, 12)', '(6, 12)', '(14, 3)', '(12, 12)', '(13, 12)', '(14, 12)', '(9, 12)', '(15, 12)', '(11, 12)', '(16, 11)']","['(5, 12)', '(7, 12)', '(14, 3)', '(10, 12)', '(8, 12)', '(6, 12)', '(6, 12)', '(12, 12)', '(13, 12)', '(14, 12)', '(9, 12)', '(15, 12)', '(11, 12)', '(16, 11)']","['(4, 3)', '(4, 12)', '(8, 3)', '(10, 3)', '(9, 11)', '(1, 6)', '(2, 11)', '(1, 9)', '(13, 11)', '(11, 11)', '(1, 3)', '(1, 12)', '(15, 11)', '(6, 11)', '(12, 3)', '(3, 3)', '(5, 3)', '(3, 12)', '(4, 11)', '(5, 12)', '(8, 11)', '(10, 11)', '(1, 5)', '(1, 11)', '(1, 8)', '(7, 3)', '(6, 3)', '(12, 11)', '(3, 11)', '(14, 11)', '(5, 11)', '(9, 3)', '(11, 3)', '(1, 4)', '(2, 3)', '(13, 3)', '(1, 7)', '(2, 12)', '(1, 10)', '(7, 11)']",11,15,15
41,"(14, 3)","(13, 3)",East,"['(15, 3)', '(13, 3)']","['(14, 3)', '(7, 12)', '(6, 12)', '(10, 12)', '(8, 12)', '(11, 12)', '(6, 12)', '(12, 12)', '(13, 12)', '(14, 12)', '(9, 12)', '(15, 12)', '(16, 11)']","['(6, 12)', '(7, 12)', '(6, 12)', '(10, 12)', '(8, 12)', '(15, 3)', '(16, 11)', '(12, 12)', '(13, 12)', '(14, 12)', '(9, 12)', '(15, 12)', '(11, 12)']","[(4, 3), (4, 12), (8, 3), (10, 3), (9, 11), (1, 6), (2, 11), (1, 9), (13, 11), (11, 11), (1, 3), (1, 12), (15, 11), (6, 11), (12, 3), (3, 3), (14, 3), (5, 3), (3, 12), (4, 11), (5, 12), (8, 11), (10, 11), (1, 5), (1, 11), (1, 8), (7, 3), (6, 3), (12, 11), (3, 11), (14, 11), (5, 11), (9, 3), (11, 3), (1, 4), (2, 3), (13, 3), (1, 7), (2, 12), (1, 10), ... (+1 more)]",35,15,15
42,"(6, 12)","(5, 12)",East,"['(6, 11)', '(7, 12)', '(5, 12)']","['(6, 12)', '(7, 12)', '(6, 12)', '(10, 12)', '(8, 12)', '(15, 3)', '(16, 11)', '(12, 12)', '(13, 12)', '(14, 12)', '(9, 12)', '(15, 12)', '(11, 12)']","['(6, 12)', '(7, 12)', '(15, 3)', '(10, 12)', '(8, 12)', '(7, 12)', '(16, 11)', '(12, 12)', '(13, 12)', '(14, 12)', '(9, 12)', '(15, 12)', '(11, 12)']","[(6, 12), (4, 3), (4, 12), (8, 3), (10, 3), (9, 11), (1, 6), (2, 11), (1, 9), (13, 11), (11, 11), (1, 3), (1, 12), (15, 11), (6, 11), (12, 3), (3, 3), (14, 3), (5, 3), (3, 12), (4, 11), (5, 12), (8, 11), (10, 11), (1, 5), (1, 11), (1, 8), (7, 3), (6, 3), (12, 11), (3, 11), (14, 11), (5, 11), (9, 3), (11, 3), (1, 4), (2, 3), (13, 3), (1, 7), (2, 12), ... (+2 more)]",10,16,16
43,"(15, 3)","(14, 3)",East,"['(16, 3)', '(14, 3)']","['(15, 3)', '(7, 12)', '(7, 12)', '(10, 12)', '(8, 12)', '(11, 12)', '(16, 11)', '(12, 12)', '(13, 12)', '(14, 12)', '(9, 12)', '(15, 12)']","['(7, 12)', '(8, 12)', '(7, 12)', '(10, 12)', '(9, 12)', '(16, 3)', '(16, 11)', '(12, 12)', '(13, 12)', '(14, 12)', '(15, 12)', '(11, 12)']","[(6, 12), (4, 3), (4, 12), (8, 3), (10, 3), (9, 11), (1, 6), (2, 11), (1, 9), (13, 11), (11, 11), (1, 3), (1, 12), (15, 11), (6, 11), (12, 3), (3, 3), (14, 3), (5, 3), (3, 12), (4, 11), (5, 12), (8, 11), (10, 11), (1, 5), (1, 11), (1, 8), (7, 3), (6, 3), (12, 11), (3, 11), (14, 11), (5, 11), (9, 3), (11, 3), (1, 4), (2, 3), (13, 3), (1, 7), (2, 12), ... (+3 more)]",36,16,16
44,"(7, 12)","(6, 12)",East,"['(7, 11)', '(8, 12)', '(6, 12)']","['(7, 12)', '(8, 12)', '(7, 12)', '(10, 12)', '(9, 12)', '(16, 3)', '(16, 11)', '(12, 12)', '(13, 12)', '(14, 12)', '(15, 12)', '(11, 12)']","['(7, 12)', '(8, 12)', '(16, 3)', '(10, 12)', '(9, 12)', '(8, 12)', '(16, 11)', '(12, 12)', '(13, 12)', '(14, 12)', '(15, 12)', '(11, 12)']","[(6, 12), (4, 3), (4, 12), (8, 3), (10, 3), (9, 11), (1, 6), (2, 11), (1, 9), (13, 11), (11, 11), (1, 3), (1, 12), (15, 11), (6, 11), (12, 3), (3, 3), (14, 3), (5, 3), (3, 12), (4, 11), (5, 12), (8, 11), (10, 11), (1, 5), (1, 11), (1, 8), (7, 3), (6, 3), (7, 12), (12, 11), (3, 11), (14, 11), (5, 11), (9, 3), (11, 3), (1, 4), (2, 3), (13, 3), (1, 7), ... (+4 more)]",9,17,17
45,"(16, 3)","(15, 3)",East,"['(17, 3)', '(15, 3)']","['(16, 3)', '(8, 12)', '(8, 12)', '(10, 12)', '(9, 12)', '(11, 12)', '(16, 11)', '(12, 12)', '(13, 12)', '(14, 12)', '(15, 12)']","['(8, 12)', '(17, 3)', '(8, 12)', '(10, 12)', '(9, 12)', '(11, 12)', '(16, 11)', '(12, 12)', '(13, 12)', '(15, 12)', '(14, 12)']","[(6, 12), (4, 3), (4, 12), (8, 3), (10, 3), (9, 11), (1, 6), (2, 11), (1, 9), (13, 11), (11, 11), (1, 3), (1, 12), (15, 11), (6, 11), (12, 3), (3, 3), (14, 3), (5, 3), (3, 12), (4, 11), (5, 12), (8, 11), (10, 11), (1, 5), (1, 11), (16, 3), (1, 8), (7, 3), (6, 3), (7, 12), (12, 11), (3, 11), (14, 11), (5, 11), (9, 3), (11, 3), (1, 4), (2, 3), (13, 3), ... (+5 more)]",37,17,17
46,"(8, 12)","(7, 12)",East,"['(8, 11)', '(9, 12)', '(7, 12)']","['(8, 12)', '(17, 3)', '(8, 12)', '(10, 12)', '(9, 12)', '(11, 12)', '(16, 11)', '(12, 12)', '(13, 12)', '(15, 12)', '(14, 12)']","['(8, 12)', '(17, 3)', '(11, 12)', '(10, 12)', '(9, 12)', '(14, 12)', '(16, 11)', '(12, 12)', '(13, 12)', '(15, 12)', '(9, 12)']","[(6, 12), (4, 3), (4, 12), (8, 3), (10, 3), (8, 12), (9, 11), (1, 6), (2, 11), (1, 9), (13, 11), (11, 11), (1, 3), (1, 12), (15, 11), (6, 11), (12, 3), (3, 3), (14, 3), (5, 3), (3, 12), (4, 11), (5, 12), (8, 11), (10, 11), (1, 5), (1, 11), (16, 3), (1, 8), (7, 3), (6, 3), (7, 12), (12, 11), (3, 11), (14, 11), (5, 11), (9, 3), (11, 3), (1, 4), (2, 3), ... (+6 more)]",8,18,18
47,"(17, 3)","(16, 3)",East,"['(18, 3)', '(16, 3)']","['(17, 3)', '(9, 12)', '(11, 12)', '(10, 12)', '(9, 12)', '(14, 12)', '(16, 11)', '(12, 12)', '(13, 12)', '(15, 12)']","['(9, 12)', '(9, 12)', '(11, 12)', '(10, 12)', '(18, 3)', '(14, 12)', '(16, 11)', '(12, 12)', '(13, 12)', '(15, 12)']","[(6, 12), (4, 3), (4, 12), (17, 3), (8, 3), (10, 3), (8, 12), (9, 11), (1, 6), (2, 11), (1, 9), (13, 11), (11, 11), (1, 3), (1, 12), (15, 11), (6, 11), (12, 3), (3, 3), (14, 3), (5, 3), (3, 12), (4, 11), (5, 12), (8, 11), (10, 11), (1, 5), (1, 11), (16, 3), (1, 8), (7, 3), (6, 3), (7, 12), (12, 11), (3, 11), (14, 11), (5, 11), (9, 3), (11, 3), (1, 4), ... (+7 more)]",38,18,18
48,"(9, 12)","(8, 12)",East,"['(9, 11)', '(10, 12)', '(8, 12)']","['(9, 12)', '(9, 12)', '(11, 12)', '(10, 12)', '(18, 3)', '(14, 12)', '(16, 11)', '(12, 12)', '(13, 12)', '(15, 12)']","['(9, 12)', '(18, 3)', '(11, 12)', '(10, 12)', '(10, 12)', '(14, 12)', '(16, 11)', '(12, 12)', '(13, 12)', '(15, 12)']","[(6, 12), (4, 3), (4, 12), (17, 3), (8, 3), (10, 3), (8, 12), (9, 11), (1, 6), (2, 11), (1, 9), (13, 11), (11, 11), (1, 3), (1, 12), (15, 11), (6, 11), (12, 3), (3, 3), (14, 3), (5, 3), (3, 12), (4, 11), (5, 12), (8, 11), (10, 11), (1, 5), (1, 11), (16, 3), (1, 8), (7, 3), (6, 3), (7, 12), (12, 11), (3, 11), (14, 11), (5, 11), (9, 3), (11, 3), (9, 12), ... (+8 more)]",7,19,19
49,"(18, 3)","(17, 3)",East,"['(19, 3)', '(17, 3)']","['(18, 3)', '(10, 12)', '(11, 12)', '(12, 12)', '(10, 12)', '(14, 12)', '(16, 11)', '(15, 12)', '(13, 12)']","['(10, 12)', '(10, 12)', '(11, 12)', '(19, 3)', '(13, 12)', '(14, 12)', '(16, 11)', '(15, 12)', '(12, 12)']","[(6, 12), (4, 3), (4, 12), (17, 3), (8, 3), (10, 3), (8, 12), (9, 11), (1, 6), (2, 11), (1, 9), (13, 11), (11, 11), (1, 3), (1, 12), (15, 11), (6, 11), (12, 3), (3, 3), (14, 3), (5, 3), (3, 12), (4, 11), (5, 12), (8, 11), (10, 11), (1, 5), (1, 11), (16, 3), (1, 8), (7, 3), (18, 3), (6, 3), (7, 12), (12, 11), (3, 11), (14, 11), (5, 11), (9, 3), (11, 3), ... (+9 more)]",39,19,19
50,"(10, 12)","(9, 12)",East,"['(10, 11)', '(11, 12)', '(9, 12)']","['(10, 12)', '(10, 12)', '(11, 12)', '(19, 3)', '(13, 12)', '(14, 12)', '(16, 11)', '(15, 12)', '(12, 12)']","['(10, 12)', '(19, 3)', '(11, 12)', '(11, 12)', '(13, 12)', '(14, 12)', '(16, 11)', '(15, 12)', '(12, 12)']","[(6, 12), (4, 3), (4, 12), (17, 3), (8, 3), (10, 3), (8, 12), (9, 11), (1, 6), (2, 11), (1, 9), (13, 11), (11, 11), (1, 3), (1, 12), (15, 11), (10, 12), (6, 11), (12, 3), (3, 3), (14, 3), (5, 3), (3, 12), (4, 11), (5, 12), (8, 11), (10, 11), (1, 5), (1, 11), (16, 3), (1, 8), (7, 3), (18, 3), (6, 3), (7, 12), (12, 11), (3, 11), (14, 11), (5, 11), (9, 3), ... (+10 more)]",6,20,20
51,"(19, 3)","(18, 3)",East,"['(19, 4)', '(18, 3)']","['(19, 3)', '(11, 12)', '(11, 12)', '(12, 12)', '(13, 12)', '(14, 12)', '(16, 11)', '(15, 12)']","['(11, 12)', '(11, 12)', '(14, 12)', '(19, 4)', '(13, 12)', '(15, 12)', '(16, 11)', '(12, 12)']","[(6, 12), (4, 3), (4, 12), (17, 3), (8, 3), (19, 3), (10, 3), (8, 12), (9, 11), (1, 6), (2, 11), (1, 9), (13, 11), (11, 11), (1, 3), (1, 12), (15, 11), (10, 12), (6, 11), (12, 3), (3, 3), (14, 3), (5, 3), (3, 12), (4, 11), (5, 12), (8, 11), (10, 11), (1, 5), (1, 11), (16, 3), (1, 8), (7, 3), (18, 3), (6, 3), (7, 12), (12, 11), (3, 11), (14, 11), (5, 11), ... (+11 more)]",40,20,20
52,"(11, 12)","(10, 12)",East,"['(11, 11)', '(12, 12)', '(10, 12)']","['(11, 12)', '(11, 12)', '(14, 12)', '(19, 4)', '(13, 12)', '(15, 12)', '(16, 11)', '(12, 12)']","['(11, 12)', '(19, 4)', '(14, 12)', '(12, 12)', '(13, 12)', '(15, 12)', '(16, 11)', '(12, 12)']","[(6, 12), (4, 3), (4, 12), (17, 3), (8, 3), (19, 3), (10, 3), (8, 12), (9, 11), (1, 6), (2, 11), (1, 9), (13, 11), (11, 11), (1, 3), (1, 12), (15, 11), (10, 12), (6, 11), (12, 3), (3, 3), (14, 3), (5, 3), (3, 12), (4, 11), (5, 12), (8, 11), (10, 11), (1, 5), (1, 11), (16, 3), (1, 8), (7, 3), (18, 3), (6, 3), (7, 12), (12, 11), (3, 11), (14, 11), (5, 11), ... (+12 more)]",5,21,21
53,"(19, 4)","(19, 3)",North,"['(19, 5)', '(19, 3)']","['(19, 4)', '(12, 12)', '(14, 12)', '(12, 12)', '(13, 12)', '(15, 12)', '(16, 11)']","['(12, 12)', '(12, 12)', '(19, 5)', '(16, 11)', '(13, 12)', '(15, 12)', '(14, 12)']","[(6, 12), (4, 3), (4, 12), (17, 3), (8, 3), (19, 3), (10, 3), (8, 12), (9, 11), (1, 6), (2, 11), (1, 9), (13, 11), (11, 11), (1, 3), (1, 12), (15, 11), (10, 12), (6, 11), (12, 3), (3, 3), (14, 3), (5, 3), (3, 12), (4, 11), (5, 12), (8, 11), (10, 11), (1, 5), (1, 11), (16, 3), (1, 8), (7, 3), (18, 3), (6, 3), (7, 12), (12, 11), (3, 11), (14, 11), (5, 11), ... (+13 more)]",41,21,21
54,"(12, 12)","(11, 12)",East,"['(12, 11)', '(13, 12)', '(11, 12)']","['(12, 12)', '(12, 12)', '(19, 5)', '(16, 11)', '(13, 12)', '(15, 12)', '(14, 12)']","['(12, 12)', '(13, 12)', '(19, 5)', '(16, 11)', '(14, 12)', '(15, 12)', '(13, 12)']","[(6, 12), (4, 3), (4, 12), (17, 3), (8, 3), (19, 3), (10, 3), (8, 12), (9, 11), (1, 6), (2, 11), (1, 9), (13, 11), (11, 11), (1, 3), (1, 12), (15, 11), (10, 12), (6, 11), (12, 3), (3, 3), (14, 3), (12, 12), (5, 3), (3, 12), (4, 11), (5, 12), (8, 11), (10, 11), (1, 5), (1, 11), (16, 3), (1, 8), (7, 3), (18, 3), (6, 3), (7, 12), (12, 11), (3, 11), (14, 11), ... (+14 more)]",4,22,22
55,"(19, 5)","(19, 4)",North,"['(19, 6)', '(19, 4)', '(20, 5)']","['(19, 5)', '(13, 12)', '(13, 12)', '(16, 11)', '(14, 12)', '(15, 12)']","['(13, 12)', '(14, 12)', '(13, 12)', '(16, 11)', '(15, 12)', '(19, 6)', '(20, 5)']","[(6, 12), (4, 3), (4, 12), (17, 3), (8, 3), (19, 3), (10, 3), (8, 12), (9, 11), (1, 6), (2, 11), (1, 9), (13, 11), (11, 11), (1, 3), (1, 12), (15, 11), (10, 12), (6, 11), (12, 3), (3, 3), (14, 3), (12, 12), (5, 3), (3, 12), (4, 11), (5, 12), (8, 11), (19, 5), (10, 11), (1, 5), (1, 11), (16, 3), (1, 8), (7, 3), (18, 3), (6, 3), (7, 12), (12, 11), (3, 11), ... (+15 more)]",42,22,22
56,"(13, 12)","(12, 12)",East,"['(13, 11)', '(14, 12)', '(12, 12)']","['(13, 12)', '(14, 12)', '(13, 12)', '(16, 11)', '(15, 12)', '(19, 6)', '(20, 5)']","['(13, 12)', '(14, 12)', '(19, 6)', '(16, 11)', '(15, 12)', '(20, 5)', '(14, 12)']","[(6, 12), (4, 3), (4, 12), (17, 3), (8, 3), (19, 3), (10, 3), (8, 12), (9, 11), (1, 6), (2, 11), (1, 9), (13, 11), (11, 11), (1, 3), (1, 12), (15, 11), (10, 12), (6, 11), (12, 3), (3, 3), (14, 3), (12, 12), (5, 3), (3, 12), (4, 11), (5, 12), (8, 11), (19, 5), (10, 11), (1, 5), (1, 11), (16, 3), (1, 8), (7, 3), (18, 3), (6, 3), (7, 12), (12, 11), (3, 11), ... (+16 more)]",3,23,23
57,"(19, 6)","(19, 5)",North,"['(19, 7)', '(19, 5)']","['(19, 6)', '(14, 12)', '(20, 5)', '(16, 11)', '(15, 12)', '(14, 12)']","['(20, 5)', '(14, 12)', '(14, 12)', '(16, 11)', '(15, 12)', '(19, 7)']","[(6, 12), (4, 3), (4, 12), (17, 3), (19, 6), (8, 3), (19, 3), (10, 3), (8, 12), (9, 11), (1, 6), (2, 11), (1, 9), (13, 11), (11, 11), (1, 3), (1, 12), (15, 11), (10, 12), (6, 11), (12, 3), (3, 3), (14, 3), (12, 12), (5, 3), (3, 12), (4, 11), (5, 12), (8, 11), (19, 5), (10, 11), (1, 5), (1, 11), (16, 3), (1, 8), (7, 3), (18, 3), (6, 3), (7, 12), (12, 11), ... (+17 more)]",43,23,23
58,"(20, 5)","(19, 5)",East,"['(21, 5)', '(19, 5)']","['(20, 5)', '(14, 12)', '(14, 12)', '(16, 11)', '(15, 12)', '(19, 7)']","['(14, 12)', '(19, 7)', '(14, 12)', '(16, 11)', '(15, 12)', '(21, 5)']","[(6, 12), (20, 5), (4, 3), (4, 12), (17, 3), (19, 6), (8, 3), (19, 3), (10, 3), (8, 12), (9, 11), (1, 6), (2, 11), (1, 9), (13, 11), (11, 11), (1, 3), (1, 12), (15, 11), (10, 12), (6, 11), (12, 3), (3, 3), (14, 3), (12, 12), (5, 3), (3, 12), (4, 11), (5, 12), (8, 11), (19, 5), (10, 11), (1, 5), (1, 11), (16, 3), (1, 8), (7, 3), (18, 3), (6, 3), (7, 12), ... (+18 more)]",43,23,23
59,"(14, 12)","(13, 12)",East,"['(14, 11)', '(15, 12)', '(13, 12)']","['(14, 12)', '(19, 7)', '(14, 12)', '(16, 11)', '(15, 12)', '(21, 5)']","['(14, 12)', '(19, 7)', '(21, 5)', '(16, 11)', '(15, 12)', '(15, 12)']","[(6, 12), (20, 5), (4, 3), (4, 12), (17, 3), (19, 6), (8, 3), (19, 3), (10, 3), (8, 12), (9, 11), (1, 6), (2, 11), (1, 9), (13, 11), (11, 11), (1, 3), (1, 12), (15, 11), (10, 12), (6, 11), (12, 3), (3, 3), (14, 3), (12, 12), (5, 3), (3, 12), (4, 11), (14, 12), (5, 12), (8, 11), (19, 5), (10, 11), (1, 5), (1, 11), (16, 3), (1, 8), (7, 3), (18, 3), (6, 3), ... (+19 more)]",2,24,24
60,"(19, 7)","(19, 6)",North,"['(19, 6)', '(20, 7)']","['(19, 7)', '(15, 12)', '(21, 5)', '(16, 11)', '(15, 12)']","['(21, 5)', '(15, 12)', '(15, 12)', '(16, 11)', '(20, 7)']","[(6, 12), (20, 5), (4, 3), (4, 12), (17, 3), (19, 6), (8, 3), (19, 3), (10, 3), (8, 12), (9, 11), (1, 6), (2, 11), (1, 9), (13, 11), (11, 11), (1, 3), (1, 12), (15, 11), (10, 12), (6, 11), (12, 3), (3, 3), (14, 3), (12, 12), (5, 3), (3, 12), (4, 11), (14, 12), (5, 12), (8, 11), (19, 5), (10, 11), (1, 5), (1, 11), (16, 3), (1, 8), (7, 3), (18, 3), (6, 3), ... (+20 more)]",44,24,24
61,"(21, 5)","(20, 5)",East,"['(22, 5)', '(20, 5)']","['(21, 5)', '(15, 12)', '(15, 12)', '(16, 11)', '(20, 7)']","['(15, 12)', '(16, 11)', '(15, 12)', '(20, 7)', '(22, 5)']","[(6, 12), (20, 5), (4, 3), (4, 12), (17, 3), (19, 6), (8, 3), (19, 3), (10, 3), (8, 12), (9, 11), (1, 6), (2, 11), (1, 9), (13, 11), (11, 11), (1, 3), (1, 12), (15, 11), (10, 12), (6, 11), (12, 3), (3, 3), (14, 3), (12, 12), (5, 3), (3, 12), (4, 11), (14, 12), (5, 12), (8, 11), (19, 5), (10, 11), (1, 5), (1, 11), (16, 3), (1, 8), (7, 3), (18, 3), (6, 3), ... (+21 more)]",44,24,24
62,"(15, 12)","(14, 12)",East,"['(15, 11)', '(16, 12)', '(14, 12)']","['(15, 12)', '(16, 11)', '(15, 12)', '(20, 7)', '(22, 5)']","['(16, 11)', '(20, 7)', '(15, 12)', '(22, 5)', '(16, 12)']","[(6, 12), (20, 5), (4, 3), (4, 12), (17, 3), (19, 6), (8, 3), (19, 3), (10, 3), (8, 12), (9, 11), (1, 6), (2, 11), (1, 9), (13, 11), (11, 11), (1, 3), (1, 12), (15, 11), (10, 12), (6, 11), (12, 3), (3, 3), (14, 3), (12, 12), (5, 3), (3, 12), (4, 11), (14, 12), (5, 12), (8, 11), (19, 5), (10, 11), (1, 5), (1, 11), (16, 3), (1, 8), (7, 3), (18, 3), (6, 3), ... (+22 more)]",1,25,25
63,"(16, 11)","(15, 11)",East,"['(16, 12)', '(17, 11)', '(15, 11)']","['(16, 11)', '(20, 7)', '(15, 12)', '(22, 5)', '(16, 12)']","['(15, 12)', '(20, 7)', '(16, 12)', '(22, 5)', '(16, 12)', '(17, 11)']","[(6, 12), (20, 5), (4, 3), (4, 12), (17, 3), (19, 6), (8, 3), (19, 3), (10, 3), (8, 12), (9, 11), (1, 6), (2, 11), (1, 9), (13, 11), (11, 11), (1, 3), (1, 12), (15, 11), (10, 12), (6, 11), (12, 3), (3, 3), (14, 3), (12, 12), (5, 3), (3, 12), (4, 11), (14, 12), (5, 12), (8, 11), (19, 5), (10, 11), (1, 5), (1, 11), (16, 3), (1, 8), (7, 3), (18, 3), (6, 3), ... (+23 more)]",1,25,25
64,"(20, 7)","(19, 7)",East,"['(21, 7)', '(19, 7)']","['(20, 7)', '(22, 5)', '(16, 12)', '(17, 11)', '(16, 12)']","['(22, 5)', '(16, 12)', '(16, 12)', '(17, 11)', '(21, 7)']","[(6, 12), (20, 5), (4, 3), (4, 12), (17, 3), (19, 6), (8, 3), (19, 3), (10, 3), (8, 12), (9, 11), (1, 6), (2, 11), (1, 9), (13, 11), (11, 11), (1, 3), (1, 12), (15, 11), (10, 12), (6, 11), (20, 7), (12, 3), (3, 3), (14, 3), (12, 12), (5, 3), (3, 12), (4, 11), (14, 12), (5, 12), (8, 11), (19, 5), (10, 11), (1, 5), (1, 11), (16, 3), (1, 8), (7, 3), (18, 3), ... (+24 more)]",45,25,25
65,"(22, 5)","(21, 5)",East,"['(23, 5)', '(21, 5)']","['(22, 5)', '(16, 12)', '(16, 12)', '(17, 11)', '(21, 7)']","['(16, 12)', '(16, 12)', '(21, 7)', '(17, 11)', '(23, 5)']","[(6, 12), (20, 5), (22, 5), (4, 3), (4, 12), (17, 3), (19, 6), (8, 3), (19, 3), (10, 3), (8, 12), (9, 11), (1, 6), (2, 11), (1, 9), (13, 11), (11, 11), (1, 3), (1, 12), (15, 11), (10, 12), (6, 11), (20, 7), (12, 3), (3, 3), (14, 3), (12, 12), (5, 3), (3, 12), (4, 11), (14, 12), (5, 12), (8, 11), (19, 5), (10, 11), (1, 5), (1, 11), (16, 3), (1, 8), (7, 3), ... (+25 more)]",45,25,25
66,"(16, 12)","(16, 11)",North,"['(16, 11)', '(17, 12)', '(15, 12)']","['(16, 12)', '(16, 12)', '(21, 7)', '(17, 11)', '(23, 5)']","['(16, 12)', '(17, 11)', '(21, 7)', '(23, 5)', '(17, 12)']","[(6, 12), (20, 5), (22, 5), (4, 3), (4, 12), (17, 3), (19, 6), (8, 3), (19, 3), (10, 3), (8, 12), (9, 11), (1, 6), (2, 11), (1, 9), (13, 11), (11, 11), (1, 3), (1, 12), (15, 11), (10, 12), (6, 11), (20, 7), (12, 3), (3, 3), (14, 3), (12, 12), (5, 3), (3, 12), (4, 11), (14, 12), (5, 12), (8, 11), (19, 5), (10, 11), (1, 5), (1, 11), (16, 3), (1, 8), (7, 3), ... (+26 more)]",2,26,26
67,"(17, 11)","(16, 11)",East,"['(17, 12)', '(18, 11)', '(16, 11)']","['(17, 11)', '(23, 5)', '(21, 7)', '(17, 12)']","['(21, 7)', '(23, 5)', '(17, 12)', '(17, 12)', '(18, 11)']","[(6, 12), (20, 5), (22, 5), (4, 3), (4, 12), (17, 3), (19, 6), (8, 3), (19, 3), (10, 3), (8, 12), (9, 11), (1, 6), (2, 11), (1, 9), (13, 11), (11, 11), (1, 3), (1, 12), (15, 11), (10, 12), (6, 11), (20, 7), (12, 3), (3, 3), (14, 3), (12, 12), (5, 3), (3, 12), (4, 11), (14, 12), (17, 11), (5, 12), (8, 11), (19, 5), (10, 11), (1, 5), (1, 11), (16, 3), (1, 8), ... (+27 more)]",2,26,26
68,"(21, 7)","(20, 7)",East,"['(22, 7)', '(20, 7)']","['(21, 7)', '(23, 5)', '(17, 12)', '(17, 12)', '(18, 11)']","['(23, 5)', '(17, 12)', '(17, 12)', '(18, 11)', '(22, 7)']","[(6, 12), (20, 5), (22, 5), (4, 3), (4, 12), (17, 3), (19, 6), (8, 3), (19, 3), (10, 3), (8, 12), (9, 11), (1, 6), (2, 11), (1, 9), (13, 11), (11, 11), (1, 3), (1, 12), (15, 11), (10, 12), (6, 11), (20, 7), (12, 3), (3, 3), (14, 3), (12, 12), (5, 3), (3, 12), (4, 11), (14, 12), (17, 11), (5, 12), (8, 11), (19, 5), (10, 11), (1, 5), (1, 11), (16, 3), (1, 8), ... (+28 more)]",46,26,26
69,"(23, 5)","(22, 5)",East,"['(24, 5)', '(22, 5)']","['(23, 5)', '(17, 12)', '(17, 12)', '(18, 11)', '(22, 7)']","['(17, 12)', '(17, 12)', '(22, 7)', '(18, 11)', '(24, 5)']","[(6, 12), (20, 5), (22, 5), (4, 3), (4, 12), (17, 3), (19, 6), (8, 3), (19, 3), (10, 3), (8, 12), (9, 11), (1, 6), (2, 11), (1, 9), (13, 11), (11, 11), (1, 3), (1, 12), (15, 11), (10, 12), (6, 11), (20, 7), (12, 3), (3, 3), (14, 3), (12, 12), (5, 3), (3, 12), (4, 11), (14, 12), (17, 11), (5, 12), (8, 11), (19, 5), (10, 11), (1, 5), (1, 11), (16, 3), (1, 8), ... (+29 more)]",46,26,26
70,"(17, 12)","(17, 11)",North,"['(17, 11)', '(18, 12)', '(16, 12)']","['(17, 12)', '(17, 12)', '(22, 7)', '(18, 11)', '(24, 5)']","['(17, 12)', '(18, 11)', '(22, 7)', '(24, 5)', '(18, 12)']","[(6, 12), (20, 5), (22, 5), (4, 3), (4, 12), (17, 3), (19, 6), (8, 3), (19, 3), (17, 12), (10, 3), (8, 12), (9, 11), (1, 6), (2, 11), (1, 9), (13, 11), (11, 11), (1, 3), (1, 12), (15, 11), (10, 12), (6, 11), (20, 7), (12, 3), (3, 3), (14, 3), (12, 12), (5, 3), (3, 12), (4, 11), (14, 12), (17, 11), (5, 12), (8, 11), (19, 5), (10, 11), (1, 5), (1, 11), (16, 3), ... (+30 more)]",3,27,27
71,"(18, 11)","(17, 11)",East,"['(18, 12)', '(19, 11)', '(17, 11)']","['(18, 11)', '(24, 5)', '(22, 7)', '(18, 12)']","['(22, 7)', '(24, 5)', '(18, 12)', '(18, 12)', '(19, 11)']","[(6, 12), (20, 5), (22, 5), (4, 3), (4, 12), (17, 3), (19, 6), (8, 3), (19, 3), (17, 12), (10, 3), (8, 12), (9, 11), (1, 6), (2, 11), (1, 9), (13, 11), (11, 11), (1, 3), (1, 12), (15, 11), (10, 12), (6, 11), (20, 7), (12, 3), (18, 11), (3, 3), (14, 3), (12, 12), (5, 3), (3, 12), (4, 11), (14, 12), (17, 11), (5, 12), (8, 11), (19, 5), (10, 11), (1, 5), (1, 11), ... (+31 more)]",3,27,27
72,"(22, 7)","(21, 7)",East,"['(23, 7)', '(21, 7)']","['(22, 7)', '(24, 5)', '(18, 12)', '(18, 12)', '(19, 11)']","['(24, 5)', '(18, 12)', '(18, 12)', '(19, 11)', '(23, 7)']","[(6, 12), (20, 5), (22, 5), (4, 3), (4, 12), (17, 3), (19, 6), (8, 3), (19, 3), (17, 12), (10, 3), (8, 12), (9, 11), (1, 6), (2, 11), (1, 9), (13, 11), (11, 11), (1, 3), (1, 12), (15, 11), (10, 12), (6, 11), (20, 7), (12, 3), (18, 11), (22, 7), (3, 3), (14, 3), (12, 12), (5, 3), (3, 12), (4, 11), (14, 12), (17, 11), (5, 12), (8, 11), (19, 5), (10, 11), (1, 5), ... (+32 more)]",47,27,27
73,"(24, 5)","(23, 5)",East,"['(25, 5)', '(23, 5)']","['(24, 5)', '(18, 12)', '(18, 12)', '(19, 11)', '(23, 7)']","['(18, 12)', '(18, 12)', '(23, 7)', '(19, 11)', '(25, 5)']","[(6, 12), (20, 5), (22, 5), (4, 3), (4, 12), (17, 3), (19, 6), (8, 3), (19, 3), (17, 12), (10, 3), (8, 12), (9, 11), (1, 6), (2, 11), (1, 9), (13, 11), (11, 11), (1, 3), (1, 12), (15, 11), (10, 12), (24, 5), (6, 11), (20, 7), (12, 3), (18, 11), (22, 7), (3, 3), (14, 3), (12, 12), (5, 3), (3, 12), (4, 11), (14, 12), (17, 11), (5, 12), (8, 11), (19, 5), (10, 11), ... (+33 more)]",47,27,27
74,"(18, 12)","(18, 11)",North,"['(18, 11)', '(19, 12)', '(17, 12)']","['(18, 12)', '(18, 12)', '(23, 7)', '(19, 11)', '(25, 5)']","['(18, 12)', '(19, 11)', '(23, 7)', '(25, 5)', '(19, 12)']","[(6, 12), (20, 5), (22, 5), (4, 3), (4, 12), (17, 3), (19, 6), (8, 3), (19, 3), (17, 12), (10, 3), (8, 12), (9, 11), (1, 6), (2, 11), (1, 9), (13, 11), (11, 11), (1, 3), (1, 12), (15, 11), (10, 12), (24, 5), (6, 11), (20, 7), (12, 3), (18, 11), (22, 7), (3, 3), (14, 3), (12, 12), (5, 3), (3, 12), (4, 11), (14, 12), (17, 11), (5, 12), (8, 11), (19, 5), (10, 11), ... (+34 more)]",4,28,28
75,"(19, 11)","(18, 11)",East,"['(19, 12)', '(20, 11)', '(18, 11)']","['(19, 11)', '(25, 5)', '(23, 7)', '(19, 12)']","['(23, 7)', '(25, 5)', '(19, 12)', '(19, 12)', '(20, 11)']","[(6, 12), (20, 5), (22, 5), (4, 3), (4, 12), (17, 3), (19, 6), (8, 3), (19, 3), (17, 12), (10, 3), (8, 12), (9, 11), (1, 6), (2, 11), (1, 9), (13, 11), (11, 11), (1, 3), (1, 12), (15, 11), (10, 12), (24, 5), (6, 11), (20, 7), (12, 3), (18, 11), (22, 7), (3, 3), (14, 3), (12, 12), (5, 3), (3, 12), (4, 11), (14, 12), (17, 11), (5, 12), (8, 11), (19, 5), (19, 11), ... (+35 more)]",4,28,28
76,"(23, 7)","(22, 7)",East,"['(24, 7)', '(22, 7)']","['(23, 7)', '(25, 5)', '(19, 12)', '(19, 12)', '(20, 11)']","['(25, 5)', '(19, 12)', '(19, 12)', '(20, 11)', '(24, 7)']","[(6, 12), (20, 5), (23, 7), (22, 5), (4, 3), (4, 12), (17, 3), (19, 6), (8, 3), (19, 3), (17, 12), (10, 3), (8, 12), (9, 11), (1, 6), (2, 11), (1, 9), (13, 11), (11, 11), (1, 3), (1, 12), (15, 11), (10, 12), (24, 5), (6, 11), (20, 7), (12, 3), (18, 11), (22, 7), (3, 3), (14, 3), (12, 12), (5, 3), (3, 12), (4, 11), (14, 12), (17, 11), (5, 12), (8, 11), (19, 5), ... (+36 more)]",48,28,28
77,"(25, 5)","(24, 5)",East,"['(25, 6)', '(24, 5)']","['(25, 5)', '(19, 12)', '(19, 12)', '(20, 11)', '(24, 7)']","['(19, 12)', '(19, 12)', '(24, 7)', '(20, 11)', '(25, 6)']","[(17, 3), (17, 12), (2, 11), (6, 11), (5, 3), (5, 12), (8, 11), (19, 11), (1, 8), (7, 3), (18, 3), (7, 12), (18, 12), (19, 4), (9, 3), (9, 12), (13, 3), (1, 10), (13, 12), (22, 5), (19, 6), (1, 3), (24, 5), (1, 12), (15, 11), (22, 7), (3, 3), (14, 3), (3, 12), (14, 12), (4, 11), (17, 11), (1, 5), (16, 3), (16, 12), (5, 11), (1, 7), (18, 11), (7, 11), (20, 5), ... (+37 more)]",48,28,28
78,"(19, 12)","(19, 11)",North,"['(19, 11)', '(20, 12)', '(18, 12)']","['(19, 12)', '(19, 12)', '(24, 7)', '(20, 11)', '(25, 6)']","['(19, 12)', '(20, 11)', '(24, 7)', '(25, 6)', '(20, 12)']","[(17, 3), (17, 12), (2, 11), (6, 11), (5, 3), (5, 12), (8, 11), (19, 11), (1, 8), (7, 3), (18, 3), (7, 12), (18, 12), (19, 4), (9, 3), (9, 12), (13, 3), (1, 10), (13, 12), (22, 5), (19, 6), (1, 3), (24, 5), (1, 12), (15, 11), (22, 7), (3, 3), (14, 3), (3, 12), (14, 12), (4, 11), (17, 11), (1, 5), (16, 3), (16, 12), (5, 11), (1, 7), (18, 11), (7, 11), (20, 5), ... (+38 more)]",5,29,29
79,"(20, 11)","(19, 11)",East,"['(20, 12)', '(21, 11)', '(19, 11)']","['(20, 11)', '(25, 6)', '(24, 7)', '(20, 12)']","['(24, 7)', '(25, 6)', '(20, 12)', '(20, 12)', '(21, 11)']","[(17, 3), (17, 12), (2, 11), (6, 11), (5, 3), (5, 12), (8, 11), (19, 11), (1, 8), (7, 3), (18, 3), (7, 12), (18, 12), (19, 4), (9, 3), (9, 12), (13, 3), (1, 10), (13, 12), (22, 5), (19, 6), (1, 3), (24, 5), (1, 12), (15, 11), (22, 7), (3, 3), (14, 3), (3, 12), (14, 12), (4, 11), (17, 11), (1, 5), (16, 3), (16, 12), (5, 11), (1, 7), (18, 11), (7, 11), (20, 5), ... (+39 more)]",5,29,29
80,"(24, 7)","(23, 7)",East,"['(25, 7)', '(23, 7)']","['(24, 7)', '(25, 6)', '(20, 12)', '(20, 12)', '(21, 11)']","['(25, 6)', '(20, 12)', '(20, 12)', '(21, 11)', '(25, 7)']","[(17, 3), (17, 12), (2, 11), (6, 11), (5, 3), (5, 12), (8, 11), (19, 11), (1, 8), (7, 3), (18, 3), (7, 12), (18, 12), (19, 4), (9, 3), (9, 12), (13, 3), (1, 10), (13, 12), (22, 5), (19, 6), (1, 3), (24, 5), (1, 12), (15, 11), (22, 7), (3, 3), (14, 3), (3, 12), (14, 12), (4, 11), (17, 11), (1, 5), (24, 7), (16, 3), (16, 12), (5, 11), (1, 7), (18, 11), (7, 11), ... (+40 more)]",49,29,29
81,"(25, 6)","(25, 5)",North,"['(25, 7)', '(25, 5)']","['(25, 6)', '(20, 12)', '(20, 12)', '(21, 11)', '(25, 7)']","['(20, 12)', '(20, 12)', '(25, 7)', '(21, 11)', '(25, 7)']","[(17, 3), (17, 12), (2, 11), (6, 11), (5, 3), (5, 12), (8, 11), (19, 11), (1, 8), (7, 3), (18, 3), (7, 12), (18, 12), (19, 4), (9, 3), (9, 12), (13, 3), (1, 10), (13, 12), (22, 5), (19, 6), (1, 3), (24, 5), (1, 12), (15, 11), (22, 7), (3, 3), (14, 3), (3, 12), (14, 12), (4, 11), (17, 11), (1, 5), (24, 7), (25, 6), (16, 3), (16, 12), (5, 11), (1, 7), (18, 11), ... (+41 more)]",49,29,29
82,"(20, 12)","(20, 11)",North,"['(20, 11)', '(21, 12)', '(19, 12)']","['(20, 12)', '(20, 12)', '(25, 7)', '(21, 11)', '(25, 7)']","['(20, 12)', '(21, 11)', '(25, 7)', '(25, 7)', '(21, 12)']","[(17, 3), (17, 12), (2, 11), (6, 11), (5, 3), (5, 12), (8, 11), (19, 11), (1, 8), (7, 3), (18, 3), (7, 12), (18, 12), (19, 4), (9, 3), (9, 12), (13, 3), (1, 10), (13, 12), (22, 5), (19, 6), (1, 3), (24, 5), (1, 12), (15, 11), (22, 7), (3, 3), (14, 3), (3, 12), (14, 12), (4, 11), (17, 11), (1, 5), (24, 7), (25, 6), (16, 3), (16, 12), (20, 12), (5, 11), (1, 7), ... (+42 more)]",6,30,30
83,"(21, 11)","(20, 11)",East,"['(21, 12)', '(22, 11)', '(20, 11)']","['(21, 11)', '(25, 7)', '(25, 7)', '(21, 12)']","['(25, 7)', '(25, 7)', '(21, 12)', '(21, 12)', '(22, 11)']","[(17, 3), (17, 12), (2, 11), (6, 11), (5, 3), (5, 12), (8, 11), (19, 11), (1, 8), (7, 3), (18, 3), (7, 12), (18, 12), (19, 4), (9, 3), (9, 12), (13, 3), (1, 10), (13, 12), (22, 5), (19, 6), (1, 3), (24, 5), (1, 12), (15, 11), (22, 7), (3, 3), (14, 3), (3, 12), (14, 12), (4, 11), (17, 11), (1, 5), (24, 7), (25, 6), (16, 3), (16, 12), (20, 12), (21, 11), (5, 11), ... (+43 more)]",6,30,30
84,"(25, 7)","(25, 6)",North,"['(25, 8)', '(25, 6)', '(24, 7)']","['(25, 7)', '(25, 7)', '(21, 12)', '(21, 12)', '(22, 11)']","['(25, 7)', '(21, 12)', '(21, 12)', '(22, 11)', '(25, 8)']","[(17, 3), (17, 12), (2, 11), (6, 11), (5, 3), (5, 12), (8, 11), (19, 11), (1, 8), (7, 3), (18, 3), (7, 12), (18, 12), (19, 4), (9, 3), (9, 12), (13, 3), (1, 10), (13, 12), (22, 5), (19, 6), (1, 3), (24, 5), (1, 12), (15, 11), (22, 7), (3, 3), (14, 3), (3, 12), (14, 12), (4, 11), (17, 11), (1, 5), (24, 7), (25, 6), (16, 3), (16, 12), (20, 12), (21, 11), (5, 11), ... (+44 more)]",50,30,30
85,"(21, 12)","(21, 11)",North,"['(21, 11)', '(22, 12)', '(20, 12)']","['(21, 12)', '(21, 12)', '(25, 8)', '(22, 11)']","['(21, 12)', '(22, 11)', '(25, 8)', '(22, 12)']","[(17, 3), (17, 12), (2, 11), (6, 11), (5, 3), (5, 12), (8, 11), (19, 11), (1, 8), (7, 3), (18, 3), (7, 12), (18, 12), (19, 4), (9, 3), (9, 12), (13, 3), (1, 10), (13, 12), (22, 5), (19, 6), (1, 3), (24, 5), (1, 12), (15, 11), (22, 7), (3, 3), (14, 3), (3, 12), (14, 12), (4, 11), (17, 11), (1, 5), (24, 7), (25, 6), (16, 3), (16, 12), (20, 12), (21, 11), (5, 11), ... (+45 more)]",7,31,31
86,"(22, 11)","(21, 11)",East,"['(22, 12)', '(23, 11)', '(21, 11)']","['(22, 11)', '(22, 12)', '(25, 8)']","['(25, 8)', '(22, 12)', '(22, 12)', '(23, 11)']","[(17, 3), (17, 12), (2, 11), (6, 11), (5, 3), (5, 12), (8, 11), (19, 11), (1, 8), (7, 3), (18, 3), (7, 12), (18, 12), (19, 4), (9, 3), (9, 12), (13, 3), (1, 10), (13, 12), (22, 5), (19, 6), (1, 3), (24, 5), (1, 12), (15, 11), (22, 7), (3, 3), (14, 3), (3, 12), (14, 12), (4, 11), (17, 11), (1, 5), (24, 7), (25, 6), (16, 3), (16, 12), (20, 12), (21, 11), (5, 11), ... (+46 more)]",7,31,31
87,"(25, 8)","(25, 7)",North,"['(25, 9)', '(25, 7)']","['(25, 8)', '(22, 12)', '(22, 12)', '(23, 11)']","['(22, 12)', '(23, 11)', '(22, 12)', '(25, 9)']","[(17, 3), (17, 12), (2, 11), (6, 11), (5, 3), (5, 12), (8, 11), (19, 11), (1, 8), (7, 3), (18, 3), (7, 12), (18, 12), (19, 4), (9, 3), (9, 12), (13, 3), (1, 10), (13, 12), (22, 5), (19, 6), (1, 3), (24, 5), (1, 12), (15, 11), (22, 7), (3, 3), (14, 3), (3, 12), (14, 12), (4, 11), (17, 11), (1, 5), (24, 7), (25, 6), (16, 3), (16, 12), (20, 12), (21, 11), (5, 11), ... (+47 more)]",51,31,31
88,"(22, 12)","(22, 11)",North,"['(22, 11)', '(23, 12)', '(21, 12)']","['(22, 12)', '(23, 11)', '(22, 12)', '(25, 9)']","['(22, 12)', '(23, 11)', '(25, 9)', '(23, 12)']","[(17, 3), (17, 12), (2, 11), (6, 11), (5, 3), (5, 12), (8, 11), (19, 11), (1, 8), (7, 3), (18, 3), (7, 12), (18, 12), (22, 12), (19, 4), (9, 3), (9, 12), (13, 3), (1, 10), (13, 12), (22, 5), (19, 6), (1, 3), (24, 5), (1, 12), (15, 11), (22, 7), (3, 3), (14, 3), (3, 12), (14, 12), (4, 11), (17, 11), (1, 5), (24, 7), (25, 6), (16, 3), (16, 12), (20, 12), (21, 11), ... (+48 more)]",8,32,32
89,"(23, 11)","(22, 11)",East,"['(23, 12)', '(24, 11)', '(22, 11)']","['(23, 11)', '(23, 12)', '(25, 9)']","['(25, 9)', '(23, 12)', '(23, 12)', '(24, 11)']","[(17, 3), (17, 12), (2, 11), (6, 11), (5, 3), (5, 12), (8, 11), (19, 11), (1, 8), (7, 3), (18, 3), (7, 12), (18, 12), (22, 12), (19, 4), (9, 3), (9, 12), (13, 3), (1, 10), (13, 12), (22, 5), (19, 6), (1, 3), (24, 5), (1, 12), (15, 11), (22, 7), (3, 3), (14, 3), (3, 12), (14, 12), (4, 11), (17, 11), (1, 5), (24, 7), (25, 6), (16, 3), (16, 12), (20, 12), (21, 11), ... (+49 more)]",8,32,32
90,"(25, 9)","(25, 8)",North,"['(25, 8)', '(24, 9)']","['(25, 9)', '(23, 12)', '(23, 12)', '(24, 11)']","['(24, 9)', '(23, 12)', '(23, 12)', '(24, 11)']","[(17, 3), (17, 12), (2, 11), (6, 11), (5, 3), (5, 12), (8, 11), (19, 11), (1, 8), (7, 3), (18, 3), (7, 12), (18, 12), (22, 12), (19, 4), (9, 3), (9, 12), (13, 3), (1, 10), (13, 12), (22, 5), (19, 6), (1, 3), (24, 5), (1, 12), (15, 11), (22, 7), (3, 3), (14, 3), (3, 12), (14, 12), (4, 11), (17, 11), (1, 5), (24, 7), (25, 6), (16, 3), (16, 12), (20, 12), (21, 11), ... (+50 more)]",52,32,32
91,"(24, 9)","(25, 9)",West,"['(25, 9)', '(23, 9)']","['(24, 9)', '(23, 12)', '(23, 12)', '(24, 11)']","['(23, 9)', '(23, 12)', '(23, 12)', '(24, 11)']","[(17, 3), (17, 12), (2, 11), (6, 11), (5, 3), (5, 12), (8, 11), (19, 11), (1, 8), (7, 3), (18, 3), (7, 12), (18, 12), (22, 12), (19, 4), (9, 3), (9, 12), (13, 3), (1, 10), (13, 12), (22, 5), (19, 6), (1, 3), (24, 5), (1, 12), (15, 11), (22, 7), (3, 3), (14, 3), (3, 12), (14, 12), (4, 11), (17, 11), (1, 5), (24, 7), (25, 6), (16, 3), (16, 12), (20, 12), (21, 11), ... (+51 more)]",53,31,31
92,"(23, 9)","(24, 9)",West,"['(24, 9)', '(22, 9)']","['(23, 9)', '(23, 12)', '(23, 12)', '(24, 11)']","['(22, 9)', '(23, 12)', '(23, 12)', '(24, 11)']","[(17, 3), (17, 12), (2, 11), (6, 11), (5, 3), (5, 12), (8, 11), (19, 11), (1, 8), (7, 3), (18, 3), (7, 12), (18, 12), (22, 12), (19, 4), (9, 3), (9, 12), (13, 3), (1, 10), (13, 12), (22, 5), (19, 6), (1, 3), (24, 5), (1, 12), (15, 11), (22, 7), (3, 3), (14, 3), (3, 12), (14, 12), (4, 11), (17, 11), (1, 5), (24, 7), (25, 6), (16, 3), (16, 12), (20, 12), (21, 11), ... (+52 more)]",54,30,30
93,"(22, 9)","(23, 9)",West,"['(23, 9)', '(21, 9)']","['(22, 9)', '(23, 12)', '(23, 12)', '(24, 11)']","['(21, 9)', '(23, 12)', '(23, 12)', '(24, 11)']","[(17, 3), (17, 12), (2, 11), (6, 11), (5, 3), (5, 12), (8, 11), (19, 11), (1, 8), (7, 3), (18, 3), (7, 12), (18, 12), (22, 12), (19, 4), (9, 3), (9, 12), (13, 3), (1, 10), (13, 12), (22, 5), (19, 6), (1, 3), (24, 5), (1, 12), (15, 11), (22, 7), (3, 3), (14, 3), (3, 12), (14, 12), (4, 11), (17, 11), (1, 5), (24, 7), (25, 6), (16, 3), (16, 12), (20, 12), (22, 9), ... (+53 more)]",55,29,29
94,"(21, 9)","(22, 9)",West,"['(22, 9)', '(20, 9)']","['(21, 9)', '(23, 12)', '(23, 12)', '(24, 11)']","['(20, 9)', '(23, 12)', '(23, 12)', '(24, 11)']","[(17, 3), (17, 12), (2, 11), (6, 11), (21, 9), (5, 3), (5, 12), (8, 11), (19, 11), (1, 8), (7, 3), (18, 3), (7, 12), (18, 12), (22, 12), (19, 4), (9, 3), (9, 12), (13, 3), (1, 10), (13, 12), (22, 5), (19, 6), (1, 3), (24, 5), (1, 12), (15, 11), (22, 7), (3, 3), (14, 3), (3, 12), (14, 12), (4, 11), (17, 11), (1, 5), (24, 7), (25, 6), (16, 3), (16, 12), (20, 12), ... (+54 more)]",56,28,28
95,"(20, 9)","(21, 9)",West,"['(21, 9)', '(19, 9)']","['(20, 9)', '(23, 12)', '(23, 12)', '(24, 11)']","['(19, 9)', '(23, 12)', '(23, 12)', '(24, 11)']","[(17, 3), (17, 12), (2, 11), (6, 11), (21, 9), (5, 3), (5, 12), (8, 11), (19, 11), (1, 8), (7, 3), (18, 3), (7, 12), (18, 12), (22, 12), (19, 4), (9, 3), (9, 12), (13, 3), (1, 10), (13, 12), (22, 5), (19, 6), (1, 3), (24, 5), (1, 12), (15, 11), (22, 7), (3, 3), (14, 3), (3, 12), (14, 12), (4, 11), (17, 11), (1, 5), (24, 7), (25, 6), (16, 3), (16, 12), (20, 12), ... (+55 more)]",57,27,27
96,"(19, 9)","(20, 9)",West,"['(20, 9)', '(18, 9)']","['(19, 9)', '(23, 12)', '(23, 12)', '(24, 11)']","['(18, 9)', '(23, 12)', '(23, 12)', '(24, 11)']","[(17, 3), (17, 12), (19, 9), (2, 11), (6, 11), (21, 9), (5, 3), (5, 12), (8, 11), (19, 11), (1, 8), (7, 3), (18, 3), (7, 12), (18, 12), (22, 12), (19, 4), (9, 3), (9, 12), (13, 3), (1, 10), (13, 12), (22, 5), (19, 6), (1, 3), (24, 5), (1, 12), (15, 11), (22, 7), (3, 3), (14, 3), (3, 12), (14, 12), (4, 11), (17, 11), (1, 5), (24, 7), (25, 6), (16, 3), (16, 12), ... (+56 more)]",58,26,26
97,"(18, 9)","(19, 9)",West,"['(19, 9)', '(17, 9)']","['(18, 9)', '(23, 12)', '(23, 12)', '(24, 11)']","['(17, 9)', '(23, 12)', '(23, 12)', '(24, 11)']","[(17, 3), (17, 12), (19, 9), (2, 11), (6, 11), (21, 9), (5, 3), (5, 12), (8, 11), (19, 11), (1, 8), (7, 3), (18, 3), (7, 12), (18, 12), (22, 12), (19, 4), (9, 3), (9, 12), (13, 3), (1, 10), (13, 12), (22, 5), (19, 6), (1, 3), (24, 5), (1, 12), (15, 11), (22, 7), (3, 3), (14, 3), (3, 12), (14, 12), (4, 11), (17, 11), (1, 5), (24, 7), (25, 6), (16, 3), (16, 12), ... (+57 more)]",59,25,25
98,"(17, 9)","(18, 9)",West,"['(17, 8)', '(18, 9)']","['(17, 9)', '(23, 12)', '(23, 12)', '(24, 11)']","['(17, 8)', '(23, 12)', '(23, 12)', '(24, 11)']","[(17, 3), (17, 12), (19, 9), (2, 11), (6, 11), (21, 9), (5, 3), (5, 12), (8, 11), (19, 11), (1, 8), (7, 3), (18, 3), (7, 12), (18, 12), (22, 12), (19, 4), (9, 3), (9, 12), (13, 3), (1, 10), (13, 12), (22, 5), (17, 9), (19, 6), (1, 3), (24, 5), (1, 12), (15, 11), (22, 7), (3, 3), (14, 3), (3, 12), (14, 12), (4, 11), (17, 11), (1, 5), (24, 7), (25, 6), (16, 3), ... (+58 more)]",60,24,24
99,"(17, 8)","(17, 9)",South,"['(17, 9)', '(17, 7)']","['(17, 8)', '(23, 12)', '(23, 12)', '(24, 11)']","['(17, 7)', '(23, 12)', '(23, 12)', '(24, 11)']","[(17, 3), (17, 12), (19, 9), (2, 11), (6, 11), (21, 9), (5, 3), (5, 12), (8, 11), (19, 11), (1, 8), (7, 3), (18, 3), (7, 12), (18, 12), (22, 12), (19, 4), (9, 3), (9, 12), (13, 3), (1, 10), (13, 12), (22, 5), (17, 9), (19, 6), (1, 3), (24, 5), (1, 12), (15, 11), (22, 7), (3, 3), (14, 3), (3, 12), (14, 12), (4, 11), (17, 11), (1, 5), (24, 7), (25, 6), (16, 3), ... (+59 more)]",61,23,23
100,"(17, 7)","(17, 8)",South,"['(17, 8)', '(17, 6)']","['(17, 7)', '(23, 12)', '(23, 12)', '(24, 11)']","['(17, 6)', '(23, 12)', '(23, 12)', '(24, 11)']","[(17, 3), (17, 12), (19, 9), (2, 11), (6, 11), (21, 9), (5, 3), (5, 12), (8, 11), (19, 11), (1, 8), (7, 3), (18, 3), (7, 12), (18, 12), (22, 12), (17, 7), (19, 4), (9, 3), (9, 12), (13, 3), (1, 10), (13, 12), (22, 5), (17, 9), (19, 6), (1, 3), (24, 5), (1, 12), (15, 11), (22, 7), (3, 3), (14, 3), (3, 12), (14, 12), (4, 11), (17, 11), (1, 5), (24, 7), (25, 6), ... (+60 more)]",62,22,22
101,"(17, 6)","(17, 7)",South,"['(17, 7)', '(17, 5)']","['(17, 6)', '(23, 12)', '(23, 12)', '(24, 11)']","['(17, 5)', '(23, 12)', '(23, 12)', '(24, 11)']","[(17, 3), (17, 12), (19, 9), (2, 11), (6, 11), (21, 9), (5, 3), (5, 12), (8, 11), (19, 11), (1, 8), (7, 3), (18, 3), (7, 12), (18, 12), (22, 12), (17, 7), (19, 4), (9, 3), (9, 12), (13, 3), (1, 10), (13, 12), (22, 5), (17, 9), (19, 6), (1, 3), (24, 5), (1, 12), (15, 11), (22, 7), (3, 3), (14, 3), (3, 12), (14, 12), (4, 11), (17, 11), (1, 5), (24, 7), (25, 6), ... (+61 more)]",63,21,21
102,"(17, 5)","(17, 6)",South,"['(17, 6)', '(16, 5)']","['(17, 5)', '(23, 12)', '(23, 12)', '(24, 11)']","['(16, 5)', '(23, 12)', '(23, 12)', '(24, 11)']","[(17, 3), (17, 12), (19, 9), (2, 11), (6, 11), (21, 9), (5, 3), (17, 5), (5, 12), (8, 11), (19, 11), (1, 8), (7, 3), (18, 3), (7, 12), (18, 12), (22, 12), (17, 7), (19, 4), (9, 3), (9, 12), (13, 3), (1, 10), (13, 12), (22, 5), (17, 9), (19, 6), (1, 3), (24, 5), (1, 12), (15, 11), (22, 7), (3, 3), (14, 3), (3, 12), (14, 12), (4, 11), (17, 11), (1, 5), (24, 7), ... (+62 more)]",64,20,20
103,"(16, 5)","(17, 5)",West,"['(17, 5)', '(15, 5)']","['(16, 5)', '(23, 12)', '(23, 12)', '(24, 11)']","['(15, 5)', '(23, 12)', '(23, 12)', '(24, 11)']","[(17, 3), (17, 12), (19, 9), (2, 11), (6, 11), (21, 9), (5, 3), (17, 5), (5, 12), (8, 11), (19, 11), (1, 8), (7, 3), (18, 3), (7, 12), (18, 12), (22, 12), (17, 7), (19, 4), (9, 3), (9, 12), (13, 3), (1, 10), (13, 12), (22, 5), (17, 9), (19, 6), (1, 3), (24, 5), (1, 12), (15, 11), (22, 7), (3, 3), (14, 3), (3, 12), (14, 12), (4, 11), (17, 11), (1, 5), (24, 7), ... (+63 more)]",65,19,19
104,"(15, 5)","(16, 5)",West,"['(15, 6)', '(16, 5)']","['(15, 5)', '(23, 12)', '(23, 12)', '(24, 11)']","['(15, 6)', '(23, 12)', '(23, 12)', '(24, 11)']","[(17, 3), (17, 12), (19, 9), (2, 11), (15, 5), (6, 11), (21, 9), (5, 3), (17, 5), (5, 12), (8, 11), (19, 11), (1, 8), (7, 3), (18, 3), (7, 12), (18, 12), (22, 12), (17, 7), (19, 4), (9, 3), (9, 12), (13, 3), (1, 10), (13, 12), (22, 5), (17, 9), (19, 6), (1, 3), (24, 5), (1, 12), (15, 11), (22, 7), (3, 3), (14, 3), (3, 12), (14, 12), (4, 11), (17, 11), (1, 5), ... (+64 more)]",66,18,18
105,"(15, 6)","(15, 5)",North,"['(15, 7)', '(15, 5)']","['(15, 6)', '(23, 12)', '(23, 12)', '(24, 11)']","['(15, 7)', '(23, 12)', '(23, 12)', '(24, 11)']","[(17, 3), (17, 12), (19, 9), (2, 11), (15, 5), (6, 11), (21, 9), (5, 3), (17, 5), (5, 12), (8, 11), (19, 11), (1, 8), (7, 3), (18, 3), (7, 12), (18, 12), (22, 12), (17, 7), (19, 4), (9, 3), (9, 12), (13, 3), (1, 10), (13, 12), (22, 5), (17, 9), (19, 6), (1, 3), (24, 5), (1, 12), (15, 11), (22, 7), (3, 3), (14, 3), (3, 12), (14, 12), (4, 11), (17, 11), (1, 5), ... (+65 more)]",67,19,19
106,"(15, 7)","(15, 6)",North,"['(15, 8)', '(15, 6)', '(14, 7)']","['(15, 7)', '(23, 12)', '(23, 12)', '(24, 11)']","['(14, 7)', '(15, 8)', '(23, 12)', '(24, 11)', '(23, 12)']","[(17, 3), (17, 12), (19, 9), (2, 11), (15, 5), (6, 11), (21, 9), (5, 3), (17, 5), (5, 12), (8, 11), (19, 11), (1, 8), (15, 7), (7, 3), (18, 3), (7, 12), (18, 12), (22, 12), (17, 7), (19, 4), (9, 3), (9, 12), (13, 3), (1, 10), (13, 12), (22, 5), (17, 9), (19, 6), (1, 3), (24, 5), (1, 12), (15, 11), (22, 7), (3, 3), (14, 3), (3, 12), (14, 12), (4, 11), (17, 11), ... (+66 more)]",68,20,20
107,"(14, 7)","(15, 7)",West,"['(15, 7)', '(13, 7)']","['(14, 7)', '(15, 8)', '(23, 12)', '(24, 11)', '(23, 12)']","['(13, 7)', '(15, 8)', '(23, 12)', '(24, 11)', '(23, 12)']","[(17, 3), (17, 12), (19, 9), (2, 11), (15, 5), (6, 11), (21, 9), (5, 3), (17, 5), (5, 12), (8, 11), (19, 11), (1, 8), (15, 7), (7, 3), (18, 3), (7, 12), (18, 12), (22, 12), (17, 7), (19, 4), (9, 3), (9, 12), (13, 3), (1, 10), (13, 12), (22, 5), (17, 9), (19, 6), (1, 3), (24, 5), (1, 12), (15, 11), (22, 7), (3, 3), (14, 3), (3, 12), (14, 12), (4, 11), (17, 11), ... (+67 more)]",69,19,19
108,"(13, 7)","(14, 7)",West,"['(13, 8)', '(14, 7)']","['(13, 7)', '(15, 8)', '(23, 12)', '(24, 11)', '(23, 12)']","['(13, 8)', '(15, 8)', '(23, 12)', '(24, 11)', '(23, 12)']","[(17, 3), (17, 12), (19, 9), (2, 11), (15, 5), (6, 11), (21, 9), (5, 3), (17, 5), (5, 12), (8, 11), (19, 11), (1, 8), (15, 7), (7, 3), (18, 3), (7, 12), (18, 12), (22, 12), (17, 7), (19, 4), (9, 3), (9, 12), (13, 3), (1, 10), (13, 12), (22, 5), (17, 9), (19, 6), (1, 3), (24, 5), (1, 12), (15, 11), (22, 7), (3, 3), (14, 3), (3, 12), (14, 12), (4, 11), (17, 11), ... (+68 more)]",70,18,18
109,"(13, 8)","(13, 7)",North,"['(13, 9)', '(13, 7)']","['(13, 8)', '(15, 8)', '(23, 12)', '(24, 11)', '(23, 12)']","['(13, 9)', '(15, 8)', '(23, 12)', '(24, 11)', '(23, 12)']","[(17, 3), (17, 12), (19, 9), (2, 11), (13, 8), (15, 5), (6, 11), (21, 9), (5, 3), (17, 5), (5, 12), (8, 11), (19, 11), (1, 8), (15, 7), (7, 3), (18, 3), (7, 12), (18, 12), (22, 12), (17, 7), (19, 4), (9, 3), (9, 12), (13, 3), (1, 10), (13, 12), (22, 5), (17, 9), (19, 6), (1, 3), (24, 5), (1, 12), (15, 11), (22, 7), (3, 3), (14, 3), (3, 12), (14, 12), (4, 11), ... (+69 more)]",71,19,19
110,"(13, 9)","(13, 8)",North,"['(13, 8)', '(12, 9)']","['(13, 9)', '(15, 8)', '(23, 12)', '(24, 11)', '(23, 12)']","['(12, 9)', '(15, 8)', '(23, 12)', '(24, 11)', '(23, 12)']","[(17, 3), (17, 12), (19, 9), (2, 11), (13, 8), (15, 5), (6, 11), (21, 9), (5, 3), (17, 5), (5, 12), (8, 11), (19, 11), (1, 8), (15, 7), (7, 3), (18, 3), (7, 12), (18, 12), (22, 12), (17, 7), (19, 4), (9, 3), (9, 12), (13, 3), (1, 10), (13, 12), (22, 5), (17, 9), (19, 6), (1, 3), (24, 5), (1, 12), (15, 11), (22, 7), (3, 3), (14, 3), (3, 12), (14, 12), (4, 11), ... (+70 more)]",72,20,20
111,"(12, 9)","(13, 9)",West,"['(13, 9)', '(11, 9)']","['(12, 9)', '(15, 8)', '(23, 12)', '(24, 11)', '(23, 12)']","['(11, 9)', '(15, 8)', '(23, 12)', '(24, 11)', '(23, 12)']","[(17, 3), (17, 12), (19, 9), (2, 11), (13, 8), (15, 5), (6, 11), (21, 9), (5, 3), (17, 5), (5, 12), (8, 11), (19, 11), (1, 8), (15, 7), (7, 3), (18, 3), (7, 12), (18, 12), (22, 12), (17, 7), (19, 4), (9, 3), (9, 12), (13, 3), (1, 10), (13, 12), (22, 5), (17, 9), (19, 6), (1, 3), (24, 5), (1, 12), (15, 11), (22, 7), (3, 3), (14, 3), (3, 12), (14, 12), (4, 11), ... (+71 more)]",73,19,19
112,"(11, 9)","(12, 9)",West,"['(11, 8)', '(12, 9)']","['(11, 9)', '(15, 8)', '(23, 12)', '(24, 11)', '(23, 12)']","['(11, 8)', '(15, 8)', '(23, 12)', '(24, 11)', '(23, 12)']","[(17, 3), (17, 12), (19, 9), (2, 11), (13, 8), (15, 5), (6, 11), (21, 9), (5, 3), (17, 5), (5, 12), (8, 11), (19, 11), (1, 8), (15, 7), (7, 3), (18, 3), (7, 12), (18, 12), (22, 12), (17, 7), (19, 4), (9, 3), (9, 12), (11, 9), (13, 3), (1, 10), (13, 12), (22, 5), (17, 9), (19, 6), (1, 3), (24, 5), (1, 12), (15, 11), (22, 7), (3, 3), (14, 3), (3, 12), (14, 12), ... (+72 more)]",74,18,18
113,"(11, 8)","(11, 9)",South,"['(11, 9)', '(11, 7)']","['(11, 8)', '(15, 8)', '(23, 12)', '(24, 11)', '(23, 12)']","['(11, 7)', '(15, 8)', '(23, 12)', '(24, 11)', '(23, 12)']","[(17, 3), (17, 12), (19, 9), (2, 11), (13, 8), (15, 5), (6, 11), (21, 9), (5, 3), (17, 5), (5, 12), (8, 11), (19, 11), (1, 8), (15, 7), (7, 3), (18, 3), (7, 12), (18, 12), (22, 12), (17, 7), (19, 4), (9, 3), (9, 12), (11, 9), (13, 3), (1, 10), (13, 12), (22, 5), (17, 9), (19, 6), (1, 3), (24, 5), (1, 12), (15, 11), (22, 7), (3, 3), (14, 3), (3, 12), (14, 12), ... (+73 more)]",75,17,17
114,"(11, 7)","(11, 8)",South,"['(11, 8)', '(11, 6)', '(10, 7)']","['(11, 7)', '(15, 8)', '(23, 12)', '(24, 11)', '(23, 12)']","['(11, 6)', '(15, 8)', '(10, 7)', '(24, 11)', '(23, 12)', '(23, 12)']","[(17, 3), (17, 12), (19, 9), (2, 11), (13, 8), (15, 5), (6, 11), (21, 9), (5, 3), (17, 5), (5, 12), (8, 11), (19, 11), (11, 7), (1, 8), (15, 7), (7, 3), (18, 3), (7, 12), (18, 12), (22, 12), (17, 7), (19, 4), (9, 3), (9, 12), (11, 9), (13, 3), (1, 10), (13, 12), (22, 5), (17, 9), (19, 6), (1, 3), (24, 5), (1, 12), (15, 11), (22, 7), (3, 3), (14, 3), (3, 12), ... (+74 more)]",76,16,16
115,"(11, 6)","(11, 7)",South,"['(11, 7)', '(11, 5)']","['(11, 6)', '(15, 8)', '(10, 7)', '(24, 11)', '(23, 12)', '(23, 12)']","['(11, 5)', '(15, 8)', '(10, 7)', '(24, 11)', '(23, 12)', '(23, 12)']","[(17, 3), (17, 12), (19, 9), (2, 11), (13, 8), (15, 5), (6, 11), (21, 9), (5, 3), (17, 5), (5, 12), (8, 11), (19, 11), (11, 7), (1, 8), (15, 7), (7, 3), (18, 3), (7, 12), (18, 12), (22, 12), (17, 7), (19, 4), (9, 3), (9, 12), (11, 9), (13, 3), (1, 10), (13, 12), (22, 5), (17, 9), (19, 6), (1, 3), (24, 5), (1, 12), (15, 11), (22, 7), (3, 3), (14, 3), (3, 12), ... (+75 more)]",77,15,15
116,"(11, 5)","(11, 6)",South,"['(11, 6)', '(12, 5)']","['(11, 5)', '(15, 8)', '(10, 7)', '(24, 11)', '(23, 12)', '(23, 12)']","['(10, 7)', '(15, 8)', '(12, 5)', '(24, 11)', '(23, 12)', '(23, 12)']","[(17, 3), (17, 12), (19, 9), (11, 5), (2, 11), (13, 8), (15, 5), (6, 11), (21, 9), (5, 3), (17, 5), (5, 12), (8, 11), (19, 11), (11, 7), (1, 8), (15, 7), (7, 3), (18, 3), (7, 12), (18, 12), (22, 12), (17, 7), (19, 4), (9, 3), (9, 12), (11, 9), (13, 3), (1, 10), (13, 12), (22, 5), (17, 9), (19, 6), (1, 3), (24, 5), (1, 12), (15, 11), (22, 7), (3, 3), (14, 3), ... (+76 more)]",78,14,14
117,"(10, 7)","(11, 7)",West,"['(11, 7)', '(9, 7)']","['(10, 7)', '(15, 8)', '(12, 5)', '(24, 11)', '(23, 12)', '(23, 12)']","['(9, 7)', '(15, 8)', '(12, 5)', '(24, 11)', '(23, 12)', '(23, 12)']","[(17, 3), (17, 12), (19, 9), (11, 5), (2, 11), (13, 8), (15, 5), (6, 11), (21, 9), (5, 3), (17, 5), (5, 12), (8, 11), (19, 11), (11, 7), (1, 8), (15, 7), (7, 3), (18, 3), (7, 12), (18, 12), (22, 12), (17, 7), (19, 4), (9, 3), (9, 12), (11, 9), (13, 3), (1, 10), (13, 12), (22, 5), (17, 9), (19, 6), (1, 3), (24, 5), (1, 12), (15, 11), (22, 7), (3, 3), (14, 3), ... (+77 more)]",77,15,15
118,"(9, 7)","(10, 7)",West,"['(9, 8)', '(10, 7)']","['(9, 7)', '(15, 8)', '(12, 5)', '(24, 11)', '(23, 12)', '(23, 12)']","['(12, 5)', '(15, 8)', '(9, 8)', '(24, 11)', '(23, 12)', '(23, 12)']","[(17, 3), (17, 12), (19, 9), (11, 5), (2, 11), (13, 8), (15, 5), (6, 11), (21, 9), (5, 3), (17, 5), (5, 12), (8, 11), (19, 11), (11, 7), (1, 8), (15, 7), (7, 3), (18, 3), (7, 12), (18, 12), (22, 12), (17, 7), (19, 4), (9, 3), (9, 12), (11, 9), (13, 3), (1, 10), (13, 12), (22, 5), (17, 9), (19, 6), (1, 3), (24, 5), (1, 12), (15, 11), (22, 7), (3, 3), (14, 3), ... (+78 more)]",78,14,14
119,"(12, 5)","(11, 5)",East,"['(13, 5)', '(11, 5)']","['(12, 5)', '(15, 8)', '(9, 8)', '(24, 11)', '(23, 12)', '(23, 12)']","['(9, 8)', '(15, 8)', '(13, 5)', '(24, 11)', '(23, 12)', '(23, 12)']","[(17, 3), (17, 12), (19, 9), (11, 5), (2, 11), (13, 8), (15, 5), (6, 11), (21, 9), (5, 3), (17, 5), (5, 12), (8, 11), (19, 11), (11, 7), (1, 8), (15, 7), (7, 3), (18, 3), (7, 12), (18, 12), (22, 12), (17, 7), (19, 4), (9, 3), (9, 12), (11, 9), (13, 3), (1, 10), (13, 12), (22, 5), (17, 9), (19, 6), (1, 3), (24, 5), (1, 12), (15, 11), (22, 7), (3, 3), (14, 3), ... (+79 more)]",79,15,15
120,"(9, 8)","(9, 7)",North,"['(9, 9)', '(9, 7)']","['(9, 8)', '(15, 8)', '(13, 5)', '(24, 11)', '(23, 12)', '(23, 12)']","['(13, 5)', '(15, 8)', '(9, 9)', '(24, 11)', '(23, 12)', '(23, 12)']","[(17, 3), (17, 12), (19, 9), (9, 8), (11, 5), (2, 11), (13, 8), (15, 5), (6, 11), (21, 9), (5, 3), (17, 5), (5, 12), (8, 11), (19, 11), (11, 7), (1, 8), (15, 7), (7, 3), (18, 3), (7, 12), (18, 12), (22, 12), (17, 7), (19, 4), (9, 3), (9, 12), (11, 9), (13, 3), (1, 10), (13, 12), (22, 5), (17, 9), (19, 6), (1, 3), (24, 5), (1, 12), (15, 11), (22, 7), (3, 3), ... (+80 more)]",79,15,15
121,"(13, 5)","(12, 5)",East,"['(12, 5)']","['(13, 5)', '(15, 8)', '(9, 9)', '(24, 11)', '(23, 12)', '(23, 12)']","['(9, 9)', '(15, 8)', '(23, 12)', '(24, 11)', '(23, 12)']","[(17, 3), (17, 12), (19, 9), (9, 8), (11, 5), (2, 11), (13, 8), (15, 5), (6, 11), (21, 9), (5, 3), (17, 5), (5, 12), (8, 11), (19, 11), (11, 7), (1, 8), (15, 7), (7, 3), (18, 3), (7, 12), (18, 12), (22, 12), (17, 7), (19, 4), (9, 3), (9, 12), (11, 9), (13, 3), (1, 10), (13, 12), (22, 5), (17, 9), (19, 6), (1, 3), (24, 5), (13, 5), (1, 12), (15, 11), (22, 7), ... (+81 more)]",80,16,16
122,"(9, 9)","(9, 8)",North,"['(9, 8)', '(8, 9)']","['(9, 9)', '(15, 8)', '(23, 12)', '(24, 11)', '(23, 12)']","['(8, 9)', '(15, 8)', '(23, 12)', '(24, 11)', '(23, 12)']","[(17, 3), (17, 12), (19, 9), (9, 8), (11, 5), (2, 11), (13, 8), (15, 5), (6, 11), (21, 9), (5, 3), (17, 5), (5, 12), (8, 11), (19, 11), (11, 7), (1, 8), (15, 7), (7, 3), (18, 3), (7, 12), (18, 12), (22, 12), (17, 7), (19, 4), (9, 3), (9, 12), (11, 9), (13, 3), (1, 10), (13, 12), (22, 5), (17, 9), (19, 6), (1, 3), (24, 5), (13, 5), (1, 12), (15, 11), (22, 7), ... (+82 more)]",80,16,16
123,"(8, 9)","(9, 9)",West,"['(9, 9)', '(7, 9)']","['(8, 9)', '(15, 8)', '(23, 12)', '(24, 11)', '(23, 12)']","['(7, 9)', '(15, 8)', '(23, 12)', '(24, 11)', '(23, 12)']","[(17, 3), (17, 12), (19, 9), (8, 9), (9, 8), (11, 5), (2, 11), (13, 8), (15, 5), (6, 11), (21, 9), (5, 3), (17, 5), (5, 12), (8, 11), (19, 11), (11, 7), (1, 8), (15, 7), (7, 3), (18, 3), (7, 12), (18, 12), (22, 12), (17, 7), (19, 4), (9, 3), (9, 12), (11, 9), (13, 3), (1, 10), (13, 12), (22, 5), (17, 9), (19, 6), (1, 3), (24, 5), (13, 5), (1, 12), (15, 11), ... (+83 more)]",81,15,15
124,"(7, 9)","(8, 9)",West,"['(7, 8)', '(8, 9)']","['(7, 9)', '(15, 8)', '(23, 12)', '(24, 11)', '(23, 12)']","['(7, 8)', '(15, 8)', '(23, 12)', '(24, 11)', '(23, 12)']","[(17, 3), (17, 12), (19, 9), (8, 9), (9, 8), (11, 5), (2, 11), (13, 8), (15, 5), (6, 11), (21, 9), (5, 3), (17, 5), (5, 12), (8, 11), (19, 11), (11, 7), (1, 8), (15, 7), (7, 3), (18, 3), (7, 12), (18, 12), (22, 12), (17, 7), (19, 4), (9, 3), (9, 12), (11, 9), (13, 3), (1, 10), (13, 12), (22, 5), (17, 9), (19, 6), (1, 3), (24, 5), (13, 5), (1, 12), (15, 11), ... (+84 more)]",82,14,14
125,"(7, 8)","(7, 9)",South,"['(7, 9)', '(7, 7)']","['(7, 8)', '(15, 8)', '(23, 12)', '(24, 11)', '(23, 12)']","['(7, 7)', '(15, 8)', '(23, 12)', '(24, 11)', '(23, 12)']","[(17, 3), (17, 12), (19, 9), (8, 9), (9, 8), (11, 5), (2, 11), (13, 8), (15, 5), (6, 11), (21, 9), (5, 3), (17, 5), (5, 12), (8, 11), (19, 11), (11, 7), (1, 8), (15, 7), (7, 3), (18, 3), (7, 12), (18, 12), (22, 12), (17, 7), (19, 4), (9, 3), (9, 12), (11, 9), (13, 3), (1, 10), (13, 12), (22, 5), (17, 9), (19, 6), (1, 3), (24, 5), (13, 5), (1, 12), (15, 11), ... (+85 more)]",83,13,13
126,"(7, 7)","(7, 8)",South,"['(7, 8)', '(7, 6)', '(6, 7)']","['(7, 7)', '(15, 8)', '(23, 12)', '(24, 11)', '(23, 12)']","['(7, 6)', '(15, 8)', '(6, 7)', '(24, 11)', '(23, 12)', '(23, 12)']","[(17, 3), (17, 12), (19, 9), (8, 9), (9, 8), (11, 5), (2, 11), (13, 8), (15, 5), (6, 11), (21, 9), (5, 3), (17, 5), (5, 12), (8, 11), (19, 11), (11, 7), (1, 8), (15, 7), (7, 3), (18, 3), (7, 12), (18, 12), (22, 12), (17, 7), (19, 4), (9, 3), (9, 12), (11, 9), (13, 3), (1, 10), (13, 12), (22, 5), (17, 9), (19, 6), (1, 3), (24, 5), (13, 5), (1, 12), (15, 11), ... (+86 more)]",84,12,12
127,"(7, 6)","(7, 7)",South,"['(7, 7)', '(7, 5)']","['(7, 6)', '(15, 8)', '(6, 7)', '(24, 11)', '(23, 12)', '(23, 12)']","['(7, 5)', '(15, 8)', '(6, 7)', '(24, 11)', '(23, 12)', '(23, 12)']","[(17, 3), (17, 12), (19, 9), (8, 9), (9, 8), (11, 5), (2, 11), (13, 8), (15, 5), (6, 11), (21, 9), (5, 3), (17, 5), (5, 12), (8, 11), (19, 11), (11, 7), (1, 8), (15, 7), (7, 3), (18, 3), (7, 12), (18, 12), (22, 12), (17, 7), (19, 4), (9, 3), (9, 12), (11, 9), (13, 3), (1, 10), (13, 12), (22, 5), (17, 9), (19, 6), (1, 3), (24, 5), (13, 5), (1, 12), (15, 11), ... (+87 more)]",85,11,11
128,"(7, 5)","(7, 6)",South,"['(7, 6)', '(8, 5)']","['(7, 5)', '(15, 8)', '(6, 7)', '(24, 11)', '(23, 12)', '(23, 12)']","['(6, 7)', '(15, 8)', '(8, 5)', '(24, 11)', '(23, 12)', '(23, 12)']","[(17, 3), (17, 12), (19, 9), (8, 9), (9, 8), (11, 5), (2, 11), (13, 8), (15, 5), (6, 11), (21, 9), (5, 3), (17, 5), (5, 12), (8, 11), (19, 11), (11, 7), (1, 8), (15, 7), (7, 3), (18, 3), (7, 12), (18, 12), (22, 12), (17, 7), (19, 4), (9, 3), (9, 12), (11, 9), (13, 3), (1, 10), (13, 12), (7, 5), (22, 5), (17, 9), (19, 6), (1, 3), (24, 5), (13, 5), (1, 12), ... (+88 more)]",86,10,10
129,"(6, 7)","(7, 7)",West,"['(7, 7)', '(5, 7)']","['(6, 7)', '(15, 8)', '(8, 5)', '(24, 11)', '(23, 12)', '(23, 12)']","['(5, 7)', '(15, 8)', '(8, 5)', '(24, 11)', '(23, 12)', '(23, 12)']","[(17, 3), (17, 12), (19, 9), (8, 9), (9, 8), (11, 5), (2, 11), (13, 8), (15, 5), (6, 11), (21, 9), (5, 3), (17, 5), (5, 12), (8, 11), (19, 11), (11, 7), (1, 8), (15, 7), (7, 3), (18, 3), (7, 12), (18, 12), (22, 12), (17, 7), (19, 4), (9, 3), (9, 12), (11, 9), (13, 3), (1, 10), (13, 12), (7, 5), (22, 5), (17, 9), (19, 6), (1, 3), (24, 5), (13, 5), (1, 12), ... (+89 more)]",85,11,11
130,"(5, 7)","(6, 7)",West,"['(5, 8)', '(6, 7)']","['(5, 7)', '(15, 8)', '(8, 5)', '(24, 11)', '(23, 12)', '(23, 12)']","['(8, 5)', '(15, 8)', '(5, 8)', '(24, 11)', '(23, 12)', '(23, 12)']","[(17, 3), (17, 12), (19, 9), (8, 9), (9, 8), (11, 5), (2, 11), (13, 8), (15, 5), (6, 11), (21, 9), (5, 3), (17, 5), (5, 12), (8, 11), (19, 11), (11, 7), (1, 8), (15, 7), (7, 3), (18, 3), (7, 12), (18, 12), (22, 12), (17, 7), (19, 4), (9, 3), (9, 12), (11, 9), (13, 3), (1, 10), (13, 12), (7, 5), (22, 5), (17, 9), (19, 6), (5, 7), (1, 3), (24, 5), (13, 5), ... (+90 more)]",86,10,10
131,"(8, 5)","(7, 5)",East,"['(9, 5)', '(7, 5)']","['(8, 5)', '(15, 8)', '(5, 8)', '(24, 11)', '(23, 12)', '(23, 12)']","['(5, 8)', '(15, 8)', '(9, 5)', '(24, 11)', '(23, 12)', '(23, 12)']","[(17, 3), (17, 12), (19, 9), (8, 9), (9, 8), (11, 5), (2, 11), (13, 8), (15, 5), (6, 11), (21, 9), (5, 3), (17, 5), (5, 12), (8, 11), (19, 11), (11, 7), (1, 8), (15, 7), (7, 3), (18, 3), (7, 12), (18, 12), (22, 12), (17, 7), (19, 4), (9, 3), (9, 12), (11, 9), (13, 3), (1, 10), (13, 12), (7, 5), (22, 5), (17, 9), (19, 6), (5, 7), (1, 3), (24, 5), (13, 5), ... (+91 more)]",87,11,11
132,"(5, 8)","(5, 7)",North,"['(5, 9)', '(5, 7)']","['(5, 8)', '(15, 8)', '(9, 5)', '(24, 11)', '(23, 12)', '(23, 12)']","['(9, 5)', '(15, 8)', '(5, 9)', '(24, 11)', '(23, 12)', '(23, 12)']","[(17, 3), (17, 12), (19, 9), (8, 9), (9, 8), (11, 5), (2, 11), (13, 8), (15, 5), (6, 11), (21, 9), (5, 3), (17, 5), (5, 12), (8, 11), (19, 11), (11, 7), (1, 8), (15, 7), (7, 3), (18, 3), (7, 12), (18, 12), (22, 12), (17, 7), (19, 4), (9, 3), (9, 12), (11, 9), (13, 3), (1, 10), (13, 12), (7, 5), (22, 5), (17, 9), (19, 6), (5, 7), (1, 3), (24, 5), (13, 5), ... (+92 more)]",87,11,11
133,"(9, 5)","(8, 5)",East,"['(8, 5)']","['(9, 5)', '(15, 8)', '(5, 9)', '(24, 11)', '(23, 12)', '(23, 12)']","['(5, 9)', '(15, 8)', '(23, 12)', '(24, 11)', '(23, 12)']","[(17, 3), (17, 12), (19, 9), (8, 9), (9, 8), (11, 5), (2, 11), (13, 8), (15, 5), (6, 11), (21, 9), (5, 3), (17, 5), (5, 12), (8, 11), (19, 11), (11, 7), (1, 8), (15, 7), (7, 3), (18, 3), (7, 12), (18, 12), (22, 12), (17, 7), (19, 4), (9, 3), (9, 12), (11, 9), (13, 3), (1, 10), (13, 12), (7, 5), (22, 5), (17, 9), (19, 6), (5, 7), (9, 5), (1, 3), (24, 5), ... (+93 more)]",88,12,12
134,"(5, 9)","(5, 8)",North,"['(5, 8)', '(4, 9)']","['(5, 9)', '(15, 8)', '(23, 12)', '(24, 11)', '(23, 12)']","['(4, 9)', '(15, 8)', '(23, 12)', '(24, 11)', '(23, 12)']","[(17, 3), (17, 12), (19, 9), (8, 9), (9, 8), (11, 5), (2, 11), (13, 8), (15, 5), (6, 11), (21, 9), (5, 3), (17, 5), (5, 12), (8, 11), (19, 11), (11, 7), (1, 8), (15, 7), (7, 3), (18, 3), (7, 12), (18, 12), (22, 12), (17, 7), (19, 4), (9, 3), (9, 12), (11, 9), (13, 3), (1, 10), (13, 12), (7, 5), (22, 5), (17, 9), (19, 6), (5, 7), (9, 5), (1, 3), (24, 5), ... (+94 more)]",88,12,12
135,"(4, 9)","(5, 9)",West,"['(5, 9)', '(3, 9)']","['(4, 9)', '(15, 8)', '(23, 12)', '(24, 11)', '(23, 12)']","['(3, 9)', '(15, 8)', '(23, 12)', '(24, 11)', '(23, 12)']","[(4, 9), (17, 3), (17, 12), (19, 9), (8, 9), (9, 8), (11, 5), (2, 11), (13, 8), (15, 5), (6, 11), (21, 9), (5, 3), (17, 5), (5, 12), (8, 11), (19, 11), (11, 7), (1, 8), (15, 7), (7, 3), (18, 3), (7, 12), (18, 12), (22, 12), (17, 7), (19, 4), (9, 3), (9, 12), (11, 9), (13, 3), (1, 10), (13, 12), (7, 5), (22, 5), (17, 9), (19, 6), (5, 7), (9, 5), (1, 3), ... (+95 more)]",89,11,11
136,"(3, 9)","(4, 9)",West,"['(3, 8)', '(4, 9)']","['(3, 9)', '(15, 8)', '(23, 12)', '(24, 11)', '(23, 12)']","['(3, 8)', '(15, 8)', '(23, 12)', '(24, 11)', '(23, 12)']","[(4, 9), (17, 3), (17, 12), (19, 9), (8, 9), (9, 8), (11, 5), (2, 11), (13, 8), (15, 5), (6, 11), (21, 9), (5, 3), (17, 5), (5, 12), (8, 11), (19, 11), (11, 7), (1, 8), (15, 7), (7, 3), (18, 3), (7, 12), (18, 12), (22, 12), (17, 7), (19, 4), (9, 3), (9, 12), (11, 9), (13, 3), (1, 10), (13, 12), (7, 5), (22, 5), (17, 9), (19, 6), (5, 7), (9, 5), (1, 3), ... (+96 more)]",90,10,10
137,"(3, 8)","(3, 9)",South,"['(3, 9)', '(3, 7)']","['(3, 8)', '(15, 8)', '(23, 12)', '(24, 11)', '(23, 12)']","['(3, 7)', '(15, 8)', '(23, 12)', '(24, 11)', '(23, 12)']","[(4, 9), (17, 3), (17, 12), (19, 9), (8, 9), (9, 8), (11, 5), (2, 11), (13, 8), (15, 5), (6, 11), (21, 9), (5, 3), (17, 5), (5, 12), (8, 11), (19, 11), (11, 7), (1, 8), (15, 7), (7, 3), (18, 3), (7, 12), (18, 12), (22, 12), (3, 8), (17, 7), (19, 4), (9, 3), (9, 12), (11, 9), (13, 3), (1, 10), (13, 12), (7, 5), (22, 5), (17, 9), (19, 6), (5, 7), (9, 5), ... (+97 more)]",91,9,9
138,"(3, 7)","(3, 8)",South,"['(3, 8)', '(3, 6)']","['(3, 7)', '(15, 8)', '(23, 12)', '(24, 11)', '(23, 12)']","['(3, 6)', '(15, 8)', '(23, 12)', '(24, 11)', '(23, 12)']","[(4, 9), (17, 3), (17, 12), (19, 9), (8, 9), (9, 8), (11, 5), (2, 11), (13, 8), (15, 5), (6, 11), (21, 9), (5, 3), (17, 5), (5, 12), (8, 11), (19, 11), (11, 7), (1, 8), (15, 7), (7, 3), (18, 3), (7, 12), (18, 12), (22, 12), (3, 8), (17, 7), (19, 4), (9, 3), (9, 12), (11, 9), (13, 3), (1, 10), (13, 12), (7, 5), (22, 5), (17, 9), (19, 6), (5, 7), (9, 5), ... (+98 more)]",92,8,8
139,"(3, 6)","(3, 7)",South,"['(3, 7)', '(3, 5)']","['(3, 6)', '(15, 8)', '(23, 12)', '(24, 11)', '(23, 12)']","['(3, 5)', '(15, 8)', '(23, 12)', '(24, 11)', '(23, 12)']","[(4, 9), (17, 3), (17, 12), (19, 9), (8, 9), (9, 8), (11, 5), (2, 11), (13, 8), (15, 5), (6, 11), (21, 9), (3, 6), (5, 3), (17, 5), (5, 12), (8, 11), (19, 11), (11, 7), (1, 8), (15, 7), (7, 3), (18, 3), (7, 12), (18, 12), (22, 12), (3, 8), (17, 7), (19, 4), (9, 3), (9, 12), (11, 9), (13, 3), (1, 10), (13, 12), (7, 5), (22, 5), (17, 9), (19, 6), (5, 7), ... (+99 more)]",93,7,7
140,"(3, 5)","(3, 6)",South,"['(3, 6)', '(4, 5)']","['(3, 5)', '(15, 8)', '(23, 12)', '(24, 11)', '(23, 12)']","['(4, 5)', '(15, 8)', '(23, 12)', '(24, 11)', '(23, 12)']","[(4, 9), (17, 3), (17, 12), (19, 9), (8, 9), (9, 8), (11, 5), (2, 11), (13, 8), (15, 5), (6, 11), (21, 9), (3, 6), (5, 3), (17, 5), (5, 12), (8, 11), (19, 11), (11, 7), (1, 8), (15, 7), (7, 3), (18, 3), (7, 12), (18, 12), (22, 12), (3, 8), (17, 7), (19, 4), (9, 3), (9, 12), (11, 9), (13, 3), (1, 10), (13, 12), (7, 5), (22, 5), (17, 9), (19, 6), (5, 7), ... (+100 more)]",94,6,6
141,"(4, 5)","(3, 5)",East,"['(5, 5)', '(3, 5)']","['(4, 5)', '(15, 8)', '(23, 12)', '(24, 11)', '(23, 12)']","['(5, 5)', '(15, 8)', '(23, 12)', '(24, 11)', '(23, 12)']","[(4, 9), (17, 3), (17, 12), (19, 9), (8, 9), (9, 8), (11, 5), (2, 11), (13, 8), (15, 5), (6, 11), (21, 9), (3, 6), (5, 3), (17, 5), (5, 12), (8, 11), (19, 11), (11, 7), (1, 8), (15, 7), (7, 3), (18, 3), (7, 12), (18, 12), (22, 12), (3, 8), (17, 7), (19, 4), (9, 3), (9, 12), (11, 9), (13, 3), (1, 10), (13, 12), (7, 5), (22, 5), (17, 9), (19, 6), (5, 7), ... (+101 more)]",95,7,7
142,"(5, 5)","(4, 5)",East,"['(4, 5)']","['(5, 5)', '(15, 8)', '(23, 12)', '(24, 11)', '(23, 12)']","['(15, 8)', '(23, 12)', '(23, 12)', '(24, 11)']","[(4, 9), (17, 3), (17, 12), (19, 9), (8, 9), (9, 8), (11, 5), (2, 11), (13, 8), (15, 5), (6, 11), (21, 9), (3, 6), (5, 3), (17, 5), (5, 12), (8, 11), (19, 11), (11, 7), (1, 8), (15, 7), (7, 3), (18, 3), (7, 12), (18, 12), (22, 12), (3, 8), (17, 7), (19, 4), (5, 5), (9, 3), (9, 12), (11, 9), (13, 3), (1, 10), (13, 12), (7, 5), (22, 5), (17, 9), (19, 6), ... (+102 more)]",96,8,8
143,"(15, 8)","(15, 7)",North,"['(15, 9)', '(15, 7)']","['(15, 8)', '(23, 12)', '(23, 12)', '(24, 11)']","['(15, 9)', '(23, 12)', '(23, 12)', '(24, 11)']","[(4, 9), (17, 3), (17, 12), (19, 9), (8, 9), (9, 8), (11, 5), (2, 11), (13, 8), (15, 5), (6, 11), (21, 9), (3, 6), (5, 3), (17, 5), (5, 12), (8, 11), (19, 11), (11, 7), (1, 8), (15, 7), (7, 3), (18, 3), (7, 12), (18, 12), (22, 12), (3, 8), (17, 7), (19, 4), (5, 5), (9, 3), (9, 12), (11, 9), (13, 3), (1, 10), (13, 12), (7, 5), (22, 5), (17, 9), (19, 6), ... (+103 more)]",69,21,21
144,"(15, 9)","(15, 8)",North,"['(15, 8)']","['(15, 9)', '(23, 12)', '(23, 12)', '(24, 11)']","['(23, 12)', '(24, 11)', '(23, 12)']","[(4, 9), (17, 3), (17, 12), (19, 9), (8, 9), (9, 8), (11, 5), (2, 11), (13, 8), (15, 5), (6, 11), (21, 9), (3, 6), (5, 3), (17, 5), (5, 12), (8, 11), (19, 11), (11, 7), (1, 8), (15, 7), (7, 3), (18, 3), (7, 12), (18, 12), (22, 12), (3, 8), (17, 7), (19, 4), (5, 5), (9, 3), (9, 12), (11, 9), (13, 3), (1, 10), (13, 12), (15, 9), (7, 5), (22, 5), (17, 9), ... (+104 more)]",70,22,22
145,"(23, 12)","(23, 11)",North,"['(23, 11)', '(24, 12)', '(22, 12)']","['(23, 12)', '(24, 11)', '(23, 12)']","['(23, 12)', '(24, 11)', '(24, 12)']","[(4, 9), (17, 3), (17, 12), (19, 9), (8, 9), (9, 8), (11, 5), (2, 11), (13, 8), (15, 5), (6, 11), (21, 9), (3, 6), (5, 3), (17, 5), (5, 12), (8, 11), (19, 11), (11, 7), (1, 8), (15, 7), (7, 3), (18, 3), (7, 12), (18, 12), (22, 12), (3, 8), (17, 7), (19, 4), (5, 5), (9, 3), (9, 12), (11, 9), (13, 3), (1, 10), (13, 12), (15, 9), (7, 5), (22, 5), (17, 9), ... (+105 more)]",9,33,33
146,"(24, 11)","(23, 11)",East,"['(24, 12)', '(25, 11)', '(23, 11)']","['(24, 11)', '(24, 12)']","['(24, 12)', '(24, 12)', '(25, 11)']","[(4, 9), (17, 3), (17, 12), (19, 9), (8, 9), (9, 8), (11, 5), (2, 11), (13, 8), (15, 5), (6, 11), (21, 9), (3, 6), (5, 3), (17, 5), (5, 12), (8, 11), (19, 11), (11, 7), (1, 8), (15, 7), (7, 3), (18, 3), (7, 12), (18, 12), (22, 12), (3, 8), (17, 7), (19, 4), (5, 5), (9, 3), (9, 12), (11, 9), (13, 3), (1, 10), (13, 12), (15, 9), (7, 5), (22, 5), (17, 9), ... (+106 more)]",9,33,33
147,"(24, 12)","(24, 11)",North,"['(24, 11)', '(25, 12)', '(23, 12)']","['(24, 12)', '(24, 12)', '(25, 11)']","['(24, 12)', '(25, 11)', '(25, 12)']","[(4, 9), (17, 3), (17, 12), (19, 9), (8, 9), (9, 8), (11, 5), (2, 11), (13, 8), (15, 5), (6, 11), (21, 9), (3, 6), (5, 3), (17, 5), (5, 12), (8, 11), (19, 11), (11, 7), (1, 8), (15, 7), (7, 3), (18, 3), (7, 12), (18, 12), (22, 12), (3, 8), (17, 7), (19, 4), (5, 5), (9, 3), (9, 12), (11, 9), (13, 3), (1, 10), (13, 12), (15, 9), (24, 12), (7, 5), (22, 5), ... (+107 more)]",10,34,34
148,"(25, 11)","(24, 11)",East,"['(25, 12)', '(26, 11)', '(24, 11)']","['(25, 11)', '(25, 12)']","['(25, 12)', '(25, 12)', '(26, 11)']","[(4, 9), (17, 3), (17, 12), (19, 9), (8, 9), (9, 8), (11, 5), (2, 11), (13, 8), (15, 5), (6, 11), (21, 9), (3, 6), (5, 3), (17, 5), (5, 12), (8, 11), (19, 11), (11, 7), (1, 8), (15, 7), (7, 3), (18, 3), (7, 12), (18, 12), (22, 12), (3, 8), (17, 7), (19, 4), (5, 5), (9, 3), (9, 12), (11, 9), (13, 3), (1, 10), (13, 12), (15, 9), (24, 12), (7, 5), (25, 11), ... (+108 more)]",10,34,34
149,"(25, 12)","(25, 11)",North,"['(25, 11)', '(26, 12)', '(24, 12)']","['(25, 12)', '(25, 12)', '(26, 11)']","['(25, 12)', '(26, 11)', '(26, 12)']","[(4, 9), (17, 3), (17, 12), (19, 9), (8, 9), (9, 8), (11, 5), (2, 11), (13, 8), (15, 5), (6, 11), (21, 9), (3, 6), (5, 3), (17, 5), (5, 12), (8, 11), (19, 11), (11, 7), (1, 8), (15, 7), (7, 3), (18, 3), (7, 12), (18, 12), (22, 12), (3, 8), (17, 7), (19, 4), (5, 5), (9, 3), (9, 12), (11, 9), (13, 3), (1, 10), (13, 12), (15, 9), (24, 12), (7, 5), (25, 11), ... (+109 more)]",11,35,35
150,"(26, 11)","(25, 11)",East,"['(26, 12)', '(27, 11)', '(25, 11)']","['(26, 11)', '(26, 12)']","['(26, 12)', '(26, 12)', '(27, 11)']","[(4, 9), (17, 3), (17, 12), (19, 9), (8, 9), (9, 8), (11, 5), (2, 11), (13, 8), (15, 5), (6, 11), (21, 9), (3, 6), (5, 3), (17, 5), (5, 12), (8, 11), (19, 11), (11, 7), (1, 8), (15, 7), (7, 3), (18, 3), (7, 12), (18, 12), (22, 12), (3, 8), (17, 7), (19, 4), (5, 5), (9, 3), (9, 12), (11, 9), (13, 3), (1, 10), (13, 12), (15, 9), (24, 12), (7, 5), (25, 11), ... (+110 more)]",11,35,35
151,"(26, 12)","(26, 11)",North,"['(26, 11)', '(27, 12)', '(25, 12)']","['(26, 12)', '(26, 12)', '(27, 11)']","['(26, 12)', '(27, 11)', '(27, 12)']","[(4, 9), (17, 3), (17, 12), (19, 9), (8, 9), (9, 8), (11, 5), (2, 11), (13, 8), (15, 5), (6, 11), (21, 9), (3, 6), (5, 3), (17, 5), (5, 12), (8, 11), (19, 11), (11, 7), (1, 8), (15, 7), (7, 3), (18, 3), (7, 12), (18, 12), (22, 12), (3, 8), (17, 7), (19, 4), (5, 5), (9, 3), (9, 12), (11, 9), (13, 3), (1, 10), (13, 12), (15, 9), (24, 12), (7, 5), (25, 11), ... (+111 more)]",12,36,36
152,"(27, 11)","(26, 11)",East,"['(27, 12)', '(27, 10)', '(26, 11)']","['(27, 11)', '(27, 12)']","['(27, 10)', '(27, 12)', '(27, 12)']","[(4, 9), (17, 3), (17, 12), (19, 9), (8, 9), (9, 8), (11, 5), (2, 11), (13, 8), (15, 5), (6, 11), (21, 9), (3, 6), (5, 3), (17, 5), (5, 12), (8, 11), (19, 11), (11, 7), (1, 8), (15, 7), (7, 3), (18, 3), (7, 12), (18, 12), (22, 12), (3, 8), (17, 7), (19, 4), (5, 5), (9, 3), (9, 12), (11, 9), (13, 3), (1, 10), (13, 12), (15, 9), (24, 12), (7, 5), (25, 11), ... (+112 more)]",12,36,36
153,"(27, 10)","(27, 11)",South,"['(27, 11)', '(27, 9)']","['(27, 10)', '(27, 12)', '(27, 12)']","['(27, 9)', '(27, 12)', '(27, 12)']","[(4, 9), (17, 3), (17, 12), (19, 9), (8, 9), (9, 8), (11, 5), (2, 11), (13, 8), (15, 5), (6, 11), (21, 9), (3, 6), (5, 3), (17, 5), (5, 12), (8, 11), (19, 11), (11, 7), (1, 8), (15, 7), (7, 3), (18, 3), (7, 12), (18, 12), (22, 12), (3, 8), (17, 7), (19, 4), (5, 5), (9, 3), (9, 12), (11, 9), (13, 3), (1, 10), (13, 12), (15, 9), (24, 12), (7, 5), (25, 11), ... (+113 more)]",13,35,35
154,"(27, 9)","(27, 10)",South,"['(27, 10)', '(27, 8)']","['(27, 9)', '(27, 12)', '(27, 12)']","['(27, 8)', '(27, 12)', '(27, 12)']","[(4, 9), (17, 3), (17, 12), (19, 9), (8, 9), (9, 8), (11, 5), (2, 11), (13, 8), (15, 5), (6, 11), (21, 9), (3, 6), (5, 3), (17, 5), (5, 12), (8, 11), (19, 11), (11, 7), (1, 8), (15, 7), (7, 3), (18, 3), (7, 12), (18, 12), (22, 12), (3, 8), (17, 7), (19, 4), (5, 5), (9, 3), (9, 12), (11, 9), (13, 3), (1, 10), (13, 12), (15, 9), (24, 12), (7, 5), (25, 11), ... (+114 more)]",14,34,34
155,"(27, 8)","(27, 9)",South,"['(27, 9)', '(27, 7)']","['(27, 8)', '(27, 12)', '(27, 12)']","['(27, 7)', '(27, 12)', '(27, 12)']","[(4, 9), (17, 3), (17, 12), (19, 9), (8, 9), (9, 8), (11, 5), (2, 11), (13, 8), (15, 5), (6, 11), (21, 9), (3, 6), (5, 3), (17, 5), (5, 12), (8, 11), (19, 11), (11, 7), (1, 8), (15, 7), (7, 3), (18, 3), (7, 12), (18, 12), (22, 12), (27, 8), (3, 8), (17, 7), (19, 4), (5, 5), (9, 3), (9, 12), (11, 9), (13, 3), (1, 10), (13, 12), (15, 9), (24, 12), (7, 5), ... (+115 more)]",15,33,33
156,"(27, 7)","(27, 8)",South,"['(27, 8)', '(27, 6)']","['(27, 7)', '(27, 12)', '(27, 12)']","['(27, 6)', '(27, 12)', '(27, 12)']","[(4, 9), (17, 3), (17, 12), (19, 9), (8, 9), (9, 8), (11, 5), (2, 11), (13, 8), (15, 5), (6, 11), (21, 9), (3, 6), (5, 3), (17, 5), (5, 12), (8, 11), (19, 11), (11, 7), (1, 8), (15, 7), (7, 3), (18, 3), (7, 12), (18, 12), (22, 12), (27, 8), (3, 8), (17, 7), (19, 4), (5, 5), (9, 3), (9, 12), (11, 9), (13, 3), (1, 10), (13, 12), (15, 9), (24, 12), (7, 5), ... (+116 more)]",16,32,32
157,"(27, 6)","(27, 7)",South,"['(27, 7)', '(27, 5)']","['(27, 6)', '(27, 12)', '(27, 12)']","['(27, 5)', '(27, 12)', '(27, 12)']","[(4, 9), (17, 3), (17, 12), (19, 9), (8, 9), (9, 8), (11, 5), (2, 11), (13, 8), (15, 5), (6, 11), (21, 9), (27, 6), (3, 6), (5, 3), (17, 5), (5, 12), (8, 11), (19, 11), (11, 7), (1, 8), (15, 7), (7, 3), (18, 3), (7, 12), (18, 12), (22, 12), (27, 8), (3, 8), (17, 7), (19, 4), (5, 5), (9, 3), (9, 12), (11, 9), (13, 3), (1, 10), (13, 12), (15, 9), (24, 12), ... (+117 more)]",17,31,31
158,"(27, 5)","(27, 6)",South,"['(27, 6)', '(27, 4)']","['(27, 5)', '(27, 12)', '(27, 12)']","['(27, 4)', '(27, 12)', '(27, 12)']","[(4, 9), (17, 3), (17, 12), (19, 9), (8, 9), (9, 8), (11, 5), (2, 11), (13, 8), (15, 5), (6, 11), (21, 9), (27, 6), (3, 6), (5, 3), (17, 5), (5, 12), (8, 11), (19, 11), (11, 7), (1, 8), (15, 7), (7, 3), (18, 3), (7, 12), (18, 12), (22, 12), (27, 8), (3, 8), (17, 7), (19, 4), (5, 5), (9, 3), (9, 12), (11, 9), (13, 3), (1, 10), (13, 12), (15, 9), (24, 12), ... (+118 more)]",18,30,30
159,"(27, 4)","(27, 5)",South,"['(27, 5)', '(27, 3)']","['(27, 4)', '(27, 12)', '(27, 12)']","['(27, 3)', '(27, 12)', '(27, 12)']","[(4, 9), (27, 4), (17, 3), (17, 12), (19, 9), (8, 9), (9, 8), (11, 5), (2, 11), (13, 8), (15, 5), (6, 11), (21, 9), (27, 6), (3, 6), (5, 3), (17, 5), (5, 12), (8, 11), (19, 11), (11, 7), (1, 8), (15, 7), (7, 3), (18, 3), (7, 12), (18, 12), (22, 12), (27, 8), (3, 8), (17, 7), (19, 4), (5, 5), (9, 3), (9, 12), (11, 9), (13, 3), (1, 10), (13, 12), (15, 9), ... (+119 more)]",19,29,29
160,"(27, 3)","(27, 4)",South,"['(27, 4)', '(27, 2)', '(26, 3)']","['(27, 3)', '(27, 12)', '(27, 12)']","['(27, 2)', '(26, 3)', '(27, 12)', '(27, 12)']","[(4, 9), (27, 4), (17, 3), (17, 12), (19, 9), (8, 9), (9, 8), (11, 5), (2, 11), (13, 8), (15, 5), (6, 11), (21, 9), (27, 6), (3, 6), (5, 3), (17, 5), (5, 12), (8, 11), (19, 11), (11, 7), (1, 8), (15, 7), (7, 3), (18, 3), (7, 12), (18, 12), (22, 12), (27, 8), (3, 8), (17, 7), (19, 4), (5, 5), (9, 3), (9, 12), (11, 9), (13, 3), (1, 10), (13, 12), (15, 9), ... (+120 more)]",20,28,28
161,"(27, 2)","(27, 3)",South,"['(27, 3)', '(27, 1)']","['(27, 2)', '(26, 3)', '(27, 12)', '(27, 12)']","['(27, 1)', '(26, 3)', '(27, 12)', '(27, 12)']","[(4, 9), (27, 4), (17, 3), (17, 12), (19, 9), (8, 9), (9, 8), (11, 5), (2, 11), (13, 8), (15, 5), (6, 11), (21, 9), (27, 6), (3, 6), (5, 3), (17, 5), (5, 12), (8, 11), (19, 11), (11, 7), (1, 8), (15, 7), (7, 3), (18, 3), (7, 12), (18, 12), (22, 12), (27, 8), (3, 8), (17, 7), (19, 4), (5, 5), (9, 3), (9, 12), (11, 9), (13, 3), (1, 10), (13, 12), (15, 9), ... (+121 more)]",21,27,27
162,"(27, 1)","(27, 2)",South,"['(27, 2)', '(26, 1)']","['(27, 1)', '(26, 3)', '(27, 12)', '(27, 12)']","['(26, 1)', '(26, 3)', '(27, 12)', '(27, 12)']","[(4, 9), (27, 4), (17, 3), (17, 12), (19, 9), (8, 9), (9, 8), (11, 5), (2, 11), (13, 8), (15, 5), (6, 11), (21, 9), (27, 6), (3, 6), (5, 3), (17, 5), (5, 12), (8, 11), (19, 11), (11, 7), (1, 8), (15, 7), (7, 3), (18, 3), (7, 12), (18, 12), (22, 12), (27, 8), (3, 8), (17, 7), (19, 4), (5, 5), (9, 3), (9, 12), (11, 9), (13, 3), (1, 10), (13, 12), (15, 9), ... (+122 more)]",22,26,26
163,"(26, 1)","(27, 1)",West,"['(27, 1)', '(25, 1)']","['(26, 1)', '(26, 3)', '(27, 12)', '(27, 12)']","['(25, 1)', '(26, 3)', '(27, 12)', '(27, 12)']","[(4, 9), (27, 4), (17, 3), (17, 12), (19, 9), (8, 9), (9, 8), (11, 5), (2, 11), (13, 8), (15, 5), (6, 11), (21, 9), (27, 6), (3, 6), (5, 3), (17, 5), (5, 12), (8, 11), (19, 11), (11, 7), (1, 8), (15, 7), (7, 3), (18, 3), (7, 12), (18, 12), (22, 12), (27, 8), (3, 8), (17, 7), (19, 4), (5, 5), (9, 3), (9, 12), (11, 9), (13, 3), (1, 10), (13, 12), (15, 9), ... (+123 more)]",23,25,25
164,"(25, 1)","(26, 1)",West,"['(26, 1)', '(24, 1)']","['(25, 1)', '(26, 3)', '(27, 12)', '(27, 12)']","['(24, 1)', '(26, 3)', '(27, 12)', '(27, 12)']","[(4, 9), (27, 4), (17, 3), (17, 12), (19, 9), (8, 9), (9, 8), (11, 5), (2, 11), (13, 8), (15, 5), (6, 11), (21, 9), (27, 6), (3, 6), (5, 3), (17, 5), (5, 12), (8, 11), (19, 11), (11, 7), (1, 8), (15, 7), (7, 3), (18, 3), (7, 12), (18, 12), (22, 12), (27, 8), (3, 8), (17, 7), (19, 4), (5, 5), (9, 3), (9, 12), (11, 9), (13, 3), (1, 10), (13, 12), (15, 9), ... (+124 more)]",24,24,24
165,"(24, 1)","(25, 1)",West,"['(25, 1)', '(23, 1)']","['(24, 1)', '(26, 3)', '(27, 12)', '(27, 12)']","['(23, 1)', '(26, 3)', '(27, 12)', '(27, 12)']","[(4, 9), (27, 4), (17, 3), (17, 12), (19, 9), (8, 9), (9, 8), (11, 5), (2, 11), (13, 8), (15, 5), (6, 11), (21, 9), (27, 6), (3, 6), (5, 3), (17, 5), (5, 12), (8, 11), (19, 11), (11, 7), (24, 1), (1, 8), (15, 7), (7, 3), (18, 3), (7, 12), (18, 12), (22, 12), (27, 8), (3, 8), (17, 7), (19, 4), (5, 5), (9, 3), (9, 12), (11, 9), (13, 3), (1, 10), (13, 12), ... (+125 more)]",25,23,23
166,"(23, 1)","(24, 1)",West,"['(24, 1)', '(22, 1)']","['(23, 1)', '(26, 3)', '(27, 12)', '(27, 12)']","['(22, 1)', '(26, 3)', '(27, 12)', '(27, 12)']","[(4, 9), (27, 4), (17, 3), (17, 12), (19, 9), (8, 9), (9, 8), (11, 5), (2, 11), (13, 8), (15, 5), (6, 11), (21, 9), (27, 6), (3, 6), (5, 3), (17, 5), (5, 12), (8, 11), (19, 11), (11, 7), (24, 1), (1, 8), (15, 7), (7, 3), (18, 3), (7, 12), (18, 12), (22, 12), (27, 8), (3, 8), (17, 7), (19, 4), (5, 5), (9, 3), (9, 12), (11, 9), (13, 3), (1, 10), (13, 12), ... (+126 more)]",26,22,22
167,"(22, 1)","(23, 1)",West,"['(23, 1)', '(21, 1)']","['(22, 1)', '(26, 3)', '(27, 12)', '(27, 12)']","['(21, 1)', '(26, 3)', '(27, 12)', '(27, 12)']","[(4, 9), (27, 4), (17, 3), (17, 12), (19, 9), (8, 9), (9, 8), (11, 5), (2, 11), (13, 8), (15, 5), (6, 11), (21, 9), (27, 6), (3, 6), (5, 3), (17, 5), (5, 12), (8, 11), (19, 11), (11, 7), (24, 1), (1, 8), (15, 7), (7, 3), (18, 3), (7, 12), (18, 12), (22, 12), (27, 8), (3, 8), (17, 7), (19, 4), (5, 5), (9, 3), (9, 12), (11, 9), (13, 3), (1, 10), (13, 12), ... (+127 more)]",27,21,21
168,"(21, 1)","(22, 1)",West,"['(21, 2)', '(22, 1)', '(20, 1)']","['(21, 1)', '(26, 3)', '(27, 12)', '(27, 12)']","['(20, 1)', '(21, 2)', '(27, 12)', '(27, 12)', '(26, 3)']","[(4, 9), (27, 4), (17, 3), (17, 12), (19, 9), (8, 9), (9, 8), (11, 5), (2, 11), (13, 8), (15, 5), (6, 11), (21, 9), (27, 6), (3, 6), (5, 3), (17, 5), (5, 12), (8, 11), (19, 11), (11, 7), (24, 1), (1, 8), (15, 7), (7, 3), (18, 3), (7, 12), (18, 12), (22, 12), (27, 8), (3, 8), (17, 7), (19, 4), (5, 5), (9, 3), (9, 12), (11, 9), (13, 3), (1, 10), (13, 12), ... (+128 more)]",28,20,20
169,"(20, 1)","(21, 1)",West,"['(21, 1)', '(19, 1)']","['(20, 1)', '(21, 2)', '(27, 12)', '(27, 12)', '(26, 3)']","['(19, 1)', '(21, 2)', '(27, 12)', '(27, 12)', '(26, 3)']","[(4, 9), (27, 4), (17, 3), (17, 12), (19, 9), (8, 9), (9, 8), (11, 5), (2, 11), (13, 8), (15, 5), (6, 11), (21, 9), (27, 6), (3, 6), (5, 3), (17, 5), (5, 12), (8, 11), (19, 11), (11, 7), (24, 1), (1, 8), (15, 7), (7, 3), (18, 3), (7, 12), (18, 12), (22, 12), (27, 8), (3, 8), (17, 7), (19, 4), (5, 5), (9, 3), (9, 12), (11, 9), (13, 3), (1, 10), (13, 12), ... (+129 more)]",29,19,19
170,"(19, 1)","(20, 1)",West,"['(20, 1)', '(18, 1)']","['(19, 1)', '(21, 2)', '(27, 12)', '(27, 12)', '(26, 3)']","['(18, 1)', '(21, 2)', '(27, 12)', '(27, 12)', '(26, 3)']","[(4, 9), (27, 4), (17, 3), (17, 12), (19, 9), (8, 9), (9, 8), (11, 5), (2, 11), (13, 8), (15, 5), (6, 11), (21, 9), (27, 6), (3, 6), (5, 3), (17, 5), (5, 12), (8, 11), (19, 11), (11, 7), (24, 1), (1, 8), (15, 7), (7, 3), (18, 3), (7, 12), (18, 12), (22, 12), (27, 8), (3, 8), (17, 7), (19, 4), (5, 5), (9, 3), (9, 12), (11, 9), (13, 3), (1, 10), (13, 12), ... (+130 more)]",30,18,18
171,"(18, 1)","(19, 1)",West,"['(19, 1)', '(17, 1)']","['(18, 1)', '(21, 2)', '(27, 12)', '(27, 12)', '(26, 3)']","['(17, 1)', '(21, 2)', '(27, 12)', '(27, 12)', '(26, 3)']","[(4, 9), (27, 4), (17, 3), (17, 12), (19, 9), (8, 9), (9, 8), (11, 5), (2, 11), (13, 8), (15, 5), (18, 1), (6, 11), (21, 9), (27, 6), (3, 6), (5, 3), (17, 5), (5, 12), (8, 11), (19, 11), (11, 7), (24, 1), (1, 8), (15, 7), (7, 3), (18, 3), (7, 12), (18, 12), (22, 12), (27, 8), (3, 8), (17, 7), (19, 4), (5, 5), (9, 3), (9, 12), (11, 9), (13, 3), (1, 10), ... (+131 more)]",31,17,17
172,"(17, 1)","(18, 1)",West,"['(18, 1)', '(16, 1)']","['(17, 1)', '(21, 2)', '(27, 12)', '(27, 12)', '(26, 3)']","['(16, 1)', '(21, 2)', '(27, 12)', '(27, 12)', '(26, 3)']","[(4, 9), (27, 4), (17, 3), (17, 12), (19, 9), (8, 9), (9, 8), (11, 5), (2, 11), (13, 8), (15, 5), (18, 1), (6, 11), (21, 9), (27, 6), (3, 6), (5, 3), (17, 5), (5, 12), (8, 11), (19, 11), (11, 7), (24, 1), (1, 8), (15, 7), (7, 3), (18, 3), (7, 12), (18, 12), (22, 12), (27, 8), (3, 8), (17, 7), (19, 4), (5, 5), (9, 3), (9, 12), (11, 9), (13, 3), (1, 10), ... (+132 more)]",32,16,16
173,"(16, 1)","(17, 1)",West,"['(17, 1)', '(15, 1)']","['(16, 1)', '(21, 2)', '(27, 12)', '(27, 12)', '(26, 3)']","['(15, 1)', '(21, 2)', '(27, 12)', '(27, 12)', '(26, 3)']","[(4, 9), (27, 4), (17, 3), (17, 12), (19, 9), (8, 9), (9, 8), (11, 5), (2, 11), (13, 8), (15, 5), (18, 1), (6, 11), (21, 9), (27, 6), (3, 6), (5, 3), (17, 5), (5, 12), (8, 11), (19, 11), (11, 7), (24, 1), (1, 8), (15, 7), (7, 3), (18, 3), (7, 12), (18, 12), (22, 12), (27, 8), (3, 8), (17, 7), (19, 4), (5, 5), (9, 3), (9, 12), (11, 9), (13, 3), (1, 10), ... (+133 more)]",33,15,15
174,"(15, 1)","(16, 1)",West,"['(16, 1)', '(14, 1)']","['(15, 1)', '(21, 2)', '(27, 12)', '(27, 12)', '(26, 3)']","['(14, 1)', '(21, 2)', '(27, 12)', '(27, 12)', '(26, 3)']","[(4, 9), (27, 4), (17, 3), (17, 12), (19, 9), (8, 9), (9, 8), (11, 5), (2, 11), (13, 8), (15, 5), (18, 1), (6, 11), (21, 9), (27, 6), (3, 6), (5, 3), (17, 5), (5, 12), (8, 11), (19, 11), (11, 7), (24, 1), (1, 8), (15, 7), (7, 3), (18, 3), (7, 12), (18, 12), (22, 12), (27, 8), (3, 8), (17, 7), (19, 4), (5, 5), (9, 3), (9, 12), (11, 9), (13, 3), (1, 10), ... (+134 more)]",34,14,14
175,"(14, 1)","(15, 1)",West,"['(15, 1)', '(13, 1)']","['(14, 1)', '(21, 2)', '(27, 12)', '(27, 12)', '(26, 3)']","['(13, 1)', '(21, 2)', '(27, 12)', '(27, 12)', '(26, 3)']","[(4, 9), (27, 4), (17, 3), (17, 12), (19, 9), (8, 9), (9, 8), (11, 5), (2, 11), (13, 8), (15, 5), (18, 1), (6, 11), (21, 9), (27, 6), (3, 6), (5, 3), (17, 5), (5, 12), (8, 11), (19, 11), (11, 7), (24, 1), (1, 8), (15, 7), (7, 3), (18, 3), (7, 12), (18, 12), (22, 12), (27, 8), (3, 8), (17, 7), (19, 4), (5, 5), (9, 3), (9, 12), (11, 9), (13, 3), (1, 10), ... (+135 more)]",35,13,13
176,"(13, 1)","(14, 1)",West,"['(14, 1)', '(12, 1)']","['(13, 1)', '(21, 2)', '(27, 12)', '(27, 12)', '(26, 3)']","['(12, 1)', '(21, 2)', '(27, 12)', '(27, 12)', '(26, 3)']","[(4, 9), (27, 4), (17, 3), (17, 12), (19, 9), (8, 9), (9, 8), (11, 5), (2, 11), (13, 8), (15, 5), (18, 1), (6, 11), (21, 9), (27, 6), (3, 6), (5, 3), (17, 5), (5, 12), (8, 11), (19, 11), (11, 7), (24, 1), (13, 1), (1, 8), (15, 7), (7, 3), (18, 3), (7, 12), (18, 12), (22, 12), (27, 8), (3, 8), (17, 7), (19, 4), (5, 5), (9, 3), (9, 12), (11, 9), (13, 3), ... (+136 more)]",36,12,12
177,"(12, 1)","(13, 1)",West,"['(13, 1)', '(11, 1)']","['(12, 1)', '(21, 2)', '(27, 12)', '(27, 12)', '(26, 3)']","['(11, 1)', '(21, 2)', '(27, 12)', '(27, 12)', '(26, 3)']","[(4, 9), (27, 4), (17, 3), (17, 12), (19, 9), (8, 9), (9, 8), (11, 5), (2, 11), (13, 8), (15, 5), (18, 1), (6, 11), (21, 9), (27, 6), (3, 6), (5, 3), (17, 5), (5, 12), (8, 11), (19, 11), (11, 7), (24, 1), (13, 1), (1, 8), (15, 7), (7, 3), (18, 3), (7, 12), (18, 12), (22, 12), (27, 8), (3, 8), (17, 7), (19, 4), (5, 5), (9, 3), (9, 12), (11, 9), (13, 3), ... (+137 more)]",37,11,11
178,"(11, 1)","(12, 1)",West,"['(12, 1)', '(10, 1)']","['(11, 1)', '(21, 2)', '(27, 12)', '(27, 12)', '(26, 3)']","['(10, 1)', '(21, 2)', '(27, 12)', '(27, 12)', '(26, 3)']","[(4, 9), (27, 4), (17, 3), (17, 12), (19, 9), (8, 9), (9, 8), (11, 5), (2, 11), (13, 8), (15, 5), (18, 1), (6, 11), (21, 9), (27, 6), (3, 6), (5, 3), (17, 5), (5, 12), (8, 11), (19, 11), (11, 7), (24, 1), (13, 1), (1, 8), (15, 7), (7, 3), (18, 3), (7, 12), (18, 12), (22, 12), (27, 8), (3, 8), (17, 7), (19, 4), (5, 5), (9, 3), (9, 12), (11, 9), (13, 3), ... (+138 more)]",38,10,10
179,"(10, 1)","(11, 1)",West,"['(11, 1)', '(9, 1)']","['(10, 1)', '(21, 2)', '(27, 12)', '(27, 12)', '(26, 3)']","['(9, 1)', '(21, 2)', '(27, 12)', '(27, 12)', '(26, 3)']","[(4, 9), (27, 4), (17, 3), (17, 12), (19, 9), (8, 9), (9, 8), (11, 5), (2, 11), (13, 8), (15, 5), (18, 1), (6, 11), (21, 9), (27, 6), (3, 6), (5, 3), (17, 5), (5, 12), (8, 11), (19, 11), (11, 7), (24, 1), (13, 1), (1, 8), (15, 7), (7, 3), (18, 3), (7, 12), (18, 12), (22, 12), (27, 8), (3, 8), (17, 7), (19, 4), (5, 5), (9, 3), (9, 12), (11, 9), (13, 3), ... (+139 more)]",39,9,9
180,"(9, 1)","(10, 1)",West,"['(10, 1)', '(8, 1)']","['(9, 1)', '(21, 2)', '(27, 12)', '(27, 12)', '(26, 3)']","['(8, 1)', '(21, 2)', '(27, 12)', '(27, 12)', '(26, 3)']","[(4, 9), (27, 4), (17, 3), (17, 12), (19, 9), (8, 9), (9, 8), (11, 5), (2, 11), (13, 8), (15, 5), (18, 1), (6, 11), (21, 9), (27, 6), (3, 6), (5, 3), (17, 5), (9, 1), (5, 12), (8, 11), (19, 11), (11, 7), (24, 1), (13, 1), (1, 8), (15, 7), (7, 3), (18, 3), (7, 12), (18, 12), (22, 12), (27, 8), (3, 8), (17, 7), (19, 4), (5, 5), (9, 3), (9, 12), (11, 9), ... (+140 more)]",40,8,8
181,"(8, 1)","(9, 1)",West,"['(9, 1)', '(7, 1)']","['(8, 1)', '(21, 2)', '(27, 12)', '(27, 12)', '(26, 3)']","['(7, 1)', '(21, 2)', '(27, 12)', '(27, 12)', '(26, 3)']","[(4, 9), (27, 4), (17, 3), (17, 12), (19, 9), (8, 9), (9, 8), (11, 5), (2, 11), (13, 8), (15, 5), (18, 1), (6, 11), (21, 9), (27, 6), (3, 6), (5, 3), (17, 5), (9, 1), (5, 12), (8, 11), (19, 11), (11, 7), (24, 1), (13, 1), (1, 8), (15, 7), (7, 3), (18, 3), (7, 12), (18, 12), (22, 12), (27, 8), (3, 8), (17, 7), (19, 4), (5, 5), (9, 3), (9, 12), (11, 9), ... (+141 more)]",41,7,7
182,"(7, 1)","(8, 1)",West,"['(8, 1)', '(6, 1)']","['(7, 1)', '(21, 2)', '(27, 12)', '(27, 12)', '(26, 3)']","['(6, 1)', '(21, 2)', '(27, 12)', '(27, 12)', '(26, 3)']","[(4, 9), (27, 4), (17, 3), (17, 12), (19, 9), (8, 9), (9, 8), (11, 5), (2, 11), (13, 8), (15, 5), (18, 1), (7, 1), (6, 11), (21, 9), (27, 6), (3, 6), (5, 3), (17, 5), (9, 1), (5, 12), (8, 11), (19, 11), (11, 7), (24, 1), (13, 1), (1, 8), (15, 7), (7, 3), (18, 3), (7, 12), (18, 12), (22, 12), (27, 8), (3, 8), (17, 7), (19, 4), (5, 5), (9, 3), (9, 12), ... (+142 more)]",42,6,6
183,"(6, 1)","(7, 1)",West,"['(7, 1)', '(5, 1)']","['(6, 1)', '(21, 2)', '(27, 12)', '(27, 12)', '(26, 3)']","['(5, 1)', '(21, 2)', '(27, 12)', '(27, 12)', '(26, 3)']","[(4, 9), (27, 4), (17, 3), (17, 12), (19, 9), (8, 9), (9, 8), (11, 5), (2, 11), (13, 8), (15, 5), (18, 1), (7, 1), (6, 11), (21, 9), (27, 6), (3, 6), (5, 3), (17, 5), (9, 1), (5, 12), (8, 11), (19, 11), (11, 7), (24, 1), (13, 1), (1, 8), (15, 7), (7, 3), (18, 3), (7, 12), (18, 12), (22, 12), (27, 8), (3, 8), (17, 7), (19, 4), (5, 5), (9, 3), (9, 12), ... (+143 more)]",43,5,5
184,"(5, 1)","(6, 1)",West,"['(6, 1)', '(4, 1)']","['(5, 1)', '(21, 2)', '(27, 12)', '(27, 12)', '(26, 3)']","['(4, 1)', '(21, 2)', '(27, 12)', '(27, 12)', '(26, 3)']","[(4, 9), (27, 4), (17, 3), (5, 1), (17, 12), (19, 9), (8, 9), (9, 8), (11, 5), (2, 11), (13, 8), (15, 5), (18, 1), (7, 1), (6, 11), (21, 9), (27, 6), (3, 6), (5, 3), (17, 5), (9, 1), (5, 12), (8, 11), (19, 11), (11, 7), (24, 1), (13, 1), (1, 8), (15, 7), (7, 3), (18, 3), (7, 12), (18, 12), (22, 12), (27, 8), (3, 8), (17, 7), (19, 4), (5, 5), (9, 3), ... (+144 more)]",44,4,4
185,"(4, 1)","(5, 1)",West,"['(5, 1)', '(3, 1)']","['(4, 1)', '(21, 2)', '(27, 12)', '(27, 12)', '(26, 3)']","['(3, 1)', '(21, 2)', '(27, 12)', '(27, 12)', '(26, 3)']","[(4, 9), (27, 4), (17, 3), (5, 1), (17, 12), (19, 9), (8, 9), (9, 8), (11, 5), (2, 11), (13, 8), (15, 5), (18, 1), (7, 1), (6, 11), (21, 9), (27, 6), (3, 6), (5, 3), (17, 5), (9, 1), (5, 12), (8, 11), (19, 11), (11, 7), (24, 1), (13, 1), (1, 8), (15, 7), (7, 3), (18, 3), (7, 12), (18, 12), (22, 12), (27, 8), (3, 8), (17, 7), (19, 4), (5, 5), (9, 3), ... (+145 more)]",45,3,3
186,"(3, 1)","(4, 1)",West,"['(4, 1)', '(2, 1)']","['(3, 1)', '(21, 2)', '(27, 12)', '(27, 12)', '(26, 3)']","['(2, 1)', '(21, 2)', '(27, 12)', '(27, 12)', '(26, 3)']","[(4, 9), (27, 4), (17, 3), (5, 1), (17, 12), (19, 9), (8, 9), (9, 8), (11, 5), (2, 11), (13, 8), (15, 5), (18, 1), (7, 1), (6, 11), (21, 9), (27, 6), (3, 6), (5, 3), (17, 5), (9, 1), (5, 12), (8, 11), (19, 11), (11, 7), (24, 1), (13, 1), (1, 8), (15, 7), (7, 3), (18, 3), (7, 12), (18, 12), (22, 12), (27, 8), (3, 8), (17, 7), (19, 4), (5, 5), (9, 3), ... (+146 more)]",46,2,2
187,"(2, 1)","(3, 1)",West,"['(3, 1)', '(1, 1)']","['(2, 1)', '(21, 2)', '(27, 12)', '(27, 12)', '(26, 3)']","['(1, 1)', '(21, 2)', '(27, 12)', '(27, 12)', '(26, 3)']","[(4, 9), (27, 4), (17, 3), (5, 1), (17, 12), (19, 9), (8, 9), (9, 8), (11, 5), (2, 11), (13, 8), (15, 5), (18, 1), (7, 1), (6, 11), (21, 9), (27, 6), (3, 6), (5, 3), (17, 5), (9, 1), (5, 12), (8, 11), (19, 11), (11, 7), (24, 1), (13, 1), (1, 8), (15, 7), (7, 3), (18, 3), (7, 12), (18, 12), (22, 12), (27, 8), (3, 8), (17, 7), (19, 4), (5, 5), (9, 3), ... (+147 more)]",47,1,1
188,"(1, 1)","(2, 1)",West,[],"['(1, 1)', '(21, 2)', '(27, 12)', '(27, 12)', '(26, 3)']","['(21, 2)', '(26, 3)', '(27, 12)', '(27, 12)']","[(4, 9), (27, 4), (17, 3), (5, 1), (17, 12), (19, 9), (8, 9), (9, 8), (11, 5), (2, 11), (13, 8), (15, 5), (18, 1), (7, 1), (6, 11), (21, 9), (27, 6), (3, 6), (5, 3), (17, 5), (9, 1), (5, 12), (8, 11), (19, 11), (11, 7), (24, 1), (13, 1), (1, 8), (15, 7), (7, 3), (18, 3), (7, 12), (18, 12), (22, 12), (27, 8), (3, 8), (17, 7), (19, 4), (5, 5), (9, 3), ... (+148 more)]",48,0,0
