iteration,expanded_state,parent,action,generated_successors,frontier_before,frontier_after,explored,g,h,f
1,"(35, 1)",START,START,"['(35, 2)', '(34, 1)']","['(35, 1)']","['(34, 1)', '(35, 2)']","['(35, 1)']",0,34,34
2,"(34, 1)","(35, 1)",West,"['(35, 1)', '(33, 1)']","['(34, 1)', '(35, 2)']","['(33, 1)', '(35, 2)']","['(34, 1)', '(35, 1)']",1,33,33
3,"(33, 1)","(34, 1)",West,"['(34, 1)']","['(33, 1)', '(35, 2)']","['(35, 2)']","['(33, 1)', '(34, 1)', '(35, 1)']",2,32,32
4,"(35, 2)","(35, 1)",North,"['(35, 3)', '(35, 1)']","['(35, 2)']","['(35, 3)']","['(35, 2)', '(33, 1)', '(34, 1)', '(35, 1)']",1,35,35
5,"(35, 3)","(35, 2)",North,"['(35, 4)', '(35, 2)', '(34, 3)']","['(35, 3)']","['(34, 3)', '(35, 4)']","['(33, 1)', '(34, 1)', '(35, 1)', '(35, 3)', '(35, 2)']",2,36,36
6,"(34, 3)","(35, 3)",West,"['(35, 3)', '(33, 3)']","['(34, 3)', '(35, 4)']","['(33, 3)', '(35, 4)']","['(33, 1)', '(34, 1)', '(35, 1)', '(34, 3)', '(35, 3)', '(35, 2)']",3,35,35
7,"(33, 3)","(34, 3)",West,"['(33, 4)', '(34, 3)', '(32, 3)']","['(33, 3)', '(35, 4)']","['(32, 3)', '(35, 4)', '(33, 4)']","['(33, 1)', '(34, 1)', '(35, 1)', '(33, 3)', '(34, 3)', '(35, 3)', '(35, 2)']",4,34,34
8,"(32, 3)","(33, 3)",West,"['(33, 3)', '(31, 3)']","['(32, 3)', '(35, 4)', '(33, 4)']","['(31, 3)', '(35, 4)', '(33, 4)']","['(33, 1)', '(34, 1)', '(35, 1)', '(32, 3)', '(33, 3)', '(34, 3)', '(35, 3)', '(35, 2)']",5,33,33
9,"(31, 3)","(32, 3)",West,"['(31, 4)', '(31, 2)', '(32, 3)']","['(31, 3)', '(35, 4)', '(33, 4)']","['(31, 2)', '(31, 4)', '(33, 4)', '(35, 4)']","['(33, 1)', '(34, 1)', '(35, 1)', '(32, 3)', '(33, 3)', '(34, 3)', '(35, 3)', '(31, 3)', '(35, 2)']",6,32,32
10,"(31, 2)","(31, 3)",South,"['(31, 3)', '(31, 1)']","['(31, 2)', '(31, 4)', '(33, 4)', '(35, 4)']","['(31, 1)', '(31, 4)', '(33, 4)', '(35, 4)']","['(33, 1)', '(34, 1)', '(35, 1)', '(32, 3)', '(33, 3)', '(34, 3)', '(35, 3)', '(31, 3)', '(35, 2)', '(31, 2)']",7,31,31
11,"(31, 1)","(31, 2)",South,"['(31, 2)']","['(31, 1)', '(31, 4)', '(33, 4)', '(35, 4)']","['(31, 4)', '(35, 4)', '(33, 4)']","['(33, 1)', '(34, 1)', '(35, 1)', '(32, 3)', '(31, 1)', '(33, 3)', '(34, 3)', '(35, 3)', '(31, 3)', '(35, 2)', '(31, 2)']",8,30,30
12,"(31, 4)","(31, 3)",North,"['(31, 5)', '(31, 3)']","['(31, 4)', '(35, 4)', '(33, 4)']","['(31, 5)', '(35, 4)', '(33, 4)']","['(33, 1)', '(34, 1)', '(35, 1)', '(31, 4)', '(32, 3)', '(31, 1)', '(33, 3)', '(34, 3)', '(35, 3)', '(31, 3)', '(35, 2)', '(31, 2)']",7,33,33
13,"(31, 5)","(31, 4)",North,"['(31, 6)', '(31, 4)', '(30, 5)']","['(31, 5)', '(35, 4)', '(33, 4)']","['(30, 5)', '(33, 4)', '(31, 6)', '(35, 4)']","['(31, 5)', '(33, 1)', '(34, 1)', '(35, 1)', '(31, 4)', '(32, 3)', '(31, 1)', '(33, 3)', '(34, 3)', '(35, 3)', '(31, 3)', '(35, 2)', '(31, 2)']",8,34,34
14,"(30, 5)","(31, 5)",West,"['(31, 5)', '(29, 5)']","['(30, 5)', '(33, 4)', '(31, 6)', '(35, 4)']","['(29, 5)', '(33, 4)', '(31, 6)', '(35, 4)']","['(31, 5)', '(33, 1)', '(34, 1)', '(35, 1)', '(31, 4)', '(32, 3)', '(31, 1)', '(33, 3)', '(34, 3)', '(35, 3)', '(31, 3)', '(35, 2)', '(31, 2)', '(30, 5)']",9,33,33
15,"(29, 5)","(30, 5)",West,"['(29, 4)', '(30, 5)']","['(29, 5)', '(33, 4)', '(31, 6)', '(35, 4)']","['(29, 4)', '(33, 4)', '(31, 6)', '(35, 4)']","['(31, 5)', '(33, 1)', '(34, 1)', '(35, 1)', '(31, 4)', '(32, 3)', '(31, 1)', '(33, 3)', '(34, 3)', '(35, 3)', '(31, 3)', '(35, 2)', '(29, 5)', '(31, 2)', '(30, 5)']",10,32,32
16,"(29, 4)","(29, 5)",South,"['(29, 5)', '(29, 3)']","['(29, 4)', '(33, 4)', '(31, 6)', '(35, 4)']","['(29, 3)', '(33, 4)', '(31, 6)', '(35, 4)']","['(31, 5)', '(33, 1)', '(29, 4)', '(34, 1)', '(35, 1)', '(31, 4)', '(32, 3)', '(31, 1)', '(33, 3)', '(34, 3)', '(35, 3)', '(31, 3)', '(35, 2)', '(29, 5)', '(31, 2)', '(30, 5)']",11,31,31
17,"(29, 3)","(29, 4)",South,"['(29, 4)', '(28, 3)']","['(29, 3)', '(33, 4)', '(31, 6)', '(35, 4)']","['(28, 3)', '(33, 4)', '(31, 6)', '(35, 4)']","['(31, 5)', '(33, 1)', '(29, 4)', '(34, 1)', '(35, 1)', '(31, 4)', '(32, 3)', '(31, 1)', '(33, 3)', '(34, 3)', '(29, 3)', '(35, 3)', '(31, 3)', '(35, 2)', '(29, 5)', '(31, 2)', '(30, 5)']",12,30,30
18,"(28, 3)","(29, 3)",West,"['(29, 3)', '(27, 3)']","['(28, 3)', '(33, 4)', '(31, 6)', '(35, 4)']","['(27, 3)', '(33, 4)', '(31, 6)', '(35, 4)']","['(31, 5)', '(33, 1)', '(29, 4)', '(34, 1)', '(35, 1)', '(31, 4)', '(32, 3)', '(31, 1)', '(33, 3)', '(28, 3)', '(34, 3)', '(29, 3)', '(35, 3)', '(31, 3)', '(35, 2)', '(29, 5)', '(31, 2)', '(30, 5)']",13,29,29
19,"(27, 3)","(28, 3)",West,"['(27, 4)', '(27, 2)', '(28, 3)', '(26, 3)']","['(27, 3)', '(33, 4)', '(31, 6)', '(35, 4)']","['(27, 2)', '(27, 4)', '(26, 3)', '(35, 4)', '(33, 4)', '(31, 6)']","['(31, 5)', '(34, 1)', '(28, 3)', '(32, 3)', '(35, 2)', '(29, 4)', '(31, 4)', '(31, 1)', '(34, 3)', '(27, 3)', '(30, 5)', '(33, 1)', '(35, 1)', '(29, 3)', '(31, 3)', '(33, 3)', '(35, 3)', '(29, 5)', '(31, 2)']",14,28,28
20,"(27, 2)","(27, 3)",South,"['(27, 3)', '(27, 1)']","['(27, 2)', '(27, 4)', '(26, 3)', '(35, 4)', '(33, 4)', '(31, 6)']","['(27, 1)', '(27, 4)', '(26, 3)', '(35, 4)', '(33, 4)', '(31, 6)']","['(31, 5)', '(34, 1)', '(28, 3)', '(32, 3)', '(35, 2)', '(29, 4)', '(31, 4)', '(31, 1)', '(34, 3)', '(27, 3)', '(30, 5)', '(33, 1)', '(35, 1)', '(29, 3)', '(31, 3)', '(27, 2)', '(33, 3)', '(35, 3)', '(29, 5)', '(31, 2)']",15,27,27
21,"(27, 1)","(27, 2)",South,"['(27, 2)', '(28, 1)']","['(27, 1)', '(27, 4)', '(26, 3)', '(35, 4)', '(33, 4)', '(31, 6)']","['(26, 3)', '(27, 4)', '(28, 1)', '(35, 4)', '(33, 4)', '(31, 6)']","['(31, 5)', '(34, 1)', '(27, 1)', '(28, 3)', '(32, 3)', '(35, 2)', '(29, 4)', '(31, 4)', '(31, 1)', '(34, 3)', '(27, 3)', '(30, 5)', '(33, 1)', '(35, 1)', '(29, 3)', '(31, 3)', '(27, 2)', '(33, 3)', '(35, 3)', '(29, 5)', '(31, 2)']",16,26,26
22,"(26, 3)","(27, 3)",West,"['(27, 3)', '(25, 3)']","['(26, 3)', '(27, 4)', '(28, 1)', '(35, 4)', '(33, 4)', '(31, 6)']","['(25, 3)', '(27, 4)', '(28, 1)', '(35, 4)', '(33, 4)', '(31, 6)']","['(31, 5)', '(34, 1)', '(27, 1)', '(28, 3)', '(32, 3)', '(35, 2)', '(29, 4)', '(31, 4)', '(31, 1)', '(34, 3)', '(27, 3)', '(30, 5)', '(33, 1)', '(35, 1)', '(29, 3)', '(31, 3)', '(27, 2)', '(33, 3)', '(35, 3)', '(26, 3)', '(29, 5)', '(31, 2)']",15,27,27
23,"(25, 3)","(26, 3)",West,"['(25, 4)', '(26, 3)', '(24, 3)']","['(25, 3)', '(27, 4)', '(28, 1)', '(35, 4)', '(33, 4)', '(31, 6)']","['(24, 3)', '(27, 4)', '(28, 1)', '(35, 4)', '(33, 4)', '(31, 6)', '(25, 4)']","['(31, 5)', '(34, 1)', '(27, 1)', '(28, 3)', '(32, 3)', '(35, 2)', '(29, 4)', '(31, 4)', '(31, 1)', '(34, 3)', '(27, 3)', '(30, 5)', '(33, 1)', '(25, 3)', '(35, 1)', '(29, 3)', '(31, 3)', '(27, 2)', '(33, 3)', '(35, 3)', '(26, 3)', '(29, 5)', '(31, 2)']",16,26,26
24,"(24, 3)","(25, 3)",West,"['(25, 3)', '(23, 3)']","['(24, 3)', '(27, 4)', '(28, 1)', '(35, 4)', '(33, 4)', '(31, 6)', '(25, 4)']","['(23, 3)', '(27, 4)', '(28, 1)', '(35, 4)', '(33, 4)', '(31, 6)', '(25, 4)']","['(31, 5)', '(34, 1)', '(27, 1)', '(28, 3)', '(32, 3)', '(35, 2)', '(29, 4)', '(31, 4)', '(31, 1)', '(34, 3)', '(27, 3)', '(30, 5)', '(33, 1)', '(25, 3)', '(35, 1)', '(29, 3)', '(31, 3)', '(27, 2)', '(33, 3)', '(35, 3)', '(24, 3)', '(26, 3)', '(29, 5)', '(31, 2)']",17,25,25
25,"(23, 3)","(24, 3)",West,"['(23, 2)', '(24, 3)', '(22, 3)']","['(23, 3)', '(27, 4)', '(28, 1)', '(35, 4)', '(33, 4)', '(31, 6)', '(25, 4)']","['(23, 2)', '(22, 3)', '(28, 1)', '(27, 4)', '(33, 4)', '(31, 6)', '(25, 4)', '(35, 4)']","['(31, 5)', '(34, 1)', '(27, 1)', '(28, 3)', '(32, 3)', '(35, 2)', '(29, 4)', '(31, 4)', '(31, 1)', '(23, 3)', '(34, 3)', '(27, 3)', '(30, 5)', '(33, 1)', '(25, 3)', '(35, 1)', '(29, 3)', '(31, 3)', '(27, 2)', '(33, 3)', '(35, 3)', '(24, 3)', '(26, 3)', '(29, 5)', '(31, 2)']",18,24,24
26,"(23, 2)","(23, 3)",South,"['(23, 3)', '(23, 1)']","['(23, 2)', '(22, 3)', '(28, 1)', '(27, 4)', '(33, 4)', '(31, 6)', '(25, 4)', '(35, 4)']","['(23, 1)', '(22, 3)', '(28, 1)', '(27, 4)', '(33, 4)', '(31, 6)', '(25, 4)', '(35, 4)']","['(31, 5)', '(34, 1)', '(27, 1)', '(28, 3)', '(32, 3)', '(35, 2)', '(29, 4)', '(31, 4)', '(31, 1)', '(23, 3)', '(34, 3)', '(27, 3)', '(30, 5)', '(33, 1)', '(25, 3)', '(35, 1)', '(29, 3)', '(31, 3)', '(23, 2)', '(27, 2)', '(33, 3)', '(35, 3)', '(24, 3)', '(26, 3)', '(29, 5)', '(31, 2)']",19,23,23
27,"(23, 1)","(23, 2)",South,"['(23, 2)', '(24, 1)', '(22, 1)']","['(23, 1)', '(22, 3)', '(28, 1)', '(27, 4)', '(33, 4)', '(31, 6)', '(25, 4)', '(35, 4)']","['(22, 1)', '(22, 3)', '(28, 1)', '(24, 1)', '(33, 4)', '(31, 6)', '(25, 4)', '(35, 4)', '(27, 4)']","['(31, 5)', '(23, 1)', '(34, 1)', '(27, 1)', '(28, 3)', '(32, 3)', '(35, 2)', '(29, 4)', '(31, 4)', '(31, 1)', '(23, 3)', '(34, 3)', '(27, 3)', '(30, 5)', '(33, 1)', '(25, 3)', '(35, 1)', '(29, 3)', '(31, 3)', '(23, 2)', '(27, 2)', '(33, 3)', '(35, 3)', '(24, 3)', '(26, 3)', '(29, 5)', '(31, 2)']",20,22,22
28,"(22, 1)","(23, 1)",West,"['(23, 1)', '(21, 1)']","['(22, 1)', '(22, 3)', '(28, 1)', '(24, 1)', '(33, 4)', '(31, 6)', '(25, 4)', '(35, 4)', '(27, 4)']","['(21, 1)', '(22, 3)', '(28, 1)', '(24, 1)', '(33, 4)', '(31, 6)', '(25, 4)', '(35, 4)', '(27, 4)']","['(31, 5)', '(23, 1)', '(34, 1)', '(27, 1)', '(28, 3)', '(32, 3)', '(35, 2)', '(29, 4)', '(31, 4)', '(22, 1)', '(31, 1)', '(23, 3)', '(34, 3)', '(27, 3)', '(30, 5)', '(33, 1)', '(25, 3)', '(35, 1)', '(29, 3)', '(31, 3)', '(23, 2)', '(27, 2)', '(33, 3)', '(35, 3)', '(24, 3)', '(26, 3)', '(29, 5)', '(31, 2)']",21,21,21
29,"(21, 1)","(22, 1)",West,"['(22, 1)', '(20, 1)']","['(21, 1)', '(22, 3)', '(28, 1)', '(24, 1)', '(33, 4)', '(31, 6)', '(25, 4)', '(35, 4)', '(27, 4)']","['(20, 1)', '(22, 3)', '(28, 1)', '(24, 1)', '(33, 4)', '(31, 6)', '(25, 4)', '(35, 4)', '(27, 4)']","['(31, 5)', '(23, 1)', '(34, 1)', '(27, 1)', '(28, 3)', '(32, 3)', '(35, 2)', '(29, 4)', '(31, 4)', '(22, 1)', '(31, 1)', '(23, 3)', '(34, 3)', '(27, 3)', '(30, 5)', '(33, 1)', '(25, 3)', '(35, 1)', '(29, 3)', '(31, 3)', '(23, 2)', '(27, 2)', '(33, 3)', '(35, 3)', '(24, 3)', '(26, 3)', '(29, 5)', '(31, 2)', '(21, 1)']",22,20,20
30,"(20, 1)","(21, 1)",West,"['(21, 1)', '(19, 1)']","['(20, 1)', '(22, 3)', '(28, 1)', '(24, 1)', '(33, 4)', '(31, 6)', '(25, 4)', '(35, 4)', '(27, 4)']","['(19, 1)', '(22, 3)', '(28, 1)', '(24, 1)', '(33, 4)', '(31, 6)', '(25, 4)', '(35, 4)', '(27, 4)']","['(31, 5)', '(23, 1)', '(34, 1)', '(27, 1)', '(28, 3)', '(32, 3)', '(35, 2)', '(29, 4)', '(31, 4)', '(22, 1)', '(31, 1)', '(20, 1)', '(23, 3)', '(34, 3)', '(27, 3)', '(30, 5)', '(33, 1)', '(25, 3)', '(35, 1)', '(29, 3)', '(31, 3)', '(23, 2)', '(27, 2)', '(33, 3)', '(35, 3)', '(24, 3)', '(26, 3)', '(29, 5)', '(31, 2)', '(21, 1)']",23,19,19
31,"(19, 1)","(20, 1)",West,"['(20, 1)']","['(19, 1)', '(22, 3)', '(28, 1)', '(24, 1)', '(33, 4)', '(31, 6)', '(25, 4)', '(35, 4)', '(27, 4)']","['(22, 3)', '(24, 1)', '(28, 1)', '(27, 4)', '(33, 4)', '(31, 6)', '(25, 4)', '(35, 4)']","['(31, 5)', '(23, 1)', '(34, 1)', '(27, 1)', '(28, 3)', '(32, 3)', '(35, 2)', '(29, 4)', '(31, 4)', '(22, 1)', '(31, 1)', '(20, 1)', '(23, 3)', '(34, 3)', '(27, 3)', '(30, 5)', '(33, 1)', '(25, 3)', '(35, 1)', '(29, 3)', '(31, 3)', '(23, 2)', '(27, 2)', '(19, 1)', '(33, 3)', '(35, 3)', '(24, 3)', '(26, 3)', '(29, 5)', '(31, 2)', '(21, 1)']",24,18,18
32,"(22, 3)","(23, 3)",West,"['(23, 3)', '(21, 3)']","['(22, 3)', '(24, 1)', '(28, 1)', '(27, 4)', '(33, 4)', '(31, 6)', '(25, 4)', '(35, 4)']","['(21, 3)', '(24, 1)', '(28, 1)', '(27, 4)', '(33, 4)', '(31, 6)', '(25, 4)', '(35, 4)']","['(31, 5)', '(23, 1)', '(34, 1)', '(27, 1)', '(28, 3)', '(32, 3)', '(35, 2)', '(29, 4)', '(31, 4)', '(22, 1)', '(31, 1)', '(20, 1)', '(23, 3)', '(34, 3)', '(27, 3)', '(30, 5)', '(33, 1)', '(25, 3)', '(35, 1)', '(29, 3)', '(31, 3)', '(23, 2)', '(22, 3)', '(27, 2)', '(19, 1)', '(33, 3)', '(35, 3)', '(24, 3)', '(26, 3)', '(29, 5)', '(31, 2)', '(21, 1)']",19,23,23
33,"(21, 3)","(22, 3)",West,"['(22, 3)', '(20, 3)']","['(21, 3)', '(24, 1)', '(28, 1)', '(27, 4)', '(33, 4)', '(31, 6)', '(25, 4)', '(35, 4)']","['(20, 3)', '(24, 1)', '(28, 1)', '(27, 4)', '(33, 4)', '(31, 6)', '(25, 4)', '(35, 4)']","['(31, 5)', '(23, 1)', '(34, 1)', '(27, 1)', '(28, 3)', '(32, 3)', '(35, 2)', '(29, 4)', '(31, 4)', '(22, 1)', '(21, 3)', '(31, 1)', '(20, 1)', '(23, 3)', '(34, 3)', '(27, 3)', '(30, 5)', '(33, 1)', '(25, 3)', '(35, 1)', '(29, 3)', '(31, 3)', '(23, 2)', '(22, 3)', '(27, 2)', '(19, 1)', '(33, 3)', '(35, 3)', '(24, 3)', '(26, 3)', '(29, 5)', '(31, 2)', '(21, 1)']",20,22,22
34,"(20, 3)","(21, 3)",West,"['(21, 3)', '(19, 3)']","['(20, 3)', '(24, 1)', '(28, 1)', '(27, 4)', '(33, 4)', '(31, 6)', '(25, 4)', '(35, 4)']","['(19, 3)', '(24, 1)', '(28, 1)', '(27, 4)', '(33, 4)', '(31, 6)', '(25, 4)', '(35, 4)']","['(31, 5)', '(23, 1)', '(34, 1)', '(27, 1)', '(28, 3)', '(32, 3)', '(35, 2)', '(29, 4)', '(31, 4)', '(22, 1)', '(21, 3)', '(31, 1)', '(20, 1)', '(23, 3)', '(34, 3)', '(27, 3)', '(30, 5)', '(33, 1)', '(25, 3)', '(35, 1)', '(29, 3)', '(31, 3)', '(23, 2)', '(20, 3)', '(22, 3)', '(27, 2)', '(19, 1)', '(33, 3)', '(35, 3)', '(24, 3)', '(26, 3)', '(29, 5)', '(31, 2)', '(21, 1)']",21,21,21
35,"(19, 3)","(20, 3)",West,"['(20, 3)', '(18, 3)']","['(19, 3)', '(24, 1)', '(28, 1)', '(27, 4)', '(33, 4)', '(31, 6)', '(25, 4)', '(35, 4)']","['(18, 3)', '(24, 1)', '(28, 1)', '(27, 4)', '(33, 4)', '(31, 6)', '(25, 4)', '(35, 4)']","['(31, 5)', '(23, 1)', '(34, 1)', '(27, 1)', '(28, 3)', '(19, 3)', '(32, 3)', '(35, 2)', '(29, 4)', '(31, 4)', '(22, 1)', '(21, 3)', '(31, 1)', '(20, 1)', '(23, 3)', '(34, 3)', '(27, 3)', '(30, 5)', '(33, 1)', '(25, 3)', '(35, 1)', '(29, 3)', '(31, 3)', '(23, 2)', '(20, 3)', '(22, 3)', '(27, 2)', '(19, 1)', '(33, 3)', '(35, 3)', '(24, 3)', '(26, 3)', '(29, 5)', '(31, 2)', '(21, 1)']",22,20,20
36,"(18, 3)","(19, 3)",West,"['(19, 3)', '(17, 3)']","['(18, 3)', '(24, 1)', '(28, 1)', '(27, 4)', '(33, 4)', '(31, 6)', '(25, 4)', '(35, 4)']","['(17, 3)', '(24, 1)', '(28, 1)', '(27, 4)', '(33, 4)', '(31, 6)', '(25, 4)', '(35, 4)']","['(31, 5)', '(23, 1)', '(34, 1)', '(27, 1)', '(28, 3)', '(19, 3)', '(32, 3)', '(35, 2)', '(29, 4)', '(31, 4)', '(22, 1)', '(21, 3)', '(31, 1)', '(20, 1)', '(23, 3)', '(34, 3)', '(27, 3)', '(30, 5)', '(33, 1)', '(25, 3)', '(35, 1)', '(18, 3)', '(29, 3)', '(31, 3)', '(23, 2)', '(20, 3)', '(22, 3)', '(27, 2)', '(19, 1)', '(33, 3)', '(35, 3)', '(24, 3)', '(26, 3)', '(29, 5)', '(31, 2)', '(21, 1)']",23,19,19
37,"(17, 3)","(18, 3)",West,"['(18, 3)', '(16, 3)']","['(17, 3)', '(24, 1)', '(28, 1)', '(27, 4)', '(33, 4)', '(31, 6)', '(25, 4)', '(35, 4)']","['(16, 3)', '(24, 1)', '(28, 1)', '(27, 4)', '(33, 4)', '(31, 6)', '(25, 4)', '(35, 4)']","['(31, 5)', '(23, 1)', '(34, 1)', '(27, 1)', '(28, 3)', '(17, 3)', '(19, 3)', '(32, 3)', '(35, 2)', '(29, 4)', '(31, 4)', '(22, 1)', '(21, 3)', '(31, 1)', '(20, 1)', '(23, 3)', '(34, 3)', '(27, 3)', '(30, 5)', '(33, 1)', '(25, 3)', '(35, 1)', '(18, 3)', '(29, 3)', '(31, 3)', '(23, 2)', '(20, 3)', '(22, 3)', '(27, 2)', '(19, 1)', '(33, 3)', '(35, 3)', '(24, 3)', '(26, 3)', '(29, 5)', '(31, 2)', '(21, 1)']",24,18,18
38,"(16, 3)","(17, 3)",West,"['(17, 3)', '(15, 3)']","['(16, 3)', '(24, 1)', '(28, 1)', '(27, 4)', '(33, 4)', '(31, 6)', '(25, 4)', '(35, 4)']","['(15, 3)', '(24, 1)', '(28, 1)', '(27, 4)', '(33, 4)', '(31, 6)', '(25, 4)', '(35, 4)']","['(31, 5)', '(23, 1)', '(34, 1)', '(27, 1)', '(28, 3)', '(17, 3)', '(19, 3)', '(32, 3)', '(35, 2)', '(29, 4)', '(31, 4)', '(22, 1)', '(21, 3)', '(31, 1)', '(20, 1)', '(23, 3)', '(34, 3)', '(27, 3)', '(30, 5)', '(33, 1)', '(25, 3)', '(35, 1)', '(16, 3)', '(18, 3)', '(29, 3)', '(31, 3)', '(23, 2)', '(20, 3)', '(22, 3)', '(27, 2)', '(19, 1)', '(33, 3)', '(35, 3)', '(24, 3)', '(26, 3)', '(29, 5)', '(31, 2)', '(21, 1)']",25,17,17
39,"(15, 3)","(16, 3)",West,"['(15, 4)', '(15, 2)', '(16, 3)', '(14, 3)']","['(15, 3)', '(24, 1)', '(28, 1)', '(27, 4)', '(33, 4)', '(31, 6)', '(25, 4)', '(35, 4)']","['(15, 2)', '(14, 3)', '(28, 1)', '(24, 1)', '(15, 4)', '(31, 6)', '(25, 4)', '(35, 4)', '(27, 4)', '(33, 4)']","['(31, 5)', '(23, 1)', '(34, 1)', '(27, 1)', '(28, 3)', '(17, 3)', '(19, 3)', '(32, 3)', '(35, 2)', '(29, 4)', '(31, 4)', '(22, 1)', '(21, 3)', '(31, 1)', '(20, 1)', '(23, 3)', '(34, 3)', '(27, 3)', '(30, 5)', '(33, 1)', '(25, 3)', '(35, 1)', '(16, 3)', '(18, 3)', '(29, 3)', '(31, 3)', '(23, 2)', '(20, 3)', '(22, 3)', '(27, 2)', '(19, 1)', '(33, 3)', '(35, 3)', '(24, 3)', '(26, 3)', '(15, 3)', '(29, 5)', '(31, 2)', '(21, 1)']",26,16,16
40,"(15, 2)","(15, 3)",South,"['(15, 3)', '(15, 1)']","['(15, 2)', '(14, 3)', '(28, 1)', '(24, 1)', '(15, 4)', '(31, 6)', '(25, 4)', '(35, 4)', '(27, 4)', '(33, 4)']","['(15, 1)', '(14, 3)', '(28, 1)', '(24, 1)', '(15, 4)', '(31, 6)', '(25, 4)', '(35, 4)', '(27, 4)', '(33, 4)']","['(31, 5)', '(23, 1)', '(34, 1)', '(27, 1)', '(28, 3)', '(17, 3)', '(19, 3)', '(32, 3)', '(35, 2)', '(15, 2)', '(29, 4)', '(31, 4)', '(22, 1)', '(21, 3)', '(31, 1)', '(20, 1)', '(23, 3)', '(34, 3)', '(27, 3)', '(30, 5)', '(33, 1)', '(25, 3)', '(35, 1)', '(16, 3)', '(18, 3)', '(29, 3)', '(31, 3)', '(23, 2)', '(20, 3)', '(22, 3)', '(27, 2)', '(19, 1)', '(33, 3)', '(35, 3)', '(24, 3)', '(26, 3)', '(15, 3)', '(29, 5)', '(31, 2)', '(21, 1)']",27,15,15
41,"(15, 1)","(15, 2)",South,"['(15, 2)', '(16, 1)']","['(15, 1)', '(14, 3)', '(28, 1)', '(24, 1)', '(15, 4)', '(31, 6)', '(25, 4)', '(35, 4)', '(27, 4)', '(33, 4)']","['(14, 3)', '(16, 1)', '(28, 1)', '(24, 1)', '(15, 4)', '(31, 6)', '(25, 4)', '(35, 4)', '(27, 4)', '(33, 4)']","[(31, 5), (23, 1), (34, 1), (27, 1), (28, 3), (17, 3), (19, 3), (32, 3), (35, 2), (15, 2), (29, 4), (31, 4), (22, 1), (21, 3), (31, 1), (20, 1), (23, 3), (34, 3), (27, 3), (30, 5), (33, 1), (25, 3), (35, 1), (16, 3), (15, 1), (18, 3), (29, 3), (31, 3), (23, 2), (20, 3), (22, 3), (27, 2), (19, 1), (33, 3), (35, 3), (24, 3), (26, 3), (15, 3), (29, 5), (31, 2), ... (+1 more)]",28,14,14
42,"(14, 3)","(15, 3)",West,"['(15, 3)', '(13, 3)']","['(14, 3)', '(16, 1)', '(28, 1)', '(24, 1)', '(15, 4)', '(31, 6)', '(25, 4)', '(35, 4)', '(27, 4)', '(33, 4)']","['(13, 3)', '(16, 1)', '(28, 1)', '(24, 1)', '(15, 4)', '(31, 6)', '(25, 4)', '(35, 4)', '(27, 4)', '(33, 4)']","[(31, 5), (23, 1), (34, 1), (27, 1), (28, 3), (17, 3), (19, 3), (32, 3), (35, 2), (15, 2), (29, 4), (31, 4), (22, 1), (21, 3), (31, 1), (20, 1), (23, 3), (34, 3), (14, 3), (27, 3), (30, 5), (33, 1), (25, 3), (35, 1), (16, 3), (15, 1), (18, 3), (29, 3), (31, 3), (23, 2), (20, 3), (22, 3), (27, 2), (19, 1), (33, 3), (35, 3), (24, 3), (26, 3), (15, 3), (29, 5), ... (+2 more)]",27,15,15
43,"(13, 3)","(14, 3)",West,"['(13, 4)', '(14, 3)']","['(13, 3)', '(16, 1)', '(28, 1)', '(24, 1)', '(15, 4)', '(31, 6)', '(25, 4)', '(35, 4)', '(27, 4)', '(33, 4)']","['(16, 1)', '(13, 4)', '(28, 1)', '(24, 1)', '(15, 4)', '(31, 6)', '(25, 4)', '(35, 4)', '(27, 4)', '(33, 4)']","[(31, 5), (23, 1), (34, 1), (27, 1), (28, 3), (17, 3), (19, 3), (32, 3), (35, 2), (15, 2), (29, 4), (31, 4), (22, 1), (21, 3), (31, 1), (20, 1), (23, 3), (34, 3), (14, 3), (27, 3), (30, 5), (33, 1), (25, 3), (35, 1), (16, 3), (15, 1), (18, 3), (29, 3), (31, 3), (23, 2), (20, 3), (22, 3), (27, 2), (19, 1), (33, 3), (35, 3), (24, 3), (13, 3), (26, 3), (15, 3), ... (+3 more)]",28,14,14
44,"(16, 1)","(15, 1)",East,"['(17, 1)', '(15, 1)']","['(16, 1)', '(13, 4)', '(28, 1)', '(24, 1)', '(15, 4)', '(31, 6)', '(25, 4)', '(35, 4)', '(27, 4)', '(33, 4)']","['(13, 4)', '(17, 1)', '(28, 1)', '(24, 1)', '(15, 4)', '(31, 6)', '(25, 4)', '(35, 4)', '(27, 4)', '(33, 4)']","[(31, 5), (23, 1), (34, 1), (27, 1), (28, 3), (17, 3), (19, 3), (32, 3), (35, 2), (15, 2), (16, 1), (29, 4), (31, 4), (22, 1), (21, 3), (31, 1), (20, 1), (23, 3), (34, 3), (14, 3), (27, 3), (30, 5), (33, 1), (25, 3), (35, 1), (16, 3), (15, 1), (18, 3), (29, 3), (31, 3), (23, 2), (20, 3), (22, 3), (27, 2), (19, 1), (33, 3), (35, 3), (24, 3), (13, 3), (26, 3), ... (+4 more)]",29,15,15
45,"(13, 4)","(13, 3)",North,"['(13, 5)', '(13, 3)']","['(13, 4)', '(17, 1)', '(28, 1)', '(24, 1)', '(15, 4)', '(31, 6)', '(25, 4)', '(35, 4)', '(27, 4)', '(33, 4)']","['(17, 1)', '(13, 5)', '(28, 1)', '(24, 1)', '(15, 4)', '(31, 6)', '(25, 4)', '(35, 4)', '(27, 4)', '(33, 4)']","[(31, 5), (23, 1), (34, 1), (27, 1), (28, 3), (17, 3), (19, 3), (32, 3), (35, 2), (15, 2), (16, 1), (29, 4), (31, 4), (22, 1), (21, 3), (31, 1), (20, 1), (23, 3), (34, 3), (14, 3), (27, 3), (30, 5), (33, 1), (13, 4), (25, 3), (35, 1), (16, 3), (15, 1), (18, 3), (29, 3), (31, 3), (23, 2), (20, 3), (22, 3), (27, 2), (19, 1), (33, 3), (35, 3), (24, 3), (13, 3), ... (+5 more)]",29,15,15
46,"(17, 1)","(16, 1)",East,"['(16, 1)']","['(17, 1)', '(13, 5)', '(28, 1)', '(24, 1)', '(15, 4)', '(31, 6)', '(25, 4)', '(35, 4)', '(27, 4)', '(33, 4)']","['(13, 5)', '(15, 4)', '(28, 1)', '(24, 1)', '(33, 4)', '(31, 6)', '(25, 4)', '(35, 4)', '(27, 4)']","[(31, 5), (23, 1), (34, 1), (27, 1), (28, 3), (17, 3), (19, 3), (32, 3), (35, 2), (15, 2), (16, 1), (29, 4), (31, 4), (22, 1), (21, 3), (31, 1), (20, 1), (23, 3), (34, 3), (14, 3), (27, 3), (30, 5), (33, 1), (13, 4), (25, 3), (35, 1), (16, 3), (15, 1), (18, 3), (29, 3), (31, 3), (23, 2), (20, 3), (22, 3), (27, 2), (17, 1), (19, 1), (33, 3), (35, 3), (24, 3), ... (+6 more)]",30,16,16
47,"(13, 5)","(13, 4)",North,"['(13, 4)']","['(13, 5)', '(15, 4)', '(28, 1)', '(24, 1)', '(33, 4)', '(31, 6)', '(25, 4)', '(35, 4)', '(27, 4)']","['(15, 4)', '(24, 1)', '(28, 1)', '(27, 4)', '(33, 4)', '(31, 6)', '(25, 4)', '(35, 4)']","[(31, 5), (23, 1), (34, 1), (27, 1), (28, 3), (17, 3), (19, 3), (32, 3), (35, 2), (13, 5), (15, 2), (16, 1), (29, 4), (31, 4), (22, 1), (21, 3), (31, 1), (20, 1), (23, 3), (34, 3), (14, 3), (27, 3), (30, 5), (33, 1), (13, 4), (25, 3), (35, 1), (16, 3), (15, 1), (18, 3), (29, 3), (31, 3), (23, 2), (20, 3), (22, 3), (27, 2), (17, 1), (19, 1), (33, 3), (35, 3), ... (+7 more)]",30,16,16
48,"(15, 4)","(15, 3)",North,"['(15, 5)', '(15, 3)']","['(15, 4)', '(24, 1)', '(28, 1)', '(27, 4)', '(33, 4)', '(31, 6)', '(25, 4)', '(35, 4)']","['(15, 5)', '(24, 1)', '(28, 1)', '(27, 4)', '(33, 4)', '(31, 6)', '(25, 4)', '(35, 4)']","[(31, 5), (23, 1), (34, 1), (27, 1), (28, 3), (17, 3), (19, 3), (32, 3), (35, 2), (13, 5), (15, 2), (16, 1), (29, 4), (31, 4), (22, 1), (21, 3), (31, 1), (20, 1), (23, 3), (34, 3), (14, 3), (27, 3), (30, 5), (33, 1), (13, 4), (25, 3), (35, 1), (15, 4), (16, 3), (15, 1), (18, 3), (29, 3), (31, 3), (23, 2), (20, 3), (22, 3), (27, 2), (17, 1), (19, 1), (33, 3), ... (+8 more)]",27,17,17
49,"(15, 5)","(15, 4)",North,"['(15, 4)', '(16, 5)']","['(15, 5)', '(24, 1)', '(28, 1)', '(27, 4)', '(33, 4)', '(31, 6)', '(25, 4)', '(35, 4)']","['(16, 5)', '(24, 1)', '(28, 1)', '(27, 4)', '(33, 4)', '(31, 6)', '(25, 4)', '(35, 4)']","[(31, 5), (23, 1), (34, 1), (27, 1), (28, 3), (17, 3), (19, 3), (32, 3), (35, 2), (13, 5), (15, 2), (16, 1), (15, 5), (29, 4), (31, 4), (22, 1), (21, 3), (31, 1), (20, 1), (23, 3), (34, 3), (14, 3), (27, 3), (30, 5), (33, 1), (13, 4), (25, 3), (35, 1), (15, 4), (16, 3), (15, 1), (18, 3), (29, 3), (31, 3), (23, 2), (20, 3), (22, 3), (27, 2), (17, 1), (19, 1), ... (+9 more)]",28,18,18
50,"(16, 5)","(15, 5)",East,"['(17, 5)', '(15, 5)']","['(16, 5)', '(24, 1)', '(28, 1)', '(27, 4)', '(33, 4)', '(31, 6)', '(25, 4)', '(35, 4)']","['(17, 5)', '(24, 1)', '(28, 1)', '(27, 4)', '(33, 4)', '(31, 6)', '(25, 4)', '(35, 4)']","[(31, 5), (23, 1), (34, 1), (27, 1), (28, 3), (17, 3), (19, 3), (32, 3), (35, 2), (13, 5), (15, 2), (16, 1), (15, 5), (29, 4), (31, 4), (22, 1), (21, 3), (31, 1), (20, 1), (23, 3), (34, 3), (14, 3), (27, 3), (30, 5), (33, 1), (13, 4), (25, 3), (35, 1), (15, 4), (16, 3), (15, 1), (18, 3), (29, 3), (31, 3), (23, 2), (20, 3), (22, 3), (27, 2), (17, 1), (19, 1), ... (+10 more)]",29,19,19
51,"(17, 5)","(16, 5)",East,"['(17, 6)', '(18, 5)', '(16, 5)']","['(17, 5)', '(24, 1)', '(28, 1)', '(27, 4)', '(33, 4)', '(31, 6)', '(25, 4)', '(35, 4)']","['(17, 6)', '(18, 5)', '(28, 1)', '(24, 1)', '(33, 4)', '(31, 6)', '(25, 4)', '(35, 4)', '(27, 4)']","[(31, 5), (23, 1), (34, 1), (27, 1), (28, 3), (17, 3), (19, 3), (32, 3), (35, 2), (13, 5), (15, 2), (16, 1), (15, 5), (29, 4), (31, 4), (22, 1), (21, 3), (31, 1), (20, 1), (23, 3), (34, 3), (14, 3), (17, 5), (27, 3), (30, 5), (33, 1), (13, 4), (25, 3), (35, 1), (15, 4), (16, 3), (15, 1), (18, 3), (29, 3), (31, 3), (23, 2), (20, 3), (22, 3), (27, 2), (17, 1), ... (+11 more)]",30,20,20
52,"(17, 6)","(17, 5)",North,"['(17, 7)', '(17, 5)']","['(17, 6)', '(18, 5)', '(28, 1)', '(24, 1)', '(33, 4)', '(31, 6)', '(25, 4)', '(35, 4)', '(27, 4)']","['(18, 5)', '(17, 7)', '(28, 1)', '(24, 1)', '(33, 4)', '(31, 6)', '(25, 4)', '(35, 4)', '(27, 4)']","[(31, 5), (23, 1), (34, 1), (27, 1), (28, 3), (17, 3), (17, 6), (19, 3), (32, 3), (35, 2), (13, 5), (15, 2), (16, 1), (15, 5), (29, 4), (31, 4), (22, 1), (21, 3), (31, 1), (20, 1), (23, 3), (34, 3), (14, 3), (17, 5), (27, 3), (30, 5), (33, 1), (13, 4), (25, 3), (35, 1), (15, 4), (16, 3), (15, 1), (18, 3), (29, 3), (31, 3), (23, 2), (20, 3), (22, 3), (27, 2), ... (+12 more)]",31,21,21
53,"(18, 5)","(17, 5)",East,"['(19, 5)', '(17, 5)']","['(18, 5)', '(17, 7)', '(28, 1)', '(24, 1)', '(33, 4)', '(31, 6)', '(25, 4)', '(35, 4)', '(27, 4)']","['(17, 7)', '(19, 5)', '(28, 1)', '(24, 1)', '(33, 4)', '(31, 6)', '(25, 4)', '(35, 4)', '(27, 4)']","[(31, 5), (23, 1), (34, 1), (27, 1), (28, 3), (17, 3), (17, 6), (19, 3), (32, 3), (35, 2), (13, 5), (15, 2), (16, 1), (15, 5), (29, 4), (31, 4), (22, 1), (21, 3), (31, 1), (20, 1), (23, 3), (34, 3), (14, 3), (17, 5), (27, 3), (30, 5), (33, 1), (13, 4), (25, 3), (35, 1), (15, 4), (16, 3), (15, 1), (18, 3), (29, 3), (31, 3), (23, 2), (20, 3), (22, 3), (27, 2), ... (+13 more)]",31,21,21
54,"(17, 7)","(17, 6)",North,"['(17, 6)', '(16, 7)']","['(17, 7)', '(19, 5)', '(28, 1)', '(24, 1)', '(33, 4)', '(31, 6)', '(25, 4)', '(35, 4)', '(27, 4)']","['(16, 7)', '(19, 5)', '(28, 1)', '(24, 1)', '(33, 4)', '(31, 6)', '(25, 4)', '(35, 4)', '(27, 4)']","[(31, 5), (23, 1), (34, 1), (27, 1), (28, 3), (17, 3), (17, 6), (19, 3), (32, 3), (35, 2), (13, 5), (15, 2), (16, 1), (15, 5), (29, 4), (31, 4), (22, 1), (21, 3), (31, 1), (20, 1), (23, 3), (34, 3), (14, 3), (17, 5), (27, 3), (30, 5), (33, 1), (13, 4), (25, 3), (35, 1), (15, 4), (16, 3), (15, 1), (18, 3), (29, 3), (31, 3), (23, 2), (20, 3), (22, 3), (27, 2), ... (+14 more)]",32,22,22
55,"(16, 7)","(17, 7)",West,"['(17, 7)', '(15, 7)']","['(16, 7)', '(19, 5)', '(28, 1)', '(24, 1)', '(33, 4)', '(31, 6)', '(25, 4)', '(35, 4)', '(27, 4)']","['(15, 7)', '(19, 5)', '(28, 1)', '(24, 1)', '(33, 4)', '(31, 6)', '(25, 4)', '(35, 4)', '(27, 4)']","[(31, 5), (23, 1), (34, 1), (27, 1), (28, 3), (17, 3), (17, 6), (19, 3), (32, 3), (35, 2), (13, 5), (15, 2), (16, 1), (16, 7), (15, 5), (29, 4), (31, 4), (22, 1), (21, 3), (31, 1), (20, 1), (23, 3), (34, 3), (14, 3), (17, 5), (27, 3), (30, 5), (33, 1), (13, 4), (25, 3), (35, 1), (15, 4), (16, 3), (15, 1), (18, 3), (29, 3), (31, 3), (23, 2), (20, 3), (22, 3), ... (+15 more)]",33,21,21
56,"(15, 7)","(16, 7)",West,"['(15, 8)', '(16, 7)', '(14, 7)']","['(15, 7)', '(19, 5)', '(28, 1)', '(24, 1)', '(33, 4)', '(31, 6)', '(25, 4)', '(35, 4)', '(27, 4)']","['(14, 7)', '(15, 8)', '(28, 1)', '(24, 1)', '(19, 5)', '(31, 6)', '(25, 4)', '(35, 4)', '(27, 4)', '(33, 4)']","[(31, 5), (23, 1), (34, 1), (27, 1), (28, 3), (17, 3), (17, 6), (19, 3), (32, 3), (35, 2), (13, 5), (15, 2), (16, 1), (16, 7), (15, 5), (29, 4), (31, 4), (22, 1), (21, 3), (31, 1), (20, 1), (23, 3), (34, 3), (14, 3), (17, 5), (27, 3), (30, 5), (33, 1), (13, 4), (25, 3), (35, 1), (15, 4), (16, 3), (15, 1), (15, 7), (18, 3), (29, 3), (31, 3), (23, 2), (20, 3), ... (+16 more)]",34,20,20
57,"(14, 7)","(15, 7)",West,"['(15, 7)', '(13, 7)']","['(14, 7)', '(15, 8)', '(28, 1)', '(24, 1)', '(19, 5)', '(31, 6)', '(25, 4)', '(35, 4)', '(27, 4)', '(33, 4)']","['(13, 7)', '(15, 8)', '(28, 1)', '(24, 1)', '(19, 5)', '(31, 6)', '(25, 4)', '(35, 4)', '(27, 4)', '(33, 4)']","[(31, 5), (23, 1), (34, 1), (27, 1), (14, 7), (28, 3), (17, 3), (17, 6), (19, 3), (32, 3), (35, 2), (13, 5), (15, 2), (16, 1), (16, 7), (15, 5), (29, 4), (31, 4), (22, 1), (21, 3), (31, 1), (20, 1), (23, 3), (34, 3), (14, 3), (17, 5), (27, 3), (30, 5), (33, 1), (13, 4), (25, 3), (35, 1), (15, 4), (16, 3), (15, 1), (15, 7), (18, 3), (29, 3), (31, 3), (23, 2), ... (+17 more)]",35,19,19
58,"(13, 7)","(14, 7)",West,"['(14, 7)']","['(13, 7)', '(15, 8)', '(28, 1)', '(24, 1)', '(19, 5)', '(31, 6)', '(25, 4)', '(35, 4)', '(27, 4)', '(33, 4)']","['(15, 8)', '(19, 5)', '(28, 1)', '(24, 1)', '(33, 4)', '(31, 6)', '(25, 4)', '(35, 4)', '(27, 4)']","[(31, 5), (23, 1), (34, 1), (27, 1), (14, 7), (28, 3), (17, 3), (17, 6), (19, 3), (32, 3), (35, 2), (13, 5), (15, 2), (16, 1), (16, 7), (15, 5), (29, 4), (31, 4), (22, 1), (21, 3), (31, 1), (20, 1), (23, 3), (34, 3), (14, 3), (17, 5), (27, 3), (30, 5), (33, 1), (13, 4), (25, 3), (35, 1), (13, 7), (15, 4), (16, 3), (15, 1), (15, 7), (18, 3), (29, 3), (31, 3), ... (+18 more)]",36,18,18
59,"(15, 8)","(15, 7)",North,"['(15, 9)', '(15, 7)']","['(15, 8)', '(19, 5)', '(28, 1)', '(24, 1)', '(33, 4)', '(31, 6)', '(25, 4)', '(35, 4)', '(27, 4)']","['(19, 5)', '(15, 9)', '(28, 1)', '(24, 1)', '(33, 4)', '(31, 6)', '(25, 4)', '(35, 4)', '(27, 4)']","[(31, 5), (23, 1), (34, 1), (27, 1), (14, 7), (28, 3), (17, 3), (17, 6), (19, 3), (32, 3), (35, 2), (13, 5), (15, 2), (16, 1), (16, 7), (15, 5), (29, 4), (15, 8), (31, 4), (22, 1), (21, 3), (31, 1), (20, 1), (23, 3), (34, 3), (14, 3), (17, 5), (27, 3), (30, 5), (33, 1), (13, 4), (25, 3), (35, 1), (13, 7), (15, 4), (16, 3), (15, 1), (15, 7), (18, 3), (29, 3), ... (+19 more)]",35,21,21
60,"(19, 5)","(18, 5)",East,"['(18, 5)']","['(19, 5)', '(15, 9)', '(28, 1)', '(24, 1)', '(33, 4)', '(31, 6)', '(25, 4)', '(35, 4)', '(27, 4)']","['(15, 9)', '(24, 1)', '(28, 1)', '(27, 4)', '(33, 4)', '(31, 6)', '(25, 4)', '(35, 4)']","[(31, 5), (23, 1), (34, 1), (27, 1), (14, 7), (28, 3), (17, 3), (17, 6), (19, 3), (32, 3), (35, 2), (13, 5), (15, 2), (16, 1), (16, 7), (15, 5), (29, 4), (15, 8), (31, 4), (22, 1), (21, 3), (31, 1), (20, 1), (23, 3), (34, 3), (14, 3), (17, 5), (27, 3), (30, 5), (19, 5), (33, 1), (13, 4), (25, 3), (35, 1), (13, 7), (15, 4), (16, 3), (15, 1), (15, 7), (18, 3), ... (+20 more)]",32,22,22
61,"(15, 9)","(15, 8)",North,"['(15, 10)', '(15, 8)']","['(15, 9)', '(24, 1)', '(28, 1)', '(27, 4)', '(33, 4)', '(31, 6)', '(25, 4)', '(35, 4)']","['(24, 1)', '(15, 10)', '(28, 1)', '(27, 4)', '(33, 4)', '(31, 6)', '(25, 4)', '(35, 4)']","[(31, 5), (23, 1), (34, 1), (27, 1), (14, 7), (28, 3), (17, 3), (17, 6), (19, 3), (32, 3), (35, 2), (13, 5), (15, 2), (16, 1), (16, 7), (15, 5), (29, 4), (15, 8), (31, 4), (22, 1), (21, 3), (31, 1), (20, 1), (23, 3), (34, 3), (15, 9), (14, 3), (17, 5), (27, 3), (30, 5), (19, 5), (33, 1), (13, 4), (25, 3), (35, 1), (13, 7), (15, 4), (16, 3), (15, 1), (15, 7), ... (+21 more)]",36,22,22
62,"(24, 1)","(23, 1)",East,"['(25, 1)', '(23, 1)']","['(24, 1)', '(15, 10)', '(28, 1)', '(27, 4)', '(33, 4)', '(31, 6)', '(25, 4)', '(35, 4)']","['(15, 10)', '(25, 1)', '(28, 1)', '(27, 4)', '(33, 4)', '(31, 6)', '(25, 4)', '(35, 4)']","[(31, 5), (23, 1), (34, 1), (27, 1), (14, 7), (28, 3), (17, 3), (17, 6), (19, 3), (32, 3), (35, 2), (13, 5), (15, 2), (16, 1), (16, 7), (15, 5), (29, 4), (15, 8), (31, 4), (22, 1), (21, 3), (31, 1), (20, 1), (23, 3), (34, 3), (15, 9), (14, 3), (17, 5), (27, 3), (30, 5), (19, 5), (33, 1), (13, 4), (25, 3), (35, 1), (13, 7), (15, 4), (24, 1), (16, 3), (15, 1), ... (+22 more)]",21,23,23
63,"(15, 10)","(15, 9)",North,"['(15, 11)', '(15, 9)']","['(15, 10)', '(25, 1)', '(28, 1)', '(27, 4)', '(33, 4)', '(31, 6)', '(25, 4)', '(35, 4)']","['(25, 1)', '(15, 11)', '(28, 1)', '(27, 4)', '(33, 4)', '(31, 6)', '(25, 4)', '(35, 4)']","[(31, 5), (23, 1), (34, 1), (27, 1), (14, 7), (28, 3), (17, 3), (17, 6), (19, 3), (32, 3), (35, 2), (13, 5), (15, 2), (16, 1), (16, 7), (15, 5), (29, 4), (15, 8), (31, 4), (22, 1), (21, 3), (31, 1), (20, 1), (23, 3), (34, 3), (15, 9), (14, 3), (17, 5), (27, 3), (30, 5), (19, 5), (33, 1), (13, 4), (25, 3), (35, 1), (13, 7), (15, 4), (24, 1), (16, 3), (15, 1), ... (+23 more)]",37,23,23
64,"(25, 1)","(24, 1)",East,"['(24, 1)']","['(25, 1)', '(15, 11)', '(28, 1)', '(27, 4)', '(33, 4)', '(31, 6)', '(25, 4)', '(35, 4)']","['(15, 11)', '(27, 4)', '(28, 1)', '(35, 4)', '(33, 4)', '(31, 6)', '(25, 4)']","[(31, 5), (23, 1), (34, 1), (27, 1), (14, 7), (28, 3), (17, 3), (17, 6), (19, 3), (32, 3), (35, 2), (25, 1), (13, 5), (15, 2), (16, 1), (16, 7), (15, 5), (29, 4), (15, 8), (31, 4), (22, 1), (21, 3), (31, 1), (20, 1), (23, 3), (34, 3), (15, 9), (14, 3), (17, 5), (27, 3), (30, 5), (19, 5), (33, 1), (13, 4), (25, 3), (35, 1), (13, 7), (15, 4), (24, 1), (16, 3), ... (+24 more)]",22,24,24
65,"(15, 11)","(15, 10)",North,"['(15, 12)', '(15, 10)']","['(15, 11)', '(27, 4)', '(28, 1)', '(35, 4)', '(33, 4)', '(31, 6)', '(25, 4)']","['(15, 12)', '(27, 4)', '(28, 1)', '(35, 4)', '(33, 4)', '(31, 6)', '(25, 4)']","[(31, 5), (23, 1), (34, 1), (27, 1), (14, 7), (28, 3), (17, 3), (17, 6), (19, 3), (32, 3), (35, 2), (25, 1), (13, 5), (15, 2), (16, 1), (16, 7), (15, 5), (29, 4), (15, 11), (15, 8), (31, 4), (22, 1), (21, 3), (31, 1), (20, 1), (23, 3), (34, 3), (15, 9), (14, 3), (17, 5), (27, 3), (30, 5), (19, 5), (33, 1), (13, 4), (25, 3), (35, 1), (13, 7), (15, 4), (24, 1), ... (+25 more)]",38,24,24
66,"(15, 12)","(15, 11)",North,"['(15, 13)', '(15, 11)']","['(15, 12)', '(27, 4)', '(28, 1)', '(35, 4)', '(33, 4)', '(31, 6)', '(25, 4)']","['(15, 13)', '(27, 4)', '(28, 1)', '(35, 4)', '(33, 4)', '(31, 6)', '(25, 4)']","[(31, 5), (23, 1), (34, 1), (27, 1), (14, 7), (28, 3), (17, 3), (17, 6), (19, 3), (32, 3), (35, 2), (25, 1), (13, 5), (15, 2), (16, 1), (16, 7), (15, 5), (29, 4), (15, 11), (15, 8), (31, 4), (22, 1), (21, 3), (31, 1), (20, 1), (23, 3), (34, 3), (15, 9), (14, 3), (17, 5), (27, 3), (30, 5), (19, 5), (33, 1), (13, 4), (25, 3), (35, 1), (13, 7), (15, 4), (24, 1), ... (+26 more)]",39,25,25
67,"(15, 13)","(15, 12)",North,"['(15, 12)', '(16, 13)', '(14, 13)']","['(15, 13)', '(27, 4)', '(28, 1)', '(35, 4)', '(33, 4)', '(31, 6)', '(25, 4)']","['(14, 13)', '(28, 1)', '(25, 4)', '(27, 4)', '(33, 4)', '(31, 6)', '(16, 13)', '(35, 4)']","[(31, 5), (23, 1), (34, 1), (27, 1), (14, 7), (28, 3), (17, 3), (17, 6), (19, 3), (32, 3), (35, 2), (25, 1), (13, 5), (15, 2), (16, 1), (16, 7), (15, 5), (29, 4), (15, 11), (15, 8), (31, 4), (22, 1), (21, 3), (31, 1), (20, 1), (23, 3), (34, 3), (15, 9), (14, 3), (17, 5), (27, 3), (30, 5), (19, 5), (33, 1), (13, 4), (25, 3), (35, 1), (13, 7), (15, 4), (24, 1), ... (+27 more)]",40,26,26
68,"(14, 13)","(15, 13)",West,"['(15, 13)']","['(14, 13)', '(28, 1)', '(25, 4)', '(27, 4)', '(33, 4)', '(31, 6)', '(16, 13)', '(35, 4)']","['(28, 1)', '(27, 4)', '(25, 4)', '(35, 4)', '(33, 4)', '(31, 6)', '(16, 13)']","[(31, 5), (23, 1), (34, 1), (27, 1), (14, 7), (28, 3), (17, 3), (17, 6), (19, 3), (14, 13), (32, 3), (35, 2), (25, 1), (13, 5), (15, 2), (16, 1), (16, 7), (15, 5), (29, 4), (15, 11), (15, 8), (31, 4), (22, 1), (21, 3), (31, 1), (20, 1), (23, 3), (34, 3), (15, 9), (14, 3), (17, 5), (27, 3), (30, 5), (19, 5), (33, 1), (13, 4), (25, 3), (35, 1), (13, 7), (15, 4), ... (+28 more)]",41,25,25
69,"(28, 1)","(27, 1)",East,"['(29, 1)', '(27, 1)']","['(28, 1)', '(27, 4)', '(25, 4)', '(35, 4)', '(33, 4)', '(31, 6)', '(16, 13)']","['(25, 4)', '(27, 4)', '(16, 13)', '(35, 4)', '(33, 4)', '(31, 6)', '(29, 1)']","[(31, 5), (23, 1), (34, 1), (27, 1), (14, 7), (28, 3), (17, 3), (17, 6), (19, 3), (14, 13), (32, 3), (35, 2), (25, 1), (13, 5), (15, 2), (16, 1), (16, 7), (15, 5), (29, 4), (15, 11), (15, 8), (31, 4), (22, 1), (21, 3), (31, 1), (20, 1), (23, 3), (34, 3), (15, 9), (14, 3), (17, 5), (27, 3), (30, 5), (19, 5), (33, 1), (13, 4), (25, 3), (35, 1), (13, 7), (15, 4), ... (+29 more)]",17,27,27
70,"(25, 4)","(25, 3)",North,"['(25, 5)', '(25, 3)']","['(25, 4)', '(27, 4)', '(16, 13)', '(35, 4)', '(33, 4)', '(31, 6)', '(29, 1)']","['(16, 13)', '(27, 4)', '(29, 1)', '(35, 4)', '(33, 4)', '(31, 6)', '(25, 5)']","[(31, 5), (23, 1), (34, 1), (27, 1), (14, 7), (28, 3), (17, 3), (17, 6), (19, 3), (14, 13), (32, 3), (35, 2), (25, 1), (13, 5), (15, 2), (25, 4), (16, 1), (16, 7), (15, 5), (29, 4), (15, 11), (15, 8), (31, 4), (22, 1), (21, 3), (31, 1), (20, 1), (23, 3), (34, 3), (15, 9), (14, 3), (17, 5), (27, 3), (30, 5), (19, 5), (33, 1), (13, 4), (25, 3), (35, 1), (13, 7), ... (+30 more)]",17,27,27
71,"(16, 13)","(15, 13)",East,"['(17, 13)', '(15, 13)']","['(16, 13)', '(27, 4)', '(29, 1)', '(35, 4)', '(33, 4)', '(31, 6)', '(25, 5)']","['(29, 1)', '(27, 4)', '(25, 5)', '(35, 4)', '(33, 4)', '(31, 6)', '(17, 13)']","[(31, 5), (23, 1), (34, 1), (27, 1), (14, 7), (28, 3), (17, 3), (17, 6), (19, 3), (14, 13), (32, 3), (35, 2), (25, 1), (13, 5), (15, 2), (25, 4), (16, 1), (16, 7), (15, 5), (29, 4), (15, 11), (15, 8), (31, 4), (22, 1), (21, 3), (31, 1), (20, 1), (16, 13), (23, 3), (34, 3), (15, 9), (14, 3), (17, 5), (27, 3), (30, 5), (19, 5), (33, 1), (13, 4), (25, 3), (35, 1), ... (+31 more)]",41,27,27
72,"(29, 1)","(28, 1)",East,"['(28, 1)']","['(29, 1)', '(27, 4)', '(25, 5)', '(35, 4)', '(33, 4)', '(31, 6)', '(17, 13)']","['(25, 5)', '(27, 4)', '(17, 13)', '(35, 4)', '(33, 4)', '(31, 6)']","[(31, 5), (23, 1), (34, 1), (27, 1), (14, 7), (28, 3), (17, 3), (17, 6), (19, 3), (14, 13), (32, 3), (35, 2), (25, 1), (13, 5), (15, 2), (25, 4), (16, 1), (16, 7), (15, 5), (29, 4), (15, 11), (15, 8), (29, 1), (31, 4), (22, 1), (21, 3), (31, 1), (20, 1), (16, 13), (23, 3), (34, 3), (15, 9), (14, 3), (17, 5), (27, 3), (30, 5), (19, 5), (33, 1), (13, 4), (25, 3), ... (+32 more)]",18,28,28
73,"(25, 5)","(25, 4)",North,"['(25, 6)', '(25, 4)', '(24, 5)']","['(25, 5)', '(27, 4)', '(17, 13)', '(35, 4)', '(33, 4)', '(31, 6)']","['(24, 5)', '(27, 4)', '(17, 13)', '(35, 4)', '(33, 4)', '(31, 6)', '(25, 6)']","[(31, 5), (23, 1), (34, 1), (27, 1), (14, 7), (28, 3), (17, 3), (17, 6), (19, 3), (14, 13), (32, 3), (35, 2), (25, 1), (13, 5), (15, 2), (25, 4), (16, 1), (16, 7), (15, 5), (29, 4), (15, 11), (15, 8), (29, 1), (31, 4), (22, 1), (21, 3), (31, 1), (20, 1), (16, 13), (23, 3), (34, 3), (15, 9), (14, 3), (17, 5), (27, 3), (30, 5), (19, 5), (33, 1), (13, 4), (25, 3), ... (+33 more)]",18,28,28
74,"(24, 5)","(25, 5)",West,"['(25, 5)', '(23, 5)']","['(24, 5)', '(27, 4)', '(17, 13)', '(35, 4)', '(33, 4)', '(31, 6)', '(25, 6)']","['(23, 5)', '(27, 4)', '(17, 13)', '(35, 4)', '(33, 4)', '(31, 6)', '(25, 6)']","[(31, 5), (23, 1), (34, 1), (27, 1), (14, 7), (28, 3), (17, 3), (17, 6), (19, 3), (14, 13), (32, 3), (35, 2), (25, 1), (13, 5), (15, 2), (25, 4), (16, 1), (16, 7), (15, 5), (29, 4), (15, 11), (24, 5), (15, 8), (29, 1), (31, 4), (22, 1), (21, 3), (31, 1), (20, 1), (16, 13), (23, 3), (34, 3), (15, 9), (14, 3), (17, 5), (27, 3), (30, 5), (19, 5), (33, 1), (13, 4), ... (+34 more)]",19,27,27
75,"(23, 5)","(24, 5)",West,"['(24, 5)']","['(23, 5)', '(27, 4)', '(17, 13)', '(35, 4)', '(33, 4)', '(31, 6)', '(25, 6)']","['(17, 13)', '(27, 4)', '(25, 6)', '(35, 4)', '(33, 4)', '(31, 6)']","[(31, 5), (23, 1), (34, 1), (27, 1), (14, 7), (28, 3), (17, 3), (17, 6), (19, 3), (14, 13), (32, 3), (35, 2), (25, 1), (13, 5), (15, 2), (25, 4), (16, 1), (16, 7), (15, 5), (29, 4), (15, 11), (24, 5), (15, 8), (29, 1), (31, 4), (22, 1), (21, 3), (31, 1), (20, 1), (16, 13), (23, 3), (34, 3), (15, 9), (14, 3), (17, 5), (27, 3), (30, 5), (19, 5), (33, 1), (13, 4), ... (+35 more)]",20,26,26
76,"(17, 13)","(16, 13)",East,"['(17, 12)', '(18, 13)', '(16, 13)']","['(17, 13)', '(27, 4)', '(25, 6)', '(35, 4)', '(33, 4)', '(31, 6)']","['(17, 12)', '(33, 4)', '(27, 4)', '(35, 4)', '(31, 6)', '(25, 6)', '(18, 13)']","[(31, 5), (23, 1), (34, 1), (27, 1), (14, 7), (28, 3), (17, 3), (17, 6), (19, 3), (14, 13), (32, 3), (35, 2), (25, 1), (13, 5), (15, 2), (25, 4), (16, 1), (16, 7), (15, 5), (29, 4), (15, 11), (24, 5), (15, 8), (29, 1), (31, 4), (22, 1), (21, 3), (31, 1), (20, 1), (16, 13), (23, 3), (34, 3), (15, 9), (14, 3), (17, 5), (27, 3), (30, 5), (19, 5), (33, 1), (13, 4), ... (+36 more)]",42,28,28
77,"(17, 12)","(17, 13)",South,"['(17, 13)', '(17, 11)']","['(17, 12)', '(33, 4)', '(27, 4)', '(35, 4)', '(31, 6)', '(25, 6)', '(18, 13)']","['(17, 11)', '(33, 4)', '(27, 4)', '(35, 4)', '(31, 6)', '(18, 13)', '(25, 6)']","[(34, 1), (28, 3), (17, 3), (14, 13), (17, 12), (32, 3), (15, 5), (29, 4), (16, 13), (34, 3), (17, 5), (35, 1), (24, 1), (15, 7), (18, 3), (22, 3), (17, 7), (35, 3), (24, 3), (13, 3), (15, 9), (18, 5), (27, 1), (13, 5), (15, 2), (25, 4), (16, 1), (24, 5), (15, 11), (31, 1), (20, 1), (14, 3), (33, 1), (13, 7), (15, 4), (16, 3), (15, 13), (31, 3), (20, 3), (33, 3), ... (+37 more)]",43,27,27
78,"(17, 11)","(17, 12)",South,"['(17, 12)', '(17, 10)']","['(17, 11)', '(33, 4)', '(27, 4)', '(35, 4)', '(31, 6)', '(18, 13)', '(25, 6)']","['(17, 10)', '(33, 4)', '(27, 4)', '(35, 4)', '(31, 6)', '(18, 13)', '(25, 6)']","[(34, 1), (28, 3), (17, 3), (14, 13), (17, 12), (32, 3), (15, 5), (29, 4), (16, 13), (34, 3), (17, 5), (35, 1), (24, 1), (15, 7), (18, 3), (22, 3), (17, 7), (35, 3), (24, 3), (13, 3), (15, 9), (18, 5), (27, 1), (13, 5), (15, 2), (25, 4), (16, 1), (24, 5), (15, 11), (31, 1), (20, 1), (14, 3), (17, 11), (33, 1), (13, 7), (15, 4), (16, 3), (15, 13), (31, 3), (20, 3), ... (+38 more)]",44,26,26
79,"(17, 10)","(17, 11)",South,"['(17, 11)', '(17, 9)']","['(17, 10)', '(33, 4)', '(27, 4)', '(35, 4)', '(31, 6)', '(18, 13)', '(25, 6)']","['(17, 9)', '(33, 4)', '(27, 4)', '(35, 4)', '(31, 6)', '(18, 13)', '(25, 6)']","[(34, 1), (28, 3), (17, 3), (14, 13), (17, 12), (32, 3), (15, 5), (29, 4), (16, 13), (34, 3), (17, 5), (35, 1), (24, 1), (15, 7), (18, 3), (22, 3), (17, 7), (35, 3), (24, 3), (13, 3), (15, 9), (18, 5), (27, 1), (13, 5), (15, 2), (25, 4), (16, 1), (24, 5), (15, 11), (31, 1), (20, 1), (14, 3), (17, 11), (33, 1), (13, 7), (15, 4), (16, 3), (15, 13), (31, 3), (20, 3), ... (+39 more)]",45,25,25
80,"(17, 9)","(17, 10)",South,"['(17, 10)', '(18, 9)']","['(17, 9)', '(33, 4)', '(27, 4)', '(35, 4)', '(31, 6)', '(18, 13)', '(25, 6)']","['(18, 9)', '(33, 4)', '(27, 4)', '(35, 4)', '(31, 6)', '(18, 13)', '(25, 6)']","[(34, 1), (28, 3), (17, 3), (14, 13), (17, 12), (32, 3), (15, 5), (29, 4), (16, 13), (34, 3), (17, 5), (35, 1), (24, 1), (15, 7), (18, 3), (22, 3), (17, 7), (35, 3), (24, 3), (13, 3), (15, 9), (18, 5), (27, 1), (17, 9), (13, 5), (15, 2), (25, 4), (16, 1), (24, 5), (15, 11), (31, 1), (20, 1), (14, 3), (17, 11), (33, 1), (13, 7), (15, 4), (16, 3), (15, 13), (31, 3), ... (+40 more)]",46,24,24
81,"(18, 9)","(17, 9)",East,"['(19, 9)', '(17, 9)']","['(18, 9)', '(33, 4)', '(27, 4)', '(35, 4)', '(31, 6)', '(18, 13)', '(25, 6)']","['(19, 9)', '(33, 4)', '(27, 4)', '(35, 4)', '(31, 6)', '(18, 13)', '(25, 6)']","[(34, 1), (28, 3), (17, 3), (14, 13), (17, 12), (32, 3), (15, 5), (29, 4), (16, 13), (34, 3), (17, 5), (35, 1), (24, 1), (15, 7), (18, 3), (22, 3), (17, 7), (35, 3), (24, 3), (13, 3), (15, 9), (18, 5), (27, 1), (17, 9), (13, 5), (15, 2), (25, 4), (16, 1), (24, 5), (15, 11), (31, 1), (20, 1), (14, 3), (17, 11), (33, 1), (13, 7), (15, 4), (16, 3), (15, 13), (18, 9), ... (+41 more)]",47,25,25
82,"(19, 9)","(18, 9)",East,"['(19, 8)', '(18, 9)']","['(19, 9)', '(33, 4)', '(27, 4)', '(35, 4)', '(31, 6)', '(18, 13)', '(25, 6)']","['(19, 8)', '(33, 4)', '(27, 4)', '(35, 4)', '(31, 6)', '(18, 13)', '(25, 6)']","[(34, 1), (28, 3), (17, 3), (14, 13), (17, 12), (19, 9), (32, 3), (15, 5), (29, 4), (16, 13), (34, 3), (17, 5), (35, 1), (24, 1), (15, 7), (18, 3), (22, 3), (17, 7), (35, 3), (24, 3), (13, 3), (15, 9), (18, 5), (27, 1), (17, 9), (13, 5), (15, 2), (25, 4), (16, 1), (24, 5), (15, 11), (31, 1), (20, 1), (14, 3), (17, 11), (33, 1), (13, 7), (15, 4), (16, 3), (15, 13), ... (+42 more)]",48,26,26
83,"(19, 8)","(19, 9)",South,"['(19, 9)', '(19, 7)']","['(19, 8)', '(33, 4)', '(27, 4)', '(35, 4)', '(31, 6)', '(18, 13)', '(25, 6)']","['(19, 7)', '(33, 4)', '(27, 4)', '(35, 4)', '(31, 6)', '(18, 13)', '(25, 6)']","[(34, 1), (28, 3), (17, 3), (14, 13), (17, 12), (19, 9), (32, 3), (15, 5), (29, 4), (16, 13), (34, 3), (17, 5), (35, 1), (24, 1), (15, 7), (18, 3), (22, 3), (17, 7), (35, 3), (24, 3), (13, 3), (15, 9), (18, 5), (27, 1), (17, 9), (13, 5), (15, 2), (25, 4), (16, 1), (24, 5), (15, 11), (31, 1), (20, 1), (14, 3), (17, 11), (33, 1), (13, 7), (15, 4), (16, 3), (15, 13), ... (+43 more)]",49,25,25
84,"(19, 7)","(19, 8)",South,"['(19, 8)']","['(19, 7)', '(33, 4)', '(27, 4)', '(35, 4)', '(31, 6)', '(18, 13)', '(25, 6)']","['(27, 4)', '(33, 4)', '(25, 6)', '(35, 4)', '(31, 6)', '(18, 13)']","[(34, 1), (28, 3), (17, 3), (14, 13), (17, 12), (19, 9), (32, 3), (15, 5), (29, 4), (16, 13), (34, 3), (17, 5), (35, 1), (24, 1), (15, 7), (18, 3), (22, 3), (17, 7), (35, 3), (24, 3), (13, 3), (15, 9), (18, 5), (27, 1), (17, 9), (13, 5), (15, 2), (25, 4), (16, 1), (24, 5), (15, 11), (31, 1), (20, 1), (14, 3), (17, 11), (33, 1), (13, 7), (15, 4), (16, 3), (15, 13), ... (+44 more)]",50,24,24
85,"(27, 4)","(27, 3)",North,"['(27, 5)', '(27, 3)']","['(27, 4)', '(33, 4)', '(25, 6)', '(35, 4)', '(31, 6)', '(18, 13)']","['(25, 6)', '(33, 4)', '(18, 13)', '(35, 4)', '(31, 6)', '(27, 5)']","[(34, 1), (27, 4), (28, 3), (17, 3), (14, 13), (17, 12), (19, 9), (32, 3), (15, 5), (29, 4), (16, 13), (34, 3), (17, 5), (35, 1), (24, 1), (15, 7), (18, 3), (22, 3), (17, 7), (35, 3), (24, 3), (13, 3), (15, 9), (18, 5), (27, 1), (17, 9), (13, 5), (15, 2), (25, 4), (16, 1), (24, 5), (15, 11), (31, 1), (20, 1), (14, 3), (17, 11), (33, 1), (13, 7), (15, 4), (16, 3), ... (+45 more)]",15,29,29
86,"(25, 6)","(25, 5)",North,"['(25, 7)', '(25, 5)']","['(25, 6)', '(33, 4)', '(18, 13)', '(35, 4)', '(31, 6)', '(27, 5)']","['(18, 13)', '(33, 4)', '(27, 5)', '(35, 4)', '(31, 6)', '(25, 7)']","[(34, 1), (27, 4), (28, 3), (17, 3), (14, 13), (17, 12), (19, 9), (32, 3), (15, 5), (29, 4), (16, 13), (34, 3), (17, 5), (35, 1), (24, 1), (15, 7), (18, 3), (22, 3), (17, 7), (35, 3), (24, 3), (13, 3), (15, 9), (18, 5), (27, 1), (17, 9), (13, 5), (15, 2), (25, 4), (16, 1), (24, 5), (15, 11), (31, 1), (20, 1), (14, 3), (17, 11), (33, 1), (13, 7), (15, 4), (25, 6), ... (+46 more)]",19,29,29
87,"(18, 13)","(17, 13)",East,"['(19, 13)', '(17, 13)']","['(18, 13)', '(33, 4)', '(27, 5)', '(35, 4)', '(31, 6)', '(25, 7)']","['(27, 5)', '(33, 4)', '(25, 7)', '(35, 4)', '(31, 6)', '(19, 13)']","[(34, 1), (27, 4), (28, 3), (17, 3), (14, 13), (17, 12), (19, 9), (32, 3), (15, 5), (29, 4), (16, 13), (34, 3), (17, 5), (35, 1), (24, 1), (15, 7), (18, 3), (22, 3), (17, 7), (35, 3), (24, 3), (13, 3), (15, 9), (18, 5), (27, 1), (17, 9), (13, 5), (15, 2), (25, 4), (16, 1), (24, 5), (15, 11), (31, 1), (20, 1), (14, 3), (17, 11), (33, 1), (13, 7), (15, 4), (25, 6), ... (+47 more)]",43,29,29
88,"(27, 5)","(27, 4)",North,"['(27, 6)', '(27, 4)']","['(27, 5)', '(33, 4)', '(25, 7)', '(35, 4)', '(31, 6)', '(19, 13)']","['(25, 7)', '(33, 4)', '(19, 13)', '(35, 4)', '(31, 6)', '(27, 6)']","[(34, 1), (27, 4), (28, 3), (17, 3), (14, 13), (17, 12), (19, 9), (32, 3), (15, 5), (29, 4), (16, 13), (34, 3), (17, 5), (35, 1), (24, 1), (15, 7), (18, 3), (22, 3), (17, 7), (35, 3), (24, 3), (13, 3), (15, 9), (18, 5), (27, 1), (17, 9), (13, 5), (15, 2), (25, 4), (16, 1), (24, 5), (15, 11), (31, 1), (20, 1), (14, 3), (17, 11), (33, 1), (13, 7), (15, 4), (25, 6), ... (+48 more)]",16,30,30
89,"(25, 7)","(25, 6)",North,"['(25, 6)', '(24, 7)']","['(25, 7)', '(33, 4)', '(19, 13)', '(35, 4)', '(31, 6)', '(27, 6)']","['(24, 7)', '(33, 4)', '(19, 13)', '(35, 4)', '(31, 6)', '(27, 6)']","[(34, 1), (27, 4), (28, 3), (17, 3), (14, 13), (17, 12), (19, 9), (32, 3), (15, 5), (29, 4), (16, 13), (34, 3), (17, 5), (35, 1), (24, 1), (15, 7), (18, 3), (22, 3), (17, 7), (35, 3), (24, 3), (13, 3), (15, 9), (18, 5), (27, 1), (17, 9), (13, 5), (15, 2), (25, 4), (16, 1), (24, 5), (15, 11), (31, 1), (20, 1), (14, 3), (17, 11), (33, 1), (13, 7), (15, 4), (25, 6), ... (+49 more)]",20,30,30
90,"(24, 7)","(25, 7)",West,"['(25, 7)', '(23, 7)']","['(24, 7)', '(33, 4)', '(19, 13)', '(35, 4)', '(31, 6)', '(27, 6)']","['(23, 7)', '(33, 4)', '(19, 13)', '(35, 4)', '(31, 6)', '(27, 6)']","[(34, 1), (27, 4), (28, 3), (17, 3), (14, 13), (17, 12), (19, 9), (32, 3), (15, 5), (29, 4), (16, 13), (34, 3), (17, 5), (35, 1), (24, 1), (15, 7), (18, 3), (22, 3), (17, 7), (35, 3), (24, 3), (13, 3), (15, 9), (18, 5), (27, 1), (17, 9), (13, 5), (15, 2), (25, 4), (16, 1), (24, 5), (15, 11), (31, 1), (20, 1), (14, 3), (17, 11), (33, 1), (13, 7), (15, 4), (25, 6), ... (+50 more)]",21,29,29
91,"(23, 7)","(24, 7)",West,"['(23, 8)', '(24, 7)', '(22, 7)']","['(23, 7)', '(33, 4)', '(19, 13)', '(35, 4)', '(31, 6)', '(27, 6)']","['(22, 7)', '(33, 4)', '(23, 8)', '(35, 4)', '(31, 6)', '(27, 6)', '(19, 13)']","[(34, 1), (27, 4), (28, 3), (17, 3), (14, 13), (17, 12), (19, 9), (32, 3), (15, 5), (29, 4), (16, 13), (34, 3), (17, 5), (35, 1), (24, 1), (15, 7), (18, 3), (22, 3), (17, 7), (35, 3), (24, 3), (13, 3), (15, 9), (18, 5), (27, 1), (17, 9), (13, 5), (15, 2), (25, 4), (16, 1), (24, 5), (15, 11), (31, 1), (20, 1), (14, 3), (17, 11), (33, 1), (13, 7), (15, 4), (25, 6), ... (+51 more)]",22,28,28
92,"(22, 7)","(23, 7)",West,"['(23, 7)', '(21, 7)']","['(22, 7)', '(33, 4)', '(23, 8)', '(35, 4)', '(31, 6)', '(27, 6)', '(19, 13)']","['(21, 7)', '(33, 4)', '(23, 8)', '(35, 4)', '(31, 6)', '(27, 6)', '(19, 13)']","[(34, 1), (27, 4), (28, 3), (17, 3), (14, 13), (17, 12), (19, 9), (32, 3), (15, 5), (29, 4), (16, 13), (34, 3), (17, 5), (35, 1), (24, 1), (15, 7), (18, 3), (22, 3), (17, 7), (35, 3), (24, 3), (13, 3), (15, 9), (18, 5), (27, 1), (17, 9), (13, 5), (15, 2), (25, 4), (16, 1), (24, 5), (15, 11), (31, 1), (20, 1), (22, 7), (14, 3), (17, 11), (33, 1), (13, 7), (15, 4), ... (+52 more)]",23,27,27
93,"(21, 7)","(22, 7)",West,"['(21, 8)', '(21, 6)', '(22, 7)']","['(21, 7)', '(33, 4)', '(23, 8)', '(35, 4)', '(31, 6)', '(27, 6)', '(19, 13)']","['(21, 6)', '(21, 8)', '(23, 8)', '(33, 4)', '(31, 6)', '(27, 6)', '(19, 13)', '(35, 4)']","[(34, 1), (27, 4), (28, 3), (17, 3), (14, 13), (17, 12), (19, 9), (32, 3), (15, 5), (29, 4), (16, 13), (34, 3), (17, 5), (35, 1), (24, 1), (15, 7), (18, 3), (22, 3), (17, 7), (35, 3), (24, 3), (13, 3), (15, 9), (18, 5), (27, 1), (17, 9), (13, 5), (15, 2), (25, 4), (16, 1), (24, 5), (15, 11), (31, 1), (20, 1), (22, 7), (14, 3), (17, 11), (33, 1), (13, 7), (15, 4), ... (+53 more)]",24,26,26
94,"(21, 6)","(21, 7)",South,"['(21, 7)', '(21, 5)']","['(21, 6)', '(21, 8)', '(23, 8)', '(33, 4)', '(31, 6)', '(27, 6)', '(19, 13)', '(35, 4)']","['(21, 5)', '(21, 8)', '(23, 8)', '(33, 4)', '(31, 6)', '(27, 6)', '(19, 13)', '(35, 4)']","[(34, 1), (27, 4), (28, 3), (17, 3), (14, 13), (17, 12), (19, 9), (32, 3), (15, 5), (29, 4), (16, 13), (34, 3), (17, 5), (35, 1), (24, 1), (15, 7), (18, 3), (22, 3), (17, 7), (35, 3), (24, 3), (13, 3), (15, 9), (18, 5), (27, 1), (17, 9), (13, 5), (15, 2), (25, 4), (16, 1), (24, 5), (15, 11), (31, 1), (20, 1), (22, 7), (14, 3), (17, 11), (33, 1), (13, 7), (15, 4), ... (+54 more)]",25,25,25
95,"(21, 5)","(21, 6)",South,"['(21, 6)']","['(21, 5)', '(21, 8)', '(23, 8)', '(33, 4)', '(31, 6)', '(27, 6)', '(19, 13)', '(35, 4)']","['(21, 8)', '(33, 4)', '(23, 8)', '(35, 4)', '(31, 6)', '(27, 6)', '(19, 13)']","[(34, 1), (27, 4), (28, 3), (17, 3), (14, 13), (17, 12), (19, 9), (32, 3), (15, 5), (29, 4), (16, 13), (34, 3), (17, 5), (35, 1), (24, 1), (15, 7), (18, 3), (22, 3), (17, 7), (35, 3), (24, 3), (13, 3), (15, 9), (18, 5), (27, 1), (17, 9), (13, 5), (15, 2), (25, 4), (16, 1), (24, 5), (15, 11), (31, 1), (20, 1), (22, 7), (14, 3), (17, 11), (33, 1), (13, 7), (15, 4), ... (+55 more)]",26,24,24
96,"(21, 8)","(21, 7)",North,"['(21, 9)', '(21, 7)']","['(21, 8)', '(33, 4)', '(23, 8)', '(35, 4)', '(31, 6)', '(27, 6)', '(19, 13)']","['(21, 9)', '(33, 4)', '(23, 8)', '(35, 4)', '(31, 6)', '(27, 6)', '(19, 13)']","[(34, 1), (27, 4), (28, 3), (17, 3), (14, 13), (17, 12), (19, 9), (32, 3), (15, 5), (29, 4), (16, 13), (34, 3), (17, 5), (35, 1), (24, 1), (15, 7), (18, 3), (22, 3), (17, 7), (35, 3), (24, 3), (13, 3), (15, 9), (18, 5), (27, 1), (17, 9), (13, 5), (15, 2), (25, 4), (16, 1), (24, 5), (15, 11), (31, 1), (20, 1), (22, 7), (14, 3), (17, 11), (33, 1), (13, 7), (15, 4), ... (+56 more)]",25,27,27
97,"(21, 9)","(21, 8)",North,"['(21, 8)']","['(21, 9)', '(33, 4)', '(23, 8)', '(35, 4)', '(31, 6)', '(27, 6)', '(19, 13)']","['(23, 8)', '(33, 4)', '(19, 13)', '(35, 4)', '(31, 6)', '(27, 6)']","[(34, 1), (27, 4), (28, 3), (17, 3), (14, 13), (17, 12), (19, 9), (32, 3), (15, 5), (29, 4), (16, 13), (21, 9), (34, 3), (17, 5), (35, 1), (24, 1), (15, 7), (18, 3), (22, 3), (17, 7), (35, 3), (24, 3), (13, 3), (15, 9), (18, 5), (27, 1), (17, 9), (13, 5), (15, 2), (25, 4), (16, 1), (24, 5), (15, 11), (31, 1), (20, 1), (22, 7), (14, 3), (17, 11), (33, 1), (13, 7), ... (+57 more)]",26,28,28
98,"(23, 8)","(23, 7)",North,"['(23, 9)', '(23, 7)']","['(23, 8)', '(33, 4)', '(19, 13)', '(35, 4)', '(31, 6)', '(27, 6)']","['(19, 13)', '(33, 4)', '(23, 9)', '(35, 4)', '(31, 6)', '(27, 6)']","[(34, 1), (27, 4), (28, 3), (17, 3), (14, 13), (17, 12), (19, 9), (32, 3), (15, 5), (29, 4), (16, 13), (21, 9), (34, 3), (17, 5), (35, 1), (24, 1), (15, 7), (18, 3), (22, 3), (17, 7), (35, 3), (24, 3), (13, 3), (15, 9), (18, 5), (27, 1), (17, 9), (13, 5), (15, 2), (25, 4), (16, 1), (24, 5), (15, 11), (31, 1), (20, 1), (22, 7), (14, 3), (17, 11), (33, 1), (13, 7), ... (+58 more)]",23,29,29
99,"(19, 13)","(18, 13)",East,"['(19, 12)', '(20, 13)', '(18, 13)']","['(19, 13)', '(33, 4)', '(23, 9)', '(35, 4)', '(31, 6)', '(27, 6)']","['(19, 12)', '(33, 4)', '(23, 9)', '(35, 4)', '(31, 6)', '(27, 6)', '(20, 13)']","[(34, 1), (27, 4), (28, 3), (17, 3), (14, 13), (17, 12), (19, 9), (32, 3), (15, 5), (29, 4), (16, 13), (21, 9), (34, 3), (17, 5), (35, 1), (24, 1), (15, 7), (18, 3), (22, 3), (17, 7), (35, 3), (24, 3), (13, 3), (15, 9), (18, 5), (27, 1), (17, 9), (13, 5), (15, 2), (25, 4), (16, 1), (24, 5), (15, 11), (31, 1), (20, 1), (22, 7), (14, 3), (17, 11), (33, 1), (13, 7), ... (+59 more)]",44,30,30
100,"(19, 12)","(19, 13)",South,"['(19, 13)', '(19, 11)']","['(19, 12)', '(33, 4)', '(23, 9)', '(35, 4)', '(31, 6)', '(27, 6)', '(20, 13)']","['(19, 11)', '(33, 4)', '(23, 9)', '(35, 4)', '(31, 6)', '(20, 13)', '(27, 6)']","[(34, 1), (27, 4), (28, 3), (17, 3), (14, 13), (17, 12), (19, 9), (32, 3), (15, 5), (29, 4), (16, 13), (21, 9), (34, 3), (17, 5), (35, 1), (24, 1), (15, 7), (18, 3), (22, 3), (17, 7), (35, 3), (24, 3), (13, 3), (15, 9), (18, 5), (27, 1), (17, 9), (13, 5), (15, 2), (25, 4), (16, 1), (24, 5), (15, 11), (31, 1), (20, 1), (22, 7), (14, 3), (17, 11), (33, 1), (13, 7), ... (+60 more)]",45,29,29
101,"(19, 11)","(19, 12)",South,"['(19, 12)']","['(19, 11)', '(33, 4)', '(23, 9)', '(35, 4)', '(31, 6)', '(20, 13)', '(27, 6)']","['(23, 9)', '(33, 4)', '(27, 6)', '(35, 4)', '(31, 6)', '(20, 13)']","[(34, 1), (27, 4), (28, 3), (17, 3), (14, 13), (17, 12), (19, 9), (32, 3), (15, 5), (29, 4), (16, 13), (21, 9), (34, 3), (17, 5), (19, 11), (35, 1), (24, 1), (15, 7), (18, 3), (22, 3), (17, 7), (35, 3), (24, 3), (13, 3), (15, 9), (18, 5), (27, 1), (17, 9), (13, 5), (15, 2), (25, 4), (16, 1), (24, 5), (15, 11), (31, 1), (20, 1), (22, 7), (14, 3), (17, 11), (33, 1), ... (+61 more)]",46,28,28
102,"(23, 9)","(23, 8)",North,"['(23, 8)', '(24, 9)']","['(23, 9)', '(33, 4)', '(27, 6)', '(35, 4)', '(31, 6)', '(20, 13)']","['(27, 6)', '(33, 4)', '(20, 13)', '(35, 4)', '(31, 6)', '(24, 9)']","[(34, 1), (27, 4), (28, 3), (17, 3), (14, 13), (17, 12), (19, 9), (32, 3), (15, 5), (29, 4), (16, 13), (21, 9), (34, 3), (17, 5), (19, 11), (35, 1), (24, 1), (15, 7), (18, 3), (22, 3), (17, 7), (35, 3), (24, 3), (13, 3), (15, 9), (18, 5), (27, 1), (17, 9), (13, 5), (15, 2), (25, 4), (16, 1), (24, 5), (15, 11), (31, 1), (20, 1), (22, 7), (14, 3), (17, 11), (33, 1), ... (+62 more)]",24,30,30
103,"(27, 6)","(27, 5)",North,"['(27, 7)', '(27, 5)']","['(27, 6)', '(33, 4)', '(20, 13)', '(35, 4)', '(31, 6)', '(24, 9)']","['(20, 13)', '(33, 4)', '(24, 9)', '(35, 4)', '(31, 6)', '(27, 7)']","[(34, 1), (27, 4), (28, 3), (17, 3), (14, 13), (17, 12), (19, 9), (32, 3), (15, 5), (29, 4), (16, 13), (21, 9), (34, 3), (27, 6), (17, 5), (19, 11), (35, 1), (24, 1), (15, 7), (18, 3), (22, 3), (17, 7), (35, 3), (24, 3), (13, 3), (15, 9), (18, 5), (27, 1), (17, 9), (13, 5), (15, 2), (25, 4), (16, 1), (24, 5), (15, 11), (31, 1), (20, 1), (22, 7), (14, 3), (17, 11), ... (+63 more)]",17,31,31
104,"(20, 13)","(19, 13)",East,"['(21, 13)', '(19, 13)']","['(20, 13)', '(33, 4)', '(24, 9)', '(35, 4)', '(31, 6)', '(27, 7)']","['(24, 9)', '(33, 4)', '(27, 7)', '(35, 4)', '(31, 6)', '(21, 13)']","[(34, 1), (27, 4), (28, 3), (17, 3), (14, 13), (17, 12), (19, 9), (32, 3), (15, 5), (29, 4), (16, 13), (21, 9), (34, 3), (27, 6), (17, 5), (19, 11), (35, 1), (24, 1), (15, 7), (18, 3), (22, 3), (17, 7), (35, 3), (24, 3), (13, 3), (15, 9), (18, 5), (27, 1), (17, 9), (13, 5), (15, 2), (25, 4), (16, 1), (24, 5), (15, 11), (31, 1), (20, 1), (22, 7), (14, 3), (17, 11), ... (+64 more)]",45,31,31
105,"(24, 9)","(23, 9)",East,"['(25, 9)', '(23, 9)']","['(24, 9)', '(33, 4)', '(27, 7)', '(35, 4)', '(31, 6)', '(21, 13)']","['(27, 7)', '(33, 4)', '(21, 13)', '(35, 4)', '(31, 6)', '(25, 9)']","[(34, 1), (27, 4), (28, 3), (17, 3), (14, 13), (17, 12), (19, 9), (32, 3), (15, 5), (29, 4), (16, 13), (21, 9), (34, 3), (27, 6), (17, 5), (19, 11), (35, 1), (24, 1), (15, 7), (18, 3), (22, 3), (17, 7), (35, 3), (24, 3), (13, 3), (15, 9), (18, 5), (27, 1), (17, 9), (13, 5), (15, 2), (25, 4), (16, 1), (24, 5), (15, 11), (31, 1), (20, 1), (22, 7), (14, 3), (17, 11), ... (+65 more)]",25,31,31
106,"(27, 7)","(27, 6)",North,"['(27, 6)', '(28, 7)']","['(27, 7)', '(33, 4)', '(21, 13)', '(35, 4)', '(31, 6)', '(25, 9)']","['(21, 13)', '(33, 4)', '(25, 9)', '(35, 4)', '(31, 6)', '(28, 7)']","[(34, 1), (27, 4), (28, 3), (17, 3), (14, 13), (17, 12), (19, 9), (32, 3), (15, 5), (29, 4), (16, 13), (21, 9), (34, 3), (27, 6), (17, 5), (19, 11), (35, 1), (24, 1), (15, 7), (18, 3), (22, 3), (17, 7), (35, 3), (24, 3), (13, 3), (15, 9), (18, 5), (27, 1), (17, 9), (13, 5), (15, 2), (25, 4), (16, 1), (24, 5), (15, 11), (31, 1), (20, 1), (22, 7), (14, 3), (17, 11), ... (+66 more)]",18,32,32
107,"(21, 13)","(20, 13)",East,"['(21, 14)', '(21, 12)', '(20, 13)']","['(21, 13)', '(33, 4)', '(25, 9)', '(35, 4)', '(31, 6)', '(28, 7)']","['(21, 12)', '(33, 4)', '(25, 9)', '(35, 4)', '(31, 6)', '(21, 14)', '(28, 7)']","[(34, 1), (27, 4), (28, 3), (17, 3), (14, 13), (17, 12), (19, 9), (32, 3), (15, 5), (29, 4), (16, 13), (21, 9), (34, 3), (27, 6), (17, 5), (19, 11), (35, 1), (24, 1), (15, 7), (18, 3), (22, 3), (17, 7), (35, 3), (24, 3), (13, 3), (15, 9), (18, 5), (27, 1), (17, 9), (13, 5), (15, 2), (25, 4), (16, 1), (24, 5), (15, 11), (31, 1), (20, 1), (22, 7), (14, 3), (17, 11), ... (+67 more)]",46,32,32
108,"(21, 12)","(21, 13)",South,"['(21, 13)', '(21, 11)']","['(21, 12)', '(33, 4)', '(25, 9)', '(35, 4)', '(31, 6)', '(21, 14)', '(28, 7)']","['(21, 11)', '(33, 4)', '(25, 9)', '(35, 4)', '(31, 6)', '(21, 14)', '(28, 7)']","[(34, 1), (27, 4), (28, 3), (17, 3), (14, 13), (17, 12), (19, 9), (32, 3), (15, 5), (29, 4), (16, 13), (21, 9), (34, 3), (27, 6), (17, 5), (19, 11), (35, 1), (24, 1), (15, 7), (18, 3), (22, 3), (17, 7), (35, 3), (24, 3), (13, 3), (15, 9), (18, 5), (27, 1), (17, 9), (13, 5), (15, 2), (25, 4), (16, 1), (24, 5), (15, 11), (31, 1), (20, 1), (22, 7), (14, 3), (17, 11), ... (+68 more)]",47,31,31
109,"(21, 11)","(21, 12)",South,"['(21, 12)', '(22, 11)']","['(21, 11)', '(33, 4)', '(25, 9)', '(35, 4)', '(31, 6)', '(21, 14)', '(28, 7)']","['(22, 11)', '(33, 4)', '(25, 9)', '(35, 4)', '(31, 6)', '(21, 14)', '(28, 7)']","[(34, 1), (27, 4), (28, 3), (17, 3), (14, 13), (17, 12), (19, 9), (32, 3), (15, 5), (29, 4), (16, 13), (21, 9), (34, 3), (27, 6), (17, 5), (19, 11), (35, 1), (24, 1), (15, 7), (18, 3), (22, 3), (17, 7), (35, 3), (24, 3), (13, 3), (15, 9), (18, 5), (27, 1), (17, 9), (13, 5), (15, 2), (25, 4), (16, 1), (24, 5), (15, 11), (31, 1), (20, 1), (22, 7), (14, 3), (17, 11), ... (+69 more)]",48,30,30
110,"(22, 11)","(21, 11)",East,"['(23, 11)', '(21, 11)']","['(22, 11)', '(33, 4)', '(25, 9)', '(35, 4)', '(31, 6)', '(21, 14)', '(28, 7)']","['(25, 9)', '(33, 4)', '(23, 11)', '(35, 4)', '(31, 6)', '(21, 14)', '(28, 7)']","[(34, 1), (27, 4), (28, 3), (17, 3), (14, 13), (17, 12), (19, 9), (32, 3), (15, 5), (29, 4), (16, 13), (21, 9), (34, 3), (27, 6), (17, 5), (19, 11), (35, 1), (24, 1), (15, 7), (18, 3), (22, 3), (17, 7), (35, 3), (24, 3), (13, 3), (15, 9), (18, 5), (27, 1), (17, 9), (13, 5), (15, 2), (25, 4), (16, 1), (24, 5), (15, 11), (31, 1), (20, 1), (22, 7), (14, 3), (17, 11), ... (+70 more)]",49,31,31
111,"(25, 9)","(24, 9)",East,"['(24, 9)']","['(25, 9)', '(33, 4)', '(23, 11)', '(35, 4)', '(31, 6)', '(21, 14)', '(28, 7)']","['(23, 11)', '(33, 4)', '(28, 7)', '(35, 4)', '(31, 6)', '(21, 14)']","[(34, 1), (27, 4), (28, 3), (17, 3), (14, 13), (17, 12), (19, 9), (32, 3), (15, 5), (29, 4), (16, 13), (21, 9), (34, 3), (27, 6), (17, 5), (19, 11), (35, 1), (24, 1), (15, 7), (18, 3), (22, 3), (17, 7), (35, 3), (24, 3), (13, 3), (15, 9), (18, 5), (27, 1), (17, 9), (13, 5), (15, 2), (25, 4), (16, 1), (24, 5), (15, 11), (31, 1), (20, 1), (22, 7), (14, 3), (17, 11), ... (+71 more)]",26,32,32
112,"(23, 11)","(22, 11)",East,"['(23, 12)', '(24, 11)', '(22, 11)']","['(23, 11)', '(33, 4)', '(28, 7)', '(35, 4)', '(31, 6)', '(21, 14)']","['(28, 7)', '(33, 4)', '(21, 14)', '(35, 4)', '(31, 6)', '(23, 12)', '(24, 11)']","[(34, 1), (27, 4), (28, 3), (17, 3), (14, 13), (17, 12), (19, 9), (32, 3), (15, 5), (29, 4), (16, 13), (21, 9), (34, 3), (27, 6), (17, 5), (19, 11), (35, 1), (24, 1), (15, 7), (18, 3), (22, 3), (17, 7), (35, 3), (24, 3), (13, 3), (15, 9), (18, 5), (27, 1), (17, 9), (13, 5), (15, 2), (25, 4), (16, 1), (24, 5), (15, 11), (31, 1), (20, 1), (22, 7), (14, 3), (17, 11), ... (+72 more)]",50,32,32
113,"(28, 7)","(27, 7)",East,"['(29, 7)', '(27, 7)']","['(28, 7)', '(33, 4)', '(21, 14)', '(35, 4)', '(31, 6)', '(23, 12)', '(24, 11)']","['(21, 14)', '(33, 4)', '(23, 12)', '(35, 4)', '(31, 6)', '(24, 11)', '(29, 7)']","[(34, 1), (27, 4), (28, 3), (17, 3), (14, 13), (17, 12), (19, 9), (32, 3), (15, 5), (29, 4), (16, 13), (21, 9), (34, 3), (27, 6), (17, 5), (19, 11), (35, 1), (24, 1), (15, 7), (18, 3), (22, 3), (17, 7), (28, 7), (35, 3), (24, 3), (13, 3), (15, 9), (18, 5), (27, 1), (17, 9), (13, 5), (15, 2), (25, 4), (16, 1), (24, 5), (15, 11), (31, 1), (20, 1), (22, 7), (14, 3), ... (+73 more)]",19,33,33
114,"(21, 14)","(21, 13)",North,"['(21, 15)', '(21, 13)']","['(21, 14)', '(33, 4)', '(23, 12)', '(35, 4)', '(31, 6)', '(24, 11)', '(29, 7)']","['(23, 12)', '(33, 4)', '(24, 11)', '(35, 4)', '(31, 6)', '(29, 7)', '(21, 15)']","[(34, 1), (27, 4), (28, 3), (17, 3), (14, 13), (17, 12), (19, 9), (32, 3), (15, 5), (29, 4), (16, 13), (21, 9), (34, 3), (27, 6), (17, 5), (19, 11), (35, 1), (24, 1), (15, 7), (18, 3), (22, 3), (17, 7), (28, 7), (35, 3), (24, 3), (13, 3), (15, 9), (18, 5), (27, 1), (17, 9), (13, 5), (15, 2), (25, 4), (16, 1), (24, 5), (15, 11), (31, 1), (20, 1), (22, 7), (14, 3), ... (+74 more)]",47,33,33
115,"(23, 12)","(23, 11)",North,"['(23, 13)', '(23, 11)']","['(23, 12)', '(33, 4)', '(24, 11)', '(35, 4)', '(31, 6)', '(29, 7)', '(21, 15)']","['(24, 11)', '(33, 4)', '(29, 7)', '(35, 4)', '(31, 6)', '(21, 15)', '(23, 13)']","[(34, 1), (27, 4), (28, 3), (17, 3), (14, 13), (17, 12), (19, 9), (32, 3), (15, 5), (29, 4), (16, 13), (21, 9), (34, 3), (27, 6), (17, 5), (19, 11), (35, 1), (24, 1), (15, 7), (18, 3), (22, 3), (17, 7), (28, 7), (35, 3), (24, 3), (13, 3), (15, 9), (18, 5), (27, 1), (17, 9), (13, 5), (15, 2), (25, 4), (16, 1), (24, 5), (15, 11), (31, 1), (20, 1), (22, 7), (14, 3), ... (+75 more)]",51,33,33
116,"(24, 11)","(23, 11)",East,"['(25, 11)', '(23, 11)']","['(24, 11)', '(33, 4)', '(29, 7)', '(35, 4)', '(31, 6)', '(21, 15)', '(23, 13)']","['(29, 7)', '(33, 4)', '(21, 15)', '(35, 4)', '(31, 6)', '(23, 13)', '(25, 11)']","[(34, 1), (27, 4), (28, 3), (17, 3), (14, 13), (17, 12), (19, 9), (32, 3), (15, 5), (29, 4), (16, 13), (21, 9), (34, 3), (27, 6), (17, 5), (19, 11), (35, 1), (24, 1), (15, 7), (18, 3), (22, 3), (17, 7), (28, 7), (35, 3), (24, 3), (13, 3), (15, 9), (18, 5), (27, 1), (17, 9), (13, 5), (15, 2), (25, 4), (16, 1), (24, 5), (15, 11), (31, 1), (20, 1), (22, 7), (14, 3), ... (+76 more)]",51,33,33
117,"(29, 7)","(28, 7)",East,"['(29, 8)', '(28, 7)']","['(29, 7)', '(33, 4)', '(21, 15)', '(35, 4)', '(31, 6)', '(23, 13)', '(25, 11)']","['(21, 15)', '(33, 4)', '(23, 13)', '(35, 4)', '(31, 6)', '(25, 11)', '(29, 8)']","[(34, 1), (27, 4), (28, 3), (17, 3), (14, 13), (17, 12), (19, 9), (32, 3), (15, 5), (29, 4), (16, 13), (21, 9), (34, 3), (27, 6), (17, 5), (19, 11), (35, 1), (24, 1), (15, 7), (18, 3), (22, 3), (17, 7), (28, 7), (35, 3), (24, 3), (13, 3), (15, 9), (18, 5), (27, 1), (17, 9), (13, 5), (15, 2), (25, 4), (16, 1), (24, 5), (15, 11), (31, 1), (20, 1), (22, 7), (14, 3), ... (+77 more)]",20,34,34
118,"(21, 15)","(21, 14)",North,"['(21, 14)', '(22, 15)']","['(21, 15)', '(33, 4)', '(23, 13)', '(35, 4)', '(31, 6)', '(25, 11)', '(29, 8)']","['(23, 13)', '(33, 4)', '(25, 11)', '(35, 4)', '(31, 6)', '(29, 8)', '(22, 15)']","[(34, 1), (27, 4), (28, 3), (17, 3), (14, 13), (17, 12), (19, 9), (32, 3), (15, 5), (29, 4), (16, 13), (21, 9), (34, 3), (27, 6), (17, 5), (19, 11), (35, 1), (24, 1), (15, 7), (18, 3), (22, 3), (17, 7), (28, 7), (35, 3), (24, 3), (13, 3), (15, 9), (18, 5), (27, 1), (17, 9), (13, 5), (15, 2), (25, 4), (16, 1), (24, 5), (15, 11), (31, 1), (20, 1), (22, 7), (14, 3), ... (+78 more)]",48,34,34
119,"(23, 13)","(23, 12)",North,"['(23, 12)', '(24, 13)']","['(23, 13)', '(33, 4)', '(25, 11)', '(35, 4)', '(31, 6)', '(29, 8)', '(22, 15)']","['(25, 11)', '(33, 4)', '(29, 8)', '(35, 4)', '(31, 6)', '(22, 15)', '(24, 13)']","[(34, 1), (27, 4), (28, 3), (17, 3), (14, 13), (17, 12), (19, 9), (32, 3), (15, 5), (29, 4), (16, 13), (21, 9), (34, 3), (27, 6), (17, 5), (19, 11), (35, 1), (24, 1), (15, 7), (18, 3), (22, 3), (17, 7), (28, 7), (35, 3), (24, 3), (13, 3), (15, 9), (18, 5), (27, 1), (23, 13), (17, 9), (13, 5), (15, 2), (25, 4), (16, 1), (24, 5), (15, 11), (31, 1), (20, 1), (22, 7), ... (+79 more)]",52,34,34
120,"(25, 11)","(24, 11)",East,"['(26, 11)', '(24, 11)']","['(25, 11)', '(33, 4)', '(29, 8)', '(35, 4)', '(31, 6)', '(22, 15)', '(24, 13)']","['(33, 4)', '(31, 6)', '(29, 8)', '(35, 4)', '(24, 13)', '(22, 15)', '(26, 11)']","[(34, 1), (27, 4), (28, 3), (17, 3), (14, 13), (17, 12), (19, 9), (32, 3), (15, 5), (29, 4), (16, 13), (21, 9), (34, 3), (27, 6), (17, 5), (19, 11), (35, 1), (24, 1), (15, 7), (18, 3), (22, 3), (17, 7), (28, 7), (35, 3), (24, 3), (13, 3), (15, 9), (25, 11), (18, 5), (27, 1), (23, 13), (17, 9), (13, 5), (15, 2), (25, 4), (16, 1), (24, 5), (15, 11), (31, 1), (20, 1), ... (+80 more)]",52,34,34
121,"(33, 4)","(33, 3)",North,"['(33, 5)', '(33, 3)']","['(33, 4)', '(31, 6)', '(29, 8)', '(35, 4)', '(24, 13)', '(22, 15)', '(26, 11)']","['(31, 6)', '(24, 13)', '(29, 8)', '(35, 4)', '(26, 11)', '(22, 15)', '(33, 5)']","[(34, 1), (27, 4), (28, 3), (17, 3), (14, 13), (17, 12), (19, 9), (32, 3), (15, 5), (29, 4), (16, 13), (21, 9), (34, 3), (27, 6), (17, 5), (19, 11), (35, 1), (24, 1), (15, 7), (18, 3), (22, 3), (17, 7), (28, 7), (35, 3), (24, 3), (13, 3), (15, 9), (25, 11), (18, 5), (27, 1), (23, 13), (17, 9), (13, 5), (15, 2), (25, 4), (16, 1), (24, 5), (15, 11), (31, 1), (20, 1), ... (+81 more)]",5,35,35
122,"(31, 6)","(31, 5)",North,"['(31, 7)', '(31, 5)']","['(31, 6)', '(24, 13)', '(29, 8)', '(35, 4)', '(26, 11)', '(22, 15)', '(33, 5)']","['(29, 8)', '(24, 13)', '(22, 15)', '(35, 4)', '(26, 11)', '(33, 5)', '(31, 7)']","[(34, 1), (27, 4), (28, 3), (17, 3), (14, 13), (17, 12), (19, 9), (32, 3), (15, 5), (29, 4), (16, 13), (21, 9), (34, 3), (27, 6), (17, 5), (19, 11), (35, 1), (24, 1), (15, 7), (18, 3), (22, 3), (17, 7), (28, 7), (35, 3), (24, 3), (13, 3), (15, 9), (25, 11), (18, 5), (27, 1), (23, 13), (17, 9), (13, 5), (15, 2), (25, 4), (16, 1), (24, 5), (15, 11), (31, 1), (20, 1), ... (+82 more)]",9,35,35
123,"(29, 8)","(29, 7)",North,"['(29, 9)', '(29, 7)']","['(29, 8)', '(24, 13)', '(22, 15)', '(35, 4)', '(26, 11)', '(33, 5)', '(31, 7)']","['(22, 15)', '(24, 13)', '(33, 5)', '(35, 4)', '(26, 11)', '(31, 7)', '(29, 9)']","[(34, 1), (27, 4), (28, 3), (17, 3), (14, 13), (17, 12), (19, 9), (32, 3), (15, 5), (29, 4), (16, 13), (21, 9), (34, 3), (27, 6), (17, 5), (19, 11), (35, 1), (24, 1), (15, 7), (18, 3), (22, 3), (17, 7), (28, 7), (35, 3), (24, 3), (13, 3), (15, 9), (25, 11), (18, 5), (27, 1), (23, 13), (17, 9), (13, 5), (15, 2), (25, 4), (16, 1), (24, 5), (15, 11), (31, 1), (20, 1), ... (+83 more)]",21,35,35
124,"(22, 15)","(21, 15)",East,"['(23, 15)', '(21, 15)']","['(22, 15)', '(24, 13)', '(33, 5)', '(35, 4)', '(26, 11)', '(31, 7)', '(29, 9)']","['(24, 13)', '(26, 11)', '(33, 5)', '(35, 4)', '(29, 9)', '(31, 7)', '(23, 15)']","[(34, 1), (27, 4), (28, 3), (17, 3), (14, 13), (17, 12), (19, 9), (32, 3), (15, 5), (29, 4), (16, 13), (21, 9), (34, 3), (27, 6), (17, 5), (19, 11), (35, 1), (24, 1), (15, 7), (18, 3), (22, 3), (17, 7), (28, 7), (35, 3), (24, 3), (13, 3), (15, 9), (25, 11), (18, 5), (27, 1), (23, 13), (17, 9), (13, 5), (15, 2), (25, 4), (16, 1), (24, 5), (15, 11), (31, 1), (20, 1), ... (+84 more)]",49,35,35
125,"(24, 13)","(23, 13)",East,"['(25, 13)', '(23, 13)']","['(24, 13)', '(26, 11)', '(33, 5)', '(35, 4)', '(29, 9)', '(31, 7)', '(23, 15)']","['(26, 11)', '(29, 9)', '(33, 5)', '(35, 4)', '(23, 15)', '(31, 7)', '(25, 13)']","[(34, 1), (27, 4), (28, 3), (17, 3), (14, 13), (17, 12), (19, 9), (32, 3), (15, 5), (29, 4), (16, 13), (21, 9), (34, 3), (27, 6), (17, 5), (19, 11), (35, 1), (24, 1), (15, 7), (18, 3), (22, 3), (17, 7), (28, 7), (35, 3), (24, 3), (13, 3), (15, 9), (25, 11), (18, 5), (27, 1), (23, 13), (17, 9), (13, 5), (15, 2), (25, 4), (16, 1), (24, 5), (15, 11), (31, 1), (20, 1), ... (+85 more)]",53,35,35
126,"(26, 11)","(25, 11)",East,"['(27, 11)', '(25, 11)']","['(26, 11)', '(29, 9)', '(33, 5)', '(35, 4)', '(23, 15)', '(31, 7)', '(25, 13)']","['(33, 5)', '(29, 9)', '(31, 7)', '(35, 4)', '(23, 15)', '(25, 13)', '(27, 11)']","[(34, 1), (27, 4), (28, 3), (17, 3), (14, 13), (17, 12), (19, 9), (32, 3), (15, 5), (29, 4), (16, 13), (21, 9), (34, 3), (27, 6), (17, 5), (19, 11), (35, 1), (24, 1), (15, 7), (18, 3), (22, 3), (17, 7), (28, 7), (35, 3), (24, 3), (13, 3), (15, 9), (25, 11), (18, 5), (27, 1), (23, 13), (17, 9), (13, 5), (15, 2), (25, 4), (16, 1), (24, 5), (15, 11), (26, 11), (31, 1), ... (+86 more)]",53,35,35
127,"(33, 5)","(33, 4)",North,"['(33, 6)', '(33, 4)']","['(33, 5)', '(29, 9)', '(31, 7)', '(35, 4)', '(23, 15)', '(25, 13)', '(27, 11)']","['(31, 7)', '(29, 9)', '(25, 13)', '(35, 4)', '(23, 15)', '(27, 11)', '(33, 6)']","[(34, 1), (27, 4), (28, 3), (17, 3), (14, 13), (17, 12), (19, 9), (32, 3), (15, 5), (29, 4), (16, 13), (21, 9), (34, 3), (27, 6), (17, 5), (19, 11), (35, 1), (24, 1), (15, 7), (18, 3), (22, 3), (17, 7), (28, 7), (35, 3), (24, 3), (13, 3), (15, 9), (25, 11), (18, 5), (27, 1), (23, 13), (17, 9), (13, 5), (15, 2), (25, 4), (16, 1), (24, 5), (15, 11), (26, 11), (31, 1), ... (+87 more)]",6,36,36
128,"(31, 7)","(31, 6)",North,"['(31, 8)', '(31, 6)']","['(31, 7)', '(29, 9)', '(25, 13)', '(35, 4)', '(23, 15)', '(27, 11)', '(33, 6)']","['(29, 9)', '(23, 15)', '(25, 13)', '(35, 4)', '(33, 6)', '(27, 11)', '(31, 8)']","[(34, 1), (27, 4), (28, 3), (17, 3), (14, 13), (17, 12), (19, 9), (32, 3), (15, 5), (29, 4), (16, 13), (21, 9), (34, 3), (27, 6), (17, 5), (19, 11), (35, 1), (24, 1), (15, 7), (18, 3), (22, 3), (17, 7), (28, 7), (35, 3), (24, 3), (13, 3), (15, 9), (25, 11), (18, 5), (27, 1), (23, 13), (17, 9), (13, 5), (15, 2), (25, 4), (16, 1), (24, 5), (15, 11), (26, 11), (31, 1), ... (+88 more)]",10,36,36
129,"(29, 9)","(29, 8)",North,"['(29, 8)']","['(29, 9)', '(23, 15)', '(25, 13)', '(35, 4)', '(33, 6)', '(27, 11)', '(31, 8)']","['(23, 15)', '(35, 4)', '(25, 13)', '(31, 8)', '(33, 6)', '(27, 11)']","[(34, 1), (27, 4), (28, 3), (17, 3), (14, 13), (17, 12), (19, 9), (32, 3), (15, 5), (29, 4), (16, 13), (21, 9), (34, 3), (27, 6), (17, 5), (19, 11), (35, 1), (24, 1), (15, 7), (18, 3), (22, 3), (17, 7), (28, 7), (35, 3), (24, 3), (13, 3), (15, 9), (25, 11), (18, 5), (27, 1), (23, 13), (17, 9), (13, 5), (15, 2), (25, 4), (16, 1), (24, 5), (15, 11), (26, 11), (31, 1), ... (+89 more)]",22,36,36
130,"(23, 15)","(22, 15)",East,"['(24, 15)', '(22, 15)']","['(23, 15)', '(35, 4)', '(25, 13)', '(31, 8)', '(33, 6)', '(27, 11)']","['(25, 13)', '(35, 4)', '(27, 11)', '(31, 8)', '(33, 6)', '(24, 15)']","[(34, 1), (27, 4), (28, 3), (17, 3), (14, 13), (17, 12), (19, 9), (32, 3), (15, 5), (29, 4), (16, 13), (21, 9), (34, 3), (27, 6), (17, 5), (19, 11), (35, 1), (24, 1), (15, 7), (18, 3), (22, 3), (17, 7), (28, 7), (35, 3), (24, 3), (13, 3), (15, 9), (25, 11), (18, 5), (27, 1), (23, 13), (17, 9), (13, 5), (15, 2), (25, 4), (16, 1), (24, 5), (15, 11), (26, 11), (31, 1), ... (+90 more)]",50,36,36
131,"(25, 13)","(24, 13)",East,"['(26, 13)', '(24, 13)']","['(25, 13)', '(35, 4)', '(27, 11)', '(31, 8)', '(33, 6)', '(24, 15)']","['(27, 11)', '(35, 4)', '(24, 15)', '(31, 8)', '(33, 6)', '(26, 13)']","[(34, 1), (27, 4), (28, 3), (17, 3), (14, 13), (17, 12), (19, 9), (32, 3), (15, 5), (29, 4), (16, 13), (21, 9), (34, 3), (27, 6), (17, 5), (19, 11), (35, 1), (24, 1), (15, 7), (18, 3), (22, 3), (17, 7), (28, 7), (35, 3), (24, 3), (13, 3), (15, 9), (25, 11), (18, 5), (27, 1), (23, 13), (17, 9), (13, 5), (15, 2), (25, 4), (16, 1), (24, 5), (15, 11), (26, 11), (25, 13), ... (+91 more)]",54,36,36
132,"(27, 11)","(26, 11)",East,"['(27, 10)', '(26, 11)']","['(27, 11)', '(35, 4)', '(24, 15)', '(31, 8)', '(33, 6)', '(26, 13)']","['(27, 10)', '(33, 6)', '(35, 4)', '(31, 8)', '(26, 13)', '(24, 15)']","[(34, 1), (27, 4), (28, 3), (17, 3), (14, 13), (17, 12), (19, 9), (32, 3), (15, 5), (29, 4), (16, 13), (21, 9), (34, 3), (27, 6), (17, 5), (19, 11), (35, 1), (24, 1), (15, 7), (18, 3), (22, 3), (17, 7), (28, 7), (35, 3), (24, 3), (13, 3), (15, 9), (25, 11), (18, 5), (27, 1), (23, 13), (17, 9), (13, 5), (15, 2), (25, 4), (16, 1), (24, 5), (15, 11), (26, 11), (25, 13), ... (+92 more)]",54,36,36
133,"(27, 10)","(27, 11)",South,"['(27, 11)', '(27, 9)']","['(27, 10)', '(33, 6)', '(35, 4)', '(31, 8)', '(26, 13)', '(24, 15)']","['(27, 9)', '(33, 6)', '(35, 4)', '(31, 8)', '(26, 13)', '(24, 15)']","[(34, 1), (27, 4), (28, 3), (17, 3), (14, 13), (17, 12), (19, 9), (32, 3), (15, 5), (29, 4), (16, 13), (21, 9), (34, 3), (27, 6), (17, 5), (19, 11), (35, 1), (24, 1), (15, 7), (18, 3), (22, 3), (17, 7), (28, 7), (35, 3), (24, 3), (13, 3), (15, 9), (25, 11), (18, 5), (27, 1), (23, 13), (17, 9), (13, 5), (15, 2), (25, 4), (16, 1), (24, 5), (15, 11), (26, 11), (25, 13), ... (+93 more)]",55,35,35
134,"(27, 9)","(27, 10)",South,"['(27, 10)']","['(27, 9)', '(33, 6)', '(35, 4)', '(31, 8)', '(26, 13)', '(24, 15)']","['(35, 4)', '(33, 6)', '(24, 15)', '(31, 8)', '(26, 13)']","[(34, 1), (27, 4), (28, 3), (17, 3), (14, 13), (17, 12), (19, 9), (32, 3), (15, 5), (29, 4), (16, 13), (21, 9), (34, 3), (27, 6), (17, 5), (19, 11), (35, 1), (24, 1), (15, 7), (18, 3), (22, 3), (17, 7), (28, 7), (35, 3), (24, 3), (13, 3), (15, 9), (25, 11), (18, 5), (27, 1), (23, 13), (17, 9), (13, 5), (15, 2), (25, 4), (16, 1), (24, 5), (15, 11), (26, 11), (25, 13), ... (+94 more)]",56,34,34
135,"(35, 4)","(35, 3)",North,"['(35, 5)', '(35, 3)']","['(35, 4)', '(33, 6)', '(24, 15)', '(31, 8)', '(26, 13)']","['(33, 6)', '(31, 8)', '(24, 15)', '(26, 13)', '(35, 5)']","[(34, 1), (27, 4), (28, 3), (17, 3), (14, 13), (17, 12), (19, 9), (32, 3), (15, 5), (29, 4), (16, 13), (21, 9), (34, 3), (27, 6), (17, 5), (19, 11), (35, 1), (24, 1), (15, 7), (18, 3), (22, 3), (17, 7), (28, 7), (35, 3), (24, 3), (13, 3), (15, 9), (25, 11), (18, 5), (27, 1), (23, 13), (17, 9), (13, 5), (15, 2), (25, 4), (16, 1), (24, 5), (15, 11), (26, 11), (25, 13), ... (+95 more)]",3,37,37
136,"(33, 6)","(33, 5)",North,"['(33, 7)', '(33, 5)']","['(33, 6)', '(31, 8)', '(24, 15)', '(26, 13)', '(35, 5)']","['(31, 8)', '(26, 13)', '(24, 15)', '(35, 5)', '(33, 7)']","[(34, 1), (27, 4), (28, 3), (17, 3), (14, 13), (17, 12), (19, 9), (32, 3), (15, 5), (29, 4), (16, 13), (21, 9), (34, 3), (27, 6), (17, 5), (19, 11), (35, 1), (24, 1), (15, 7), (18, 3), (22, 3), (17, 7), (28, 7), (33, 6), (35, 3), (24, 3), (13, 3), (15, 9), (25, 11), (18, 5), (27, 1), (23, 13), (17, 9), (13, 5), (15, 2), (25, 4), (16, 1), (24, 5), (15, 11), (26, 11), ... (+96 more)]",7,37,37
137,"(31, 8)","(31, 7)",North,"['(31, 9)', '(31, 7)']","['(31, 8)', '(26, 13)', '(24, 15)', '(35, 5)', '(33, 7)']","['(24, 15)', '(26, 13)', '(33, 7)', '(35, 5)', '(31, 9)']","[(34, 1), (27, 4), (28, 3), (17, 3), (14, 13), (17, 12), (19, 9), (32, 3), (15, 5), (29, 4), (16, 13), (21, 9), (34, 3), (27, 6), (17, 5), (19, 11), (35, 1), (24, 1), (15, 7), (18, 3), (22, 3), (17, 7), (28, 7), (33, 6), (35, 3), (24, 3), (13, 3), (15, 9), (25, 11), (18, 5), (31, 8), (27, 1), (23, 13), (17, 9), (13, 5), (15, 2), (25, 4), (16, 1), (24, 5), (15, 11), ... (+97 more)]",11,37,37
138,"(24, 15)","(23, 15)",East,"['(25, 15)', '(23, 15)']","['(24, 15)', '(26, 13)', '(33, 7)', '(35, 5)', '(31, 9)']","['(26, 13)', '(35, 5)', '(33, 7)', '(31, 9)', '(25, 15)']","[(34, 1), (27, 4), (28, 3), (17, 3), (14, 13), (17, 12), (19, 9), (32, 3), (15, 5), (29, 4), (16, 13), (21, 9), (34, 3), (27, 6), (17, 5), (19, 11), (35, 1), (24, 1), (15, 7), (18, 3), (22, 3), (17, 7), (28, 7), (33, 6), (35, 3), (24, 3), (13, 3), (15, 9), (25, 11), (18, 5), (31, 8), (27, 1), (23, 13), (17, 9), (13, 5), (15, 2), (25, 4), (16, 1), (24, 5), (15, 11), ... (+98 more)]",51,37,37
139,"(26, 13)","(25, 13)",East,"['(27, 13)', '(25, 13)']","['(26, 13)', '(35, 5)', '(33, 7)', '(31, 9)', '(25, 15)']","['(35, 5)', '(31, 9)', '(33, 7)', '(25, 15)', '(27, 13)']","[(34, 1), (27, 4), (28, 3), (17, 3), (14, 13), (17, 12), (19, 9), (32, 3), (15, 5), (29, 4), (16, 13), (21, 9), (34, 3), (27, 6), (17, 5), (19, 11), (35, 1), (24, 1), (15, 7), (18, 3), (22, 3), (17, 7), (28, 7), (33, 6), (35, 3), (24, 3), (13, 3), (15, 9), (25, 11), (18, 5), (31, 8), (27, 1), (23, 13), (17, 9), (13, 5), (15, 2), (25, 4), (16, 1), (24, 5), (15, 11), ... (+99 more)]",55,37,37
140,"(35, 5)","(35, 4)",North,"['(35, 4)']","['(35, 5)', '(31, 9)', '(33, 7)', '(25, 15)', '(27, 13)']","['(33, 7)', '(31, 9)', '(27, 13)', '(25, 15)']","[(34, 1), (27, 4), (28, 3), (17, 3), (14, 13), (17, 12), (19, 9), (32, 3), (15, 5), (29, 4), (16, 13), (21, 9), (34, 3), (27, 6), (17, 5), (19, 11), (35, 1), (24, 1), (15, 7), (18, 3), (22, 3), (17, 7), (28, 7), (33, 6), (35, 3), (24, 3), (13, 3), (15, 9), (25, 11), (18, 5), (31, 8), (27, 1), (23, 13), (17, 9), (13, 5), (15, 2), (25, 4), (16, 1), (24, 5), (35, 5), ... (+100 more)]",4,38,38
141,"(33, 7)","(33, 6)",North,"['(33, 6)', '(34, 7)']","['(33, 7)', '(31, 9)', '(27, 13)', '(25, 15)']","['(31, 9)', '(25, 15)', '(27, 13)', '(34, 7)']","[(34, 1), (27, 4), (28, 3), (17, 3), (14, 13), (17, 12), (19, 9), (32, 3), (15, 5), (29, 4), (16, 13), (21, 9), (34, 3), (27, 6), (17, 5), (19, 11), (35, 1), (24, 1), (15, 7), (18, 3), (22, 3), (17, 7), (28, 7), (33, 6), (35, 3), (24, 3), (13, 3), (15, 9), (25, 11), (18, 5), (31, 8), (27, 1), (23, 13), (17, 9), (13, 5), (15, 2), (25, 4), (16, 1), (24, 5), (35, 5), ... (+101 more)]",8,38,38
142,"(31, 9)","(31, 8)",North,"['(31, 10)', '(31, 8)', '(32, 9)']","['(31, 9)', '(25, 15)', '(27, 13)', '(34, 7)']","['(25, 15)', '(34, 7)', '(27, 13)', '(31, 10)', '(32, 9)']","[(34, 1), (27, 4), (28, 3), (17, 3), (14, 13), (17, 12), (19, 9), (32, 3), (15, 5), (29, 4), (16, 13), (21, 9), (34, 3), (27, 6), (17, 5), (19, 11), (35, 1), (24, 1), (15, 7), (18, 3), (22, 3), (17, 7), (28, 7), (33, 6), (35, 3), (24, 3), (13, 3), (15, 9), (25, 11), (18, 5), (31, 8), (27, 1), (23, 13), (17, 9), (13, 5), (15, 2), (25, 4), (16, 1), (24, 5), (35, 5), ... (+102 more)]",12,38,38
143,"(25, 15)","(24, 15)",East,"['(24, 15)']","['(25, 15)', '(34, 7)', '(27, 13)', '(31, 10)', '(32, 9)']","['(27, 13)', '(34, 7)', '(32, 9)', '(31, 10)']","[(34, 1), (27, 4), (28, 3), (17, 3), (14, 13), (17, 12), (19, 9), (32, 3), (15, 5), (29, 4), (16, 13), (21, 9), (34, 3), (27, 6), (17, 5), (19, 11), (35, 1), (24, 1), (15, 7), (18, 3), (22, 3), (17, 7), (28, 7), (33, 6), (35, 3), (24, 3), (13, 3), (15, 9), (25, 11), (18, 5), (31, 8), (27, 1), (23, 13), (17, 9), (13, 5), (15, 2), (25, 4), (16, 1), (24, 5), (35, 5), ... (+103 more)]",52,38,38
144,"(27, 13)","(26, 13)",East,"['(27, 14)', '(26, 13)']","['(27, 13)', '(34, 7)', '(32, 9)', '(31, 10)']","['(34, 7)', '(31, 10)', '(32, 9)', '(27, 14)']","[(34, 1), (27, 4), (28, 3), (17, 3), (27, 13), (14, 13), (17, 12), (19, 9), (32, 3), (15, 5), (29, 4), (16, 13), (21, 9), (34, 3), (27, 6), (17, 5), (19, 11), (35, 1), (24, 1), (15, 7), (18, 3), (22, 3), (17, 7), (28, 7), (33, 6), (35, 3), (24, 3), (13, 3), (15, 9), (25, 11), (18, 5), (31, 8), (27, 1), (23, 13), (17, 9), (13, 5), (15, 2), (25, 4), (16, 1), (24, 5), ... (+104 more)]",56,38,38
145,"(34, 7)","(33, 7)",East,"['(35, 7)', '(33, 7)']","['(34, 7)', '(31, 10)', '(32, 9)', '(27, 14)']","['(31, 10)', '(27, 14)', '(32, 9)', '(35, 7)']","[(34, 1), (27, 4), (28, 3), (17, 3), (27, 13), (14, 13), (17, 12), (19, 9), (32, 3), (15, 5), (29, 4), (16, 13), (21, 9), (34, 3), (27, 6), (17, 5), (19, 11), (35, 1), (24, 1), (15, 7), (18, 3), (22, 3), (17, 7), (28, 7), (33, 6), (35, 3), (24, 3), (13, 3), (15, 9), (25, 11), (18, 5), (31, 8), (34, 7), (27, 1), (23, 13), (17, 9), (13, 5), (15, 2), (25, 4), (16, 1), ... (+105 more)]",9,39,39
146,"(31, 10)","(31, 9)",North,"['(31, 11)', '(31, 9)']","['(31, 10)', '(27, 14)', '(32, 9)', '(35, 7)']","['(32, 9)', '(27, 14)', '(35, 7)', '(31, 11)']","[(34, 1), (27, 4), (28, 3), (17, 3), (27, 13), (14, 13), (17, 12), (19, 9), (32, 3), (15, 5), (29, 4), (16, 13), (21, 9), (34, 3), (27, 6), (17, 5), (19, 11), (35, 1), (24, 1), (15, 7), (18, 3), (22, 3), (17, 7), (28, 7), (33, 6), (35, 3), (24, 3), (13, 3), (15, 9), (25, 11), (18, 5), (31, 8), (34, 7), (27, 1), (23, 13), (17, 9), (13, 5), (15, 2), (25, 4), (16, 1), ... (+106 more)]",13,39,39
147,"(32, 9)","(31, 9)",East,"['(33, 9)', '(31, 9)']","['(32, 9)', '(27, 14)', '(35, 7)', '(31, 11)']","['(27, 14)', '(31, 11)', '(35, 7)', '(33, 9)']","[(34, 1), (27, 4), (28, 3), (17, 3), (27, 13), (14, 13), (17, 12), (19, 9), (32, 3), (15, 5), (29, 4), (16, 13), (21, 9), (34, 3), (27, 6), (17, 5), (19, 11), (35, 1), (24, 1), (15, 7), (18, 3), (22, 3), (17, 7), (28, 7), (33, 6), (35, 3), (24, 3), (13, 3), (15, 9), (25, 11), (18, 5), (31, 8), (34, 7), (27, 1), (23, 13), (17, 9), (32, 9), (13, 5), (15, 2), (25, 4), ... (+107 more)]",13,39,39
148,"(27, 14)","(27, 13)",North,"['(27, 15)', '(27, 13)']","['(27, 14)', '(31, 11)', '(35, 7)', '(33, 9)']","['(35, 7)', '(31, 11)', '(33, 9)', '(27, 15)']","[(34, 1), (27, 4), (28, 3), (17, 3), (27, 13), (14, 13), (17, 12), (19, 9), (32, 3), (15, 5), (29, 4), (16, 13), (21, 9), (34, 3), (27, 6), (17, 5), (19, 11), (35, 1), (24, 1), (15, 7), (18, 3), (22, 3), (17, 7), (28, 7), (33, 6), (35, 3), (24, 3), (13, 3), (15, 9), (25, 11), (18, 5), (31, 8), (34, 7), (27, 1), (23, 13), (17, 9), (32, 9), (13, 5), (15, 2), (25, 4), ... (+108 more)]",57,39,39
149,"(35, 7)","(34, 7)",East,"['(34, 7)']","['(35, 7)', '(31, 11)', '(33, 9)', '(27, 15)']","['(31, 11)', '(27, 15)', '(33, 9)']","[(34, 1), (27, 4), (28, 3), (17, 3), (27, 13), (14, 13), (17, 12), (19, 9), (32, 3), (15, 5), (29, 4), (16, 13), (21, 9), (34, 3), (27, 6), (17, 5), (19, 11), (35, 1), (24, 1), (15, 7), (18, 3), (22, 3), (17, 7), (28, 7), (33, 6), (35, 3), (24, 3), (13, 3), (15, 9), (25, 11), (18, 5), (31, 8), (34, 7), (27, 1), (23, 13), (17, 9), (32, 9), (13, 5), (15, 2), (25, 4), ... (+109 more)]",10,40,40
150,"(31, 11)","(31, 10)",North,"['(31, 10)', '(30, 11)']","['(31, 11)', '(27, 15)', '(33, 9)']","['(30, 11)', '(27, 15)', '(33, 9)']","[(34, 1), (27, 4), (28, 3), (17, 3), (27, 13), (14, 13), (17, 12), (19, 9), (32, 3), (15, 5), (29, 4), (16, 13), (21, 9), (34, 3), (27, 6), (17, 5), (19, 11), (35, 1), (24, 1), (15, 7), (18, 3), (22, 3), (17, 7), (28, 7), (33, 6), (35, 3), (24, 3), (13, 3), (15, 9), (25, 11), (18, 5), (31, 8), (34, 7), (27, 1), (23, 13), (17, 9), (32, 9), (13, 5), (15, 2), (25, 4), ... (+110 more)]",14,40,40
151,"(30, 11)","(31, 11)",West,"['(31, 11)', '(29, 11)']","['(30, 11)', '(27, 15)', '(33, 9)']","['(29, 11)', '(27, 15)', '(33, 9)']","[(34, 1), (27, 4), (28, 3), (17, 3), (27, 13), (14, 13), (17, 12), (19, 9), (32, 3), (15, 5), (29, 4), (16, 13), (21, 9), (34, 3), (27, 6), (17, 5), (19, 11), (30, 11), (35, 1), (24, 1), (15, 7), (18, 3), (22, 3), (17, 7), (28, 7), (33, 6), (35, 3), (24, 3), (13, 3), (15, 9), (25, 11), (18, 5), (31, 8), (34, 7), (27, 1), (23, 13), (17, 9), (32, 9), (13, 5), (15, 2), ... (+111 more)]",15,39,39
152,"(29, 11)","(30, 11)",West,"['(30, 11)']","['(29, 11)', '(27, 15)', '(33, 9)']","['(33, 9)', '(27, 15)']","[(34, 1), (27, 4), (28, 3), (17, 3), (27, 13), (14, 13), (17, 12), (19, 9), (32, 3), (15, 5), (29, 4), (16, 13), (21, 9), (34, 3), (27, 6), (17, 5), (19, 11), (30, 11), (35, 1), (24, 1), (15, 7), (18, 3), (22, 3), (17, 7), (28, 7), (33, 6), (35, 3), (24, 3), (13, 3), (15, 9), (25, 11), (18, 5), (31, 8), (34, 7), (27, 1), (23, 13), (17, 9), (32, 9), (13, 5), (15, 2), ... (+112 more)]",16,38,38
153,"(33, 9)","(32, 9)",East,"['(33, 10)', '(34, 9)', '(32, 9)']","['(33, 9)', '(27, 15)']","['(27, 15)', '(33, 10)', '(34, 9)']","[(34, 1), (27, 4), (28, 3), (17, 3), (27, 13), (14, 13), (17, 12), (19, 9), (32, 3), (15, 5), (29, 4), (16, 13), (21, 9), (34, 3), (27, 6), (17, 5), (19, 11), (30, 11), (35, 1), (24, 1), (15, 7), (18, 3), (22, 3), (17, 7), (28, 7), (33, 6), (35, 3), (24, 3), (13, 3), (15, 9), (25, 11), (18, 5), (31, 8), (34, 7), (27, 1), (23, 13), (17, 9), (32, 9), (13, 5), (15, 2), ... (+113 more)]",14,40,40
154,"(27, 15)","(27, 14)",North,"['(27, 14)', '(28, 15)']","['(27, 15)', '(33, 10)', '(34, 9)']","['(33, 10)', '(34, 9)', '(28, 15)']","[(34, 1), (27, 4), (28, 3), (17, 3), (27, 13), (14, 13), (17, 12), (19, 9), (32, 3), (15, 5), (29, 4), (16, 13), (21, 9), (34, 3), (27, 6), (17, 5), (19, 11), (30, 11), (35, 1), (24, 1), (15, 7), (18, 3), (22, 3), (17, 7), (28, 7), (33, 6), (35, 3), (24, 3), (13, 3), (15, 9), (25, 11), (18, 5), (31, 8), (34, 7), (27, 1), (23, 13), (17, 9), (32, 9), (13, 5), (15, 2), ... (+114 more)]",58,40,40
155,"(33, 10)","(33, 9)",North,"['(33, 11)', '(33, 9)']","['(33, 10)', '(34, 9)', '(28, 15)']","['(34, 9)', '(28, 15)', '(33, 11)']","[(34, 1), (27, 4), (28, 3), (17, 3), (27, 13), (14, 13), (17, 12), (19, 9), (32, 3), (15, 5), (29, 4), (16, 13), (21, 9), (34, 3), (27, 6), (17, 5), (19, 11), (30, 11), (35, 1), (24, 1), (15, 7), (18, 3), (22, 3), (17, 7), (28, 7), (33, 6), (35, 3), (24, 3), (13, 3), (15, 9), (25, 11), (18, 5), (31, 8), (34, 7), (27, 1), (23, 13), (17, 9), (32, 9), (13, 5), (15, 2), ... (+115 more)]",15,41,41
156,"(34, 9)","(33, 9)",East,"['(35, 9)', '(33, 9)']","['(34, 9)', '(28, 15)', '(33, 11)']","['(28, 15)', '(33, 11)', '(35, 9)']","[(34, 1), (27, 4), (28, 3), (17, 3), (27, 13), (14, 13), (17, 12), (19, 9), (32, 3), (15, 5), (29, 4), (16, 13), (21, 9), (34, 3), (27, 6), (17, 5), (19, 11), (30, 11), (35, 1), (24, 1), (15, 7), (18, 3), (22, 3), (17, 7), (28, 7), (33, 6), (35, 3), (24, 3), (13, 3), (15, 9), (25, 11), (18, 5), (31, 8), (34, 7), (27, 1), (23, 13), (17, 9), (32, 9), (13, 5), (15, 2), ... (+116 more)]",15,41,41
157,"(28, 15)","(27, 15)",East,"['(29, 15)', '(27, 15)']","['(28, 15)', '(33, 11)', '(35, 9)']","['(33, 11)', '(35, 9)', '(29, 15)']","[(34, 1), (27, 4), (28, 3), (17, 3), (27, 13), (14, 13), (17, 12), (19, 9), (32, 3), (15, 5), (29, 4), (16, 13), (21, 9), (34, 3), (27, 6), (17, 5), (19, 11), (30, 11), (35, 1), (24, 1), (15, 7), (18, 3), (22, 3), (17, 7), (28, 7), (33, 6), (35, 3), (24, 3), (13, 3), (15, 9), (25, 11), (18, 5), (31, 8), (34, 7), (27, 1), (23, 13), (17, 9), (32, 9), (13, 5), (15, 2), ... (+117 more)]",59,41,41
158,"(33, 11)","(33, 10)",North,"['(33, 10)']","['(33, 11)', '(35, 9)', '(29, 15)']","['(35, 9)', '(29, 15)']","[(34, 1), (27, 4), (28, 3), (17, 3), (27, 13), (14, 13), (17, 12), (19, 9), (32, 3), (15, 5), (29, 4), (16, 13), (21, 9), (34, 3), (27, 6), (17, 5), (19, 11), (30, 11), (35, 1), (24, 1), (15, 7), (18, 3), (22, 3), (17, 7), (28, 7), (33, 6), (35, 3), (24, 3), (13, 3), (15, 9), (25, 11), (18, 5), (31, 8), (34, 7), (27, 1), (23, 13), (17, 9), (32, 9), (13, 5), (15, 2), ... (+118 more)]",16,42,42
159,"(35, 9)","(34, 9)",East,"['(35, 10)', '(34, 9)']","['(35, 9)', '(29, 15)']","['(29, 15)', '(35, 10)']","[(34, 1), (27, 4), (28, 3), (17, 3), (27, 13), (14, 13), (17, 12), (19, 9), (32, 3), (15, 5), (29, 4), (16, 13), (21, 9), (34, 3), (27, 6), (17, 5), (19, 11), (30, 11), (35, 1), (24, 1), (15, 7), (18, 3), (22, 3), (17, 7), (28, 7), (33, 6), (35, 3), (24, 3), (13, 3), (15, 9), (25, 11), (18, 5), (31, 8), (34, 7), (27, 1), (23, 13), (17, 9), (32, 9), (13, 5), (15, 2), ... (+119 more)]",16,42,42
160,"(29, 15)","(28, 15)",East,"['(29, 14)', '(28, 15)']","['(29, 15)', '(35, 10)']","['(29, 14)', '(35, 10)']","[(34, 1), (27, 4), (28, 3), (17, 3), (27, 13), (14, 13), (17, 12), (19, 9), (32, 3), (15, 5), (29, 4), (16, 13), (21, 9), (34, 3), (27, 6), (17, 5), (19, 11), (30, 11), (35, 1), (24, 1), (15, 7), (18, 3), (22, 3), (17, 7), (28, 7), (33, 6), (35, 3), (24, 3), (13, 3), (15, 9), (25, 11), (18, 5), (31, 8), (34, 7), (27, 1), (23, 13), (17, 9), (32, 9), (13, 5), (15, 2), ... (+120 more)]",60,42,42
161,"(29, 14)","(29, 15)",South,"['(29, 15)', '(29, 13)']","['(29, 14)', '(35, 10)']","['(29, 13)', '(35, 10)']","[(34, 1), (27, 4), (28, 3), (17, 3), (27, 13), (14, 13), (17, 12), (19, 9), (32, 3), (15, 5), (29, 4), (16, 13), (21, 9), (34, 3), (27, 6), (17, 5), (19, 11), (30, 11), (35, 1), (24, 1), (15, 7), (18, 3), (22, 3), (17, 7), (28, 7), (33, 6), (35, 3), (24, 3), (13, 3), (15, 9), (25, 11), (18, 5), (31, 8), (34, 7), (27, 1), (23, 13), (17, 9), (32, 9), (13, 5), (15, 2), ... (+121 more)]",61,41,41
162,"(29, 13)","(29, 14)",South,"['(29, 14)', '(30, 13)']","['(29, 13)', '(35, 10)']","['(30, 13)', '(35, 10)']","[(34, 1), (27, 4), (28, 3), (17, 3), (27, 13), (14, 13), (17, 12), (19, 9), (32, 3), (15, 5), (29, 4), (16, 13), (21, 9), (34, 3), (27, 6), (17, 5), (19, 11), (30, 11), (35, 1), (24, 1), (15, 7), (18, 3), (22, 3), (17, 7), (28, 7), (33, 6), (35, 3), (24, 3), (13, 3), (15, 9), (25, 11), (18, 5), (31, 8), (34, 7), (27, 1), (23, 13), (17, 9), (32, 9), (13, 5), (15, 2), ... (+122 more)]",62,40,40
163,"(30, 13)","(29, 13)",East,"['(31, 13)', '(29, 13)']","['(30, 13)', '(35, 10)']","['(31, 13)', '(35, 10)']","[(34, 1), (27, 4), (28, 3), (17, 3), (27, 13), (14, 13), (17, 12), (19, 9), (32, 3), (15, 5), (29, 4), (16, 13), (21, 9), (34, 3), (27, 6), (17, 5), (19, 11), (30, 11), (35, 1), (24, 1), (15, 7), (18, 3), (22, 3), (17, 7), (28, 7), (30, 13), (33, 6), (35, 3), (24, 3), (13, 3), (15, 9), (25, 11), (18, 5), (31, 8), (34, 7), (27, 1), (23, 13), (17, 9), (32, 9), (13, 5), ... (+123 more)]",63,41,41
164,"(31, 13)","(30, 13)",East,"['(31, 14)', '(32, 13)', '(30, 13)']","['(31, 13)', '(35, 10)']","['(35, 10)', '(31, 14)', '(32, 13)']","[(34, 1), (27, 4), (28, 3), (17, 3), (27, 13), (14, 13), (17, 12), (19, 9), (32, 3), (15, 5), (29, 4), (16, 13), (21, 9), (34, 3), (27, 6), (17, 5), (19, 11), (30, 11), (35, 1), (24, 1), (15, 7), (18, 3), (22, 3), (17, 7), (28, 7), (30, 13), (33, 6), (35, 3), (24, 3), (13, 3), (15, 9), (25, 11), (18, 5), (31, 8), (34, 7), (27, 1), (23, 13), (17, 9), (32, 9), (13, 5), ... (+124 more)]",64,42,42
165,"(35, 10)","(35, 9)",North,"['(35, 11)', '(35, 9)']","['(35, 10)', '(31, 14)', '(32, 13)']","['(31, 14)', '(32, 13)', '(35, 11)']","[(34, 1), (27, 4), (28, 3), (17, 3), (27, 13), (14, 13), (17, 12), (19, 9), (32, 3), (15, 5), (29, 4), (16, 13), (21, 9), (34, 3), (27, 6), (17, 5), (19, 11), (30, 11), (35, 1), (24, 1), (35, 10), (15, 7), (18, 3), (22, 3), (17, 7), (28, 7), (30, 13), (33, 6), (35, 3), (24, 3), (13, 3), (15, 9), (25, 11), (18, 5), (31, 8), (34, 7), (27, 1), (23, 13), (17, 9), (32, 9), ... (+125 more)]",17,43,43
166,"(31, 14)","(31, 13)",North,"['(31, 15)', '(31, 13)']","['(31, 14)', '(32, 13)', '(35, 11)']","['(32, 13)', '(35, 11)', '(31, 15)']","[(34, 1), (27, 4), (28, 3), (17, 3), (27, 13), (14, 13), (17, 12), (19, 9), (32, 3), (15, 5), (29, 4), (16, 13), (21, 9), (34, 3), (27, 6), (17, 5), (19, 11), (30, 11), (35, 1), (24, 1), (35, 10), (15, 7), (18, 3), (22, 3), (17, 7), (28, 7), (30, 13), (33, 6), (35, 3), (24, 3), (13, 3), (15, 9), (25, 11), (18, 5), (31, 8), (34, 7), (27, 1), (23, 13), (17, 9), (32, 9), ... (+126 more)]",65,43,43
167,"(32, 13)","(31, 13)",East,"['(33, 13)', '(31, 13)']","['(32, 13)', '(35, 11)', '(31, 15)']","['(35, 11)', '(31, 15)', '(33, 13)']","[(34, 1), (27, 4), (28, 3), (17, 3), (27, 13), (14, 13), (17, 12), (19, 9), (32, 3), (15, 5), (29, 4), (16, 13), (21, 9), (34, 3), (27, 6), (17, 5), (19, 11), (30, 11), (35, 1), (24, 1), (35, 10), (15, 7), (18, 3), (22, 3), (17, 7), (28, 7), (30, 13), (33, 6), (35, 3), (24, 3), (13, 3), (15, 9), (25, 11), (18, 5), (31, 8), (34, 7), (27, 1), (23, 13), (17, 9), (32, 9), ... (+127 more)]",65,43,43
168,"(35, 11)","(35, 10)",North,"['(35, 10)']","['(35, 11)', '(31, 15)', '(33, 13)']","['(31, 15)', '(33, 13)']","[(34, 1), (27, 4), (28, 3), (17, 3), (27, 13), (14, 13), (17, 12), (19, 9), (32, 3), (15, 5), (29, 4), (16, 13), (21, 9), (34, 3), (27, 6), (17, 5), (19, 11), (30, 11), (35, 1), (24, 1), (35, 10), (15, 7), (18, 3), (22, 3), (17, 7), (28, 7), (30, 13), (33, 6), (35, 3), (24, 3), (13, 3), (15, 9), (25, 11), (18, 5), (31, 8), (34, 7), (27, 1), (23, 13), (17, 9), (32, 9), ... (+128 more)]",18,44,44
169,"(31, 15)","(31, 14)",North,"['(31, 16)', '(31, 14)']","['(31, 15)', '(33, 13)']","['(33, 13)', '(31, 16)']","[(34, 1), (27, 4), (28, 3), (17, 3), (27, 13), (14, 13), (17, 12), (19, 9), (32, 3), (15, 5), (29, 4), (16, 13), (21, 9), (34, 3), (27, 6), (17, 5), (19, 11), (30, 11), (35, 1), (24, 1), (35, 10), (15, 7), (18, 3), (22, 3), (31, 15), (17, 7), (28, 7), (30, 13), (33, 6), (35, 3), (24, 3), (13, 3), (15, 9), (25, 11), (18, 5), (31, 8), (34, 7), (27, 1), (23, 13), (17, 9), ... (+129 more)]",66,44,44
170,"(33, 13)","(32, 13)",East,"['(34, 13)', '(32, 13)']","['(33, 13)', '(31, 16)']","['(31, 16)', '(34, 13)']","[(34, 1), (27, 4), (28, 3), (17, 3), (27, 13), (14, 13), (17, 12), (19, 9), (32, 3), (15, 5), (29, 4), (16, 13), (21, 9), (34, 3), (27, 6), (17, 5), (19, 11), (30, 11), (35, 1), (24, 1), (33, 13), (35, 10), (15, 7), (18, 3), (22, 3), (31, 15), (17, 7), (28, 7), (30, 13), (33, 6), (35, 3), (24, 3), (13, 3), (15, 9), (25, 11), (18, 5), (31, 8), (34, 7), (27, 1), (23, 13), ... (+130 more)]",66,44,44
171,"(31, 16)","(31, 15)",North,"['(31, 17)', '(31, 15)']","['(31, 16)', '(34, 13)']","['(34, 13)', '(31, 17)']","[(34, 1), (27, 4), (28, 3), (17, 3), (27, 13), (14, 13), (17, 12), (19, 9), (32, 3), (15, 5), (29, 4), (16, 13), (21, 9), (34, 3), (27, 6), (17, 5), (19, 11), (30, 11), (35, 1), (24, 1), (33, 13), (35, 10), (15, 7), (18, 3), (22, 3), (31, 15), (17, 7), (28, 7), (30, 13), (33, 6), (35, 3), (24, 3), (13, 3), (15, 9), (25, 11), (18, 5), (31, 8), (34, 7), (27, 1), (23, 13), ... (+131 more)]",67,45,45
172,"(34, 13)","(33, 13)",East,"['(35, 13)', '(33, 13)']","['(34, 13)', '(31, 17)']","['(31, 17)', '(35, 13)']","[(34, 1), (27, 4), (28, 3), (17, 3), (27, 13), (14, 13), (17, 12), (19, 9), (32, 3), (15, 5), (29, 4), (16, 13), (21, 9), (34, 3), (27, 6), (17, 5), (19, 11), (30, 11), (35, 1), (24, 1), (33, 13), (35, 10), (15, 7), (18, 3), (22, 3), (31, 15), (17, 7), (28, 7), (30, 13), (33, 6), (35, 3), (24, 3), (13, 3), (15, 9), (25, 11), (18, 5), (31, 8), (34, 7), (27, 1), (23, 13), ... (+132 more)]",67,45,45
173,"(31, 17)","(31, 16)",North,"['(31, 18)', '(31, 16)']","['(31, 17)', '(35, 13)']","['(35, 13)', '(31, 18)']","[(34, 1), (27, 4), (28, 3), (17, 3), (27, 13), (14, 13), (17, 12), (19, 9), (32, 3), (15, 5), (29, 4), (16, 13), (21, 9), (34, 3), (27, 6), (17, 5), (19, 11), (30, 11), (35, 1), (24, 1), (33, 13), (35, 10), (15, 7), (18, 3), (22, 3), (31, 15), (17, 7), (28, 7), (30, 13), (33, 6), (35, 3), (24, 3), (13, 3), (15, 9), (25, 11), (18, 5), (31, 8), (34, 7), (27, 1), (31, 17), ... (+133 more)]",68,46,46
174,"(35, 13)","(34, 13)",East,"['(35, 14)', '(34, 13)']","['(35, 13)', '(31, 18)']","['(31, 18)', '(35, 14)']","[(34, 1), (27, 4), (28, 3), (17, 3), (27, 13), (14, 13), (17, 12), (19, 9), (32, 3), (15, 5), (29, 4), (16, 13), (21, 9), (34, 3), (27, 6), (17, 5), (19, 11), (30, 11), (35, 1), (24, 1), (33, 13), (35, 10), (15, 7), (18, 3), (22, 3), (31, 15), (17, 7), (28, 7), (30, 13), (33, 6), (35, 3), (24, 3), (13, 3), (15, 9), (25, 11), (18, 5), (31, 8), (34, 7), (27, 1), (31, 17), ... (+134 more)]",68,46,46
175,"(31, 18)","(31, 17)",North,"['(31, 19)', '(31, 17)']","['(31, 18)', '(35, 14)']","['(35, 14)', '(31, 19)']","[(34, 1), (27, 4), (28, 3), (17, 3), (27, 13), (14, 13), (17, 12), (19, 9), (32, 3), (15, 5), (29, 4), (16, 13), (21, 9), (34, 3), (27, 6), (17, 5), (19, 11), (30, 11), (35, 1), (24, 1), (33, 13), (35, 10), (15, 7), (18, 3), (22, 3), (31, 15), (17, 7), (28, 7), (30, 13), (33, 6), (35, 3), (24, 3), (13, 3), (15, 9), (25, 11), (18, 5), (31, 8), (34, 7), (27, 1), (31, 17), ... (+135 more)]",69,47,47
176,"(35, 14)","(35, 13)",North,"['(35, 15)', '(35, 13)']","['(35, 14)', '(31, 19)']","['(31, 19)', '(35, 15)']","[(34, 1), (27, 4), (28, 3), (17, 3), (27, 13), (14, 13), (17, 12), (19, 9), (32, 3), (15, 5), (29, 4), (16, 13), (21, 9), (34, 3), (27, 6), (17, 5), (19, 11), (30, 11), (35, 1), (24, 1), (33, 13), (35, 10), (15, 7), (18, 3), (22, 3), (31, 15), (17, 7), (28, 7), (30, 13), (33, 6), (35, 3), (24, 3), (13, 3), (15, 9), (25, 11), (18, 5), (31, 8), (34, 7), (27, 1), (31, 17), ... (+136 more)]",69,47,47
177,"(31, 19)","(31, 18)",North,"['(31, 20)', '(31, 18)', '(32, 19)']","['(31, 19)', '(35, 15)']","['(35, 15)', '(31, 20)', '(32, 19)']","[(34, 1), (27, 4), (28, 3), (17, 3), (27, 13), (14, 13), (17, 12), (19, 9), (32, 3), (15, 5), (29, 4), (16, 13), (21, 9), (34, 3), (27, 6), (17, 5), (19, 11), (30, 11), (35, 1), (24, 1), (33, 13), (35, 10), (15, 7), (18, 3), (22, 3), (31, 15), (17, 7), (28, 7), (30, 13), (33, 6), (35, 3), (24, 3), (13, 3), (15, 9), (25, 11), (18, 5), (31, 8), (34, 7), (27, 1), (31, 17), ... (+137 more)]",70,48,48
178,"(35, 15)","(35, 14)",North,"['(35, 14)', '(34, 15)']","['(35, 15)', '(31, 20)', '(32, 19)']","['(34, 15)', '(32, 19)', '(31, 20)']","[(34, 1), (27, 4), (28, 3), (17, 3), (27, 13), (14, 13), (17, 12), (19, 9), (32, 3), (15, 5), (29, 4), (16, 13), (21, 9), (34, 3), (27, 6), (17, 5), (19, 11), (30, 11), (35, 1), (24, 1), (33, 13), (35, 10), (15, 7), (18, 3), (22, 3), (31, 15), (17, 7), (28, 7), (30, 13), (33, 6), (35, 3), (24, 3), (13, 3), (15, 9), (25, 11), (18, 5), (31, 8), (34, 7), (27, 1), (31, 17), ... (+138 more)]",70,48,48
179,"(34, 15)","(35, 15)",West,"['(35, 15)', '(33, 15)']","['(34, 15)', '(32, 19)', '(31, 20)']","['(33, 15)', '(32, 19)', '(31, 20)']","[(34, 1), (27, 4), (28, 3), (17, 3), (27, 13), (14, 13), (17, 12), (19, 9), (32, 3), (15, 5), (29, 4), (16, 13), (21, 9), (34, 3), (27, 6), (17, 5), (19, 11), (30, 11), (35, 1), (24, 1), (33, 13), (35, 10), (15, 7), (18, 3), (22, 3), (31, 15), (17, 7), (28, 7), (30, 13), (33, 6), (35, 3), (24, 3), (13, 3), (15, 9), (25, 11), (18, 5), (31, 8), (34, 7), (27, 1), (31, 17), ... (+139 more)]",71,47,47
180,"(33, 15)","(34, 15)",West,"['(33, 16)', '(34, 15)']","['(33, 15)', '(32, 19)', '(31, 20)']","['(33, 16)', '(32, 19)', '(31, 20)']","[(34, 1), (27, 4), (28, 3), (17, 3), (27, 13), (14, 13), (17, 12), (19, 9), (32, 3), (15, 5), (29, 4), (16, 13), (21, 9), (34, 3), (27, 6), (17, 5), (19, 11), (30, 11), (35, 1), (24, 1), (33, 13), (35, 10), (15, 7), (18, 3), (22, 3), (31, 15), (17, 7), (28, 7), (30, 13), (33, 6), (35, 3), (24, 3), (13, 3), (33, 15), (15, 9), (25, 11), (18, 5), (31, 8), (34, 7), (27, 1), ... (+140 more)]",72,46,46
181,"(33, 16)","(33, 15)",North,"['(33, 17)', '(33, 15)']","['(33, 16)', '(32, 19)', '(31, 20)']","['(33, 17)', '(32, 19)', '(31, 20)']","[(34, 1), (27, 4), (28, 3), (17, 3), (27, 13), (14, 13), (17, 12), (19, 9), (32, 3), (15, 5), (29, 4), (16, 13), (21, 9), (34, 3), (27, 6), (17, 5), (19, 11), (30, 11), (35, 1), (24, 1), (33, 13), (35, 10), (15, 7), (18, 3), (22, 3), (31, 15), (17, 7), (28, 7), (30, 13), (33, 6), (35, 3), (24, 3), (13, 3), (33, 15), (15, 9), (25, 11), (18, 5), (31, 8), (34, 7), (27, 1), ... (+141 more)]",73,47,47
182,"(33, 17)","(33, 16)",North,"['(33, 16)', '(34, 17)']","['(33, 17)', '(32, 19)', '(31, 20)']","['(31, 20)', '(32, 19)', '(34, 17)']","[(34, 1), (27, 4), (28, 3), (17, 3), (27, 13), (14, 13), (17, 12), (19, 9), (32, 3), (15, 5), (29, 4), (16, 13), (21, 9), (34, 3), (27, 6), (17, 5), (19, 11), (30, 11), (35, 1), (24, 1), (33, 13), (35, 10), (15, 7), (18, 3), (22, 3), (31, 15), (17, 7), (28, 7), (30, 13), (33, 6), (35, 3), (24, 3), (13, 3), (33, 15), (15, 9), (25, 11), (18, 5), (31, 8), (34, 7), (27, 1), ... (+142 more)]",74,48,48
183,"(31, 20)","(31, 19)",North,"['(31, 21)', '(31, 19)']","['(31, 20)', '(32, 19)', '(34, 17)']","['(32, 19)', '(34, 17)', '(31, 21)']","[(34, 1), (27, 4), (28, 3), (17, 3), (27, 13), (14, 13), (17, 12), (19, 9), (32, 3), (15, 5), (29, 4), (16, 13), (21, 9), (34, 3), (27, 6), (17, 5), (19, 11), (30, 11), (35, 1), (24, 1), (33, 13), (35, 10), (15, 7), (18, 3), (22, 3), (31, 15), (17, 7), (28, 7), (30, 13), (33, 6), (35, 3), (24, 3), (13, 3), (33, 15), (15, 9), (25, 11), (18, 5), (31, 8), (34, 7), (27, 1), ... (+143 more)]",71,49,49
184,"(32, 19)","(31, 19)",East,"['(33, 19)', '(31, 19)']","['(32, 19)', '(34, 17)', '(31, 21)']","['(34, 17)', '(31, 21)', '(33, 19)']","[(34, 1), (27, 4), (28, 3), (17, 3), (27, 13), (14, 13), (17, 12), (19, 9), (32, 3), (15, 5), (29, 4), (16, 13), (21, 9), (34, 3), (27, 6), (17, 5), (19, 11), (30, 11), (35, 1), (24, 1), (33, 13), (35, 10), (15, 7), (18, 3), (22, 3), (31, 15), (17, 7), (28, 7), (30, 13), (33, 6), (35, 3), (24, 3), (13, 3), (33, 15), (15, 9), (25, 11), (18, 5), (32, 19), (31, 8), (34, 7), ... (+144 more)]",71,49,49
185,"(34, 17)","(33, 17)",East,"['(35, 17)', '(33, 17)']","['(34, 17)', '(31, 21)', '(33, 19)']","['(31, 21)', '(33, 19)', '(35, 17)']","[(34, 1), (27, 4), (28, 3), (17, 3), (27, 13), (14, 13), (17, 12), (19, 9), (32, 3), (15, 5), (29, 4), (16, 13), (21, 9), (34, 3), (27, 6), (17, 5), (19, 11), (30, 11), (35, 1), (24, 1), (33, 13), (35, 10), (15, 7), (18, 3), (22, 3), (31, 15), (17, 7), (28, 7), (30, 13), (33, 6), (35, 3), (24, 3), (13, 3), (33, 15), (15, 9), (25, 11), (18, 5), (32, 19), (31, 8), (34, 7), ... (+145 more)]",75,49,49
186,"(31, 21)","(31, 20)",North,"['(31, 20)']","['(31, 21)', '(33, 19)', '(35, 17)']","['(33, 19)', '(35, 17)']","[(34, 1), (27, 4), (28, 3), (17, 3), (27, 13), (14, 13), (17, 12), (19, 9), (32, 3), (15, 5), (29, 4), (16, 13), (21, 9), (34, 3), (27, 6), (17, 5), (19, 11), (30, 11), (35, 1), (24, 1), (33, 13), (35, 10), (15, 7), (18, 3), (22, 3), (31, 15), (17, 7), (28, 7), (30, 13), (33, 6), (35, 3), (24, 3), (13, 3), (33, 15), (15, 9), (25, 11), (18, 5), (32, 19), (31, 8), (34, 7), ... (+146 more)]",72,50,50
187,"(33, 19)","(32, 19)",East,"['(33, 20)', '(34, 19)', '(32, 19)']","['(33, 19)', '(35, 17)']","['(35, 17)', '(33, 20)', '(34, 19)']","[(34, 1), (27, 4), (28, 3), (17, 3), (27, 13), (14, 13), (17, 12), (19, 9), (32, 3), (15, 5), (29, 4), (16, 13), (21, 9), (34, 3), (27, 6), (17, 5), (19, 11), (30, 11), (35, 1), (24, 1), (33, 13), (35, 10), (15, 7), (18, 3), (22, 3), (31, 15), (17, 7), (28, 7), (30, 13), (33, 6), (35, 3), (24, 3), (13, 3), (33, 15), (15, 9), (25, 11), (18, 5), (32, 19), (31, 8), (34, 7), ... (+147 more)]",72,50,50
188,"(35, 17)","(34, 17)",East,"['(34, 17)']","['(35, 17)', '(33, 20)', '(34, 19)']","['(33, 20)', '(34, 19)']","[(34, 1), (27, 4), (28, 3), (17, 3), (27, 13), (14, 13), (17, 12), (19, 9), (32, 3), (15, 5), (29, 4), (35, 17), (16, 13), (21, 9), (34, 3), (27, 6), (17, 5), (19, 11), (30, 11), (35, 1), (24, 1), (33, 13), (35, 10), (15, 7), (18, 3), (22, 3), (31, 15), (17, 7), (28, 7), (30, 13), (33, 6), (35, 3), (24, 3), (13, 3), (33, 15), (15, 9), (25, 11), (18, 5), (32, 19), (31, 8), ... (+148 more)]",76,50,50
189,"(33, 20)","(33, 19)",North,"['(33, 21)', '(33, 19)']","['(33, 20)', '(34, 19)']","['(34, 19)', '(33, 21)']","[(34, 1), (27, 4), (28, 3), (17, 3), (27, 13), (14, 13), (17, 12), (19, 9), (32, 3), (15, 5), (29, 4), (33, 20), (35, 17), (16, 13), (21, 9), (34, 3), (27, 6), (17, 5), (19, 11), (30, 11), (35, 1), (24, 1), (33, 13), (35, 10), (15, 7), (18, 3), (22, 3), (31, 15), (17, 7), (28, 7), (30, 13), (33, 6), (35, 3), (24, 3), (13, 3), (33, 15), (15, 9), (25, 11), (18, 5), (32, 19), ... (+149 more)]",73,51,51
190,"(34, 19)","(33, 19)",East,"['(35, 19)', '(33, 19)']","['(34, 19)', '(33, 21)']","['(33, 21)', '(35, 19)']","[(34, 1), (27, 4), (28, 3), (17, 3), (34, 19), (27, 13), (14, 13), (17, 12), (19, 9), (32, 3), (15, 5), (29, 4), (33, 20), (35, 17), (16, 13), (21, 9), (34, 3), (27, 6), (17, 5), (19, 11), (30, 11), (35, 1), (24, 1), (33, 13), (35, 10), (15, 7), (18, 3), (22, 3), (31, 15), (17, 7), (28, 7), (30, 13), (33, 6), (35, 3), (24, 3), (13, 3), (33, 15), (15, 9), (25, 11), (18, 5), ... (+150 more)]",73,51,51
191,"(33, 21)","(33, 20)",North,"['(33, 20)']","['(33, 21)', '(35, 19)']","['(35, 19)']","[(34, 1), (27, 4), (28, 3), (17, 3), (34, 19), (27, 13), (14, 13), (17, 12), (19, 9), (32, 3), (15, 5), (29, 4), (33, 20), (35, 17), (16, 13), (21, 9), (34, 3), (27, 6), (17, 5), (19, 11), (30, 11), (35, 1), (24, 1), (33, 13), (35, 10), (15, 7), (18, 3), (22, 3), (31, 15), (17, 7), (28, 7), (30, 13), (33, 6), (35, 3), (24, 3), (13, 3), (33, 15), (15, 9), (25, 11), (18, 5), ... (+151 more)]",74,52,52
192,"(35, 19)","(34, 19)",East,"['(35, 20)', '(34, 19)']","['(35, 19)']","['(35, 20)']","[(34, 1), (27, 4), (28, 3), (17, 3), (34, 19), (27, 13), (14, 13), (17, 12), (19, 9), (32, 3), (15, 5), (29, 4), (33, 20), (35, 17), (16, 13), (21, 9), (34, 3), (27, 6), (17, 5), (19, 11), (30, 11), (35, 1), (24, 1), (33, 13), (35, 10), (15, 7), (18, 3), (35, 19), (22, 3), (31, 15), (17, 7), (28, 7), (30, 13), (33, 6), (35, 3), (24, 3), (13, 3), (33, 15), (15, 9), (25, 11), ... (+152 more)]",74,52,52
193,"(35, 20)","(35, 19)",North,"['(35, 21)', '(35, 19)']","['(35, 20)']","['(35, 21)']","[(34, 1), (27, 4), (28, 3), (17, 3), (34, 19), (27, 13), (14, 13), (17, 12), (19, 9), (32, 3), (15, 5), (29, 4), (33, 20), (35, 17), (16, 13), (21, 9), (34, 3), (27, 6), (17, 5), (19, 11), (30, 11), (35, 1), (24, 1), (33, 13), (35, 10), (15, 7), (18, 3), (35, 19), (22, 3), (31, 15), (17, 7), (28, 7), (30, 13), (33, 6), (35, 3), (24, 3), (13, 3), (33, 15), (15, 9), (25, 11), ... (+153 more)]",75,53,53
194,"(35, 21)","(35, 20)",North,"['(35, 22)', '(35, 20)']","['(35, 21)']","['(35, 22)']","[(34, 1), (27, 4), (28, 3), (17, 3), (34, 19), (27, 13), (14, 13), (17, 12), (19, 9), (32, 3), (15, 5), (29, 4), (33, 20), (35, 17), (16, 13), (21, 9), (34, 3), (27, 6), (17, 5), (19, 11), (30, 11), (35, 1), (24, 1), (33, 13), (35, 10), (15, 7), (18, 3), (35, 19), (22, 3), (31, 15), (17, 7), (28, 7), (30, 13), (33, 6), (35, 3), (24, 3), (13, 3), (33, 15), (15, 9), (25, 11), ... (+154 more)]",76,54,54
195,"(35, 22)","(35, 21)",North,"['(35, 23)', '(35, 21)']","['(35, 22)']","['(35, 23)']","[(34, 1), (27, 4), (28, 3), (17, 3), (34, 19), (27, 13), (14, 13), (17, 12), (19, 9), (32, 3), (15, 5), (29, 4), (33, 20), (35, 17), (16, 13), (21, 9), (34, 3), (27, 6), (17, 5), (19, 11), (30, 11), (35, 1), (24, 1), (33, 13), (35, 10), (15, 7), (18, 3), (35, 19), (22, 3), (31, 15), (17, 7), (28, 7), (30, 13), (33, 6), (35, 3), (24, 3), (13, 3), (33, 15), (15, 9), (25, 11), ... (+155 more)]",77,55,55
196,"(35, 23)","(35, 22)",North,"['(35, 24)', '(35, 22)', '(34, 23)']","['(35, 23)']","['(34, 23)', '(35, 24)']","[(34, 1), (27, 4), (28, 3), (17, 3), (34, 19), (27, 13), (14, 13), (17, 12), (19, 9), (32, 3), (15, 5), (29, 4), (33, 20), (35, 17), (16, 13), (21, 9), (34, 3), (27, 6), (17, 5), (19, 11), (30, 11), (35, 1), (24, 1), (33, 13), (35, 10), (15, 7), (18, 3), (35, 19), (22, 3), (31, 15), (17, 7), (28, 7), (30, 13), (33, 6), (35, 3), (24, 3), (13, 3), (33, 15), (15, 9), (25, 11), ... (+156 more)]",78,56,56
197,"(34, 23)","(35, 23)",West,"['(35, 23)', '(33, 23)']","['(34, 23)', '(35, 24)']","['(33, 23)', '(35, 24)']","[(34, 1), (27, 4), (28, 3), (17, 3), (34, 19), (27, 13), (14, 13), (17, 12), (19, 9), (32, 3), (15, 5), (29, 4), (33, 20), (35, 17), (16, 13), (21, 9), (34, 3), (27, 6), (17, 5), (19, 11), (30, 11), (35, 1), (24, 1), (33, 13), (35, 10), (15, 7), (18, 3), (35, 19), (22, 3), (31, 15), (17, 7), (28, 7), (34, 23), (30, 13), (33, 6), (35, 3), (24, 3), (13, 3), (33, 15), (15, 9), ... (+157 more)]",79,55,55
198,"(33, 23)","(34, 23)",West,"['(34, 23)']","['(33, 23)', '(35, 24)']","['(35, 24)']","[(34, 1), (27, 4), (28, 3), (17, 3), (34, 19), (27, 13), (14, 13), (17, 12), (19, 9), (32, 3), (15, 5), (29, 4), (33, 20), (35, 17), (16, 13), (21, 9), (34, 3), (27, 6), (17, 5), (19, 11), (30, 11), (35, 1), (24, 1), (33, 13), (35, 10), (15, 7), (18, 3), (35, 19), (22, 3), (31, 15), (17, 7), (28, 7), (34, 23), (30, 13), (33, 6), (35, 3), (24, 3), (13, 3), (33, 15), (15, 9), ... (+158 more)]",80,54,54
199,"(35, 24)","(35, 23)",North,"['(35, 25)', '(35, 23)']","['(35, 24)']","['(35, 25)']","[(34, 1), (27, 4), (28, 3), (17, 3), (34, 19), (27, 13), (14, 13), (17, 12), (19, 9), (32, 3), (15, 5), (29, 4), (33, 20), (35, 17), (16, 13), (21, 9), (34, 3), (27, 6), (17, 5), (19, 11), (30, 11), (35, 1), (24, 1), (33, 13), (35, 10), (15, 7), (18, 3), (35, 19), (22, 3), (31, 15), (17, 7), (28, 7), (34, 23), (30, 13), (33, 6), (35, 3), (24, 3), (13, 3), (33, 15), (15, 9), ... (+159 more)]",79,57,57
200,"(35, 25)","(35, 24)",North,"['(35, 26)', '(35, 24)']","['(35, 25)']","['(35, 26)']","[(34, 1), (27, 4), (28, 3), (17, 3), (34, 19), (27, 13), (14, 13), (17, 12), (19, 9), (32, 3), (15, 5), (29, 4), (33, 20), (35, 17), (16, 13), (21, 9), (34, 3), (27, 6), (17, 5), (19, 11), (30, 11), (35, 1), (24, 1), (33, 13), (35, 10), (15, 7), (18, 3), (35, 19), (22, 3), (31, 15), (17, 7), (28, 7), (34, 23), (30, 13), (33, 6), (35, 3), (24, 3), (13, 3), (33, 15), (15, 9), ... (+160 more)]",80,58,58
201,"(35, 26)","(35, 25)",North,"['(35, 27)', '(35, 25)']","['(35, 26)']","['(35, 27)']","[(34, 1), (27, 4), (28, 3), (17, 3), (34, 19), (27, 13), (14, 13), (17, 12), (19, 9), (32, 3), (15, 5), (29, 4), (33, 20), (35, 17), (16, 13), (21, 9), (35, 26), (34, 3), (27, 6), (17, 5), (19, 11), (30, 11), (35, 1), (24, 1), (33, 13), (35, 10), (15, 7), (18, 3), (35, 19), (22, 3), (31, 15), (17, 7), (28, 7), (34, 23), (30, 13), (33, 6), (35, 3), (24, 3), (13, 3), (33, 15), ... (+161 more)]",81,59,59
202,"(35, 27)","(35, 26)",North,"['(35, 28)', '(35, 26)']","['(35, 27)']","['(35, 28)']","[(34, 1), (27, 4), (28, 3), (17, 3), (34, 19), (27, 13), (14, 13), (17, 12), (19, 9), (32, 3), (15, 5), (29, 4), (33, 20), (35, 17), (16, 13), (21, 9), (35, 26), (34, 3), (27, 6), (17, 5), (19, 11), (30, 11), (35, 1), (24, 1), (33, 13), (35, 10), (15, 7), (18, 3), (35, 19), (22, 3), (31, 15), (17, 7), (28, 7), (34, 23), (30, 13), (33, 6), (35, 3), (24, 3), (13, 3), (33, 15), ... (+162 more)]",82,60,60
203,"(35, 28)","(35, 27)",North,"['(35, 29)', '(35, 27)']","['(35, 28)']","['(35, 29)']","[(34, 1), (27, 4), (28, 3), (17, 3), (34, 19), (27, 13), (14, 13), (17, 12), (19, 9), (32, 3), (15, 5), (29, 4), (33, 20), (35, 17), (16, 13), (21, 9), (35, 26), (34, 3), (27, 6), (17, 5), (19, 11), (30, 11), (35, 1), (24, 1), (33, 13), (35, 10), (15, 7), (18, 3), (35, 19), (35, 28), (22, 3), (31, 15), (17, 7), (28, 7), (34, 23), (30, 13), (33, 6), (35, 3), (24, 3), (13, 3), ... (+163 more)]",83,61,61
204,"(35, 29)","(35, 28)",North,"['(35, 30)', '(35, 28)', '(34, 29)']","['(35, 29)']","['(34, 29)', '(35, 30)']","[(34, 1), (27, 4), (28, 3), (17, 3), (34, 19), (27, 13), (14, 13), (17, 12), (19, 9), (32, 3), (15, 5), (29, 4), (33, 20), (35, 17), (16, 13), (21, 9), (35, 26), (34, 3), (27, 6), (17, 5), (19, 11), (30, 11), (35, 1), (24, 1), (33, 13), (35, 10), (15, 7), (18, 3), (35, 19), (35, 28), (22, 3), (31, 15), (17, 7), (28, 7), (34, 23), (30, 13), (33, 6), (35, 3), (24, 3), (13, 3), ... (+164 more)]",84,62,62
205,"(34, 29)","(35, 29)",West,"['(35, 29)', '(33, 29)']","['(34, 29)', '(35, 30)']","['(33, 29)', '(35, 30)']","[(34, 1), (27, 4), (28, 3), (17, 3), (34, 19), (27, 13), (14, 13), (17, 12), (19, 9), (32, 3), (15, 5), (29, 4), (33, 20), (35, 17), (16, 13), (21, 9), (35, 26), (34, 3), (27, 6), (17, 5), (19, 11), (30, 11), (35, 1), (24, 1), (33, 13), (35, 10), (15, 7), (18, 3), (35, 19), (35, 28), (22, 3), (31, 15), (17, 7), (28, 7), (34, 23), (30, 13), (33, 6), (35, 3), (24, 3), (13, 3), ... (+165 more)]",85,61,61
206,"(33, 29)","(34, 29)",West,"['(33, 28)', '(34, 29)']","['(33, 29)', '(35, 30)']","['(33, 28)', '(35, 30)']","[(34, 1), (27, 4), (28, 3), (17, 3), (34, 19), (27, 13), (14, 13), (17, 12), (19, 9), (32, 3), (15, 5), (29, 4), (33, 20), (35, 17), (16, 13), (33, 29), (21, 9), (35, 26), (34, 3), (27, 6), (17, 5), (19, 11), (30, 11), (35, 1), (24, 1), (33, 13), (35, 10), (15, 7), (18, 3), (35, 19), (35, 28), (22, 3), (31, 15), (17, 7), (28, 7), (34, 23), (30, 13), (33, 6), (35, 3), (24, 3), ... (+166 more)]",86,60,60
207,"(33, 28)","(33, 29)",South,"['(33, 29)', '(33, 27)']","['(33, 28)', '(35, 30)']","['(33, 27)', '(35, 30)']","[(34, 1), (27, 4), (28, 3), (17, 3), (34, 19), (27, 13), (14, 13), (17, 12), (19, 9), (32, 3), (15, 5), (29, 4), (33, 20), (35, 17), (16, 13), (33, 29), (21, 9), (35, 26), (34, 3), (27, 6), (17, 5), (19, 11), (30, 11), (35, 1), (24, 1), (33, 13), (35, 10), (15, 7), (18, 3), (35, 19), (35, 28), (22, 3), (31, 15), (17, 7), (28, 7), (34, 23), (30, 13), (33, 6), (35, 3), (24, 3), ... (+167 more)]",87,59,59
208,"(33, 27)","(33, 28)",South,"['(33, 28)', '(33, 26)', '(32, 27)']","['(33, 27)', '(35, 30)']","['(33, 26)', '(35, 30)', '(32, 27)']","[(34, 1), (27, 4), (28, 3), (17, 3), (34, 19), (27, 13), (14, 13), (17, 12), (19, 9), (32, 3), (15, 5), (29, 4), (33, 20), (35, 17), (16, 13), (33, 29), (21, 9), (35, 26), (34, 3), (27, 6), (17, 5), (19, 11), (30, 11), (35, 1), (24, 1), (33, 13), (35, 10), (15, 7), (18, 3), (35, 19), (35, 28), (22, 3), (31, 15), (17, 7), (28, 7), (34, 23), (30, 13), (33, 6), (35, 3), (24, 3), ... (+168 more)]",88,58,58
209,"(33, 26)","(33, 27)",South,"['(33, 27)', '(33, 25)']","['(33, 26)', '(35, 30)', '(32, 27)']","['(33, 25)', '(35, 30)', '(32, 27)']","[(34, 1), (27, 4), (28, 3), (17, 3), (34, 19), (27, 13), (14, 13), (17, 12), (19, 9), (32, 3), (15, 5), (29, 4), (33, 20), (35, 17), (16, 13), (33, 29), (21, 9), (35, 26), (34, 3), (27, 6), (17, 5), (19, 11), (30, 11), (35, 1), (24, 1), (33, 13), (35, 10), (15, 7), (18, 3), (35, 19), (35, 28), (22, 3), (31, 15), (17, 7), (28, 7), (34, 23), (30, 13), (33, 6), (35, 3), (24, 3), ... (+169 more)]",89,57,57
210,"(33, 25)","(33, 26)",South,"['(33, 26)']","['(33, 25)', '(35, 30)', '(32, 27)']","['(32, 27)', '(35, 30)']","[(34, 1), (27, 4), (28, 3), (17, 3), (34, 19), (27, 13), (14, 13), (17, 12), (19, 9), (32, 3), (15, 5), (29, 4), (33, 20), (35, 17), (16, 13), (33, 29), (21, 9), (35, 26), (34, 3), (27, 6), (17, 5), (19, 11), (30, 11), (35, 1), (24, 1), (33, 13), (35, 10), (15, 7), (18, 3), (35, 19), (35, 28), (22, 3), (31, 15), (17, 7), (28, 7), (34, 23), (30, 13), (33, 6), (35, 3), (24, 3), ... (+170 more)]",90,56,56
211,"(32, 27)","(33, 27)",West,"['(33, 27)', '(31, 27)']","['(32, 27)', '(35, 30)']","['(31, 27)', '(35, 30)']","[(34, 1), (27, 4), (28, 3), (17, 3), (34, 19), (27, 13), (14, 13), (17, 12), (19, 9), (32, 3), (15, 5), (29, 4), (33, 20), (35, 17), (16, 13), (33, 29), (21, 9), (35, 26), (34, 3), (27, 6), (17, 5), (19, 11), (30, 11), (35, 1), (24, 1), (33, 13), (35, 10), (15, 7), (18, 3), (35, 19), (35, 28), (22, 3), (31, 15), (17, 7), (28, 7), (34, 23), (30, 13), (33, 6), (35, 3), (24, 3), ... (+171 more)]",89,57,57
212,"(31, 27)","(32, 27)",West,"['(31, 28)', '(32, 27)', '(30, 27)']","['(31, 27)', '(35, 30)']","['(30, 27)', '(35, 30)', '(31, 28)']","[(34, 1), (27, 4), (28, 3), (17, 3), (34, 19), (27, 13), (14, 13), (17, 12), (19, 9), (32, 3), (15, 5), (29, 4), (33, 20), (35, 17), (16, 13), (33, 29), (21, 9), (35, 26), (34, 3), (27, 6), (17, 5), (19, 11), (30, 11), (35, 1), (24, 1), (33, 13), (35, 10), (15, 7), (18, 3), (35, 19), (35, 28), (22, 3), (31, 15), (17, 7), (28, 7), (34, 23), (30, 13), (33, 6), (35, 3), (24, 3), ... (+172 more)]",90,56,56
213,"(30, 27)","(31, 27)",West,"['(31, 27)', '(29, 27)']","['(30, 27)', '(35, 30)', '(31, 28)']","['(29, 27)', '(35, 30)', '(31, 28)']","[(34, 1), (27, 4), (28, 3), (17, 3), (34, 19), (27, 13), (14, 13), (17, 12), (19, 9), (32, 3), (15, 5), (29, 4), (33, 20), (35, 17), (16, 13), (33, 29), (21, 9), (35, 26), (34, 3), (27, 6), (17, 5), (19, 11), (30, 11), (35, 1), (24, 1), (33, 13), (35, 10), (15, 7), (18, 3), (35, 19), (35, 28), (22, 3), (31, 15), (17, 7), (28, 7), (34, 23), (30, 13), (33, 6), (35, 3), (24, 3), ... (+173 more)]",91,55,55
214,"(29, 27)","(30, 27)",West,"['(29, 28)', '(29, 26)', '(30, 27)']","['(29, 27)', '(35, 30)', '(31, 28)']","['(29, 26)', '(29, 28)', '(31, 28)', '(35, 30)']","[(34, 1), (27, 4), (28, 3), (17, 3), (34, 19), (27, 13), (14, 13), (17, 12), (19, 9), (32, 3), (15, 5), (29, 4), (33, 20), (35, 17), (16, 13), (33, 29), (21, 9), (35, 26), (34, 3), (27, 6), (17, 5), (19, 11), (30, 11), (35, 1), (24, 1), (33, 13), (35, 10), (15, 7), (18, 3), (35, 19), (35, 28), (22, 3), (31, 15), (29, 27), (17, 7), (28, 7), (34, 23), (30, 13), (33, 6), (35, 3), ... (+174 more)]",92,54,54
215,"(29, 26)","(29, 27)",South,"['(29, 27)', '(29, 25)']","['(29, 26)', '(29, 28)', '(31, 28)', '(35, 30)']","['(29, 25)', '(29, 28)', '(31, 28)', '(35, 30)']","[(34, 1), (27, 4), (28, 3), (17, 3), (34, 19), (27, 13), (14, 13), (17, 12), (19, 9), (32, 3), (15, 5), (29, 4), (33, 20), (35, 17), (16, 13), (33, 29), (21, 9), (35, 26), (34, 3), (27, 6), (17, 5), (19, 11), (30, 11), (35, 1), (24, 1), (33, 13), (35, 10), (15, 7), (18, 3), (35, 19), (35, 28), (22, 3), (31, 15), (29, 27), (17, 7), (28, 7), (34, 23), (30, 13), (33, 6), (35, 3), ... (+175 more)]",93,53,53
216,"(29, 25)","(29, 26)",South,"['(29, 26)', '(29, 24)']","['(29, 25)', '(29, 28)', '(31, 28)', '(35, 30)']","['(29, 24)', '(29, 28)', '(31, 28)', '(35, 30)']","[(34, 1), (27, 4), (28, 3), (17, 3), (34, 19), (27, 13), (14, 13), (17, 12), (19, 9), (32, 3), (15, 5), (29, 4), (33, 20), (35, 17), (16, 13), (33, 29), (21, 9), (35, 26), (34, 3), (27, 6), (17, 5), (19, 11), (30, 11), (35, 1), (24, 1), (33, 13), (35, 10), (15, 7), (18, 3), (35, 19), (35, 28), (22, 3), (31, 15), (29, 27), (17, 7), (28, 7), (34, 23), (30, 13), (33, 6), (35, 3), ... (+176 more)]",94,52,52
217,"(29, 24)","(29, 25)",South,"['(29, 25)', '(29, 23)']","['(29, 24)', '(29, 28)', '(31, 28)', '(35, 30)']","['(29, 23)', '(29, 28)', '(31, 28)', '(35, 30)']","[(34, 1), (27, 4), (28, 3), (17, 3), (34, 19), (27, 13), (14, 13), (17, 12), (19, 9), (32, 3), (15, 5), (29, 4), (33, 20), (35, 17), (16, 13), (33, 29), (21, 9), (35, 26), (34, 3), (27, 6), (17, 5), (19, 11), (30, 11), (35, 1), (24, 1), (33, 13), (35, 10), (15, 7), (18, 3), (35, 19), (35, 28), (22, 3), (31, 15), (29, 27), (17, 7), (28, 7), (34, 23), (30, 13), (33, 6), (35, 3), ... (+177 more)]",95,51,51
218,"(29, 23)","(29, 24)",South,"['(29, 24)', '(29, 22)', '(30, 23)']","['(29, 23)', '(29, 28)', '(31, 28)', '(35, 30)']","['(29, 22)', '(30, 23)', '(31, 28)', '(35, 30)', '(29, 28)']","[(34, 1), (27, 4), (28, 3), (17, 3), (34, 19), (27, 13), (14, 13), (17, 12), (19, 9), (32, 3), (15, 5), (29, 4), (33, 20), (35, 17), (16, 13), (33, 29), (21, 9), (35, 26), (34, 3), (27, 6), (17, 5), (19, 11), (30, 11), (35, 1), (24, 1), (33, 13), (35, 10), (15, 7), (18, 3), (35, 19), (35, 28), (22, 3), (31, 15), (29, 27), (17, 7), (28, 7), (34, 23), (30, 13), (33, 6), (35, 3), ... (+178 more)]",96,50,50
219,"(29, 22)","(29, 23)",South,"['(29, 23)', '(29, 21)']","['(29, 22)', '(30, 23)', '(31, 28)', '(35, 30)', '(29, 28)']","['(29, 21)', '(30, 23)', '(31, 28)', '(35, 30)', '(29, 28)']","[(34, 1), (27, 4), (28, 3), (17, 3), (34, 19), (27, 13), (14, 13), (17, 12), (19, 9), (32, 3), (15, 5), (29, 4), (33, 20), (35, 17), (16, 13), (33, 29), (21, 9), (35, 26), (34, 3), (27, 6), (17, 5), (19, 11), (30, 11), (35, 1), (24, 1), (33, 13), (35, 10), (15, 7), (18, 3), (35, 19), (35, 28), (22, 3), (31, 15), (29, 27), (17, 7), (28, 7), (34, 23), (30, 13), (33, 6), (35, 3), ... (+179 more)]",97,49,49
220,"(29, 21)","(29, 22)",South,"['(29, 22)', '(29, 20)', '(28, 21)']","['(29, 21)', '(30, 23)', '(31, 28)', '(35, 30)', '(29, 28)']","['(29, 20)', '(30, 23)', '(28, 21)', '(35, 30)', '(29, 28)', '(31, 28)']","[(34, 1), (27, 4), (28, 3), (17, 3), (34, 19), (27, 13), (14, 13), (17, 12), (19, 9), (32, 3), (15, 5), (29, 4), (33, 20), (35, 17), (16, 13), (33, 29), (21, 9), (35, 26), (34, 3), (27, 6), (17, 5), (19, 11), (30, 11), (35, 1), (24, 1), (33, 13), (35, 10), (15, 7), (18, 3), (35, 19), (35, 28), (22, 3), (31, 15), (29, 27), (17, 7), (28, 7), (34, 23), (30, 13), (33, 6), (35, 3), ... (+180 more)]",98,48,48
221,"(29, 20)","(29, 21)",South,"['(29, 21)', '(29, 19)']","['(29, 20)', '(30, 23)', '(28, 21)', '(35, 30)', '(29, 28)', '(31, 28)']","['(29, 19)', '(30, 23)', '(28, 21)', '(35, 30)', '(29, 28)', '(31, 28)']","[(34, 1), (27, 4), (28, 3), (17, 3), (34, 19), (27, 13), (14, 13), (17, 12), (19, 9), (32, 3), (15, 5), (29, 4), (33, 20), (35, 17), (16, 13), (33, 29), (21, 9), (35, 26), (34, 3), (27, 6), (17, 5), (19, 11), (30, 11), (35, 1), (24, 1), (33, 13), (35, 10), (15, 7), (18, 3), (35, 19), (35, 28), (22, 3), (31, 15), (29, 27), (17, 7), (28, 7), (34, 23), (30, 13), (33, 6), (35, 3), ... (+181 more)]",99,47,47
222,"(29, 19)","(29, 20)",South,"['(29, 20)']","['(29, 19)', '(30, 23)', '(28, 21)', '(35, 30)', '(29, 28)', '(31, 28)']","['(28, 21)', '(30, 23)', '(31, 28)', '(35, 30)', '(29, 28)']","[(34, 1), (27, 4), (28, 3), (17, 3), (34, 19), (27, 13), (14, 13), (17, 12), (19, 9), (32, 3), (15, 5), (29, 4), (33, 20), (35, 17), (16, 13), (33, 29), (21, 9), (35, 26), (34, 3), (27, 6), (17, 5), (19, 11), (30, 11), (35, 1), (24, 1), (33, 13), (35, 10), (15, 7), (18, 3), (35, 19), (35, 28), (22, 3), (31, 15), (29, 27), (17, 7), (28, 7), (34, 23), (30, 13), (33, 6), (35, 3), ... (+182 more)]",100,46,46
223,"(28, 21)","(29, 21)",West,"['(29, 21)', '(27, 21)']","['(28, 21)', '(30, 23)', '(31, 28)', '(35, 30)', '(29, 28)']","['(27, 21)', '(30, 23)', '(31, 28)', '(35, 30)', '(29, 28)']","[(34, 1), (27, 4), (28, 3), (17, 3), (34, 19), (27, 13), (14, 13), (17, 12), (19, 9), (28, 21), (32, 3), (15, 5), (29, 4), (33, 20), (35, 17), (16, 13), (33, 29), (21, 9), (35, 26), (34, 3), (27, 6), (17, 5), (19, 11), (30, 11), (35, 1), (24, 1), (33, 13), (35, 10), (15, 7), (18, 3), (35, 19), (35, 28), (22, 3), (31, 15), (29, 27), (17, 7), (28, 7), (34, 23), (30, 13), (33, 6), ... (+183 more)]",99,47,47
224,"(27, 21)","(28, 21)",West,"['(27, 20)', '(28, 21)']","['(27, 21)', '(30, 23)', '(31, 28)', '(35, 30)', '(29, 28)']","['(27, 20)', '(30, 23)', '(31, 28)', '(35, 30)', '(29, 28)']","[(34, 1), (27, 4), (28, 3), (17, 3), (34, 19), (27, 13), (14, 13), (17, 12), (19, 9), (28, 21), (32, 3), (15, 5), (29, 4), (33, 20), (35, 17), (16, 13), (33, 29), (21, 9), (35, 26), (34, 3), (27, 6), (17, 5), (19, 11), (30, 11), (35, 1), (24, 1), (33, 13), (35, 10), (15, 7), (18, 3), (35, 19), (35, 28), (22, 3), (31, 15), (29, 27), (17, 7), (28, 7), (34, 23), (30, 13), (33, 6), ... (+184 more)]",100,46,46
225,"(27, 20)","(27, 21)",South,"['(27, 21)', '(27, 19)']","['(27, 20)', '(30, 23)', '(31, 28)', '(35, 30)', '(29, 28)']","['(27, 19)', '(30, 23)', '(31, 28)', '(35, 30)', '(29, 28)']","[(34, 1), (27, 4), (28, 3), (17, 3), (34, 19), (27, 13), (14, 13), (17, 12), (19, 9), (28, 21), (32, 3), (15, 5), (29, 4), (33, 20), (35, 17), (16, 13), (33, 29), (21, 9), (35, 26), (34, 3), (27, 6), (17, 5), (19, 11), (30, 11), (35, 1), (24, 1), (33, 13), (35, 10), (15, 7), (18, 3), (35, 19), (35, 28), (22, 3), (31, 15), (29, 27), (17, 7), (28, 7), (34, 23), (30, 13), (33, 6), ... (+185 more)]",101,45,45
226,"(27, 19)","(27, 20)",South,"['(27, 20)', '(27, 18)']","['(27, 19)', '(30, 23)', '(31, 28)', '(35, 30)', '(29, 28)']","['(27, 18)', '(30, 23)', '(31, 28)', '(35, 30)', '(29, 28)']","[(34, 1), (27, 4), (28, 3), (17, 3), (34, 19), (27, 13), (14, 13), (17, 12), (19, 9), (28, 21), (32, 3), (15, 5), (29, 4), (33, 20), (35, 17), (16, 13), (33, 29), (21, 9), (35, 26), (34, 3), (27, 6), (17, 5), (19, 11), (30, 11), (35, 1), (24, 1), (33, 13), (35, 10), (15, 7), (18, 3), (35, 19), (35, 28), (22, 3), (31, 15), (29, 27), (17, 7), (28, 7), (34, 23), (30, 13), (33, 6), ... (+186 more)]",102,44,44
227,"(27, 18)","(27, 19)",South,"['(27, 19)', '(27, 17)']","['(27, 18)', '(30, 23)', '(31, 28)', '(35, 30)', '(29, 28)']","['(27, 17)', '(30, 23)', '(31, 28)', '(35, 30)', '(29, 28)']","[(34, 1), (27, 4), (28, 3), (17, 3), (34, 19), (27, 13), (14, 13), (17, 12), (19, 9), (28, 21), (32, 3), (15, 5), (29, 4), (33, 20), (35, 17), (16, 13), (33, 29), (21, 9), (35, 26), (34, 3), (27, 6), (17, 5), (19, 11), (30, 11), (35, 1), (24, 1), (33, 13), (35, 10), (15, 7), (18, 3), (35, 19), (35, 28), (22, 3), (31, 15), (29, 27), (17, 7), (28, 7), (34, 23), (30, 13), (33, 6), ... (+187 more)]",103,43,43
228,"(27, 17)","(27, 18)",South,"['(27, 18)', '(28, 17)', '(26, 17)']","['(27, 17)', '(30, 23)', '(31, 28)', '(35, 30)', '(29, 28)']","['(26, 17)', '(30, 23)', '(28, 17)', '(35, 30)', '(29, 28)', '(31, 28)']","[(34, 1), (27, 4), (28, 3), (17, 3), (34, 19), (27, 13), (14, 13), (17, 12), (19, 9), (28, 21), (32, 3), (15, 5), (29, 4), (33, 20), (35, 17), (16, 13), (33, 29), (21, 9), (35, 26), (34, 3), (27, 6), (17, 5), (19, 11), (30, 11), (35, 1), (24, 1), (33, 13), (35, 10), (15, 7), (18, 3), (35, 19), (35, 28), (22, 3), (31, 15), (29, 27), (17, 7), (28, 7), (34, 23), (30, 13), (33, 6), ... (+188 more)]",104,42,42
229,"(26, 17)","(27, 17)",West,"['(27, 17)', '(25, 17)']","['(26, 17)', '(30, 23)', '(28, 17)', '(35, 30)', '(29, 28)', '(31, 28)']","['(25, 17)', '(30, 23)', '(28, 17)', '(35, 30)', '(29, 28)', '(31, 28)']","[(34, 1), (27, 4), (28, 3), (17, 3), (34, 19), (27, 13), (14, 13), (17, 12), (19, 9), (28, 21), (32, 3), (15, 5), (29, 4), (33, 20), (35, 17), (16, 13), (33, 29), (21, 9), (35, 26), (34, 3), (27, 6), (17, 5), (19, 11), (30, 11), (35, 1), (24, 1), (33, 13), (35, 10), (15, 7), (18, 3), (35, 19), (35, 28), (22, 3), (31, 15), (29, 27), (17, 7), (28, 7), (34, 23), (30, 13), (33, 6), ... (+189 more)]",105,41,41
230,"(25, 17)","(26, 17)",West,"['(25, 18)', '(26, 17)']","['(25, 17)', '(30, 23)', '(28, 17)', '(35, 30)', '(29, 28)', '(31, 28)']","['(25, 18)', '(30, 23)', '(28, 17)', '(35, 30)', '(29, 28)', '(31, 28)']","[(34, 1), (27, 4), (28, 3), (17, 3), (34, 19), (27, 13), (14, 13), (17, 12), (19, 9), (28, 21), (32, 3), (15, 5), (29, 4), (33, 20), (35, 17), (16, 13), (33, 29), (21, 9), (35, 26), (34, 3), (27, 6), (17, 5), (19, 11), (30, 11), (35, 1), (24, 1), (33, 13), (35, 10), (15, 7), (18, 3), (35, 19), (35, 28), (22, 3), (31, 15), (29, 27), (17, 7), (28, 7), (34, 23), (30, 13), (33, 6), ... (+190 more)]",106,40,40
231,"(25, 18)","(25, 17)",North,"['(25, 19)', '(25, 17)']","['(25, 18)', '(30, 23)', '(28, 17)', '(35, 30)', '(29, 28)', '(31, 28)']","['(25, 19)', '(30, 23)', '(28, 17)', '(35, 30)', '(29, 28)', '(31, 28)']","[(34, 1), (27, 4), (28, 3), (17, 3), (34, 19), (27, 13), (14, 13), (17, 12), (19, 9), (28, 21), (32, 3), (15, 5), (29, 4), (33, 20), (35, 17), (16, 13), (33, 29), (21, 9), (35, 26), (34, 3), (27, 6), (17, 5), (19, 11), (30, 11), (35, 1), (24, 1), (33, 13), (35, 10), (15, 7), (18, 3), (35, 19), (25, 18), (35, 28), (22, 3), (31, 15), (29, 27), (17, 7), (28, 7), (34, 23), (30, 13), ... (+191 more)]",107,41,41
232,"(25, 19)","(25, 18)",North,"['(25, 20)', '(25, 18)', '(24, 19)']","['(25, 19)', '(30, 23)', '(28, 17)', '(35, 30)', '(29, 28)', '(31, 28)']","['(24, 19)', '(30, 23)', '(28, 17)', '(35, 30)', '(29, 28)', '(31, 28)', '(25, 20)']","[(34, 1), (27, 4), (28, 3), (17, 3), (34, 19), (27, 13), (14, 13), (17, 12), (19, 9), (28, 21), (32, 3), (15, 5), (29, 4), (33, 20), (35, 17), (16, 13), (33, 29), (21, 9), (35, 26), (34, 3), (27, 6), (17, 5), (19, 11), (30, 11), (35, 1), (24, 1), (33, 13), (35, 10), (15, 7), (18, 3), (35, 19), (25, 18), (35, 28), (22, 3), (31, 15), (29, 27), (17, 7), (28, 7), (34, 23), (30, 13), ... (+192 more)]",108,42,42
233,"(24, 19)","(25, 19)",West,"['(25, 19)', '(23, 19)']","['(24, 19)', '(30, 23)', '(28, 17)', '(35, 30)', '(29, 28)', '(31, 28)', '(25, 20)']","['(23, 19)', '(30, 23)', '(28, 17)', '(35, 30)', '(29, 28)', '(31, 28)', '(25, 20)']","[(34, 1), (27, 4), (28, 3), (17, 3), (34, 19), (27, 13), (14, 13), (17, 12), (19, 9), (28, 21), (32, 3), (15, 5), (29, 4), (33, 20), (35, 17), (16, 13), (33, 29), (21, 9), (35, 26), (34, 3), (27, 6), (17, 5), (19, 11), (30, 11), (35, 1), (24, 1), (33, 13), (35, 10), (15, 7), (18, 3), (35, 19), (24, 19), (25, 18), (35, 28), (22, 3), (31, 15), (29, 27), (17, 7), (28, 7), (34, 23), ... (+193 more)]",109,41,41
234,"(23, 19)","(24, 19)",West,"['(24, 19)', '(22, 19)']","['(23, 19)', '(30, 23)', '(28, 17)', '(35, 30)', '(29, 28)', '(31, 28)', '(25, 20)']","['(22, 19)', '(30, 23)', '(28, 17)', '(35, 30)', '(29, 28)', '(31, 28)', '(25, 20)']","[(34, 1), (27, 4), (28, 3), (17, 3), (34, 19), (27, 13), (14, 13), (17, 12), (19, 9), (28, 21), (32, 3), (15, 5), (29, 4), (33, 20), (35, 17), (16, 13), (33, 29), (21, 9), (35, 26), (34, 3), (27, 6), (17, 5), (19, 11), (30, 11), (35, 1), (24, 1), (33, 13), (35, 10), (15, 7), (18, 3), (35, 19), (24, 19), (25, 18), (35, 28), (22, 3), (31, 15), (29, 27), (17, 7), (28, 7), (34, 23), ... (+194 more)]",110,40,40
235,"(22, 19)","(23, 19)",West,"['(23, 19)', '(21, 19)']","['(22, 19)', '(30, 23)', '(28, 17)', '(35, 30)', '(29, 28)', '(31, 28)', '(25, 20)']","['(21, 19)', '(30, 23)', '(28, 17)', '(35, 30)', '(29, 28)', '(31, 28)', '(25, 20)']","[(34, 1), (27, 4), (28, 3), (17, 3), (34, 19), (27, 13), (14, 13), (17, 12), (19, 9), (28, 21), (32, 3), (15, 5), (29, 4), (33, 20), (35, 17), (16, 13), (33, 29), (21, 9), (35, 26), (34, 3), (27, 6), (17, 5), (22, 19), (19, 11), (30, 11), (35, 1), (24, 1), (33, 13), (35, 10), (15, 7), (18, 3), (35, 19), (24, 19), (25, 18), (35, 28), (22, 3), (31, 15), (29, 27), (17, 7), (28, 7), ... (+195 more)]",111,39,39
236,"(21, 19)","(22, 19)",West,"['(21, 20)', '(21, 18)', '(22, 19)', '(20, 19)']","['(21, 19)', '(30, 23)', '(28, 17)', '(35, 30)', '(29, 28)', '(31, 28)', '(25, 20)']","['(21, 18)', '(20, 19)', '(28, 17)', '(21, 20)', '(29, 28)', '(31, 28)', '(25, 20)', '(35, 30)', '(30, 23)']","[(34, 1), (27, 4), (28, 3), (17, 3), (34, 19), (27, 13), (14, 13), (17, 12), (19, 9), (28, 21), (32, 3), (15, 5), (29, 4), (33, 20), (35, 17), (16, 13), (33, 29), (21, 9), (35, 26), (34, 3), (27, 6), (17, 5), (22, 19), (19, 11), (30, 11), (35, 1), (24, 1), (33, 13), (35, 10), (15, 7), (18, 3), (35, 19), (24, 19), (25, 18), (35, 28), (22, 3), (31, 15), (29, 27), (17, 7), (28, 7), ... (+196 more)]",112,38,38
237,"(21, 18)","(21, 19)",South,"['(21, 19)', '(21, 17)']","['(21, 18)', '(20, 19)', '(28, 17)', '(21, 20)', '(29, 28)', '(31, 28)', '(25, 20)', '(35, 30)', '(30, 23)']","['(21, 17)', '(20, 19)', '(28, 17)', '(21, 20)', '(29, 28)', '(31, 28)', '(25, 20)', '(35, 30)', '(30, 23)']","[(34, 1), (27, 4), (28, 3), (17, 3), (34, 19), (27, 13), (14, 13), (17, 12), (19, 9), (28, 21), (32, 3), (15, 5), (29, 4), (33, 20), (35, 17), (16, 13), (33, 29), (21, 9), (35, 26), (34, 3), (27, 6), (17, 5), (22, 19), (19, 11), (30, 11), (35, 1), (24, 1), (33, 13), (35, 10), (15, 7), (18, 3), (35, 19), (24, 19), (25, 18), (35, 28), (22, 3), (31, 15), (29, 27), (17, 7), (28, 7), ... (+197 more)]",113,37,37
238,"(21, 17)","(21, 18)",South,"['(21, 18)', '(22, 17)']","['(21, 17)', '(20, 19)', '(28, 17)', '(21, 20)', '(29, 28)', '(31, 28)', '(25, 20)', '(35, 30)', '(30, 23)']","['(20, 19)', '(22, 17)', '(28, 17)', '(21, 20)', '(29, 28)', '(31, 28)', '(25, 20)', '(35, 30)', '(30, 23)']","[(34, 1), (27, 4), (28, 3), (17, 3), (34, 19), (27, 13), (14, 13), (17, 12), (19, 9), (28, 21), (32, 3), (15, 5), (29, 4), (33, 20), (35, 17), (16, 13), (33, 29), (21, 9), (35, 26), (34, 3), (27, 6), (17, 5), (22, 19), (19, 11), (30, 11), (35, 1), (24, 1), (33, 13), (35, 10), (15, 7), (18, 3), (35, 19), (24, 19), (25, 18), (35, 28), (22, 3), (31, 15), (29, 27), (17, 7), (28, 7), ... (+198 more)]",114,36,36
239,"(20, 19)","(21, 19)",West,"['(21, 19)', '(19, 19)']","['(20, 19)', '(22, 17)', '(28, 17)', '(21, 20)', '(29, 28)', '(31, 28)', '(25, 20)', '(35, 30)', '(30, 23)']","['(19, 19)', '(22, 17)', '(28, 17)', '(21, 20)', '(29, 28)', '(31, 28)', '(25, 20)', '(35, 30)', '(30, 23)']","[(34, 1), (27, 4), (28, 3), (17, 3), (34, 19), (27, 13), (14, 13), (17, 12), (19, 9), (28, 21), (32, 3), (15, 5), (29, 4), (33, 20), (35, 17), (16, 13), (33, 29), (21, 9), (35, 26), (34, 3), (27, 6), (17, 5), (22, 19), (19, 11), (30, 11), (35, 1), (24, 1), (33, 13), (35, 10), (15, 7), (18, 3), (35, 19), (24, 19), (25, 18), (35, 28), (22, 3), (31, 15), (29, 27), (17, 7), (28, 7), ... (+199 more)]",113,37,37
240,"(19, 19)","(20, 19)",West,"['(20, 19)', '(18, 19)']","['(19, 19)', '(22, 17)', '(28, 17)', '(21, 20)', '(29, 28)', '(31, 28)', '(25, 20)', '(35, 30)', '(30, 23)']","['(18, 19)', '(22, 17)', '(28, 17)', '(21, 20)', '(29, 28)', '(31, 28)', '(25, 20)', '(35, 30)', '(30, 23)']","[(34, 1), (27, 4), (28, 3), (17, 3), (34, 19), (27, 13), (14, 13), (17, 12), (19, 9), (28, 21), (32, 3), (15, 5), (29, 4), (33, 20), (35, 17), (16, 13), (33, 29), (21, 9), (35, 26), (34, 3), (27, 6), (17, 5), (22, 19), (19, 11), (30, 11), (35, 1), (24, 1), (33, 13), (35, 10), (15, 7), (18, 3), (35, 19), (24, 19), (25, 18), (35, 28), (22, 3), (31, 15), (29, 27), (17, 7), (28, 7), ... (+200 more)]",114,36,36
241,"(18, 19)","(19, 19)",West,"['(19, 19)', '(17, 19)']","['(18, 19)', '(22, 17)', '(28, 17)', '(21, 20)', '(29, 28)', '(31, 28)', '(25, 20)', '(35, 30)', '(30, 23)']","['(17, 19)', '(22, 17)', '(28, 17)', '(21, 20)', '(29, 28)', '(31, 28)', '(25, 20)', '(35, 30)', '(30, 23)']","[(34, 1), (27, 4), (28, 3), (17, 3), (34, 19), (27, 13), (14, 13), (17, 12), (19, 9), (28, 21), (32, 3), (15, 5), (29, 4), (33, 20), (35, 17), (16, 13), (33, 29), (21, 9), (35, 26), (18, 19), (34, 3), (27, 6), (17, 5), (22, 19), (19, 11), (30, 11), (35, 1), (24, 1), (33, 13), (35, 10), (15, 7), (18, 3), (35, 19), (24, 19), (25, 18), (35, 28), (22, 3), (31, 15), (29, 27), (17, 7), ... (+201 more)]",115,35,35
242,"(17, 19)","(18, 19)",West,"['(17, 20)', '(18, 19)', '(16, 19)']","['(17, 19)', '(22, 17)', '(28, 17)', '(21, 20)', '(29, 28)', '(31, 28)', '(25, 20)', '(35, 30)', '(30, 23)']","['(16, 19)', '(17, 20)', '(28, 17)', '(21, 20)', '(22, 17)', '(31, 28)', '(25, 20)', '(35, 30)', '(30, 23)', '(29, 28)']","[(34, 1), (27, 4), (28, 3), (17, 3), (34, 19), (27, 13), (14, 13), (17, 12), (19, 9), (28, 21), (32, 3), (15, 5), (29, 4), (33, 20), (35, 17), (16, 13), (33, 29), (21, 9), (35, 26), (18, 19), (34, 3), (27, 6), (17, 5), (22, 19), (19, 11), (30, 11), (35, 1), (24, 1), (33, 13), (35, 10), (15, 7), (18, 3), (35, 19), (24, 19), (25, 18), (35, 28), (22, 3), (31, 15), (29, 27), (17, 7), ... (+202 more)]",116,34,34
243,"(16, 19)","(17, 19)",West,"['(17, 19)', '(15, 19)']","['(16, 19)', '(17, 20)', '(28, 17)', '(21, 20)', '(22, 17)', '(31, 28)', '(25, 20)', '(35, 30)', '(30, 23)', '(29, 28)']","['(15, 19)', '(17, 20)', '(28, 17)', '(21, 20)', '(22, 17)', '(31, 28)', '(25, 20)', '(35, 30)', '(30, 23)', '(29, 28)']","[(34, 1), (27, 4), (28, 3), (17, 3), (34, 19), (27, 13), (14, 13), (17, 12), (19, 9), (28, 21), (32, 3), (15, 5), (29, 4), (33, 20), (35, 17), (16, 13), (33, 29), (21, 9), (35, 26), (18, 19), (34, 3), (27, 6), (17, 5), (22, 19), (19, 11), (30, 11), (35, 1), (24, 1), (33, 13), (35, 10), (15, 7), (18, 3), (35, 19), (24, 19), (25, 18), (35, 28), (22, 3), (31, 15), (29, 27), (17, 7), ... (+203 more)]",117,33,33
244,"(15, 19)","(16, 19)",West,"['(15, 18)', '(16, 19)', '(14, 19)']","['(15, 19)', '(17, 20)', '(28, 17)', '(21, 20)', '(22, 17)', '(31, 28)', '(25, 20)', '(35, 30)', '(30, 23)', '(29, 28)']","['(15, 18)', '(14, 19)', '(28, 17)', '(21, 20)', '(17, 20)', '(31, 28)', '(25, 20)', '(35, 30)', '(30, 23)', '(29, 28)', '(22, 17)']","[(34, 1), (27, 4), (28, 3), (17, 3), (34, 19), (27, 13), (14, 13), (17, 12), (19, 9), (28, 21), (32, 3), (15, 5), (29, 4), (33, 20), (35, 17), (16, 13), (33, 29), (21, 9), (35, 26), (18, 19), (34, 3), (27, 6), (17, 5), (22, 19), (19, 11), (30, 11), (35, 1), (24, 1), (33, 13), (35, 10), (15, 7), (18, 3), (35, 19), (24, 19), (25, 18), (35, 28), (22, 3), (31, 15), (29, 27), (17, 7), ... (+204 more)]",118,32,32
245,"(15, 18)","(15, 19)",South,"['(15, 19)', '(15, 17)']","['(15, 18)', '(14, 19)', '(28, 17)', '(21, 20)', '(17, 20)', '(31, 28)', '(25, 20)', '(35, 30)', '(30, 23)', '(29, 28)', '(22, 17)']","['(15, 17)', '(14, 19)', '(28, 17)', '(21, 20)', '(17, 20)', '(31, 28)', '(25, 20)', '(35, 30)', '(30, 23)', '(29, 28)', '(22, 17)']","[(34, 1), (27, 4), (28, 3), (17, 3), (34, 19), (27, 13), (14, 13), (17, 12), (19, 9), (28, 21), (32, 3), (15, 5), (29, 4), (33, 20), (35, 17), (16, 13), (33, 29), (21, 9), (35, 26), (18, 19), (34, 3), (27, 6), (17, 5), (22, 19), (19, 11), (30, 11), (35, 1), (24, 1), (33, 13), (35, 10), (15, 7), (18, 3), (35, 19), (24, 19), (25, 18), (35, 28), (22, 3), (31, 15), (29, 27), (17, 7), ... (+205 more)]",119,31,31
246,"(15, 17)","(15, 18)",South,"['(15, 18)', '(16, 17)']","['(15, 17)', '(14, 19)', '(28, 17)', '(21, 20)', '(17, 20)', '(31, 28)', '(25, 20)', '(35, 30)', '(30, 23)', '(29, 28)', '(22, 17)']","['(14, 19)', '(16, 17)', '(28, 17)', '(21, 20)', '(17, 20)', '(31, 28)', '(25, 20)', '(35, 30)', '(30, 23)', '(29, 28)', '(22, 17)']","[(34, 1), (27, 4), (28, 3), (17, 3), (34, 19), (27, 13), (14, 13), (17, 12), (19, 9), (28, 21), (32, 3), (15, 5), (29, 4), (33, 20), (35, 17), (16, 13), (33, 29), (21, 9), (35, 26), (18, 19), (34, 3), (27, 6), (17, 5), (22, 19), (19, 11), (30, 11), (35, 1), (24, 1), (33, 13), (35, 10), (15, 7), (18, 3), (35, 19), (24, 19), (25, 18), (35, 28), (22, 3), (31, 15), (29, 27), (17, 7), ... (+206 more)]",120,30,30
247,"(14, 19)","(15, 19)",West,"['(15, 19)', '(13, 19)']","['(14, 19)', '(16, 17)', '(28, 17)', '(21, 20)', '(17, 20)', '(31, 28)', '(25, 20)', '(35, 30)', '(30, 23)', '(29, 28)', '(22, 17)']","['(13, 19)', '(16, 17)', '(28, 17)', '(21, 20)', '(17, 20)', '(31, 28)', '(25, 20)', '(35, 30)', '(30, 23)', '(29, 28)', '(22, 17)']","[(34, 1), (27, 4), (28, 3), (17, 3), (34, 19), (27, 13), (14, 13), (17, 12), (19, 9), (28, 21), (32, 3), (15, 5), (29, 4), (33, 20), (35, 17), (16, 13), (33, 29), (21, 9), (35, 26), (18, 19), (34, 3), (27, 6), (17, 5), (22, 19), (19, 11), (30, 11), (35, 1), (24, 1), (33, 13), (35, 10), (15, 7), (18, 3), (35, 19), (24, 19), (25, 18), (35, 28), (22, 3), (31, 15), (29, 27), (17, 7), ... (+207 more)]",119,31,31
248,"(13, 19)","(14, 19)",West,"['(13, 20)', '(13, 18)', '(14, 19)', '(12, 19)']","['(13, 19)', '(16, 17)', '(28, 17)', '(21, 20)', '(17, 20)', '(31, 28)', '(25, 20)', '(35, 30)', '(30, 23)', '(29, 28)', '(22, 17)']","['(13, 18)', '(13, 20)', '(12, 19)', '(21, 20)', '(17, 20)', '(16, 17)', '(25, 20)', '(35, 30)', '(30, 23)', '(29, 28)', '(22, 17)', '(31, 28)', '(28, 17)']","[(34, 1), (27, 4), (28, 3), (17, 3), (34, 19), (27, 13), (14, 13), (17, 12), (19, 9), (28, 21), (32, 3), (15, 5), (29, 4), (33, 20), (35, 17), (16, 13), (33, 29), (21, 9), (35, 26), (18, 19), (34, 3), (27, 6), (17, 5), (22, 19), (19, 11), (30, 11), (35, 1), (24, 1), (33, 13), (35, 10), (15, 7), (18, 3), (35, 19), (24, 19), (25, 18), (13, 19), (35, 28), (22, 3), (31, 15), (29, 27), ... (+208 more)]",120,30,30
249,"(13, 18)","(13, 19)",South,"['(13, 19)', '(13, 17)']","['(13, 18)', '(13, 20)', '(12, 19)', '(21, 20)', '(17, 20)', '(16, 17)', '(25, 20)', '(35, 30)', '(30, 23)', '(29, 28)', '(22, 17)', '(31, 28)', '(28, 17)']","['(13, 17)', '(13, 20)', '(12, 19)', '(21, 20)', '(17, 20)', '(16, 17)', '(25, 20)', '(35, 30)', '(30, 23)', '(29, 28)', '(22, 17)', '(31, 28)', '(28, 17)']","[(34, 1), (27, 4), (28, 3), (17, 3), (34, 19), (27, 13), (14, 13), (17, 12), (19, 9), (28, 21), (32, 3), (15, 5), (29, 4), (33, 20), (35, 17), (16, 13), (33, 29), (21, 9), (35, 26), (18, 19), (34, 3), (27, 6), (17, 5), (22, 19), (19, 11), (30, 11), (35, 1), (24, 1), (33, 13), (35, 10), (15, 7), (18, 3), (35, 19), (24, 19), (25, 18), (13, 19), (35, 28), (22, 3), (31, 15), (29, 27), ... (+209 more)]",121,29,29
250,"(13, 17)","(13, 18)",South,"['(13, 18)']","['(13, 17)', '(13, 20)', '(12, 19)', '(21, 20)', '(17, 20)', '(16, 17)', '(25, 20)', '(35, 30)', '(30, 23)', '(29, 28)', '(22, 17)', '(31, 28)', '(28, 17)']","['(12, 19)', '(13, 20)', '(16, 17)', '(21, 20)', '(17, 20)', '(28, 17)', '(25, 20)', '(35, 30)', '(30, 23)', '(29, 28)', '(22, 17)', '(31, 28)']","[(34, 1), (27, 4), (28, 3), (17, 3), (34, 19), (27, 13), (14, 13), (17, 12), (19, 9), (28, 21), (32, 3), (15, 5), (29, 4), (33, 20), (35, 17), (13, 17), (16, 13), (33, 29), (21, 9), (35, 26), (18, 19), (34, 3), (27, 6), (17, 5), (22, 19), (19, 11), (30, 11), (35, 1), (24, 1), (33, 13), (35, 10), (15, 7), (18, 3), (35, 19), (24, 19), (25, 18), (13, 19), (35, 28), (22, 3), (31, 15), ... (+210 more)]",122,28,28
251,"(12, 19)","(13, 19)",West,"['(13, 19)', '(11, 19)']","['(12, 19)', '(13, 20)', '(16, 17)', '(21, 20)', '(17, 20)', '(28, 17)', '(25, 20)', '(35, 30)', '(30, 23)', '(29, 28)', '(22, 17)', '(31, 28)']","['(11, 19)', '(13, 20)', '(16, 17)', '(21, 20)', '(17, 20)', '(28, 17)', '(25, 20)', '(35, 30)', '(30, 23)', '(29, 28)', '(22, 17)', '(31, 28)']","[(34, 1), (27, 4), (28, 3), (17, 3), (34, 19), (27, 13), (14, 13), (17, 12), (19, 9), (28, 21), (32, 3), (15, 5), (29, 4), (33, 20), (35, 17), (13, 17), (16, 13), (33, 29), (21, 9), (35, 26), (18, 19), (34, 3), (27, 6), (17, 5), (22, 19), (19, 11), (30, 11), (35, 1), (24, 1), (33, 13), (35, 10), (15, 7), (18, 3), (35, 19), (24, 19), (25, 18), (13, 19), (35, 28), (22, 3), (31, 15), ... (+211 more)]",121,29,29
252,"(11, 19)","(12, 19)",West,"['(11, 18)', '(12, 19)', '(10, 19)']","['(11, 19)', '(13, 20)', '(16, 17)', '(21, 20)', '(17, 20)', '(28, 17)', '(25, 20)', '(35, 30)', '(30, 23)', '(29, 28)', '(22, 17)', '(31, 28)']","['(11, 18)', '(13, 20)', '(10, 19)', '(21, 20)', '(17, 20)', '(16, 17)', '(25, 20)', '(35, 30)', '(30, 23)', '(29, 28)', '(22, 17)', '(31, 28)', '(28, 17)']","[(34, 1), (27, 4), (28, 3), (17, 3), (34, 19), (27, 13), (14, 13), (17, 12), (19, 9), (28, 21), (32, 3), (15, 5), (29, 4), (33, 20), (35, 17), (13, 17), (16, 13), (33, 29), (21, 9), (35, 26), (18, 19), (34, 3), (27, 6), (17, 5), (22, 19), (19, 11), (30, 11), (35, 1), (24, 1), (33, 13), (35, 10), (15, 7), (18, 3), (35, 19), (24, 19), (25, 18), (13, 19), (35, 28), (22, 3), (31, 15), ... (+212 more)]",122,28,28
253,"(11, 18)","(11, 19)",South,"['(11, 19)', '(11, 17)']","['(11, 18)', '(13, 20)', '(10, 19)', '(21, 20)', '(17, 20)', '(16, 17)', '(25, 20)', '(35, 30)', '(30, 23)', '(29, 28)', '(22, 17)', '(31, 28)', '(28, 17)']","['(11, 17)', '(13, 20)', '(10, 19)', '(21, 20)', '(17, 20)', '(16, 17)', '(25, 20)', '(35, 30)', '(30, 23)', '(29, 28)', '(22, 17)', '(31, 28)', '(28, 17)']","[(34, 1), (27, 4), (28, 3), (17, 3), (34, 19), (27, 13), (14, 13), (17, 12), (19, 9), (28, 21), (32, 3), (15, 5), (29, 4), (33, 20), (35, 17), (13, 17), (16, 13), (33, 29), (21, 9), (35, 26), (18, 19), (34, 3), (27, 6), (17, 5), (22, 19), (19, 11), (30, 11), (35, 1), (24, 1), (33, 13), (35, 10), (15, 7), (18, 3), (35, 19), (24, 19), (25, 18), (13, 19), (35, 28), (22, 3), (31, 15), ... (+213 more)]",123,27,27
254,"(11, 17)","(11, 18)",South,"['(11, 18)']","['(11, 17)', '(13, 20)', '(10, 19)', '(21, 20)', '(17, 20)', '(16, 17)', '(25, 20)', '(35, 30)', '(30, 23)', '(29, 28)', '(22, 17)', '(31, 28)', '(28, 17)']","['(10, 19)', '(13, 20)', '(16, 17)', '(21, 20)', '(17, 20)', '(28, 17)', '(25, 20)', '(35, 30)', '(30, 23)', '(29, 28)', '(22, 17)', '(31, 28)']","[(34, 1), (27, 4), (28, 3), (17, 3), (34, 19), (27, 13), (14, 13), (17, 12), (19, 9), (28, 21), (32, 3), (15, 5), (29, 4), (33, 20), (35, 17), (13, 17), (16, 13), (33, 29), (21, 9), (35, 26), (18, 19), (34, 3), (27, 6), (17, 5), (22, 19), (19, 11), (30, 11), (35, 1), (24, 1), (33, 13), (35, 10), (15, 7), (18, 3), (35, 19), (24, 19), (25, 18), (13, 19), (35, 28), (22, 3), (31, 15), ... (+214 more)]",124,26,26
255,"(10, 19)","(11, 19)",West,"['(11, 19)', '(9, 19)']","['(10, 19)', '(13, 20)', '(16, 17)', '(21, 20)', '(17, 20)', '(28, 17)', '(25, 20)', '(35, 30)', '(30, 23)', '(29, 28)', '(22, 17)', '(31, 28)']","['(9, 19)', '(13, 20)', '(16, 17)', '(21, 20)', '(17, 20)', '(28, 17)', '(25, 20)', '(35, 30)', '(30, 23)', '(29, 28)', '(22, 17)', '(31, 28)']","[(34, 1), (27, 4), (28, 3), (17, 3), (34, 19), (27, 13), (14, 13), (17, 12), (19, 9), (28, 21), (32, 3), (15, 5), (29, 4), (33, 20), (35, 17), (13, 17), (16, 13), (33, 29), (21, 9), (35, 26), (18, 19), (34, 3), (27, 6), (17, 5), (22, 19), (19, 11), (30, 11), (35, 1), (24, 1), (33, 13), (35, 10), (15, 7), (18, 3), (35, 19), (24, 19), (25, 18), (13, 19), (35, 28), (22, 3), (31, 15), ... (+215 more)]",123,27,27
256,"(9, 19)","(10, 19)",West,"['(9, 20)', '(10, 19)']","['(9, 19)', '(13, 20)', '(16, 17)', '(21, 20)', '(17, 20)', '(28, 17)', '(25, 20)', '(35, 30)', '(30, 23)', '(29, 28)', '(22, 17)', '(31, 28)']","['(9, 20)', '(13, 20)', '(16, 17)', '(21, 20)', '(17, 20)', '(28, 17)', '(25, 20)', '(35, 30)', '(30, 23)', '(29, 28)', '(22, 17)', '(31, 28)']","[(34, 1), (27, 4), (28, 3), (17, 3), (34, 19), (27, 13), (14, 13), (17, 12), (19, 9), (28, 21), (32, 3), (15, 5), (29, 4), (33, 20), (35, 17), (13, 17), (16, 13), (33, 29), (21, 9), (35, 26), (18, 19), (34, 3), (27, 6), (17, 5), (22, 19), (19, 11), (30, 11), (9, 19), (35, 1), (24, 1), (33, 13), (35, 10), (15, 7), (18, 3), (35, 19), (24, 19), (25, 18), (13, 19), (35, 28), (22, 3), ... (+216 more)]",124,26,26
257,"(9, 20)","(9, 19)",North,"['(9, 21)', '(9, 19)']","['(9, 20)', '(13, 20)', '(16, 17)', '(21, 20)', '(17, 20)', '(28, 17)', '(25, 20)', '(35, 30)', '(30, 23)', '(29, 28)', '(22, 17)', '(31, 28)']","['(9, 21)', '(13, 20)', '(16, 17)', '(21, 20)', '(17, 20)', '(28, 17)', '(25, 20)', '(35, 30)', '(30, 23)', '(29, 28)', '(22, 17)', '(31, 28)']","[(34, 1), (27, 4), (28, 3), (17, 3), (34, 19), (27, 13), (14, 13), (17, 12), (19, 9), (28, 21), (32, 3), (15, 5), (29, 4), (33, 20), (35, 17), (13, 17), (16, 13), (33, 29), (21, 9), (35, 26), (18, 19), (34, 3), (27, 6), (17, 5), (22, 19), (19, 11), (30, 11), (9, 19), (35, 1), (24, 1), (33, 13), (35, 10), (15, 7), (18, 3), (35, 19), (24, 19), (25, 18), (13, 19), (35, 28), (22, 3), ... (+217 more)]",125,27,27
258,"(9, 21)","(9, 20)",North,"['(9, 22)', '(9, 20)']","['(9, 21)', '(13, 20)', '(16, 17)', '(21, 20)', '(17, 20)', '(28, 17)', '(25, 20)', '(35, 30)', '(30, 23)', '(29, 28)', '(22, 17)', '(31, 28)']","['(9, 22)', '(13, 20)', '(16, 17)', '(21, 20)', '(17, 20)', '(28, 17)', '(25, 20)', '(35, 30)', '(30, 23)', '(29, 28)', '(22, 17)', '(31, 28)']","[(34, 1), (27, 4), (28, 3), (17, 3), (34, 19), (27, 13), (14, 13), (17, 12), (19, 9), (28, 21), (32, 3), (15, 5), (29, 4), (33, 20), (35, 17), (13, 17), (16, 13), (33, 29), (21, 9), (35, 26), (18, 19), (34, 3), (27, 6), (17, 5), (22, 19), (19, 11), (30, 11), (9, 19), (35, 1), (24, 1), (33, 13), (35, 10), (15, 7), (18, 3), (35, 19), (24, 19), (25, 18), (13, 19), (35, 28), (22, 3), ... (+218 more)]",126,28,28
259,"(9, 22)","(9, 21)",North,"['(9, 23)', '(9, 21)']","['(9, 22)', '(13, 20)', '(16, 17)', '(21, 20)', '(17, 20)', '(28, 17)', '(25, 20)', '(35, 30)', '(30, 23)', '(29, 28)', '(22, 17)', '(31, 28)']","['(9, 23)', '(13, 20)', '(16, 17)', '(21, 20)', '(17, 20)', '(28, 17)', '(25, 20)', '(35, 30)', '(30, 23)', '(29, 28)', '(22, 17)', '(31, 28)']","[(34, 1), (27, 4), (28, 3), (17, 3), (34, 19), (27, 13), (14, 13), (17, 12), (19, 9), (28, 21), (32, 3), (15, 5), (29, 4), (33, 20), (35, 17), (13, 17), (16, 13), (33, 29), (21, 9), (35, 26), (18, 19), (34, 3), (27, 6), (17, 5), (22, 19), (19, 11), (30, 11), (9, 19), (35, 1), (24, 1), (33, 13), (35, 10), (15, 7), (18, 3), (35, 19), (24, 19), (25, 18), (13, 19), (35, 28), (22, 3), ... (+219 more)]",127,29,29
260,"(9, 23)","(9, 22)",North,"['(9, 22)', '(10, 23)', '(8, 23)']","['(9, 23)', '(13, 20)', '(16, 17)', '(21, 20)', '(17, 20)', '(28, 17)', '(25, 20)', '(35, 30)', '(30, 23)', '(29, 28)', '(22, 17)', '(31, 28)']","['(8, 23)', '(13, 20)', '(16, 17)', '(21, 20)', '(17, 20)', '(10, 23)', '(25, 20)', '(35, 30)', '(30, 23)', '(29, 28)', '(22, 17)', '(31, 28)', '(28, 17)']","[(34, 1), (27, 4), (28, 3), (17, 3), (34, 19), (27, 13), (14, 13), (17, 12), (19, 9), (28, 21), (32, 3), (15, 5), (29, 4), (33, 20), (35, 17), (13, 17), (16, 13), (33, 29), (21, 9), (35, 26), (18, 19), (34, 3), (27, 6), (17, 5), (22, 19), (19, 11), (30, 11), (9, 19), (35, 1), (24, 1), (33, 13), (35, 10), (15, 7), (18, 3), (35, 19), (24, 19), (25, 18), (13, 19), (35, 28), (22, 3), ... (+220 more)]",128,30,30
261,"(8, 23)","(9, 23)",West,"['(9, 23)', '(7, 23)']","['(8, 23)', '(13, 20)', '(16, 17)', '(21, 20)', '(17, 20)', '(10, 23)', '(25, 20)', '(35, 30)', '(30, 23)', '(29, 28)', '(22, 17)', '(31, 28)', '(28, 17)']","['(7, 23)', '(13, 20)', '(16, 17)', '(21, 20)', '(17, 20)', '(10, 23)', '(25, 20)', '(35, 30)', '(30, 23)', '(29, 28)', '(22, 17)', '(31, 28)', '(28, 17)']","[(34, 1), (27, 4), (28, 3), (17, 3), (34, 19), (27, 13), (14, 13), (17, 12), (19, 9), (28, 21), (32, 3), (15, 5), (29, 4), (33, 20), (35, 17), (13, 17), (16, 13), (33, 29), (21, 9), (35, 26), (18, 19), (34, 3), (27, 6), (17, 5), (22, 19), (19, 11), (30, 11), (9, 19), (35, 1), (24, 1), (33, 13), (35, 10), (15, 7), (18, 3), (35, 19), (24, 19), (25, 18), (13, 19), (35, 28), (22, 3), ... (+221 more)]",129,29,29
262,"(7, 23)","(8, 23)",West,"['(7, 22)', '(8, 23)']","['(7, 23)', '(13, 20)', '(16, 17)', '(21, 20)', '(17, 20)', '(10, 23)', '(25, 20)', '(35, 30)', '(30, 23)', '(29, 28)', '(22, 17)', '(31, 28)', '(28, 17)']","['(7, 22)', '(13, 20)', '(16, 17)', '(21, 20)', '(17, 20)', '(10, 23)', '(25, 20)', '(35, 30)', '(30, 23)', '(29, 28)', '(22, 17)', '(31, 28)', '(28, 17)']","[(34, 1), (27, 4), (28, 3), (17, 3), (34, 19), (27, 13), (14, 13), (17, 12), (19, 9), (28, 21), (32, 3), (15, 5), (29, 4), (33, 20), (35, 17), (13, 17), (16, 13), (33, 29), (21, 9), (35, 26), (18, 19), (34, 3), (27, 6), (17, 5), (22, 19), (19, 11), (30, 11), (9, 19), (35, 1), (24, 1), (33, 13), (35, 10), (15, 7), (18, 3), (35, 19), (24, 19), (25, 18), (13, 19), (35, 28), (22, 3), ... (+222 more)]",130,28,28
263,"(7, 22)","(7, 23)",South,"['(7, 23)', '(7, 21)']","['(7, 22)', '(13, 20)', '(16, 17)', '(21, 20)', '(17, 20)', '(10, 23)', '(25, 20)', '(35, 30)', '(30, 23)', '(29, 28)', '(22, 17)', '(31, 28)', '(28, 17)']","['(7, 21)', '(13, 20)', '(16, 17)', '(21, 20)', '(17, 20)', '(10, 23)', '(25, 20)', '(35, 30)', '(30, 23)', '(29, 28)', '(22, 17)', '(31, 28)', '(28, 17)']","[(34, 1), (27, 4), (28, 3), (17, 3), (34, 19), (27, 13), (14, 13), (17, 12), (19, 9), (28, 21), (32, 3), (15, 5), (29, 4), (33, 20), (35, 17), (13, 17), (16, 13), (33, 29), (21, 9), (35, 26), (18, 19), (34, 3), (27, 6), (17, 5), (22, 19), (19, 11), (30, 11), (9, 19), (35, 1), (24, 1), (33, 13), (35, 10), (15, 7), (18, 3), (35, 19), (24, 19), (25, 18), (13, 19), (35, 28), (22, 3), ... (+223 more)]",131,27,27
264,"(7, 21)","(7, 22)",South,"['(7, 22)', '(7, 20)']","['(7, 21)', '(13, 20)', '(16, 17)', '(21, 20)', '(17, 20)', '(10, 23)', '(25, 20)', '(35, 30)', '(30, 23)', '(29, 28)', '(22, 17)', '(31, 28)', '(28, 17)']","['(7, 20)', '(13, 20)', '(16, 17)', '(21, 20)', '(17, 20)', '(10, 23)', '(25, 20)', '(35, 30)', '(30, 23)', '(29, 28)', '(22, 17)', '(31, 28)', '(28, 17)']","[(34, 1), (27, 4), (28, 3), (17, 3), (34, 19), (27, 13), (14, 13), (17, 12), (19, 9), (28, 21), (32, 3), (15, 5), (29, 4), (33, 20), (35, 17), (13, 17), (16, 13), (33, 29), (21, 9), (35, 26), (18, 19), (34, 3), (27, 6), (17, 5), (22, 19), (19, 11), (30, 11), (9, 19), (35, 1), (24, 1), (33, 13), (35, 10), (15, 7), (18, 3), (35, 19), (24, 19), (25, 18), (13, 19), (35, 28), (7, 21), ... (+224 more)]",132,26,26
265,"(7, 20)","(7, 21)",South,"['(7, 21)', '(7, 19)']","['(7, 20)', '(13, 20)', '(16, 17)', '(21, 20)', '(17, 20)', '(10, 23)', '(25, 20)', '(35, 30)', '(30, 23)', '(29, 28)', '(22, 17)', '(31, 28)', '(28, 17)']","['(7, 19)', '(13, 20)', '(16, 17)', '(21, 20)', '(17, 20)', '(10, 23)', '(25, 20)', '(35, 30)', '(30, 23)', '(29, 28)', '(22, 17)', '(31, 28)', '(28, 17)']","[(34, 1), (27, 4), (28, 3), (17, 3), (34, 19), (27, 13), (14, 13), (17, 12), (19, 9), (28, 21), (32, 3), (15, 5), (29, 4), (33, 20), (35, 17), (13, 17), (16, 13), (33, 29), (21, 9), (35, 26), (18, 19), (34, 3), (27, 6), (17, 5), (22, 19), (19, 11), (30, 11), (9, 19), (35, 1), (24, 1), (33, 13), (35, 10), (15, 7), (18, 3), (35, 19), (24, 19), (25, 18), (13, 19), (35, 28), (7, 21), ... (+225 more)]",133,25,25
266,"(7, 19)","(7, 20)",South,"['(7, 20)']","['(7, 19)', '(13, 20)', '(16, 17)', '(21, 20)', '(17, 20)', '(10, 23)', '(25, 20)', '(35, 30)', '(30, 23)', '(29, 28)', '(22, 17)', '(31, 28)', '(28, 17)']","['(16, 17)', '(13, 20)', '(10, 23)', '(21, 20)', '(17, 20)', '(28, 17)', '(25, 20)', '(35, 30)', '(30, 23)', '(29, 28)', '(22, 17)', '(31, 28)']","[(34, 1), (27, 4), (28, 3), (17, 3), (34, 19), (27, 13), (14, 13), (17, 12), (19, 9), (28, 21), (32, 3), (15, 5), (29, 4), (33, 20), (35, 17), (13, 17), (16, 13), (33, 29), (21, 9), (35, 26), (18, 19), (34, 3), (7, 19), (27, 6), (17, 5), (22, 19), (19, 11), (30, 11), (9, 19), (35, 1), (24, 1), (33, 13), (35, 10), (15, 7), (18, 3), (35, 19), (24, 19), (25, 18), (13, 19), (35, 28), ... (+226 more)]",134,24,24
267,"(16, 17)","(15, 17)",East,"['(17, 17)', '(15, 17)']","['(16, 17)', '(13, 20)', '(10, 23)', '(21, 20)', '(17, 20)', '(28, 17)', '(25, 20)', '(35, 30)', '(30, 23)', '(29, 28)', '(22, 17)', '(31, 28)']","['(13, 20)', '(17, 20)', '(10, 23)', '(21, 20)', '(22, 17)', '(17, 17)', '(25, 20)', '(35, 30)', '(30, 23)', '(29, 28)', '(31, 28)', '(28, 17)']","[(34, 1), (27, 4), (28, 3), (17, 3), (34, 19), (27, 13), (14, 13), (17, 12), (19, 9), (28, 21), (32, 3), (15, 5), (29, 4), (33, 20), (35, 17), (13, 17), (16, 13), (33, 29), (21, 9), (35, 26), (18, 19), (34, 3), (7, 19), (27, 6), (17, 5), (22, 19), (19, 11), (30, 11), (9, 19), (35, 1), (24, 1), (33, 13), (35, 10), (15, 7), (18, 3), (35, 19), (24, 19), (25, 18), (13, 19), (35, 28), ... (+227 more)]",121,31,31
268,"(13, 20)","(13, 19)",North,"['(13, 21)', '(13, 19)']","['(13, 20)', '(17, 20)', '(10, 23)', '(21, 20)', '(22, 17)', '(17, 17)', '(25, 20)', '(35, 30)', '(30, 23)', '(29, 28)', '(31, 28)', '(28, 17)']","['(10, 23)', '(17, 20)', '(17, 17)', '(21, 20)', '(22, 17)', '(13, 21)', '(25, 20)', '(35, 30)', '(30, 23)', '(29, 28)', '(31, 28)', '(28, 17)']","[(34, 1), (27, 4), (28, 3), (17, 3), (34, 19), (27, 13), (14, 13), (17, 12), (19, 9), (28, 21), (32, 3), (15, 5), (29, 4), (33, 20), (35, 17), (13, 17), (16, 13), (33, 29), (21, 9), (35, 26), (18, 19), (34, 3), (7, 19), (27, 6), (17, 5), (22, 19), (13, 20), (19, 11), (30, 11), (9, 19), (35, 1), (24, 1), (33, 13), (35, 10), (15, 7), (18, 3), (35, 19), (24, 19), (25, 18), (13, 19), ... (+228 more)]",121,31,31
269,"(10, 23)","(9, 23)",East,"['(11, 23)', '(9, 23)']","['(10, 23)', '(17, 20)', '(17, 17)', '(21, 20)', '(22, 17)', '(13, 21)', '(25, 20)', '(35, 30)', '(30, 23)', '(29, 28)', '(31, 28)', '(28, 17)']","['(17, 17)', '(17, 20)', '(13, 21)', '(21, 20)', '(22, 17)', '(11, 23)', '(25, 20)', '(35, 30)', '(30, 23)', '(29, 28)', '(31, 28)', '(28, 17)']","[(34, 1), (27, 4), (28, 3), (17, 3), (34, 19), (27, 13), (14, 13), (17, 12), (19, 9), (28, 21), (32, 3), (15, 5), (29, 4), (33, 20), (35, 17), (13, 17), (16, 13), (33, 29), (21, 9), (35, 26), (18, 19), (34, 3), (7, 19), (27, 6), (17, 5), (22, 19), (13, 20), (19, 11), (30, 11), (9, 19), (35, 1), (24, 1), (33, 13), (35, 10), (15, 7), (18, 3), (35, 19), (24, 19), (25, 18), (13, 19), ... (+229 more)]",129,31,31
270,"(17, 17)","(16, 17)",East,"['(18, 17)', '(16, 17)']","['(17, 17)', '(17, 20)', '(13, 21)', '(21, 20)', '(22, 17)', '(11, 23)', '(25, 20)', '(35, 30)', '(30, 23)', '(29, 28)', '(31, 28)', '(28, 17)']","['(13, 21)', '(17, 20)', '(11, 23)', '(21, 20)', '(22, 17)', '(18, 17)', '(25, 20)', '(35, 30)', '(30, 23)', '(29, 28)', '(31, 28)', '(28, 17)']","[(34, 1), (27, 4), (28, 3), (17, 3), (34, 19), (27, 13), (14, 13), (17, 12), (19, 9), (28, 21), (32, 3), (15, 5), (29, 4), (33, 20), (35, 17), (13, 17), (16, 13), (33, 29), (21, 9), (35, 26), (18, 19), (34, 3), (7, 19), (27, 6), (17, 5), (22, 19), (13, 20), (19, 11), (30, 11), (9, 19), (35, 1), (24, 1), (33, 13), (35, 10), (15, 7), (18, 3), (35, 19), (24, 19), (25, 18), (13, 19), ... (+230 more)]",122,32,32
271,"(13, 21)","(13, 20)",North,"['(13, 20)', '(14, 21)', '(12, 21)']","['(13, 21)', '(17, 20)', '(11, 23)', '(21, 20)', '(22, 17)', '(18, 17)', '(25, 20)', '(35, 30)', '(30, 23)', '(29, 28)', '(31, 28)', '(28, 17)']","['(12, 21)', '(17, 20)', '(11, 23)', '(21, 20)', '(22, 17)', '(18, 17)', '(25, 20)', '(35, 30)', '(30, 23)', '(29, 28)', '(31, 28)', '(28, 17)', '(14, 21)']","[(34, 1), (27, 4), (28, 3), (17, 3), (34, 19), (27, 13), (14, 13), (17, 12), (19, 9), (28, 21), (32, 3), (15, 5), (29, 4), (33, 20), (35, 17), (13, 17), (16, 13), (33, 29), (21, 9), (35, 26), (18, 19), (34, 3), (7, 19), (27, 6), (17, 5), (22, 19), (13, 20), (19, 11), (30, 11), (9, 19), (35, 1), (24, 1), (33, 13), (35, 10), (15, 7), (18, 3), (35, 19), (24, 19), (25, 18), (13, 19), ... (+231 more)]",122,32,32
272,"(12, 21)","(13, 21)",West,"['(13, 21)', '(11, 21)']","['(12, 21)', '(17, 20)', '(11, 23)', '(21, 20)', '(22, 17)', '(18, 17)', '(25, 20)', '(35, 30)', '(30, 23)', '(29, 28)', '(31, 28)', '(28, 17)', '(14, 21)']","['(11, 21)', '(17, 20)', '(11, 23)', '(21, 20)', '(22, 17)', '(18, 17)', '(25, 20)', '(35, 30)', '(30, 23)', '(29, 28)', '(31, 28)', '(28, 17)', '(14, 21)']","[(34, 1), (27, 4), (28, 3), (17, 3), (34, 19), (27, 13), (14, 13), (17, 12), (19, 9), (28, 21), (32, 3), (15, 5), (29, 4), (33, 20), (35, 17), (13, 17), (16, 13), (33, 29), (21, 9), (35, 26), (18, 19), (34, 3), (7, 19), (27, 6), (17, 5), (22, 19), (13, 20), (19, 11), (30, 11), (9, 19), (35, 1), (24, 1), (33, 13), (35, 10), (15, 7), (18, 3), (35, 19), (24, 19), (25, 18), (13, 19), ... (+232 more)]",123,31,31
273,"(11, 21)","(12, 21)",West,"['(12, 21)']","['(11, 21)', '(17, 20)', '(11, 23)', '(21, 20)', '(22, 17)', '(18, 17)', '(25, 20)', '(35, 30)', '(30, 23)', '(29, 28)', '(31, 28)', '(28, 17)', '(14, 21)']","['(11, 23)', '(17, 20)', '(18, 17)', '(21, 20)', '(22, 17)', '(14, 21)', '(25, 20)', '(35, 30)', '(30, 23)', '(29, 28)', '(31, 28)', '(28, 17)']","[(34, 1), (27, 4), (28, 3), (17, 3), (34, 19), (27, 13), (14, 13), (17, 12), (19, 9), (28, 21), (32, 3), (15, 5), (29, 4), (33, 20), (35, 17), (13, 17), (16, 13), (33, 29), (21, 9), (35, 26), (18, 19), (34, 3), (7, 19), (27, 6), (17, 5), (22, 19), (13, 20), (19, 11), (30, 11), (9, 19), (35, 1), (24, 1), (33, 13), (35, 10), (15, 7), (18, 3), (35, 19), (24, 19), (25, 18), (13, 19), ... (+233 more)]",124,30,30
274,"(11, 23)","(10, 23)",East,"['(10, 23)']","['(11, 23)', '(17, 20)', '(18, 17)', '(21, 20)', '(22, 17)', '(14, 21)', '(25, 20)', '(35, 30)', '(30, 23)', '(29, 28)', '(31, 28)', '(28, 17)']","['(18, 17)', '(17, 20)', '(14, 21)', '(21, 20)', '(22, 17)', '(28, 17)', '(25, 20)', '(35, 30)', '(30, 23)', '(29, 28)', '(31, 28)']","[(34, 1), (27, 4), (28, 3), (17, 3), (34, 19), (27, 13), (14, 13), (17, 12), (19, 9), (28, 21), (32, 3), (11, 23), (15, 5), (29, 4), (33, 20), (35, 17), (13, 17), (16, 13), (33, 29), (21, 9), (35, 26), (18, 19), (34, 3), (7, 19), (27, 6), (17, 5), (22, 19), (13, 20), (19, 11), (30, 11), (9, 19), (35, 1), (24, 1), (33, 13), (35, 10), (15, 7), (18, 3), (35, 19), (24, 19), (25, 18), ... (+234 more)]",130,32,32
275,"(18, 17)","(17, 17)",East,"['(19, 17)', '(17, 17)']","['(18, 17)', '(17, 20)', '(14, 21)', '(21, 20)', '(22, 17)', '(28, 17)', '(25, 20)', '(35, 30)', '(30, 23)', '(29, 28)', '(31, 28)']","['(14, 21)', '(19, 17)', '(28, 17)', '(21, 20)', '(17, 20)', '(31, 28)', '(25, 20)', '(35, 30)', '(30, 23)', '(29, 28)', '(22, 17)']","[(18, 17), (34, 1), (27, 4), (28, 3), (17, 3), (34, 19), (27, 13), (14, 13), (17, 12), (19, 9), (28, 21), (32, 3), (11, 23), (15, 5), (29, 4), (33, 20), (35, 17), (13, 17), (16, 13), (33, 29), (21, 9), (35, 26), (18, 19), (34, 3), (7, 19), (27, 6), (17, 5), (22, 19), (13, 20), (19, 11), (30, 11), (9, 19), (35, 1), (24, 1), (33, 13), (35, 10), (15, 7), (18, 3), (35, 19), (24, 19), ... (+235 more)]",123,33,33
276,"(14, 21)","(13, 21)",East,"['(15, 21)', '(13, 21)']","['(14, 21)', '(19, 17)', '(28, 17)', '(21, 20)', '(17, 20)', '(31, 28)', '(25, 20)', '(35, 30)', '(30, 23)', '(29, 28)', '(22, 17)']","['(19, 17)', '(15, 21)', '(28, 17)', '(21, 20)', '(17, 20)', '(31, 28)', '(25, 20)', '(35, 30)', '(30, 23)', '(29, 28)', '(22, 17)']","[(18, 17), (34, 1), (27, 4), (28, 3), (17, 3), (34, 19), (27, 13), (14, 13), (17, 12), (19, 9), (28, 21), (32, 3), (11, 23), (15, 5), (29, 4), (33, 20), (35, 17), (13, 17), (16, 13), (33, 29), (21, 9), (35, 26), (18, 19), (34, 3), (7, 19), (27, 6), (17, 5), (22, 19), (13, 20), (19, 11), (30, 11), (9, 19), (35, 1), (24, 1), (33, 13), (35, 10), (15, 7), (18, 3), (35, 19), (24, 19), ... (+236 more)]",123,33,33
277,"(19, 17)","(18, 17)",East,"['(19, 16)', '(18, 17)']","['(19, 17)', '(15, 21)', '(28, 17)', '(21, 20)', '(17, 20)', '(31, 28)', '(25, 20)', '(35, 30)', '(30, 23)', '(29, 28)', '(22, 17)']","['(19, 16)', '(15, 21)', '(28, 17)', '(21, 20)', '(17, 20)', '(31, 28)', '(25, 20)', '(35, 30)', '(30, 23)', '(29, 28)', '(22, 17)']","[(18, 17), (34, 1), (27, 4), (28, 3), (17, 3), (34, 19), (27, 13), (14, 13), (17, 12), (19, 9), (28, 21), (32, 3), (11, 23), (15, 5), (29, 4), (33, 20), (35, 17), (13, 17), (16, 13), (33, 29), (21, 9), (35, 26), (18, 19), (34, 3), (7, 19), (27, 6), (17, 5), (22, 19), (13, 20), (19, 11), (30, 11), (9, 19), (35, 1), (24, 1), (33, 13), (35, 10), (15, 7), (18, 3), (35, 19), (24, 19), ... (+237 more)]",124,34,34
278,"(19, 16)","(19, 17)",South,"['(19, 17)', '(19, 15)']","['(19, 16)', '(15, 21)', '(28, 17)', '(21, 20)', '(17, 20)', '(31, 28)', '(25, 20)', '(35, 30)', '(30, 23)', '(29, 28)', '(22, 17)']","['(19, 15)', '(15, 21)', '(28, 17)', '(21, 20)', '(17, 20)', '(31, 28)', '(25, 20)', '(35, 30)', '(30, 23)', '(29, 28)', '(22, 17)']","[(18, 17), (34, 1), (27, 4), (28, 3), (17, 3), (34, 19), (27, 13), (14, 13), (17, 12), (19, 9), (28, 21), (32, 3), (11, 23), (15, 5), (29, 4), (33, 20), (35, 17), (13, 17), (16, 13), (33, 29), (21, 9), (35, 26), (18, 19), (34, 3), (7, 19), (27, 6), (17, 5), (22, 19), (13, 20), (19, 11), (30, 11), (9, 19), (35, 1), (24, 1), (33, 13), (35, 10), (15, 7), (18, 3), (35, 19), (24, 19), ... (+238 more)]",125,33,33
279,"(19, 15)","(19, 16)",South,"['(19, 16)']","['(19, 15)', '(15, 21)', '(28, 17)', '(21, 20)', '(17, 20)', '(31, 28)', '(25, 20)', '(35, 30)', '(30, 23)', '(29, 28)', '(22, 17)']","['(15, 21)', '(17, 20)', '(28, 17)', '(21, 20)', '(22, 17)', '(31, 28)', '(25, 20)', '(35, 30)', '(30, 23)', '(29, 28)']","[(18, 17), (34, 1), (27, 4), (28, 3), (17, 3), (34, 19), (27, 13), (14, 13), (17, 12), (19, 9), (28, 21), (32, 3), (11, 23), (15, 5), (29, 4), (33, 20), (35, 17), (13, 17), (16, 13), (33, 29), (21, 9), (35, 26), (18, 19), (34, 3), (7, 19), (27, 6), (17, 5), (22, 19), (13, 20), (19, 11), (30, 11), (9, 19), (35, 1), (24, 1), (33, 13), (35, 10), (15, 7), (18, 3), (35, 19), (24, 19), ... (+239 more)]",126,32,32
280,"(15, 21)","(14, 21)",East,"['(15, 22)', '(14, 21)']","['(15, 21)', '(17, 20)', '(28, 17)', '(21, 20)', '(22, 17)', '(31, 28)', '(25, 20)', '(35, 30)', '(30, 23)', '(29, 28)']","['(17, 20)', '(15, 22)', '(28, 17)', '(21, 20)', '(22, 17)', '(31, 28)', '(25, 20)', '(35, 30)', '(30, 23)', '(29, 28)']","[(15, 21), (18, 17), (34, 1), (27, 4), (28, 3), (17, 3), (34, 19), (27, 13), (14, 13), (17, 12), (19, 9), (28, 21), (32, 3), (11, 23), (15, 5), (29, 4), (33, 20), (35, 17), (13, 17), (16, 13), (33, 29), (21, 9), (35, 26), (18, 19), (34, 3), (7, 19), (27, 6), (17, 5), (22, 19), (13, 20), (19, 11), (30, 11), (9, 19), (35, 1), (24, 1), (33, 13), (35, 10), (15, 7), (18, 3), (35, 19), ... (+240 more)]",124,34,34
281,"(17, 20)","(17, 19)",North,"['(17, 21)', '(17, 19)']","['(17, 20)', '(15, 22)', '(28, 17)', '(21, 20)', '(22, 17)', '(31, 28)', '(25, 20)', '(35, 30)', '(30, 23)', '(29, 28)']","['(15, 22)', '(17, 21)', '(28, 17)', '(21, 20)', '(22, 17)', '(31, 28)', '(25, 20)', '(35, 30)', '(30, 23)', '(29, 28)']","[(15, 21), (18, 17), (34, 1), (27, 4), (28, 3), (17, 3), (34, 19), (27, 13), (14, 13), (17, 12), (19, 9), (28, 21), (32, 3), (11, 23), (15, 5), (29, 4), (33, 20), (35, 17), (13, 17), (16, 13), (33, 29), (21, 9), (35, 26), (18, 19), (34, 3), (7, 19), (27, 6), (17, 5), (22, 19), (13, 20), (19, 11), (30, 11), (9, 19), (35, 1), (24, 1), (33, 13), (35, 10), (15, 7), (18, 3), (35, 19), ... (+241 more)]",117,35,35
282,"(15, 22)","(15, 21)",North,"['(15, 23)', '(15, 21)']","['(15, 22)', '(17, 21)', '(28, 17)', '(21, 20)', '(22, 17)', '(31, 28)', '(25, 20)', '(35, 30)', '(30, 23)', '(29, 28)']","['(17, 21)', '(15, 23)', '(28, 17)', '(21, 20)', '(22, 17)', '(31, 28)', '(25, 20)', '(35, 30)', '(30, 23)', '(29, 28)']","[(15, 21), (18, 17), (34, 1), (27, 4), (28, 3), (17, 3), (34, 19), (27, 13), (14, 13), (17, 12), (19, 9), (28, 21), (32, 3), (11, 23), (15, 5), (29, 4), (33, 20), (35, 17), (13, 17), (16, 13), (33, 29), (21, 9), (35, 26), (18, 19), (34, 3), (7, 19), (27, 6), (17, 5), (22, 19), (13, 20), (19, 11), (30, 11), (9, 19), (35, 1), (24, 1), (33, 13), (35, 10), (15, 7), (18, 3), (35, 19), ... (+242 more)]",125,35,35
283,"(17, 21)","(17, 20)",North,"['(17, 20)']","['(17, 21)', '(15, 23)', '(28, 17)', '(21, 20)', '(22, 17)', '(31, 28)', '(25, 20)', '(35, 30)', '(30, 23)', '(29, 28)']","['(15, 23)', '(22, 17)', '(28, 17)', '(21, 20)', '(29, 28)', '(31, 28)', '(25, 20)', '(35, 30)', '(30, 23)']","[(15, 21), (18, 17), (34, 1), (27, 4), (28, 3), (17, 3), (34, 19), (27, 13), (14, 13), (17, 12), (19, 9), (28, 21), (32, 3), (17, 21), (11, 23), (15, 5), (29, 4), (33, 20), (35, 17), (13, 17), (16, 13), (33, 29), (21, 9), (35, 26), (18, 19), (34, 3), (7, 19), (27, 6), (17, 5), (22, 19), (13, 20), (19, 11), (30, 11), (9, 19), (35, 1), (24, 1), (33, 13), (35, 10), (15, 7), (18, 3), ... (+243 more)]",118,36,36
284,"(15, 23)","(15, 22)",North,"['(15, 24)', '(15, 22)', '(14, 23)']","['(15, 23)', '(22, 17)', '(28, 17)', '(21, 20)', '(29, 28)', '(31, 28)', '(25, 20)', '(35, 30)', '(30, 23)']","['(14, 23)', '(22, 17)', '(28, 17)', '(21, 20)', '(15, 24)', '(31, 28)', '(25, 20)', '(35, 30)', '(30, 23)', '(29, 28)']","[(15, 21), (18, 17), (34, 1), (27, 4), (28, 3), (17, 3), (34, 19), (27, 13), (14, 13), (17, 12), (19, 9), (28, 21), (32, 3), (17, 21), (11, 23), (15, 5), (29, 4), (33, 20), (35, 17), (13, 17), (16, 13), (33, 29), (21, 9), (35, 26), (15, 23), (18, 19), (34, 3), (7, 19), (27, 6), (17, 5), (22, 19), (13, 20), (19, 11), (30, 11), (9, 19), (35, 1), (24, 1), (33, 13), (35, 10), (15, 7), ... (+244 more)]",126,36,36
285,"(14, 23)","(15, 23)",West,"['(15, 23)', '(13, 23)']","['(14, 23)', '(22, 17)', '(28, 17)', '(21, 20)', '(15, 24)', '(31, 28)', '(25, 20)', '(35, 30)', '(30, 23)', '(29, 28)']","['(13, 23)', '(22, 17)', '(28, 17)', '(21, 20)', '(15, 24)', '(31, 28)', '(25, 20)', '(35, 30)', '(30, 23)', '(29, 28)']","[(15, 21), (18, 17), (34, 1), (27, 4), (28, 3), (17, 3), (34, 19), (27, 13), (14, 13), (17, 12), (19, 9), (28, 21), (32, 3), (17, 21), (11, 23), (15, 5), (29, 4), (33, 20), (35, 17), (13, 17), (16, 13), (33, 29), (21, 9), (35, 26), (15, 23), (18, 19), (34, 3), (7, 19), (27, 6), (17, 5), (22, 19), (13, 20), (19, 11), (30, 11), (9, 19), (35, 1), (24, 1), (33, 13), (35, 10), (15, 7), ... (+245 more)]",127,35,35
286,"(13, 23)","(14, 23)",West,"['(13, 24)', '(14, 23)']","['(13, 23)', '(22, 17)', '(28, 17)', '(21, 20)', '(15, 24)', '(31, 28)', '(25, 20)', '(35, 30)', '(30, 23)', '(29, 28)']","['(13, 24)', '(22, 17)', '(28, 17)', '(21, 20)', '(15, 24)', '(31, 28)', '(25, 20)', '(35, 30)', '(30, 23)', '(29, 28)']","[(15, 21), (18, 17), (34, 1), (27, 4), (28, 3), (17, 3), (34, 19), (27, 13), (14, 13), (17, 12), (19, 9), (28, 21), (32, 3), (17, 21), (11, 23), (15, 5), (29, 4), (33, 20), (35, 17), (13, 17), (16, 13), (33, 29), (21, 9), (35, 26), (15, 23), (18, 19), (34, 3), (7, 19), (13, 23), (27, 6), (17, 5), (22, 19), (13, 20), (19, 11), (30, 11), (9, 19), (35, 1), (24, 1), (33, 13), (35, 10), ... (+246 more)]",128,34,34
287,"(13, 24)","(13, 23)",North,"['(13, 25)', '(13, 23)']","['(13, 24)', '(22, 17)', '(28, 17)', '(21, 20)', '(15, 24)', '(31, 28)', '(25, 20)', '(35, 30)', '(30, 23)', '(29, 28)']","['(13, 25)', '(22, 17)', '(28, 17)', '(21, 20)', '(15, 24)', '(31, 28)', '(25, 20)', '(35, 30)', '(30, 23)', '(29, 28)']","[(15, 21), (18, 17), (34, 1), (27, 4), (28, 3), (17, 3), (34, 19), (27, 13), (14, 13), (17, 12), (19, 9), (28, 21), (32, 3), (17, 21), (11, 23), (15, 5), (29, 4), (33, 20), (35, 17), (13, 17), (16, 13), (33, 29), (21, 9), (35, 26), (15, 23), (13, 24), (18, 19), (34, 3), (7, 19), (13, 23), (27, 6), (17, 5), (22, 19), (13, 20), (19, 11), (30, 11), (9, 19), (35, 1), (24, 1), (33, 13), ... (+247 more)]",129,35,35
288,"(13, 25)","(13, 24)",North,"['(13, 24)']","['(13, 25)', '(22, 17)', '(28, 17)', '(21, 20)', '(15, 24)', '(31, 28)', '(25, 20)', '(35, 30)', '(30, 23)', '(29, 28)']","['(22, 17)', '(15, 24)', '(28, 17)', '(21, 20)', '(29, 28)', '(31, 28)', '(25, 20)', '(35, 30)', '(30, 23)']","[(15, 21), (18, 17), (34, 1), (27, 4), (28, 3), (17, 3), (34, 19), (27, 13), (14, 13), (17, 12), (19, 9), (28, 21), (32, 3), (17, 21), (11, 23), (15, 5), (29, 4), (33, 20), (35, 17), (13, 17), (16, 13), (33, 29), (21, 9), (35, 26), (15, 23), (13, 24), (18, 19), (34, 3), (7, 19), (13, 23), (27, 6), (17, 5), (22, 19), (13, 20), (19, 11), (30, 11), (9, 19), (35, 1), (24, 1), (33, 13), ... (+248 more)]",130,36,36
289,"(22, 17)","(21, 17)",East,"['(23, 17)', '(21, 17)']","['(22, 17)', '(15, 24)', '(28, 17)', '(21, 20)', '(29, 28)', '(31, 28)', '(25, 20)', '(35, 30)', '(30, 23)']","['(15, 24)', '(23, 17)', '(28, 17)', '(21, 20)', '(29, 28)', '(31, 28)', '(25, 20)', '(35, 30)', '(30, 23)']","[(15, 21), (18, 17), (34, 1), (27, 4), (28, 3), (17, 3), (34, 19), (27, 13), (14, 13), (17, 12), (19, 9), (22, 17), (28, 21), (32, 3), (17, 21), (11, 23), (15, 5), (29, 4), (33, 20), (35, 17), (13, 17), (16, 13), (33, 29), (21, 9), (35, 26), (15, 23), (13, 24), (18, 19), (34, 3), (7, 19), (13, 23), (27, 6), (17, 5), (22, 19), (13, 20), (19, 11), (30, 11), (9, 19), (35, 1), (24, 1), ... (+249 more)]",115,37,37
290,"(15, 24)","(15, 23)",North,"['(15, 25)', '(15, 23)']","['(15, 24)', '(23, 17)', '(28, 17)', '(21, 20)', '(29, 28)', '(31, 28)', '(25, 20)', '(35, 30)', '(30, 23)']","['(23, 17)', '(15, 25)', '(28, 17)', '(21, 20)', '(29, 28)', '(31, 28)', '(25, 20)', '(35, 30)', '(30, 23)']","[(15, 21), (18, 17), (34, 1), (27, 4), (28, 3), (17, 3), (34, 19), (27, 13), (14, 13), (17, 12), (19, 9), (22, 17), (28, 21), (32, 3), (17, 21), (11, 23), (15, 5), (29, 4), (33, 20), (35, 17), (13, 17), (16, 13), (33, 29), (21, 9), (35, 26), (15, 23), (13, 24), (18, 19), (34, 3), (7, 19), (13, 23), (27, 6), (17, 5), (22, 19), (13, 20), (19, 11), (30, 11), (9, 19), (35, 1), (24, 1), ... (+250 more)]",127,37,37
291,"(23, 17)","(22, 17)",East,"['(22, 17)']","['(23, 17)', '(15, 25)', '(28, 17)', '(21, 20)', '(29, 28)', '(31, 28)', '(25, 20)', '(35, 30)', '(30, 23)']","['(15, 25)', '(21, 20)', '(28, 17)', '(30, 23)', '(29, 28)', '(31, 28)', '(25, 20)', '(35, 30)']","[(15, 21), (18, 17), (34, 1), (27, 4), (28, 3), (17, 3), (34, 19), (27, 13), (14, 13), (17, 12), (19, 9), (22, 17), (28, 21), (32, 3), (17, 21), (11, 23), (15, 5), (29, 4), (33, 20), (35, 17), (13, 17), (16, 13), (33, 29), (21, 9), (35, 26), (15, 23), (13, 24), (18, 19), (34, 3), (7, 19), (13, 23), (27, 6), (17, 5), (22, 19), (13, 20), (19, 11), (30, 11), (9, 19), (35, 1), (24, 1), ... (+251 more)]",116,38,38
292,"(15, 25)","(15, 24)",North,"['(15, 26)', '(15, 24)']","['(15, 25)', '(21, 20)', '(28, 17)', '(30, 23)', '(29, 28)', '(31, 28)', '(25, 20)', '(35, 30)']","['(21, 20)', '(15, 26)', '(28, 17)', '(30, 23)', '(29, 28)', '(31, 28)', '(25, 20)', '(35, 30)']","[(15, 21), (18, 17), (34, 1), (27, 4), (28, 3), (17, 3), (34, 19), (27, 13), (14, 13), (17, 12), (19, 9), (22, 17), (28, 21), (32, 3), (17, 21), (11, 23), (15, 5), (29, 4), (33, 20), (35, 17), (13, 17), (16, 13), (33, 29), (21, 9), (35, 26), (15, 23), (13, 24), (18, 19), (34, 3), (7, 19), (13, 23), (27, 6), (17, 5), (22, 19), (13, 20), (19, 11), (30, 11), (9, 19), (35, 1), (24, 1), ... (+252 more)]",128,38,38
293,"(21, 20)","(21, 19)",North,"['(21, 21)', '(21, 19)']","['(21, 20)', '(15, 26)', '(28, 17)', '(30, 23)', '(29, 28)', '(31, 28)', '(25, 20)', '(35, 30)']","['(15, 26)', '(21, 21)', '(28, 17)', '(30, 23)', '(29, 28)', '(31, 28)', '(25, 20)', '(35, 30)']","[(15, 21), (18, 17), (34, 1), (27, 4), (28, 3), (17, 3), (34, 19), (27, 13), (14, 13), (17, 12), (19, 9), (22, 17), (28, 21), (32, 3), (17, 21), (11, 23), (15, 5), (29, 4), (33, 20), (35, 17), (13, 17), (16, 13), (33, 29), (21, 9), (35, 26), (15, 23), (13, 24), (18, 19), (34, 3), (7, 19), (13, 23), (27, 6), (17, 5), (22, 19), (13, 20), (19, 11), (30, 11), (9, 19), (35, 1), (24, 1), ... (+253 more)]",113,39,39
294,"(15, 26)","(15, 25)",North,"['(15, 27)', '(15, 25)']","['(15, 26)', '(21, 21)', '(28, 17)', '(30, 23)', '(29, 28)', '(31, 28)', '(25, 20)', '(35, 30)']","['(21, 21)', '(15, 27)', '(28, 17)', '(30, 23)', '(29, 28)', '(31, 28)', '(25, 20)', '(35, 30)']","[(15, 21), (18, 17), (34, 1), (27, 4), (28, 3), (17, 3), (34, 19), (27, 13), (14, 13), (17, 12), (19, 9), (22, 17), (28, 21), (32, 3), (17, 21), (11, 23), (15, 5), (29, 4), (33, 20), (35, 17), (13, 17), (16, 13), (33, 29), (21, 9), (35, 26), (15, 23), (13, 24), (18, 19), (34, 3), (7, 19), (13, 23), (27, 6), (17, 5), (22, 19), (13, 20), (19, 11), (30, 11), (9, 19), (35, 1), (24, 1), ... (+254 more)]",129,39,39
295,"(21, 21)","(21, 20)",North,"['(21, 22)', '(21, 20)', '(22, 21)', '(20, 21)']","['(21, 21)', '(15, 27)', '(28, 17)', '(30, 23)', '(29, 28)', '(31, 28)', '(25, 20)', '(35, 30)']","['(20, 21)', '(15, 27)', '(28, 17)', '(22, 21)', '(21, 22)', '(31, 28)', '(25, 20)', '(35, 30)', '(30, 23)', '(29, 28)']","[(15, 21), (18, 17), (34, 1), (27, 4), (28, 3), (17, 3), (34, 19), (27, 13), (14, 13), (17, 12), (19, 9), (22, 17), (28, 21), (32, 3), (17, 21), (11, 23), (15, 5), (29, 4), (33, 20), (35, 17), (13, 17), (16, 13), (33, 29), (21, 9), (35, 26), (15, 23), (13, 24), (18, 19), (34, 3), (7, 19), (13, 23), (27, 6), (17, 5), (22, 19), (13, 20), (19, 11), (30, 11), (9, 19), (35, 1), (24, 1), ... (+255 more)]",114,40,40
296,"(20, 21)","(21, 21)",West,"['(21, 21)', '(19, 21)']","['(20, 21)', '(15, 27)', '(28, 17)', '(22, 21)', '(21, 22)', '(31, 28)', '(25, 20)', '(35, 30)', '(30, 23)', '(29, 28)']","['(19, 21)', '(15, 27)', '(28, 17)', '(22, 21)', '(21, 22)', '(31, 28)', '(25, 20)', '(35, 30)', '(30, 23)', '(29, 28)']","[(15, 21), (18, 17), (34, 1), (27, 4), (28, 3), (17, 3), (34, 19), (27, 13), (14, 13), (17, 12), (19, 9), (22, 17), (28, 21), (32, 3), (17, 21), (11, 23), (15, 5), (29, 4), (33, 20), (35, 17), (13, 17), (16, 13), (33, 29), (21, 9), (35, 26), (15, 23), (13, 24), (18, 19), (34, 3), (7, 19), (13, 23), (27, 6), (17, 5), (22, 19), (13, 20), (19, 11), (30, 11), (9, 19), (35, 1), (24, 1), ... (+256 more)]",115,39,39
297,"(19, 21)","(20, 21)",West,"['(20, 21)']","['(19, 21)', '(15, 27)', '(28, 17)', '(22, 21)', '(21, 22)', '(31, 28)', '(25, 20)', '(35, 30)', '(30, 23)', '(29, 28)']","['(15, 27)', '(21, 22)', '(28, 17)', '(22, 21)', '(29, 28)', '(31, 28)', '(25, 20)', '(35, 30)', '(30, 23)']","[(15, 21), (18, 17), (34, 1), (27, 4), (28, 3), (17, 3), (34, 19), (27, 13), (14, 13), (17, 12), (19, 9), (22, 17), (28, 21), (32, 3), (17, 21), (11, 23), (15, 5), (29, 4), (33, 20), (35, 17), (13, 17), (16, 13), (33, 29), (21, 9), (35, 26), (15, 23), (13, 24), (18, 19), (34, 3), (7, 19), (13, 23), (27, 6), (17, 5), (22, 19), (13, 20), (19, 11), (30, 11), (9, 19), (35, 1), (24, 1), ... (+257 more)]",116,38,38
298,"(15, 27)","(15, 26)",North,"['(15, 26)', '(16, 27)']","['(15, 27)', '(21, 22)', '(28, 17)', '(22, 21)', '(29, 28)', '(31, 28)', '(25, 20)', '(35, 30)', '(30, 23)']","['(21, 22)', '(22, 21)', '(28, 17)', '(16, 27)', '(29, 28)', '(31, 28)', '(25, 20)', '(35, 30)', '(30, 23)']","[(15, 21), (18, 17), (34, 1), (27, 4), (28, 3), (17, 3), (34, 19), (27, 13), (14, 13), (17, 12), (19, 9), (22, 17), (28, 21), (32, 3), (17, 21), (11, 23), (15, 5), (29, 4), (33, 20), (35, 17), (13, 17), (16, 13), (33, 29), (21, 9), (35, 26), (15, 23), (13, 24), (18, 19), (34, 3), (7, 19), (13, 23), (27, 6), (17, 5), (22, 19), (13, 20), (19, 11), (30, 11), (9, 19), (35, 1), (24, 1), ... (+258 more)]",130,40,40
299,"(21, 22)","(21, 21)",North,"['(21, 23)', '(21, 21)']","['(21, 22)', '(22, 21)', '(28, 17)', '(16, 27)', '(29, 28)', '(31, 28)', '(25, 20)', '(35, 30)', '(30, 23)']","['(22, 21)', '(16, 27)', '(28, 17)', '(21, 23)', '(29, 28)', '(31, 28)', '(25, 20)', '(35, 30)', '(30, 23)']","[(15, 21), (18, 17), (34, 1), (27, 4), (28, 3), (17, 3), (34, 19), (27, 13), (14, 13), (17, 12), (19, 9), (22, 17), (28, 21), (32, 3), (17, 21), (11, 23), (15, 5), (29, 4), (33, 20), (35, 17), (13, 17), (16, 13), (33, 29), (21, 9), (35, 26), (15, 23), (13, 24), (18, 19), (34, 3), (7, 19), (13, 23), (27, 6), (17, 5), (22, 19), (13, 20), (19, 11), (30, 11), (9, 19), (35, 1), (24, 1), ... (+259 more)]",115,41,41
300,"(22, 21)","(21, 21)",East,"['(23, 21)', '(21, 21)']","['(22, 21)', '(16, 27)', '(28, 17)', '(21, 23)', '(29, 28)', '(31, 28)', '(25, 20)', '(35, 30)', '(30, 23)']","['(16, 27)', '(21, 23)', '(28, 17)', '(23, 21)', '(29, 28)', '(31, 28)', '(25, 20)', '(35, 30)', '(30, 23)']","[(15, 21), (18, 17), (34, 1), (27, 4), (28, 3), (17, 3), (34, 19), (27, 13), (14, 13), (17, 12), (19, 9), (22, 17), (28, 21), (32, 3), (17, 21), (11, 23), (15, 5), (29, 4), (33, 20), (35, 17), (13, 17), (16, 13), (33, 29), (21, 9), (35, 26), (15, 23), (13, 24), (18, 19), (34, 3), (7, 19), (13, 23), (27, 6), (17, 5), (22, 19), (13, 20), (19, 11), (30, 11), (9, 19), (35, 1), (24, 1), ... (+260 more)]",115,41,41
301,"(16, 27)","(15, 27)",East,"['(17, 27)', '(15, 27)']","['(16, 27)', '(21, 23)', '(28, 17)', '(23, 21)', '(29, 28)', '(31, 28)', '(25, 20)', '(35, 30)', '(30, 23)']","['(21, 23)', '(23, 21)', '(28, 17)', '(17, 27)', '(29, 28)', '(31, 28)', '(25, 20)', '(35, 30)', '(30, 23)']","[(15, 21), (18, 17), (34, 1), (27, 4), (28, 3), (17, 3), (34, 19), (27, 13), (14, 13), (17, 12), (19, 9), (22, 17), (28, 21), (32, 3), (17, 21), (11, 23), (15, 5), (29, 4), (33, 20), (35, 17), (13, 17), (16, 13), (33, 29), (21, 9), (35, 26), (15, 23), (13, 24), (18, 19), (34, 3), (7, 19), (13, 23), (27, 6), (17, 5), (22, 19), (13, 20), (19, 11), (30, 11), (9, 19), (35, 1), (24, 1), ... (+261 more)]",131,41,41
302,"(21, 23)","(21, 22)",North,"['(21, 22)', '(20, 23)']","['(21, 23)', '(23, 21)', '(28, 17)', '(17, 27)', '(29, 28)', '(31, 28)', '(25, 20)', '(35, 30)', '(30, 23)']","['(20, 23)', '(23, 21)', '(28, 17)', '(17, 27)', '(29, 28)', '(31, 28)', '(25, 20)', '(35, 30)', '(30, 23)']","[(15, 21), (18, 17), (34, 1), (27, 4), (28, 3), (17, 3), (34, 19), (27, 13), (14, 13), (17, 12), (19, 9), (22, 17), (28, 21), (32, 3), (17, 21), (11, 23), (15, 5), (29, 4), (33, 20), (35, 17), (13, 17), (16, 13), (33, 29), (21, 9), (35, 26), (15, 23), (13, 24), (18, 19), (34, 3), (7, 19), (13, 23), (27, 6), (17, 5), (22, 19), (13, 20), (19, 11), (30, 11), (9, 19), (35, 1), (24, 1), ... (+262 more)]",116,42,42
303,"(20, 23)","(21, 23)",West,"['(21, 23)', '(19, 23)']","['(20, 23)', '(23, 21)', '(28, 17)', '(17, 27)', '(29, 28)', '(31, 28)', '(25, 20)', '(35, 30)', '(30, 23)']","['(19, 23)', '(23, 21)', '(28, 17)', '(17, 27)', '(29, 28)', '(31, 28)', '(25, 20)', '(35, 30)', '(30, 23)']","[(15, 21), (18, 17), (34, 1), (27, 4), (28, 3), (17, 3), (34, 19), (27, 13), (14, 13), (17, 12), (19, 9), (22, 17), (28, 21), (32, 3), (17, 21), (11, 23), (15, 5), (29, 4), (33, 20), (35, 17), (13, 17), (16, 13), (33, 29), (21, 9), (35, 26), (15, 23), (13, 24), (18, 19), (34, 3), (7, 19), (13, 23), (27, 6), (17, 5), (22, 19), (13, 20), (19, 11), (30, 11), (9, 19), (35, 1), (24, 1), ... (+263 more)]",117,41,41
304,"(19, 23)","(20, 23)",West,"['(20, 23)', '(18, 23)']","['(19, 23)', '(23, 21)', '(28, 17)', '(17, 27)', '(29, 28)', '(31, 28)', '(25, 20)', '(35, 30)', '(30, 23)']","['(18, 23)', '(23, 21)', '(28, 17)', '(17, 27)', '(29, 28)', '(31, 28)', '(25, 20)', '(35, 30)', '(30, 23)']","[(15, 21), (18, 17), (34, 1), (27, 4), (28, 3), (17, 3), (34, 19), (27, 13), (14, 13), (17, 12), (19, 9), (22, 17), (28, 21), (32, 3), (17, 21), (11, 23), (15, 5), (29, 4), (33, 20), (35, 17), (13, 17), (16, 13), (33, 29), (21, 9), (35, 26), (15, 23), (13, 24), (18, 19), (34, 3), (7, 19), (13, 23), (27, 6), (17, 5), (22, 19), (13, 20), (19, 11), (30, 11), (9, 19), (35, 1), (24, 1), ... (+264 more)]",118,40,40
305,"(18, 23)","(19, 23)",West,"['(19, 23)', '(17, 23)']","['(18, 23)', '(23, 21)', '(28, 17)', '(17, 27)', '(29, 28)', '(31, 28)', '(25, 20)', '(35, 30)', '(30, 23)']","['(17, 23)', '(23, 21)', '(28, 17)', '(17, 27)', '(29, 28)', '(31, 28)', '(25, 20)', '(35, 30)', '(30, 23)']","[(15, 21), (18, 17), (34, 1), (27, 4), (28, 3), (17, 3), (34, 19), (27, 13), (14, 13), (17, 12), (19, 9), (22, 17), (28, 21), (32, 3), (17, 21), (11, 23), (15, 5), (29, 4), (33, 20), (35, 17), (13, 17), (16, 13), (33, 29), (21, 9), (35, 26), (15, 23), (13, 24), (18, 19), (34, 3), (7, 19), (13, 23), (27, 6), (17, 5), (22, 19), (13, 20), (19, 11), (30, 11), (9, 19), (35, 1), (24, 1), ... (+265 more)]",119,39,39
306,"(17, 23)","(18, 23)",West,"['(18, 23)']","['(17, 23)', '(23, 21)', '(28, 17)', '(17, 27)', '(29, 28)', '(31, 28)', '(25, 20)', '(35, 30)', '(30, 23)']","['(23, 21)', '(17, 27)', '(28, 17)', '(30, 23)', '(29, 28)', '(31, 28)', '(25, 20)', '(35, 30)']","[(15, 21), (18, 17), (34, 1), (27, 4), (28, 3), (17, 3), (34, 19), (27, 13), (14, 13), (17, 12), (19, 9), (22, 17), (28, 21), (32, 3), (17, 21), (11, 23), (15, 5), (29, 4), (33, 20), (35, 17), (13, 17), (16, 13), (33, 29), (21, 9), (35, 26), (15, 23), (13, 24), (18, 19), (34, 3), (7, 19), (13, 23), (27, 6), (17, 5), (22, 19), (13, 20), (19, 11), (30, 11), (17, 23), (9, 19), (35, 1), ... (+266 more)]",120,38,38
307,"(23, 21)","(22, 21)",East,"['(22, 21)']","['(23, 21)', '(17, 27)', '(28, 17)', '(30, 23)', '(29, 28)', '(31, 28)', '(25, 20)', '(35, 30)']","['(17, 27)', '(30, 23)', '(28, 17)', '(35, 30)', '(29, 28)', '(31, 28)', '(25, 20)']","[(15, 21), (18, 17), (27, 4), (27, 13), (19, 9), (11, 23), (33, 20), (33, 29), (34, 3), (22, 19), (15, 7), (18, 3), (15, 25), (7, 21), (29, 27), (30, 13), (33, 6), (33, 15), (25, 11), (34, 7), (14, 19), (15, 2), (15, 11), (26, 11), (29, 13), (29, 22), (21, 18), (33, 1), (33, 10), (25, 6), (33, 19), (25, 15), (33, 28), (14, 23), (29, 8), (21, 13), (29, 26), (21, 22), (33, 5), (25, 1), ... (+267 more)]",116,42,42
308,"(17, 27)","(16, 27)",East,"['(17, 26)', '(18, 27)', '(16, 27)']","['(17, 27)', '(30, 23)', '(28, 17)', '(35, 30)', '(29, 28)', '(31, 28)', '(25, 20)']","['(17, 26)', '(18, 27)', '(28, 17)', '(30, 23)', '(29, 28)', '(31, 28)', '(25, 20)', '(35, 30)']","[(15, 21), (18, 17), (27, 4), (27, 13), (19, 9), (11, 23), (33, 20), (33, 29), (34, 3), (22, 19), (15, 7), (18, 3), (15, 25), (7, 21), (29, 27), (30, 13), (33, 6), (33, 15), (25, 11), (34, 7), (14, 19), (15, 2), (15, 11), (26, 11), (29, 13), (29, 22), (21, 18), (33, 1), (33, 10), (25, 6), (33, 19), (25, 15), (33, 28), (14, 23), (29, 8), (21, 13), (29, 26), (21, 22), (33, 5), (25, 1), ... (+268 more)]",132,42,42
309,"(17, 26)","(17, 27)",South,"['(17, 27)', '(17, 25)']","['(17, 26)', '(18, 27)', '(28, 17)', '(30, 23)', '(29, 28)', '(31, 28)', '(25, 20)', '(35, 30)']","['(17, 25)', '(28, 17)', '(25, 20)', '(18, 27)', '(29, 28)', '(31, 28)', '(35, 30)', '(30, 23)']","[(15, 21), (18, 17), (27, 4), (27, 13), (19, 9), (11, 23), (33, 20), (33, 29), (34, 3), (22, 19), (15, 7), (18, 3), (15, 25), (7, 21), (29, 27), (30, 13), (33, 6), (33, 15), (25, 11), (34, 7), (14, 19), (15, 2), (15, 11), (26, 11), (29, 13), (29, 22), (21, 18), (33, 1), (33, 10), (25, 6), (33, 19), (25, 15), (33, 28), (14, 23), (29, 8), (21, 13), (29, 26), (21, 22), (33, 5), (25, 1), ... (+269 more)]",133,41,41
310,"(17, 25)","(17, 26)",South,"['(17, 26)']","['(17, 25)', '(28, 17)', '(25, 20)', '(18, 27)', '(29, 28)', '(31, 28)', '(35, 30)', '(30, 23)']","['(28, 17)', '(18, 27)', '(25, 20)', '(30, 23)', '(29, 28)', '(31, 28)', '(35, 30)']","[(15, 21), (18, 17), (27, 4), (27, 13), (19, 9), (11, 23), (33, 20), (33, 29), (34, 3), (22, 19), (15, 7), (18, 3), (15, 25), (7, 21), (29, 27), (30, 13), (33, 6), (33, 15), (25, 11), (34, 7), (14, 19), (15, 2), (15, 11), (26, 11), (29, 13), (29, 22), (21, 18), (33, 1), (33, 10), (25, 6), (33, 19), (25, 15), (33, 28), (14, 23), (17, 25), (29, 8), (21, 13), (29, 26), (21, 22), (33, 5), ... (+270 more)]",134,40,40
311,"(28, 17)","(27, 17)",East,"['(29, 17)', '(27, 17)']","['(28, 17)', '(18, 27)', '(25, 20)', '(30, 23)', '(29, 28)', '(31, 28)', '(35, 30)']","['(25, 20)', '(18, 27)', '(29, 17)', '(30, 23)', '(29, 28)', '(35, 30)', '(31, 28)']","[(15, 21), (18, 17), (27, 4), (27, 13), (19, 9), (11, 23), (33, 20), (33, 29), (34, 3), (22, 19), (15, 7), (18, 3), (15, 25), (7, 21), (29, 27), (30, 13), (33, 6), (33, 15), (25, 11), (34, 7), (14, 19), (15, 2), (15, 11), (26, 11), (29, 13), (29, 22), (21, 18), (33, 1), (33, 10), (25, 6), (33, 19), (25, 15), (33, 28), (14, 23), (17, 25), (29, 8), (21, 13), (29, 26), (21, 22), (33, 5), ... (+271 more)]",105,43,43
312,"(25, 20)","(25, 19)",North,"['(25, 21)', '(25, 19)']","['(25, 20)', '(18, 27)', '(29, 17)', '(30, 23)', '(29, 28)', '(35, 30)', '(31, 28)']","['(18, 27)', '(30, 23)', '(29, 17)', '(31, 28)', '(29, 28)', '(35, 30)', '(25, 21)']","[(15, 21), (18, 17), (27, 4), (27, 13), (19, 9), (11, 23), (33, 20), (33, 29), (34, 3), (22, 19), (15, 7), (18, 3), (15, 25), (7, 21), (29, 27), (30, 13), (33, 6), (33, 15), (25, 11), (25, 20), (34, 7), (14, 19), (15, 2), (15, 11), (26, 11), (29, 13), (29, 22), (21, 18), (33, 1), (33, 10), (25, 6), (33, 19), (25, 15), (33, 28), (14, 23), (17, 25), (29, 8), (21, 13), (29, 26), (21, 22), ... (+272 more)]",109,43,43
313,"(18, 27)","(17, 27)",East,"['(19, 27)', '(17, 27)']","['(18, 27)', '(30, 23)', '(29, 17)', '(31, 28)', '(29, 28)', '(35, 30)', '(25, 21)']","['(29, 17)', '(30, 23)', '(25, 21)', '(31, 28)', '(29, 28)', '(35, 30)', '(19, 27)']","[(15, 21), (18, 17), (27, 4), (27, 13), (19, 9), (11, 23), (33, 20), (33, 29), (34, 3), (22, 19), (15, 7), (18, 3), (15, 25), (7, 21), (29, 27), (30, 13), (33, 6), (33, 15), (25, 11), (25, 20), (34, 7), (14, 19), (15, 2), (15, 11), (26, 11), (29, 13), (29, 22), (21, 18), (33, 1), (33, 10), (25, 6), (33, 19), (25, 15), (33, 28), (14, 23), (17, 25), (29, 8), (21, 13), (29, 26), (21, 22), ... (+273 more)]",133,43,43
314,"(29, 17)","(28, 17)",East,"['(28, 17)']","['(29, 17)', '(30, 23)', '(25, 21)', '(31, 28)', '(29, 28)', '(35, 30)', '(19, 27)']","['(25, 21)', '(30, 23)', '(19, 27)', '(31, 28)', '(29, 28)', '(35, 30)']","[(15, 21), (18, 17), (27, 4), (27, 13), (19, 9), (11, 23), (33, 20), (33, 29), (34, 3), (22, 19), (15, 7), (18, 3), (15, 25), (7, 21), (29, 27), (30, 13), (33, 6), (33, 15), (25, 11), (25, 20), (34, 7), (14, 19), (15, 2), (15, 11), (26, 11), (29, 13), (29, 22), (21, 18), (33, 1), (33, 10), (25, 6), (33, 19), (25, 15), (33, 28), (14, 23), (17, 25), (29, 8), (29, 17), (21, 13), (29, 26), ... (+274 more)]",106,44,44
315,"(25, 21)","(25, 20)",North,"['(25, 22)', '(25, 20)']","['(25, 21)', '(30, 23)', '(19, 27)', '(31, 28)', '(29, 28)', '(35, 30)']","['(19, 27)', '(30, 23)', '(25, 22)', '(31, 28)', '(29, 28)', '(35, 30)']","[(15, 21), (18, 17), (27, 4), (27, 13), (19, 9), (11, 23), (33, 20), (33, 29), (34, 3), (22, 19), (15, 7), (18, 3), (15, 25), (7, 21), (29, 27), (30, 13), (33, 6), (33, 15), (25, 11), (25, 20), (34, 7), (14, 19), (15, 2), (15, 11), (26, 11), (29, 13), (29, 22), (21, 18), (33, 1), (33, 10), (25, 6), (33, 19), (25, 15), (33, 28), (14, 23), (17, 25), (29, 8), (29, 17), (21, 13), (29, 26), ... (+275 more)]",110,44,44
316,"(19, 27)","(18, 27)",East,"['(19, 26)', '(20, 27)', '(18, 27)']","['(19, 27)', '(30, 23)', '(25, 22)', '(31, 28)', '(29, 28)', '(35, 30)']","['(19, 26)', '(30, 23)', '(25, 22)', '(31, 28)', '(29, 28)', '(35, 30)', '(20, 27)']","[(15, 21), (18, 17), (27, 4), (27, 13), (19, 9), (11, 23), (33, 20), (33, 29), (34, 3), (22, 19), (15, 7), (18, 3), (15, 25), (7, 21), (29, 27), (30, 13), (33, 6), (33, 15), (25, 11), (25, 20), (34, 7), (14, 19), (15, 2), (15, 11), (26, 11), (29, 13), (29, 22), (21, 18), (33, 1), (33, 10), (25, 6), (33, 19), (25, 15), (33, 28), (14, 23), (17, 25), (29, 8), (29, 17), (21, 13), (29, 26), ... (+276 more)]",134,44,44
317,"(19, 26)","(19, 27)",South,"['(19, 27)', '(19, 25)']","['(19, 26)', '(30, 23)', '(25, 22)', '(31, 28)', '(29, 28)', '(35, 30)', '(20, 27)']","['(19, 25)', '(30, 23)', '(25, 22)', '(31, 28)', '(29, 28)', '(35, 30)', '(20, 27)']","[(15, 21), (18, 17), (27, 4), (27, 13), (19, 9), (11, 23), (33, 20), (33, 29), (34, 3), (22, 19), (15, 7), (18, 3), (15, 25), (7, 21), (29, 27), (30, 13), (33, 6), (33, 15), (25, 11), (25, 20), (34, 7), (14, 19), (15, 2), (15, 11), (26, 11), (29, 13), (29, 22), (21, 18), (33, 1), (33, 10), (25, 6), (33, 19), (25, 15), (33, 28), (14, 23), (17, 25), (29, 8), (29, 17), (21, 13), (29, 26), ... (+277 more)]",135,43,43
318,"(19, 25)","(19, 26)",South,"['(19, 26)', '(20, 25)']","['(19, 25)', '(30, 23)', '(25, 22)', '(31, 28)', '(29, 28)', '(35, 30)', '(20, 27)']","['(20, 25)', '(30, 23)', '(25, 22)', '(31, 28)', '(29, 28)', '(35, 30)', '(20, 27)']","[(15, 21), (18, 17), (27, 4), (27, 13), (19, 9), (11, 23), (33, 20), (33, 29), (34, 3), (22, 19), (15, 7), (18, 3), (15, 25), (7, 21), (29, 27), (30, 13), (33, 6), (33, 15), (25, 11), (25, 20), (34, 7), (14, 19), (15, 2), (15, 11), (26, 11), (29, 13), (29, 22), (21, 18), (33, 1), (33, 10), (25, 6), (33, 19), (25, 15), (33, 28), (14, 23), (17, 25), (29, 8), (29, 17), (21, 13), (29, 26), ... (+278 more)]",136,42,42
319,"(20, 25)","(19, 25)",East,"['(21, 25)', '(19, 25)']","['(20, 25)', '(30, 23)', '(25, 22)', '(31, 28)', '(29, 28)', '(35, 30)', '(20, 27)']","['(21, 25)', '(30, 23)', '(25, 22)', '(31, 28)', '(29, 28)', '(35, 30)', '(20, 27)']","[(15, 21), (18, 17), (27, 4), (27, 13), (19, 9), (11, 23), (33, 20), (33, 29), (34, 3), (22, 19), (15, 7), (18, 3), (15, 25), (7, 21), (29, 27), (30, 13), (33, 6), (33, 15), (25, 11), (25, 20), (34, 7), (14, 19), (15, 2), (15, 11), (26, 11), (29, 13), (29, 22), (21, 18), (33, 1), (33, 10), (25, 6), (33, 19), (25, 15), (33, 28), (14, 23), (17, 25), (29, 8), (29, 17), (21, 13), (29, 26), ... (+279 more)]",137,43,43
320,"(21, 25)","(20, 25)",East,"['(22, 25)', '(20, 25)']","['(21, 25)', '(30, 23)', '(25, 22)', '(31, 28)', '(29, 28)', '(35, 30)', '(20, 27)']","['(25, 22)', '(30, 23)', '(20, 27)', '(31, 28)', '(29, 28)', '(35, 30)', '(22, 25)']","[(15, 21), (18, 17), (27, 4), (27, 13), (19, 9), (11, 23), (33, 20), (33, 29), (34, 3), (22, 19), (15, 7), (18, 3), (15, 25), (7, 21), (29, 27), (30, 13), (33, 6), (33, 15), (25, 11), (25, 20), (34, 7), (14, 19), (15, 2), (15, 11), (26, 11), (29, 13), (29, 22), (21, 18), (33, 1), (33, 10), (25, 6), (33, 19), (25, 15), (33, 28), (14, 23), (17, 25), (29, 8), (29, 17), (21, 13), (29, 26), ... (+280 more)]",138,44,44
321,"(25, 22)","(25, 21)",North,"['(25, 23)', '(25, 21)']","['(25, 22)', '(30, 23)', '(20, 27)', '(31, 28)', '(29, 28)', '(35, 30)', '(22, 25)']","['(20, 27)', '(30, 23)', '(22, 25)', '(31, 28)', '(29, 28)', '(35, 30)', '(25, 23)']","[(15, 21), (18, 17), (27, 4), (27, 13), (19, 9), (11, 23), (33, 20), (33, 29), (34, 3), (22, 19), (15, 7), (18, 3), (15, 25), (7, 21), (29, 27), (30, 13), (33, 6), (33, 15), (25, 11), (25, 20), (34, 7), (14, 19), (15, 2), (15, 11), (26, 11), (29, 13), (29, 22), (21, 18), (33, 1), (33, 10), (25, 6), (33, 19), (25, 15), (33, 28), (14, 23), (17, 25), (29, 8), (29, 17), (21, 13), (29, 26), ... (+281 more)]",111,45,45
322,"(20, 27)","(19, 27)",East,"['(21, 27)', '(19, 27)']","['(20, 27)', '(30, 23)', '(22, 25)', '(31, 28)', '(29, 28)', '(35, 30)', '(25, 23)']","['(22, 25)', '(30, 23)', '(25, 23)', '(31, 28)', '(29, 28)', '(35, 30)', '(21, 27)']","[(15, 21), (18, 17), (27, 4), (27, 13), (19, 9), (11, 23), (33, 20), (33, 29), (34, 3), (22, 19), (15, 7), (18, 3), (15, 25), (7, 21), (29, 27), (30, 13), (33, 6), (33, 15), (25, 11), (25, 20), (34, 7), (14, 19), (15, 2), (15, 11), (26, 11), (29, 13), (29, 22), (21, 18), (33, 1), (33, 10), (25, 6), (33, 19), (25, 15), (33, 28), (14, 23), (17, 25), (29, 8), (29, 17), (21, 13), (29, 26), ... (+282 more)]",135,45,45
323,"(22, 25)","(21, 25)",East,"['(23, 25)', '(21, 25)']","['(22, 25)', '(30, 23)', '(25, 23)', '(31, 28)', '(29, 28)', '(35, 30)', '(21, 27)']","['(25, 23)', '(30, 23)', '(21, 27)', '(31, 28)', '(29, 28)', '(35, 30)', '(23, 25)']","[(15, 21), (18, 17), (27, 4), (27, 13), (19, 9), (11, 23), (33, 20), (33, 29), (34, 3), (22, 19), (15, 7), (18, 3), (15, 25), (7, 21), (29, 27), (30, 13), (33, 6), (33, 15), (25, 11), (25, 20), (34, 7), (14, 19), (15, 2), (15, 11), (26, 11), (29, 13), (29, 22), (21, 18), (33, 1), (33, 10), (25, 6), (33, 19), (25, 15), (33, 28), (14, 23), (17, 25), (29, 8), (29, 17), (21, 13), (29, 26), ... (+283 more)]",139,45,45
324,"(25, 23)","(25, 22)",North,"['(25, 24)', '(25, 22)', '(26, 23)', '(24, 23)']","['(25, 23)', '(30, 23)', '(21, 27)', '(31, 28)', '(29, 28)', '(35, 30)', '(23, 25)']","['(24, 23)', '(21, 27)', '(23, 25)', '(26, 23)', '(29, 28)', '(35, 30)', '(25, 24)', '(31, 28)', '(30, 23)']","[(15, 21), (18, 17), (27, 4), (27, 13), (19, 9), (11, 23), (33, 20), (33, 29), (34, 3), (22, 19), (15, 7), (18, 3), (15, 25), (7, 21), (29, 27), (30, 13), (33, 6), (33, 15), (25, 11), (25, 20), (34, 7), (14, 19), (15, 2), (15, 11), (26, 11), (29, 13), (29, 22), (21, 18), (33, 1), (33, 10), (25, 6), (33, 19), (25, 15), (33, 28), (14, 23), (17, 25), (29, 8), (29, 17), (21, 13), (29, 26), ... (+284 more)]",112,46,46
325,"(24, 23)","(25, 23)",West,"['(25, 23)', '(23, 23)']","['(24, 23)', '(21, 27)', '(23, 25)', '(26, 23)', '(29, 28)', '(35, 30)', '(25, 24)', '(31, 28)', '(30, 23)']","['(23, 23)', '(21, 27)', '(23, 25)', '(26, 23)', '(29, 28)', '(35, 30)', '(25, 24)', '(31, 28)', '(30, 23)']","[(15, 21), (18, 17), (27, 4), (27, 13), (19, 9), (11, 23), (33, 20), (33, 29), (34, 3), (22, 19), (15, 7), (18, 3), (15, 25), (7, 21), (29, 27), (30, 13), (33, 6), (33, 15), (25, 11), (25, 20), (34, 7), (14, 19), (15, 2), (15, 11), (26, 11), (29, 13), (29, 22), (21, 18), (33, 1), (33, 10), (25, 6), (33, 19), (25, 15), (33, 28), (14, 23), (17, 25), (29, 8), (29, 17), (21, 13), (29, 26), ... (+285 more)]",113,45,45
326,"(23, 23)","(24, 23)",West,"['(24, 23)']","['(23, 23)', '(21, 27)', '(23, 25)', '(26, 23)', '(29, 28)', '(35, 30)', '(25, 24)', '(31, 28)', '(30, 23)']","['(21, 27)', '(26, 23)', '(23, 25)', '(30, 23)', '(29, 28)', '(35, 30)', '(25, 24)', '(31, 28)']","[(15, 21), (18, 17), (27, 4), (27, 13), (19, 9), (11, 23), (33, 20), (33, 29), (34, 3), (22, 19), (15, 7), (18, 3), (15, 25), (7, 21), (29, 27), (30, 13), (33, 6), (33, 15), (25, 11), (25, 20), (34, 7), (14, 19), (15, 2), (15, 11), (26, 11), (29, 13), (29, 22), (21, 18), (33, 1), (33, 10), (25, 6), (33, 19), (25, 15), (33, 28), (14, 23), (17, 25), (29, 8), (29, 17), (21, 13), (29, 26), ... (+286 more)]",114,44,44
327,"(21, 27)","(20, 27)",East,"['(21, 28)', '(20, 27)']","['(21, 27)', '(26, 23)', '(23, 25)', '(30, 23)', '(29, 28)', '(35, 30)', '(25, 24)', '(31, 28)']","['(23, 25)', '(26, 23)', '(25, 24)', '(21, 28)', '(29, 28)', '(35, 30)', '(31, 28)', '(30, 23)']","[(15, 21), (18, 17), (27, 4), (27, 13), (19, 9), (11, 23), (33, 20), (33, 29), (34, 3), (22, 19), (15, 7), (18, 3), (15, 25), (7, 21), (29, 27), (30, 13), (33, 6), (33, 15), (25, 11), (25, 20), (34, 7), (14, 19), (15, 2), (15, 11), (26, 11), (29, 13), (29, 22), (21, 18), (21, 27), (33, 1), (33, 10), (25, 6), (33, 19), (25, 15), (33, 28), (14, 23), (17, 25), (29, 8), (29, 17), (21, 13), ... (+287 more)]",136,46,46
328,"(23, 25)","(22, 25)",East,"['(23, 26)', '(22, 25)']","['(23, 25)', '(26, 23)', '(25, 24)', '(21, 28)', '(29, 28)', '(35, 30)', '(31, 28)', '(30, 23)']","['(25, 24)', '(26, 23)', '(30, 23)', '(21, 28)', '(29, 28)', '(35, 30)', '(31, 28)', '(23, 26)']","[(15, 21), (18, 17), (27, 4), (27, 13), (19, 9), (11, 23), (33, 20), (33, 29), (34, 3), (22, 19), (15, 7), (18, 3), (15, 25), (7, 21), (29, 27), (30, 13), (33, 6), (33, 15), (25, 11), (25, 20), (34, 7), (14, 19), (15, 2), (15, 11), (26, 11), (29, 13), (29, 22), (21, 18), (21, 27), (33, 1), (33, 10), (25, 6), (33, 19), (25, 15), (33, 28), (14, 23), (17, 25), (29, 8), (29, 17), (21, 13), ... (+288 more)]",140,46,46
329,"(25, 24)","(25, 23)",North,"['(25, 25)', '(25, 23)']","['(25, 24)', '(26, 23)', '(30, 23)', '(21, 28)', '(29, 28)', '(35, 30)', '(31, 28)', '(23, 26)']","['(26, 23)', '(21, 28)', '(30, 23)', '(23, 26)', '(29, 28)', '(35, 30)', '(31, 28)', '(25, 25)']","[(15, 21), (18, 17), (27, 4), (27, 13), (19, 9), (11, 23), (33, 20), (33, 29), (34, 3), (22, 19), (15, 7), (18, 3), (15, 25), (7, 21), (29, 27), (30, 13), (33, 6), (33, 15), (25, 11), (25, 20), (34, 7), (14, 19), (15, 2), (15, 11), (26, 11), (29, 13), (29, 22), (21, 18), (21, 27), (33, 1), (33, 10), (25, 6), (33, 19), (25, 15), (33, 28), (25, 24), (14, 23), (17, 25), (29, 8), (29, 17), ... (+289 more)]",113,47,47
330,"(26, 23)","(25, 23)",East,"['(27, 23)', '(25, 23)']","['(26, 23)', '(21, 28)', '(30, 23)', '(23, 26)', '(29, 28)', '(35, 30)', '(31, 28)', '(25, 25)']","['(21, 28)', '(23, 26)', '(30, 23)', '(25, 25)', '(29, 28)', '(35, 30)', '(31, 28)', '(27, 23)']","[(15, 21), (18, 17), (27, 4), (27, 13), (19, 9), (11, 23), (33, 20), (33, 29), (34, 3), (22, 19), (15, 7), (18, 3), (15, 25), (7, 21), (29, 27), (30, 13), (33, 6), (33, 15), (25, 11), (25, 20), (34, 7), (14, 19), (15, 2), (15, 11), (26, 11), (29, 13), (29, 22), (21, 18), (21, 27), (33, 1), (33, 10), (25, 6), (33, 19), (25, 15), (33, 28), (25, 24), (14, 23), (17, 25), (29, 8), (29, 17), ... (+290 more)]",113,47,47
331,"(21, 28)","(21, 27)",North,"['(21, 29)', '(21, 27)']","['(21, 28)', '(23, 26)', '(30, 23)', '(25, 25)', '(29, 28)', '(35, 30)', '(31, 28)', '(27, 23)']","['(23, 26)', '(25, 25)', '(30, 23)', '(27, 23)', '(29, 28)', '(35, 30)', '(31, 28)', '(21, 29)']","[(15, 21), (18, 17), (27, 4), (27, 13), (19, 9), (11, 23), (33, 20), (33, 29), (34, 3), (22, 19), (15, 7), (18, 3), (15, 25), (7, 21), (29, 27), (30, 13), (33, 6), (33, 15), (25, 11), (25, 20), (34, 7), (14, 19), (15, 2), (15, 11), (26, 11), (29, 13), (29, 22), (21, 18), (21, 27), (33, 1), (33, 10), (25, 6), (33, 19), (25, 15), (33, 28), (25, 24), (14, 23), (17, 25), (29, 8), (29, 17), ... (+291 more)]",137,47,47
332,"(23, 26)","(23, 25)",North,"['(23, 27)', '(23, 25)']","['(23, 26)', '(25, 25)', '(30, 23)', '(27, 23)', '(29, 28)', '(35, 30)', '(31, 28)', '(21, 29)']","['(25, 25)', '(27, 23)', '(30, 23)', '(21, 29)', '(29, 28)', '(35, 30)', '(31, 28)', '(23, 27)']","[(15, 21), (18, 17), (27, 4), (27, 13), (19, 9), (11, 23), (33, 20), (33, 29), (34, 3), (22, 19), (15, 7), (18, 3), (15, 25), (7, 21), (29, 27), (30, 13), (33, 6), (33, 15), (25, 11), (25, 20), (34, 7), (14, 19), (15, 2), (15, 11), (26, 11), (29, 13), (29, 22), (21, 18), (21, 27), (33, 1), (33, 10), (25, 6), (33, 19), (25, 15), (33, 28), (25, 24), (14, 23), (17, 25), (29, 8), (29, 17), ... (+292 more)]",141,47,47
333,"(25, 25)","(25, 24)",North,"['(25, 26)', '(25, 24)', '(26, 25)']","['(25, 25)', '(27, 23)', '(30, 23)', '(21, 29)', '(29, 28)', '(35, 30)', '(31, 28)', '(23, 27)']","['(27, 23)', '(21, 29)', '(30, 23)', '(23, 27)', '(29, 28)', '(35, 30)', '(31, 28)', '(25, 26)', '(26, 25)']","[(15, 21), (18, 17), (27, 4), (27, 13), (19, 9), (11, 23), (33, 20), (33, 29), (25, 25), (34, 3), (22, 19), (15, 7), (18, 3), (15, 25), (7, 21), (29, 27), (30, 13), (33, 6), (33, 15), (25, 11), (25, 20), (34, 7), (14, 19), (15, 2), (15, 11), (26, 11), (29, 13), (29, 22), (21, 18), (21, 27), (33, 1), (33, 10), (25, 6), (33, 19), (25, 15), (33, 28), (25, 24), (14, 23), (17, 25), (29, 8), ... (+293 more)]",114,48,48
334,"(27, 23)","(26, 23)",East,"['(26, 23)']","['(27, 23)', '(21, 29)', '(30, 23)', '(23, 27)', '(29, 28)', '(35, 30)', '(31, 28)', '(25, 26)', '(26, 25)']","['(21, 29)', '(23, 27)', '(30, 23)', '(25, 26)', '(29, 28)', '(35, 30)', '(31, 28)', '(26, 25)']","[(15, 21), (18, 17), (27, 4), (27, 13), (19, 9), (11, 23), (33, 20), (33, 29), (25, 25), (34, 3), (22, 19), (15, 7), (18, 3), (15, 25), (7, 21), (29, 27), (30, 13), (33, 6), (33, 15), (25, 11), (25, 20), (34, 7), (14, 19), (15, 2), (15, 11), (26, 11), (29, 13), (29, 22), (21, 18), (21, 27), (33, 1), (33, 10), (25, 6), (33, 19), (25, 15), (33, 28), (25, 24), (14, 23), (17, 25), (29, 8), ... (+294 more)]",114,48,48
335,"(21, 29)","(21, 28)",North,"['(21, 30)', '(21, 28)', '(20, 29)']","['(21, 29)', '(23, 27)', '(30, 23)', '(25, 26)', '(29, 28)', '(35, 30)', '(31, 28)', '(26, 25)']","['(20, 29)', '(23, 27)', '(30, 23)', '(25, 26)', '(29, 28)', '(35, 30)', '(31, 28)', '(21, 30)', '(26, 25)']","[(15, 21), (18, 17), (27, 4), (27, 13), (19, 9), (11, 23), (33, 20), (33, 29), (25, 25), (34, 3), (22, 19), (15, 7), (18, 3), (15, 25), (7, 21), (29, 27), (30, 13), (33, 6), (33, 15), (25, 11), (25, 20), (34, 7), (14, 19), (15, 2), (15, 11), (26, 11), (29, 13), (29, 22), (21, 18), (21, 27), (33, 1), (33, 10), (25, 6), (33, 19), (25, 15), (33, 28), (25, 24), (14, 23), (17, 25), (29, 8), ... (+295 more)]",138,48,48
336,"(20, 29)","(21, 29)",West,"['(21, 29)', '(19, 29)']","['(20, 29)', '(23, 27)', '(30, 23)', '(25, 26)', '(29, 28)', '(35, 30)', '(31, 28)', '(21, 30)', '(26, 25)']","['(19, 29)', '(23, 27)', '(30, 23)', '(25, 26)', '(29, 28)', '(35, 30)', '(31, 28)', '(21, 30)', '(26, 25)']","[(15, 21), (18, 17), (27, 4), (27, 13), (19, 9), (11, 23), (33, 20), (33, 29), (25, 25), (34, 3), (22, 19), (15, 7), (18, 3), (15, 25), (7, 21), (29, 27), (30, 13), (33, 6), (33, 15), (25, 11), (25, 20), (34, 7), (14, 19), (15, 2), (15, 11), (26, 11), (29, 13), (29, 22), (21, 18), (21, 27), (33, 1), (33, 10), (25, 6), (33, 19), (25, 15), (33, 28), (25, 24), (14, 23), (17, 25), (29, 8), ... (+296 more)]",139,47,47
337,"(19, 29)","(20, 29)",West,"['(20, 29)']","['(19, 29)', '(23, 27)', '(30, 23)', '(25, 26)', '(29, 28)', '(35, 30)', '(31, 28)', '(21, 30)', '(26, 25)']","['(23, 27)', '(25, 26)', '(30, 23)', '(26, 25)', '(29, 28)', '(35, 30)', '(31, 28)', '(21, 30)']","[(15, 21), (18, 17), (27, 4), (27, 13), (19, 9), (11, 23), (33, 20), (33, 29), (25, 25), (34, 3), (22, 19), (15, 7), (18, 3), (15, 25), (7, 21), (29, 27), (30, 13), (33, 6), (33, 15), (25, 11), (25, 20), (34, 7), (14, 19), (15, 2), (15, 11), (26, 11), (29, 13), (29, 22), (21, 18), (21, 27), (33, 1), (33, 10), (25, 6), (33, 19), (25, 15), (33, 28), (25, 24), (14, 23), (17, 25), (29, 8), ... (+297 more)]",140,46,46
338,"(23, 27)","(23, 26)",North,"['(23, 26)']","['(23, 27)', '(25, 26)', '(30, 23)', '(26, 25)', '(29, 28)', '(35, 30)', '(31, 28)', '(21, 30)']","['(25, 26)', '(26, 25)', '(30, 23)', '(21, 30)', '(29, 28)', '(35, 30)', '(31, 28)']","[(15, 21), (18, 17), (27, 4), (27, 13), (19, 9), (11, 23), (33, 20), (33, 29), (25, 25), (34, 3), (22, 19), (15, 7), (18, 3), (15, 25), (7, 21), (29, 27), (30, 13), (33, 6), (33, 15), (25, 11), (25, 20), (34, 7), (14, 19), (15, 2), (15, 11), (26, 11), (29, 13), (29, 22), (21, 18), (21, 27), (33, 1), (33, 10), (25, 6), (33, 19), (25, 15), (33, 28), (25, 24), (14, 23), (17, 25), (29, 8), ... (+298 more)]",142,48,48
339,"(25, 26)","(25, 25)",North,"['(25, 27)', '(25, 25)']","['(25, 26)', '(26, 25)', '(30, 23)', '(21, 30)', '(29, 28)', '(35, 30)', '(31, 28)']","['(26, 25)', '(21, 30)', '(25, 27)', '(31, 28)', '(29, 28)', '(35, 30)', '(30, 23)']","[(15, 21), (18, 17), (27, 4), (27, 13), (19, 9), (11, 23), (33, 20), (33, 29), (25, 25), (34, 3), (22, 19), (15, 7), (18, 3), (15, 25), (7, 21), (29, 27), (30, 13), (33, 6), (33, 15), (25, 11), (25, 20), (34, 7), (14, 19), (15, 2), (15, 11), (26, 11), (29, 13), (29, 22), (21, 18), (21, 27), (33, 1), (33, 10), (25, 6), (33, 19), (25, 15), (33, 28), (25, 24), (14, 23), (17, 25), (29, 8), ... (+299 more)]",115,49,49
340,"(26, 25)","(25, 25)",East,"['(27, 25)', '(25, 25)']","['(26, 25)', '(21, 30)', '(25, 27)', '(31, 28)', '(29, 28)', '(35, 30)', '(30, 23)']","['(21, 30)', '(30, 23)', '(25, 27)', '(31, 28)', '(29, 28)', '(35, 30)', '(27, 25)']","[(15, 21), (18, 17), (27, 4), (27, 13), (19, 9), (11, 23), (33, 20), (33, 29), (25, 25), (34, 3), (22, 19), (15, 7), (18, 3), (15, 25), (26, 25), (7, 21), (29, 27), (30, 13), (33, 6), (33, 15), (25, 11), (25, 20), (34, 7), (14, 19), (15, 2), (15, 11), (26, 11), (29, 13), (29, 22), (21, 18), (21, 27), (33, 1), (33, 10), (25, 6), (33, 19), (25, 15), (33, 28), (25, 24), (14, 23), (17, 25), ... (+300 more)]",115,49,49
341,"(21, 30)","(21, 29)",North,"['(21, 31)', '(21, 29)']","['(21, 30)', '(30, 23)', '(25, 27)', '(31, 28)', '(29, 28)', '(35, 30)', '(27, 25)']","['(25, 27)', '(30, 23)', '(27, 25)', '(31, 28)', '(29, 28)', '(35, 30)', '(21, 31)']","[(15, 21), (18, 17), (27, 4), (27, 13), (19, 9), (11, 23), (33, 20), (33, 29), (25, 25), (34, 3), (22, 19), (15, 7), (18, 3), (15, 25), (26, 25), (7, 21), (29, 27), (30, 13), (33, 6), (33, 15), (25, 11), (25, 20), (34, 7), (14, 19), (15, 2), (15, 11), (26, 11), (29, 13), (29, 22), (21, 18), (21, 27), (33, 1), (33, 10), (25, 6), (33, 19), (25, 15), (33, 28), (25, 24), (14, 23), (17, 25), ... (+301 more)]",139,49,49
342,"(25, 27)","(25, 26)",North,"['(25, 28)', '(25, 26)', '(26, 27)']","['(25, 27)', '(30, 23)', '(27, 25)', '(31, 28)', '(29, 28)', '(35, 30)', '(21, 31)']","['(27, 25)', '(30, 23)', '(21, 31)', '(26, 27)', '(29, 28)', '(35, 30)', '(25, 28)', '(31, 28)']","[(15, 21), (18, 17), (27, 4), (27, 13), (19, 9), (11, 23), (33, 20), (33, 29), (25, 25), (34, 3), (22, 19), (15, 7), (18, 3), (15, 25), (26, 25), (7, 21), (29, 27), (30, 13), (33, 6), (33, 15), (25, 11), (25, 20), (34, 7), (14, 19), (15, 2), (15, 11), (26, 11), (29, 13), (29, 22), (21, 18), (21, 27), (33, 1), (33, 10), (25, 6), (33, 19), (25, 15), (33, 28), (25, 24), (14, 23), (17, 25), ... (+302 more)]",116,50,50
343,"(27, 25)","(26, 25)",East,"['(26, 25)']","['(27, 25)', '(30, 23)', '(21, 31)', '(26, 27)', '(29, 28)', '(35, 30)', '(25, 28)', '(31, 28)']","['(21, 31)', '(30, 23)', '(25, 28)', '(26, 27)', '(29, 28)', '(35, 30)', '(31, 28)']","[(15, 21), (18, 17), (27, 4), (27, 13), (19, 9), (11, 23), (33, 20), (33, 29), (25, 25), (34, 3), (22, 19), (15, 7), (18, 3), (15, 25), (26, 25), (7, 21), (29, 27), (30, 13), (33, 6), (33, 15), (25, 11), (25, 20), (34, 7), (14, 19), (15, 2), (15, 11), (26, 11), (29, 13), (29, 22), (21, 18), (21, 27), (33, 1), (33, 10), (25, 6), (33, 19), (25, 15), (33, 28), (25, 24), (14, 23), (17, 25), ... (+303 more)]",116,50,50
344,"(21, 31)","(21, 30)",North,"['(21, 32)', '(21, 30)', '(22, 31)']","['(21, 31)', '(30, 23)', '(25, 28)', '(26, 27)', '(29, 28)', '(35, 30)', '(31, 28)']","['(30, 23)', '(26, 27)', '(25, 28)', '(22, 31)', '(29, 28)', '(35, 30)', '(21, 32)', '(31, 28)']","[(15, 21), (18, 17), (27, 4), (27, 13), (19, 9), (11, 23), (33, 20), (33, 29), (25, 25), (34, 3), (22, 19), (15, 7), (18, 3), (15, 25), (26, 25), (7, 21), (29, 27), (30, 13), (33, 6), (33, 15), (25, 11), (25, 20), (34, 7), (14, 19), (15, 2), (15, 11), (26, 11), (29, 13), (29, 22), (21, 18), (21, 27), (33, 1), (33, 10), (25, 6), (33, 19), (25, 15), (33, 28), (25, 24), (14, 23), (17, 25), ... (+304 more)]",140,50,50
345,"(30, 23)","(29, 23)",East,"['(31, 23)', '(29, 23)']","['(30, 23)', '(26, 27)', '(25, 28)', '(22, 31)', '(29, 28)', '(35, 30)', '(21, 32)', '(31, 28)']","['(25, 28)', '(26, 27)', '(21, 32)', '(22, 31)', '(29, 28)', '(35, 30)', '(31, 28)', '(31, 23)']","[(15, 21), (18, 17), (27, 4), (27, 13), (19, 9), (11, 23), (33, 20), (33, 29), (25, 25), (34, 3), (22, 19), (15, 7), (18, 3), (15, 25), (26, 25), (7, 21), (29, 27), (30, 13), (33, 6), (33, 15), (25, 11), (25, 20), (34, 7), (14, 19), (15, 2), (15, 11), (26, 11), (29, 13), (29, 22), (21, 18), (21, 27), (33, 1), (33, 10), (25, 6), (33, 19), (25, 15), (33, 28), (25, 24), (14, 23), (17, 25), ... (+305 more)]",97,51,51
346,"(25, 28)","(25, 27)",North,"['(25, 29)', '(25, 27)']","['(25, 28)', '(26, 27)', '(21, 32)', '(22, 31)', '(29, 28)', '(35, 30)', '(31, 28)', '(31, 23)']","['(26, 27)', '(22, 31)', '(21, 32)', '(31, 23)', '(29, 28)', '(35, 30)', '(31, 28)', '(25, 29)']","[(15, 21), (18, 17), (27, 4), (27, 13), (19, 9), (11, 23), (33, 20), (33, 29), (25, 25), (34, 3), (22, 19), (15, 7), (18, 3), (15, 25), (26, 25), (7, 21), (29, 27), (30, 13), (33, 6), (33, 15), (25, 11), (25, 20), (34, 7), (14, 19), (15, 2), (15, 11), (26, 11), (29, 13), (29, 22), (21, 18), (21, 27), (33, 1), (33, 10), (25, 6), (33, 19), (25, 15), (33, 28), (25, 24), (14, 23), (17, 25), ... (+306 more)]",117,51,51
347,"(26, 27)","(25, 27)",East,"['(27, 27)', '(25, 27)']","['(26, 27)', '(22, 31)', '(21, 32)', '(31, 23)', '(29, 28)', '(35, 30)', '(31, 28)', '(25, 29)']","['(21, 32)', '(22, 31)', '(25, 29)', '(31, 23)', '(29, 28)', '(35, 30)', '(31, 28)', '(27, 27)']","[(15, 21), (18, 17), (27, 4), (27, 13), (19, 9), (11, 23), (33, 20), (33, 29), (25, 25), (34, 3), (22, 19), (15, 7), (18, 3), (15, 25), (26, 25), (7, 21), (29, 27), (30, 13), (33, 6), (33, 15), (25, 11), (25, 20), (34, 7), (14, 19), (15, 2), (15, 11), (26, 11), (29, 13), (29, 22), (21, 18), (21, 27), (33, 1), (33, 10), (25, 6), (33, 19), (25, 15), (33, 28), (25, 24), (14, 23), (17, 25), ... (+307 more)]",117,51,51
348,"(21, 32)","(21, 31)",North,"['(21, 33)', '(21, 31)']","['(21, 32)', '(22, 31)', '(25, 29)', '(31, 23)', '(29, 28)', '(35, 30)', '(31, 28)', '(27, 27)']","['(22, 31)', '(31, 23)', '(25, 29)', '(27, 27)', '(29, 28)', '(35, 30)', '(31, 28)', '(21, 33)']","[(15, 21), (18, 17), (27, 4), (27, 13), (19, 9), (11, 23), (33, 20), (33, 29), (25, 25), (34, 3), (22, 19), (15, 7), (18, 3), (15, 25), (26, 25), (7, 21), (29, 27), (30, 13), (21, 32), (33, 6), (33, 15), (25, 11), (25, 20), (34, 7), (14, 19), (15, 2), (15, 11), (26, 11), (29, 13), (29, 22), (21, 18), (21, 27), (33, 1), (33, 10), (25, 6), (33, 19), (25, 15), (33, 28), (25, 24), (14, 23), ... (+308 more)]",141,51,51
349,"(22, 31)","(21, 31)",East,"['(23, 31)', '(21, 31)']","['(22, 31)', '(31, 23)', '(25, 29)', '(27, 27)', '(29, 28)', '(35, 30)', '(31, 28)', '(21, 33)']","['(31, 23)', '(27, 27)', '(25, 29)', '(21, 33)', '(29, 28)', '(35, 30)', '(31, 28)', '(23, 31)']","[(15, 21), (18, 17), (27, 4), (27, 13), (19, 9), (11, 23), (33, 20), (33, 29), (25, 25), (34, 3), (22, 19), (15, 7), (18, 3), (15, 25), (26, 25), (7, 21), (29, 27), (30, 13), (21, 32), (33, 6), (33, 15), (25, 11), (25, 20), (34, 7), (14, 19), (15, 2), (15, 11), (26, 11), (29, 13), (29, 22), (21, 18), (21, 27), (33, 1), (33, 10), (25, 6), (33, 19), (25, 15), (33, 28), (25, 24), (14, 23), ... (+309 more)]",141,51,51
350,"(31, 23)","(30, 23)",East,"['(31, 24)', '(30, 23)']","['(31, 23)', '(27, 27)', '(25, 29)', '(21, 33)', '(29, 28)', '(35, 30)', '(31, 28)', '(23, 31)']","['(25, 29)', '(27, 27)', '(23, 31)', '(21, 33)', '(29, 28)', '(35, 30)', '(31, 28)', '(31, 24)']","[(15, 21), (18, 17), (27, 4), (27, 13), (19, 9), (11, 23), (33, 20), (33, 29), (25, 25), (34, 3), (22, 19), (15, 7), (18, 3), (15, 25), (26, 25), (7, 21), (29, 27), (30, 13), (21, 32), (33, 6), (33, 15), (25, 11), (25, 20), (34, 7), (14, 19), (15, 2), (15, 11), (26, 11), (29, 13), (29, 22), (21, 18), (21, 27), (33, 1), (33, 10), (25, 6), (33, 19), (25, 15), (33, 28), (25, 24), (14, 23), ... (+310 more)]",98,52,52
351,"(25, 29)","(25, 28)",North,"['(25, 30)', '(25, 28)', '(26, 29)', '(24, 29)']","['(25, 29)', '(27, 27)', '(23, 31)', '(21, 33)', '(29, 28)', '(35, 30)', '(31, 28)', '(31, 24)']","['(24, 29)', '(27, 27)', '(23, 31)', '(31, 24)', '(21, 33)', '(35, 30)', '(31, 28)', '(25, 30)', '(26, 29)', '(29, 28)']","[(15, 21), (18, 17), (27, 4), (27, 13), (19, 9), (11, 23), (33, 20), (33, 29), (25, 25), (34, 3), (22, 19), (15, 7), (18, 3), (15, 25), (26, 25), (7, 21), (29, 27), (30, 13), (21, 32), (33, 6), (33, 15), (25, 11), (25, 20), (25, 29), (34, 7), (14, 19), (15, 2), (15, 11), (26, 11), (29, 13), (29, 22), (21, 18), (21, 27), (33, 1), (33, 10), (25, 6), (33, 19), (25, 15), (33, 28), (25, 24), ... (+311 more)]",118,52,52
352,"(24, 29)","(25, 29)",West,"['(25, 29)', '(23, 29)']","['(24, 29)', '(27, 27)', '(23, 31)', '(31, 24)', '(21, 33)', '(35, 30)', '(31, 28)', '(25, 30)', '(26, 29)', '(29, 28)']","['(23, 29)', '(27, 27)', '(23, 31)', '(31, 24)', '(21, 33)', '(35, 30)', '(31, 28)', '(25, 30)', '(26, 29)', '(29, 28)']","[(15, 21), (18, 17), (27, 4), (27, 13), (19, 9), (11, 23), (33, 20), (33, 29), (25, 25), (34, 3), (22, 19), (15, 7), (18, 3), (15, 25), (26, 25), (7, 21), (29, 27), (30, 13), (21, 32), (33, 6), (33, 15), (25, 11), (25, 20), (25, 29), (34, 7), (14, 19), (15, 2), (15, 11), (26, 11), (29, 13), (29, 22), (21, 18), (21, 27), (33, 1), (33, 10), (25, 6), (33, 19), (25, 15), (33, 28), (25, 24), ... (+312 more)]",119,51,51
353,"(23, 29)","(24, 29)",West,"['(24, 29)']","['(23, 29)', '(27, 27)', '(23, 31)', '(31, 24)', '(21, 33)', '(35, 30)', '(31, 28)', '(25, 30)', '(26, 29)', '(29, 28)']","['(27, 27)', '(21, 33)', '(23, 31)', '(31, 24)', '(29, 28)', '(35, 30)', '(31, 28)', '(25, 30)', '(26, 29)']","[(15, 21), (18, 17), (27, 4), (27, 13), (19, 9), (11, 23), (33, 20), (33, 29), (25, 25), (34, 3), (22, 19), (15, 7), (18, 3), (15, 25), (26, 25), (7, 21), (29, 27), (30, 13), (21, 32), (33, 6), (33, 15), (25, 11), (25, 20), (25, 29), (34, 7), (14, 19), (15, 2), (15, 11), (26, 11), (29, 13), (29, 22), (21, 18), (21, 27), (33, 1), (33, 10), (25, 6), (33, 19), (25, 15), (33, 28), (25, 24), ... (+313 more)]",120,50,50
354,"(27, 27)","(26, 27)",East,"['(26, 27)']","['(27, 27)', '(21, 33)', '(23, 31)', '(31, 24)', '(29, 28)', '(35, 30)', '(31, 28)', '(25, 30)', '(26, 29)']","['(21, 33)', '(31, 24)', '(23, 31)', '(25, 30)', '(29, 28)', '(35, 30)', '(31, 28)', '(26, 29)']","[(15, 21), (18, 17), (27, 4), (27, 13), (19, 9), (11, 23), (33, 20), (33, 29), (25, 25), (34, 3), (22, 19), (15, 7), (18, 3), (15, 25), (26, 25), (7, 21), (29, 27), (30, 13), (21, 32), (33, 6), (33, 15), (25, 11), (25, 20), (25, 29), (34, 7), (14, 19), (15, 2), (15, 11), (26, 11), (29, 13), (29, 22), (21, 18), (21, 27), (33, 1), (33, 10), (25, 6), (33, 19), (25, 15), (33, 28), (25, 24), ... (+314 more)]",118,52,52
355,"(21, 33)","(21, 32)",North,"['(21, 34)', '(21, 32)', '(22, 33)', '(20, 33)']","['(21, 33)', '(31, 24)', '(23, 31)', '(25, 30)', '(29, 28)', '(35, 30)', '(31, 28)', '(26, 29)']","['(20, 33)', '(23, 31)', '(26, 29)', '(25, 30)', '(31, 24)', '(35, 30)', '(31, 28)', '(21, 34)', '(22, 33)', '(29, 28)']","[(15, 21), (18, 17), (27, 4), (27, 13), (19, 9), (11, 23), (33, 20), (33, 29), (25, 25), (34, 3), (22, 19), (15, 7), (18, 3), (15, 25), (26, 25), (7, 21), (29, 27), (30, 13), (21, 32), (33, 6), (33, 15), (25, 11), (25, 20), (25, 29), (34, 7), (14, 19), (15, 2), (15, 11), (26, 11), (29, 13), (29, 22), (21, 18), (21, 27), (33, 1), (33, 10), (25, 6), (33, 19), (25, 15), (33, 28), (25, 24), ... (+315 more)]",142,52,52
356,"(20, 33)","(21, 33)",West,"['(21, 33)', '(19, 33)']","['(20, 33)', '(23, 31)', '(26, 29)', '(25, 30)', '(31, 24)', '(35, 30)', '(31, 28)', '(21, 34)', '(22, 33)', '(29, 28)']","['(19, 33)', '(23, 31)', '(26, 29)', '(25, 30)', '(31, 24)', '(35, 30)', '(31, 28)', '(21, 34)', '(22, 33)', '(29, 28)']","[(15, 21), (18, 17), (27, 4), (27, 13), (19, 9), (11, 23), (33, 20), (33, 29), (25, 25), (34, 3), (22, 19), (15, 7), (18, 3), (15, 25), (26, 25), (7, 21), (29, 27), (30, 13), (21, 32), (33, 6), (33, 15), (25, 11), (25, 20), (25, 29), (34, 7), (14, 19), (15, 2), (15, 11), (26, 11), (29, 13), (29, 22), (21, 18), (21, 27), (33, 1), (33, 10), (25, 6), (33, 19), (25, 15), (33, 28), (25, 24), ... (+316 more)]",143,51,51
357,"(19, 33)","(20, 33)",West,"['(19, 32)', '(20, 33)']","['(19, 33)', '(23, 31)', '(26, 29)', '(25, 30)', '(31, 24)', '(35, 30)', '(31, 28)', '(21, 34)', '(22, 33)', '(29, 28)']","['(19, 32)', '(23, 31)', '(26, 29)', '(25, 30)', '(31, 24)', '(35, 30)', '(31, 28)', '(21, 34)', '(22, 33)', '(29, 28)']","[(15, 21), (18, 17), (27, 4), (27, 13), (19, 9), (11, 23), (33, 20), (33, 29), (25, 25), (34, 3), (22, 19), (15, 7), (18, 3), (15, 25), (26, 25), (7, 21), (29, 27), (30, 13), (21, 32), (33, 6), (33, 15), (25, 11), (25, 20), (25, 29), (34, 7), (14, 19), (15, 2), (15, 11), (26, 11), (29, 13), (29, 22), (21, 18), (21, 27), (33, 1), (33, 10), (25, 6), (33, 19), (25, 15), (33, 28), (25, 24), ... (+317 more)]",144,50,50
358,"(19, 32)","(19, 33)",South,"['(19, 33)', '(19, 31)']","['(19, 32)', '(23, 31)', '(26, 29)', '(25, 30)', '(31, 24)', '(35, 30)', '(31, 28)', '(21, 34)', '(22, 33)', '(29, 28)']","['(19, 31)', '(23, 31)', '(26, 29)', '(25, 30)', '(31, 24)', '(35, 30)', '(31, 28)', '(21, 34)', '(22, 33)', '(29, 28)']","[(15, 21), (18, 17), (27, 4), (27, 13), (19, 9), (11, 23), (33, 20), (33, 29), (25, 25), (34, 3), (22, 19), (15, 7), (18, 3), (15, 25), (26, 25), (7, 21), (29, 27), (30, 13), (21, 32), (33, 6), (33, 15), (25, 11), (25, 20), (25, 29), (34, 7), (14, 19), (15, 2), (15, 11), (26, 11), (29, 13), (29, 22), (21, 18), (21, 27), (33, 1), (33, 10), (25, 6), (33, 19), (25, 15), (33, 28), (25, 24), ... (+318 more)]",145,49,49
359,"(19, 31)","(19, 32)",South,"['(19, 32)']","['(19, 31)', '(23, 31)', '(26, 29)', '(25, 30)', '(31, 24)', '(35, 30)', '(31, 28)', '(21, 34)', '(22, 33)', '(29, 28)']","['(23, 31)', '(31, 24)', '(26, 29)', '(25, 30)', '(29, 28)', '(35, 30)', '(31, 28)', '(21, 34)', '(22, 33)']","[(15, 21), (18, 17), (27, 4), (27, 13), (19, 9), (11, 23), (33, 20), (33, 29), (25, 25), (34, 3), (22, 19), (15, 7), (18, 3), (15, 25), (26, 25), (7, 21), (29, 27), (30, 13), (21, 32), (33, 6), (33, 15), (25, 11), (25, 20), (25, 29), (34, 7), (14, 19), (15, 2), (15, 11), (26, 11), (29, 13), (29, 22), (21, 18), (21, 27), (33, 1), (33, 10), (25, 6), (33, 19), (25, 15), (33, 28), (25, 24), ... (+319 more)]",146,48,48
360,"(23, 31)","(22, 31)",East,"['(22, 31)']","['(23, 31)', '(31, 24)', '(26, 29)', '(25, 30)', '(29, 28)', '(35, 30)', '(31, 28)', '(21, 34)', '(22, 33)']","['(31, 24)', '(25, 30)', '(26, 29)', '(21, 34)', '(29, 28)', '(35, 30)', '(31, 28)', '(22, 33)']","[(15, 21), (18, 17), (27, 4), (27, 13), (19, 9), (11, 23), (33, 20), (33, 29), (25, 25), (34, 3), (22, 19), (15, 7), (18, 3), (15, 25), (26, 25), (7, 21), (29, 27), (30, 13), (21, 32), (33, 6), (33, 15), (25, 11), (25, 20), (25, 29), (34, 7), (14, 19), (15, 2), (15, 11), (26, 11), (29, 13), (29, 22), (21, 18), (21, 27), (33, 1), (33, 10), (25, 6), (33, 19), (25, 15), (33, 28), (25, 24), ... (+320 more)]",142,52,52
361,"(31, 24)","(31, 23)",North,"['(31, 25)', '(31, 23)']","['(31, 24)', '(25, 30)', '(26, 29)', '(21, 34)', '(29, 28)', '(35, 30)', '(31, 28)', '(22, 33)']","['(25, 30)', '(21, 34)', '(26, 29)', '(22, 33)', '(29, 28)', '(35, 30)', '(31, 28)', '(31, 25)']","[(15, 21), (18, 17), (27, 4), (27, 13), (19, 9), (11, 23), (33, 20), (33, 29), (25, 25), (34, 3), (22, 19), (15, 7), (18, 3), (15, 25), (26, 25), (7, 21), (29, 27), (30, 13), (21, 32), (33, 6), (33, 15), (25, 11), (25, 20), (25, 29), (34, 7), (14, 19), (15, 2), (15, 11), (26, 11), (29, 13), (29, 22), (21, 18), (21, 27), (33, 1), (33, 10), (25, 6), (33, 19), (25, 15), (33, 28), (25, 24), ... (+321 more)]",99,53,53
362,"(25, 30)","(25, 29)",North,"['(25, 31)', '(25, 29)']","['(25, 30)', '(21, 34)', '(26, 29)', '(22, 33)', '(29, 28)', '(35, 30)', '(31, 28)', '(31, 25)']","['(26, 29)', '(21, 34)', '(31, 25)', '(22, 33)', '(29, 28)', '(35, 30)', '(31, 28)', '(25, 31)']","[(15, 21), (18, 17), (27, 4), (27, 13), (19, 9), (11, 23), (33, 20), (33, 29), (25, 25), (34, 3), (22, 19), (15, 7), (18, 3), (15, 25), (26, 25), (7, 21), (29, 27), (30, 13), (21, 32), (33, 6), (33, 15), (25, 11), (25, 20), (25, 29), (34, 7), (14, 19), (15, 2), (15, 11), (26, 11), (29, 13), (29, 22), (21, 18), (21, 27), (33, 1), (33, 10), (25, 6), (33, 19), (25, 15), (33, 28), (25, 24), ... (+322 more)]",119,53,53
363,"(26, 29)","(25, 29)",East,"['(27, 29)', '(25, 29)']","['(26, 29)', '(21, 34)', '(31, 25)', '(22, 33)', '(29, 28)', '(35, 30)', '(31, 28)', '(25, 31)']","['(21, 34)', '(22, 33)', '(31, 25)', '(25, 31)', '(29, 28)', '(35, 30)', '(31, 28)', '(27, 29)']","[(15, 21), (18, 17), (27, 4), (27, 13), (19, 9), (11, 23), (33, 20), (33, 29), (25, 25), (34, 3), (22, 19), (15, 7), (18, 3), (15, 25), (26, 25), (7, 21), (29, 27), (30, 13), (21, 32), (33, 6), (33, 15), (25, 11), (25, 20), (25, 29), (34, 7), (14, 19), (15, 2), (15, 11), (26, 11), (29, 13), (29, 22), (21, 18), (21, 27), (33, 1), (33, 10), (25, 6), (33, 19), (25, 15), (33, 28), (25, 24), ... (+323 more)]",119,53,53
364,"(21, 34)","(21, 33)",North,"['(21, 35)', '(21, 33)']","['(21, 34)', '(22, 33)', '(31, 25)', '(25, 31)', '(29, 28)', '(35, 30)', '(31, 28)', '(27, 29)']","['(22, 33)', '(25, 31)', '(31, 25)', '(27, 29)', '(29, 28)', '(35, 30)', '(31, 28)', '(21, 35)']","[(15, 21), (18, 17), (27, 4), (27, 13), (19, 9), (11, 23), (33, 20), (33, 29), (25, 25), (34, 3), (22, 19), (15, 7), (18, 3), (15, 25), (26, 25), (7, 21), (29, 27), (30, 13), (21, 32), (33, 6), (33, 15), (25, 11), (25, 20), (25, 29), (34, 7), (14, 19), (15, 2), (15, 11), (26, 11), (29, 13), (29, 22), (21, 18), (21, 27), (33, 1), (33, 10), (25, 6), (33, 19), (25, 15), (33, 28), (25, 24), ... (+324 more)]",143,53,53
365,"(22, 33)","(21, 33)",East,"['(23, 33)', '(21, 33)']","['(22, 33)', '(25, 31)', '(31, 25)', '(27, 29)', '(29, 28)', '(35, 30)', '(31, 28)', '(21, 35)']","['(31, 25)', '(25, 31)', '(21, 35)', '(27, 29)', '(29, 28)', '(35, 30)', '(31, 28)', '(23, 33)']","[(15, 21), (18, 17), (27, 4), (27, 13), (19, 9), (11, 23), (33, 20), (33, 29), (25, 25), (34, 3), (22, 19), (15, 7), (18, 3), (15, 25), (26, 25), (7, 21), (29, 27), (30, 13), (21, 32), (33, 6), (33, 15), (25, 11), (25, 20), (25, 29), (34, 7), (14, 19), (15, 2), (15, 11), (26, 11), (29, 13), (29, 22), (21, 18), (21, 27), (33, 1), (33, 10), (25, 6), (33, 19), (25, 15), (33, 28), (25, 24), ... (+325 more)]",143,53,53
366,"(31, 25)","(31, 24)",North,"['(31, 24)']","['(31, 25)', '(25, 31)', '(21, 35)', '(27, 29)', '(29, 28)', '(35, 30)', '(31, 28)', '(23, 33)']","['(25, 31)', '(27, 29)', '(21, 35)', '(23, 33)', '(29, 28)', '(35, 30)', '(31, 28)']","[(15, 21), (18, 17), (27, 4), (27, 13), (19, 9), (11, 23), (33, 20), (33, 29), (25, 25), (34, 3), (22, 19), (15, 7), (18, 3), (15, 25), (26, 25), (7, 21), (29, 27), (30, 13), (21, 32), (33, 6), (33, 15), (25, 11), (25, 20), (25, 29), (34, 7), (14, 19), (15, 2), (15, 11), (26, 11), (29, 13), (29, 22), (21, 18), (21, 27), (33, 1), (33, 10), (25, 6), (33, 19), (25, 15), (33, 28), (25, 24), ... (+326 more)]",100,54,54
367,"(25, 31)","(25, 30)",North,"['(25, 32)', '(25, 30)']","['(25, 31)', '(27, 29)', '(21, 35)', '(23, 33)', '(29, 28)', '(35, 30)', '(31, 28)']","['(27, 29)', '(23, 33)', '(21, 35)', '(31, 28)', '(29, 28)', '(35, 30)', '(25, 32)']","[(15, 21), (18, 17), (27, 4), (27, 13), (19, 9), (11, 23), (33, 20), (33, 29), (25, 25), (34, 3), (22, 19), (15, 7), (18, 3), (15, 25), (26, 25), (7, 21), (29, 27), (30, 13), (21, 32), (33, 6), (33, 15), (25, 11), (25, 20), (25, 29), (34, 7), (14, 19), (15, 2), (15, 11), (26, 11), (29, 13), (29, 22), (21, 18), (21, 27), (33, 1), (33, 10), (25, 6), (33, 19), (25, 15), (33, 28), (25, 24), ... (+327 more)]",120,54,54
368,"(27, 29)","(26, 29)",East,"['(27, 30)', '(26, 29)']","['(27, 29)', '(23, 33)', '(21, 35)', '(31, 28)', '(29, 28)', '(35, 30)', '(25, 32)']","['(21, 35)', '(23, 33)', '(25, 32)', '(31, 28)', '(29, 28)', '(35, 30)', '(27, 30)']","[(15, 21), (18, 17), (27, 4), (27, 13), (19, 9), (11, 23), (33, 20), (33, 29), (25, 25), (34, 3), (22, 19), (15, 7), (18, 3), (15, 25), (26, 25), (7, 21), (29, 27), (30, 13), (21, 32), (33, 6), (33, 15), (25, 11), (25, 20), (25, 29), (34, 7), (14, 19), (15, 2), (15, 11), (26, 11), (29, 13), (29, 22), (21, 18), (21, 27), (33, 1), (33, 10), (25, 6), (33, 19), (25, 15), (33, 28), (25, 24), ... (+328 more)]",120,54,54
369,"(21, 35)","(21, 34)",North,"['(21, 34)', '(22, 35)', '(20, 35)']","['(21, 35)', '(23, 33)', '(25, 32)', '(31, 28)', '(29, 28)', '(35, 30)', '(27, 30)']","['(20, 35)', '(23, 33)', '(25, 32)', '(29, 28)', '(27, 30)', '(35, 30)', '(22, 35)', '(31, 28)']","[(15, 21), (18, 17), (27, 4), (27, 13), (19, 9), (11, 23), (33, 20), (33, 29), (25, 25), (34, 3), (22, 19), (15, 7), (18, 3), (15, 25), (26, 25), (7, 21), (29, 27), (30, 13), (21, 32), (33, 6), (33, 15), (25, 11), (25, 20), (25, 29), (34, 7), (14, 19), (15, 2), (15, 11), (26, 11), (29, 13), (29, 22), (21, 18), (21, 27), (33, 1), (33, 10), (25, 6), (33, 19), (25, 15), (33, 28), (25, 24), ... (+329 more)]",144,54,54
370,"(20, 35)","(21, 35)",West,"['(21, 35)', '(19, 35)']","['(20, 35)', '(23, 33)', '(25, 32)', '(29, 28)', '(27, 30)', '(35, 30)', '(22, 35)', '(31, 28)']","['(19, 35)', '(23, 33)', '(25, 32)', '(29, 28)', '(27, 30)', '(35, 30)', '(22, 35)', '(31, 28)']","[(15, 21), (18, 17), (27, 4), (27, 13), (19, 9), (11, 23), (33, 20), (33, 29), (25, 25), (34, 3), (22, 19), (15, 7), (18, 3), (15, 25), (26, 25), (7, 21), (29, 27), (30, 13), (21, 32), (33, 6), (33, 15), (25, 11), (25, 20), (25, 29), (34, 7), (14, 19), (15, 2), (15, 11), (26, 11), (29, 13), (29, 22), (21, 18), (21, 27), (33, 1), (33, 10), (25, 6), (33, 19), (25, 15), (33, 28), (25, 24), ... (+330 more)]",145,53,53
371,"(19, 35)","(20, 35)",West,"['(20, 35)', '(18, 35)']","['(19, 35)', '(23, 33)', '(25, 32)', '(29, 28)', '(27, 30)', '(35, 30)', '(22, 35)', '(31, 28)']","['(18, 35)', '(23, 33)', '(25, 32)', '(29, 28)', '(27, 30)', '(35, 30)', '(22, 35)', '(31, 28)']","[(15, 21), (18, 17), (27, 4), (27, 13), (19, 9), (11, 23), (33, 20), (33, 29), (25, 25), (34, 3), (22, 19), (15, 7), (18, 3), (15, 25), (26, 25), (7, 21), (29, 27), (30, 13), (21, 32), (33, 6), (33, 15), (25, 11), (25, 20), (25, 29), (34, 7), (14, 19), (15, 2), (15, 11), (26, 11), (29, 13), (29, 22), (21, 18), (21, 27), (33, 1), (33, 10), (25, 6), (33, 19), (25, 15), (33, 28), (25, 24), ... (+331 more)]",146,52,52
372,"(18, 35)","(19, 35)",West,"['(19, 35)', '(17, 35)']","['(18, 35)', '(23, 33)', '(25, 32)', '(29, 28)', '(27, 30)', '(35, 30)', '(22, 35)', '(31, 28)']","['(17, 35)', '(23, 33)', '(25, 32)', '(29, 28)', '(27, 30)', '(35, 30)', '(22, 35)', '(31, 28)']","[(15, 21), (18, 17), (27, 4), (18, 35), (27, 13), (19, 9), (11, 23), (33, 20), (33, 29), (25, 25), (34, 3), (22, 19), (15, 7), (18, 3), (15, 25), (26, 25), (7, 21), (29, 27), (30, 13), (21, 32), (33, 6), (33, 15), (25, 11), (25, 20), (25, 29), (34, 7), (14, 19), (15, 2), (15, 11), (26, 11), (29, 13), (29, 22), (21, 18), (21, 27), (33, 1), (33, 10), (25, 6), (33, 19), (25, 15), (33, 28), ... (+332 more)]",147,51,51
373,"(17, 35)","(18, 35)",West,"['(17, 34)', '(18, 35)', '(16, 35)']","['(17, 35)', '(23, 33)', '(25, 32)', '(29, 28)', '(27, 30)', '(35, 30)', '(22, 35)', '(31, 28)']","['(17, 34)', '(16, 35)', '(25, 32)', '(23, 33)', '(27, 30)', '(35, 30)', '(22, 35)', '(31, 28)', '(29, 28)']","[(15, 21), (18, 17), (27, 4), (18, 35), (27, 13), (19, 9), (11, 23), (33, 20), (33, 29), (25, 25), (34, 3), (22, 19), (15, 7), (18, 3), (15, 25), (26, 25), (7, 21), (29, 27), (30, 13), (21, 32), (33, 6), (33, 15), (25, 11), (25, 20), (25, 29), (34, 7), (14, 19), (15, 2), (15, 11), (26, 11), (29, 13), (29, 22), (21, 18), (21, 27), (33, 1), (33, 10), (25, 6), (33, 19), (25, 15), (33, 28), ... (+333 more)]",148,50,50
374,"(17, 34)","(17, 35)",South,"['(17, 35)', '(17, 33)']","['(17, 34)', '(16, 35)', '(25, 32)', '(23, 33)', '(27, 30)', '(35, 30)', '(22, 35)', '(31, 28)', '(29, 28)']","['(17, 33)', '(16, 35)', '(25, 32)', '(23, 33)', '(27, 30)', '(35, 30)', '(22, 35)', '(31, 28)', '(29, 28)']","[(15, 21), (18, 17), (27, 4), (18, 35), (27, 13), (19, 9), (11, 23), (33, 20), (33, 29), (25, 25), (34, 3), (22, 19), (15, 7), (18, 3), (15, 25), (26, 25), (7, 21), (29, 27), (30, 13), (21, 32), (33, 6), (33, 15), (25, 11), (25, 20), (25, 29), (34, 7), (14, 19), (15, 2), (15, 11), (26, 11), (29, 13), (29, 22), (21, 18), (21, 27), (33, 1), (33, 10), (25, 6), (33, 19), (25, 15), (33, 28), ... (+334 more)]",149,49,49
375,"(17, 33)","(17, 34)",South,"['(17, 34)', '(17, 32)']","['(17, 33)', '(16, 35)', '(25, 32)', '(23, 33)', '(27, 30)', '(35, 30)', '(22, 35)', '(31, 28)', '(29, 28)']","['(17, 32)', '(16, 35)', '(25, 32)', '(23, 33)', '(27, 30)', '(35, 30)', '(22, 35)', '(31, 28)', '(29, 28)']","[(15, 21), (18, 17), (27, 4), (18, 35), (27, 13), (19, 9), (11, 23), (33, 20), (33, 29), (25, 25), (34, 3), (22, 19), (15, 7), (18, 3), (15, 25), (26, 25), (7, 21), (29, 27), (30, 13), (21, 32), (33, 6), (33, 15), (25, 11), (25, 20), (25, 29), (34, 7), (14, 19), (15, 2), (15, 11), (26, 11), (29, 13), (29, 22), (21, 18), (21, 27), (33, 1), (33, 10), (25, 6), (33, 19), (25, 15), (33, 28), ... (+335 more)]",150,48,48
376,"(17, 32)","(17, 33)",South,"['(17, 33)', '(17, 31)']","['(17, 32)', '(16, 35)', '(25, 32)', '(23, 33)', '(27, 30)', '(35, 30)', '(22, 35)', '(31, 28)', '(29, 28)']","['(17, 31)', '(16, 35)', '(25, 32)', '(23, 33)', '(27, 30)', '(35, 30)', '(22, 35)', '(31, 28)', '(29, 28)']","[(15, 21), (18, 17), (27, 4), (18, 35), (27, 13), (19, 9), (11, 23), (33, 20), (33, 29), (25, 25), (34, 3), (22, 19), (15, 7), (18, 3), (15, 25), (26, 25), (7, 21), (29, 27), (30, 13), (21, 32), (33, 6), (33, 15), (25, 11), (25, 20), (25, 29), (34, 7), (14, 19), (15, 2), (15, 11), (26, 11), (29, 13), (29, 22), (21, 18), (21, 27), (33, 1), (33, 10), (25, 6), (33, 19), (25, 15), (33, 28), ... (+336 more)]",151,47,47
377,"(17, 31)","(17, 32)",South,"['(17, 32)']","['(17, 31)', '(16, 35)', '(25, 32)', '(23, 33)', '(27, 30)', '(35, 30)', '(22, 35)', '(31, 28)', '(29, 28)']","['(16, 35)', '(23, 33)', '(25, 32)', '(29, 28)', '(27, 30)', '(35, 30)', '(22, 35)', '(31, 28)']","[(15, 21), (18, 17), (27, 4), (18, 35), (27, 13), (19, 9), (11, 23), (33, 20), (33, 29), (25, 25), (34, 3), (22, 19), (15, 7), (18, 3), (15, 25), (26, 25), (7, 21), (29, 27), (30, 13), (21, 32), (33, 6), (33, 15), (25, 11), (25, 20), (25, 29), (34, 7), (14, 19), (15, 2), (15, 11), (26, 11), (29, 13), (29, 22), (21, 18), (21, 27), (33, 1), (33, 10), (25, 6), (33, 19), (25, 15), (33, 28), ... (+337 more)]",152,46,46
378,"(16, 35)","(17, 35)",West,"['(17, 35)', '(15, 35)']","['(16, 35)', '(23, 33)', '(25, 32)', '(29, 28)', '(27, 30)', '(35, 30)', '(22, 35)', '(31, 28)']","['(15, 35)', '(23, 33)', '(25, 32)', '(29, 28)', '(27, 30)', '(35, 30)', '(22, 35)', '(31, 28)']","[(15, 21), (18, 17), (27, 4), (18, 35), (27, 13), (19, 9), (11, 23), (33, 20), (33, 29), (25, 25), (34, 3), (22, 19), (15, 7), (18, 3), (15, 25), (26, 25), (7, 21), (29, 27), (30, 13), (21, 32), (33, 6), (33, 15), (25, 11), (25, 20), (25, 29), (34, 7), (14, 19), (15, 2), (15, 11), (26, 11), (29, 13), (29, 22), (21, 18), (21, 27), (33, 1), (33, 10), (25, 6), (33, 19), (25, 15), (33, 28), ... (+338 more)]",149,49,49
379,"(15, 35)","(16, 35)",West,"['(15, 34)', '(16, 35)', '(14, 35)']","['(15, 35)', '(23, 33)', '(25, 32)', '(29, 28)', '(27, 30)', '(35, 30)', '(22, 35)', '(31, 28)']","['(15, 34)', '(14, 35)', '(25, 32)', '(23, 33)', '(27, 30)', '(35, 30)', '(22, 35)', '(31, 28)', '(29, 28)']","[(15, 21), (18, 17), (27, 4), (18, 35), (27, 13), (19, 9), (11, 23), (33, 20), (33, 29), (25, 25), (34, 3), (22, 19), (15, 7), (18, 3), (15, 25), (26, 25), (7, 21), (29, 27), (30, 13), (21, 32), (33, 6), (33, 15), (25, 11), (25, 20), (25, 29), (34, 7), (14, 19), (15, 2), (15, 11), (26, 11), (29, 13), (29, 22), (21, 18), (21, 27), (33, 1), (33, 10), (25, 6), (33, 19), (25, 15), (33, 28), ... (+339 more)]",150,48,48
380,"(15, 34)","(15, 35)",South,"['(15, 35)', '(15, 33)']","['(15, 34)', '(14, 35)', '(25, 32)', '(23, 33)', '(27, 30)', '(35, 30)', '(22, 35)', '(31, 28)', '(29, 28)']","['(15, 33)', '(14, 35)', '(25, 32)', '(23, 33)', '(27, 30)', '(35, 30)', '(22, 35)', '(31, 28)', '(29, 28)']","[(15, 21), (18, 17), (27, 4), (18, 35), (27, 13), (19, 9), (11, 23), (33, 20), (33, 29), (25, 25), (34, 3), (22, 19), (15, 7), (18, 3), (15, 25), (26, 25), (7, 21), (29, 27), (30, 13), (21, 32), (33, 6), (33, 15), (25, 11), (25, 20), (25, 29), (34, 7), (14, 19), (15, 2), (15, 11), (26, 11), (29, 13), (29, 22), (21, 18), (21, 27), (33, 1), (33, 10), (25, 6), (33, 19), (25, 15), (33, 28), ... (+340 more)]",151,47,47
381,"(15, 33)","(15, 34)",South,"['(15, 34)', '(15, 32)', '(14, 33)']","['(15, 33)', '(14, 35)', '(25, 32)', '(23, 33)', '(27, 30)', '(35, 30)', '(22, 35)', '(31, 28)', '(29, 28)']","['(15, 32)', '(14, 33)', '(25, 32)', '(23, 33)', '(14, 35)', '(35, 30)', '(22, 35)', '(31, 28)', '(29, 28)', '(27, 30)']","[(15, 21), (18, 17), (27, 4), (18, 35), (27, 13), (19, 9), (11, 23), (33, 20), (33, 29), (25, 25), (34, 3), (22, 19), (15, 7), (18, 3), (15, 25), (26, 25), (7, 21), (29, 27), (30, 13), (21, 32), (33, 6), (33, 15), (25, 11), (25, 20), (25, 29), (34, 7), (14, 19), (15, 2), (15, 11), (26, 11), (29, 13), (29, 22), (21, 18), (21, 27), (33, 1), (33, 10), (25, 6), (33, 19), (25, 15), (33, 28), ... (+341 more)]",152,46,46
382,"(15, 32)","(15, 33)",South,"['(15, 33)', '(15, 31)']","['(15, 32)', '(14, 33)', '(25, 32)', '(23, 33)', '(14, 35)', '(35, 30)', '(22, 35)', '(31, 28)', '(29, 28)', '(27, 30)']","['(15, 31)', '(14, 33)', '(25, 32)', '(23, 33)', '(14, 35)', '(35, 30)', '(22, 35)', '(31, 28)', '(29, 28)', '(27, 30)']","[(15, 21), (18, 17), (27, 4), (18, 35), (27, 13), (19, 9), (11, 23), (33, 20), (33, 29), (25, 25), (34, 3), (22, 19), (15, 7), (18, 3), (15, 25), (26, 25), (7, 21), (29, 27), (30, 13), (21, 32), (33, 6), (33, 15), (25, 11), (25, 20), (25, 29), (34, 7), (14, 19), (15, 2), (15, 11), (26, 11), (29, 13), (29, 22), (21, 18), (21, 27), (33, 1), (33, 10), (25, 6), (33, 19), (25, 15), (33, 28), ... (+342 more)]",153,45,45
383,"(15, 31)","(15, 32)",South,"['(15, 32)', '(15, 30)']","['(15, 31)', '(14, 33)', '(25, 32)', '(23, 33)', '(14, 35)', '(35, 30)', '(22, 35)', '(31, 28)', '(29, 28)', '(27, 30)']","['(15, 30)', '(14, 33)', '(25, 32)', '(23, 33)', '(14, 35)', '(35, 30)', '(22, 35)', '(31, 28)', '(29, 28)', '(27, 30)']","[(15, 21), (18, 17), (27, 4), (18, 35), (27, 13), (19, 9), (11, 23), (33, 20), (33, 29), (25, 25), (34, 3), (22, 19), (15, 7), (18, 3), (15, 25), (26, 25), (7, 21), (29, 27), (30, 13), (21, 32), (33, 6), (33, 15), (25, 11), (25, 20), (25, 29), (34, 7), (14, 19), (15, 2), (15, 11), (26, 11), (29, 13), (29, 22), (21, 18), (21, 27), (33, 1), (33, 10), (25, 6), (33, 19), (25, 15), (33, 28), ... (+343 more)]",154,44,44
384,"(15, 30)","(15, 31)",South,"['(15, 31)', '(15, 29)']","['(15, 30)', '(14, 33)', '(25, 32)', '(23, 33)', '(14, 35)', '(35, 30)', '(22, 35)', '(31, 28)', '(29, 28)', '(27, 30)']","['(15, 29)', '(14, 33)', '(25, 32)', '(23, 33)', '(14, 35)', '(35, 30)', '(22, 35)', '(31, 28)', '(29, 28)', '(27, 30)']","[(15, 21), (18, 17), (15, 30), (27, 4), (18, 35), (27, 13), (19, 9), (11, 23), (33, 20), (33, 29), (25, 25), (34, 3), (22, 19), (15, 7), (18, 3), (15, 25), (26, 25), (7, 21), (29, 27), (30, 13), (21, 32), (33, 6), (33, 15), (25, 11), (25, 20), (25, 29), (34, 7), (14, 19), (15, 2), (15, 11), (26, 11), (29, 13), (29, 22), (21, 18), (21, 27), (33, 1), (33, 10), (25, 6), (33, 19), (25, 15), ... (+344 more)]",155,43,43
385,"(15, 29)","(15, 30)",South,"['(15, 30)', '(16, 29)']","['(15, 29)', '(14, 33)', '(25, 32)', '(23, 33)', '(14, 35)', '(35, 30)', '(22, 35)', '(31, 28)', '(29, 28)', '(27, 30)']","['(16, 29)', '(14, 33)', '(25, 32)', '(23, 33)', '(14, 35)', '(35, 30)', '(22, 35)', '(31, 28)', '(29, 28)', '(27, 30)']","[(15, 21), (18, 17), (15, 30), (27, 4), (18, 35), (27, 13), (19, 9), (11, 23), (33, 20), (33, 29), (25, 25), (34, 3), (22, 19), (15, 7), (18, 3), (15, 25), (26, 25), (7, 21), (29, 27), (30, 13), (21, 32), (33, 6), (33, 15), (25, 11), (25, 20), (25, 29), (34, 7), (14, 19), (15, 2), (15, 11), (26, 11), (29, 13), (29, 22), (21, 18), (21, 27), (33, 1), (33, 10), (25, 6), (33, 19), (25, 15), ... (+345 more)]",156,42,42
386,"(16, 29)","(15, 29)",East,"['(17, 29)', '(15, 29)']","['(16, 29)', '(14, 33)', '(25, 32)', '(23, 33)', '(14, 35)', '(35, 30)', '(22, 35)', '(31, 28)', '(29, 28)', '(27, 30)']","['(17, 29)', '(14, 33)', '(25, 32)', '(23, 33)', '(14, 35)', '(35, 30)', '(22, 35)', '(31, 28)', '(29, 28)', '(27, 30)']","[(15, 21), (18, 17), (15, 30), (27, 4), (18, 35), (27, 13), (19, 9), (11, 23), (33, 20), (33, 29), (25, 25), (34, 3), (22, 19), (15, 7), (18, 3), (15, 25), (26, 25), (7, 21), (29, 27), (30, 13), (21, 32), (33, 6), (33, 15), (25, 11), (25, 20), (25, 29), (34, 7), (14, 19), (15, 2), (15, 11), (26, 11), (29, 13), (29, 22), (21, 18), (21, 27), (33, 1), (33, 10), (25, 6), (33, 19), (25, 15), ... (+346 more)]",157,43,43
387,"(17, 29)","(16, 29)",East,"['(16, 29)']","['(17, 29)', '(14, 33)', '(25, 32)', '(23, 33)', '(14, 35)', '(35, 30)', '(22, 35)', '(31, 28)', '(29, 28)', '(27, 30)']","['(14, 33)', '(14, 35)', '(25, 32)', '(23, 33)', '(27, 30)', '(35, 30)', '(22, 35)', '(31, 28)', '(29, 28)']","[(15, 21), (18, 17), (15, 30), (27, 4), (18, 35), (27, 13), (19, 9), (11, 23), (33, 20), (33, 29), (25, 25), (34, 3), (22, 19), (15, 7), (18, 3), (15, 25), (26, 25), (7, 21), (29, 27), (30, 13), (21, 32), (33, 6), (33, 15), (25, 11), (25, 20), (25, 29), (34, 7), (14, 19), (15, 2), (15, 11), (26, 11), (29, 13), (29, 22), (21, 18), (21, 27), (33, 1), (33, 10), (25, 6), (33, 19), (25, 15), ... (+347 more)]",158,44,44
388,"(14, 33)","(15, 33)",West,"['(15, 33)', '(13, 33)']","['(14, 33)', '(14, 35)', '(25, 32)', '(23, 33)', '(27, 30)', '(35, 30)', '(22, 35)', '(31, 28)', '(29, 28)']","['(13, 33)', '(14, 35)', '(25, 32)', '(23, 33)', '(27, 30)', '(35, 30)', '(22, 35)', '(31, 28)', '(29, 28)']","[(15, 21), (18, 17), (15, 30), (27, 4), (18, 35), (27, 13), (19, 9), (11, 23), (33, 20), (33, 29), (25, 25), (34, 3), (22, 19), (14, 33), (15, 7), (18, 3), (15, 25), (26, 25), (7, 21), (29, 27), (30, 13), (21, 32), (33, 6), (33, 15), (25, 11), (25, 20), (25, 29), (34, 7), (14, 19), (15, 2), (15, 11), (26, 11), (29, 13), (29, 22), (21, 18), (21, 27), (33, 1), (33, 10), (25, 6), (33, 19), ... (+348 more)]",153,45,45
389,"(13, 33)","(14, 33)",West,"['(14, 33)', '(12, 33)']","['(13, 33)', '(14, 35)', '(25, 32)', '(23, 33)', '(27, 30)', '(35, 30)', '(22, 35)', '(31, 28)', '(29, 28)']","['(12, 33)', '(14, 35)', '(25, 32)', '(23, 33)', '(27, 30)', '(35, 30)', '(22, 35)', '(31, 28)', '(29, 28)']","[(15, 21), (18, 17), (15, 30), (27, 4), (18, 35), (27, 13), (19, 9), (11, 23), (33, 20), (33, 29), (25, 25), (34, 3), (22, 19), (14, 33), (15, 7), (18, 3), (15, 25), (26, 25), (7, 21), (29, 27), (30, 13), (21, 32), (33, 6), (33, 15), (25, 11), (25, 20), (25, 29), (34, 7), (14, 19), (15, 2), (15, 11), (26, 11), (29, 13), (29, 22), (21, 18), (21, 27), (33, 1), (33, 10), (25, 6), (33, 19), ... (+349 more)]",154,44,44
390,"(12, 33)","(13, 33)",West,"['(13, 33)', '(11, 33)']","['(12, 33)', '(14, 35)', '(25, 32)', '(23, 33)', '(27, 30)', '(35, 30)', '(22, 35)', '(31, 28)', '(29, 28)']","['(11, 33)', '(14, 35)', '(25, 32)', '(23, 33)', '(27, 30)', '(35, 30)', '(22, 35)', '(31, 28)', '(29, 28)']","[(15, 21), (18, 17), (15, 30), (27, 4), (18, 35), (27, 13), (19, 9), (11, 23), (33, 20), (33, 29), (25, 25), (34, 3), (22, 19), (14, 33), (15, 7), (18, 3), (15, 25), (26, 25), (7, 21), (29, 27), (30, 13), (21, 32), (33, 6), (33, 15), (25, 11), (25, 20), (25, 29), (34, 7), (14, 19), (15, 2), (15, 11), (26, 11), (29, 13), (29, 22), (21, 18), (21, 27), (33, 1), (33, 10), (25, 6), (33, 19), ... (+350 more)]",155,43,43
391,"(11, 33)","(12, 33)",West,"['(11, 34)', '(11, 32)', '(12, 33)', '(10, 33)']","['(11, 33)', '(14, 35)', '(25, 32)', '(23, 33)', '(27, 30)', '(35, 30)', '(22, 35)', '(31, 28)', '(29, 28)']","['(11, 32)', '(10, 33)', '(25, 32)', '(23, 33)', '(11, 34)', '(35, 30)', '(22, 35)', '(31, 28)', '(29, 28)', '(27, 30)', '(14, 35)']","[(15, 21), (18, 17), (15, 30), (27, 4), (18, 35), (27, 13), (19, 9), (11, 23), (33, 20), (33, 29), (25, 25), (34, 3), (22, 19), (14, 33), (15, 7), (18, 3), (15, 25), (26, 25), (7, 21), (29, 27), (30, 13), (21, 32), (33, 6), (33, 15), (25, 11), (25, 20), (25, 29), (34, 7), (14, 19), (15, 2), (15, 11), (26, 11), (29, 13), (29, 22), (21, 18), (21, 27), (33, 1), (33, 10), (25, 6), (33, 19), ... (+351 more)]",156,42,42
392,"(11, 32)","(11, 33)",South,"['(11, 33)', '(11, 31)']","['(11, 32)', '(10, 33)', '(25, 32)', '(23, 33)', '(11, 34)', '(35, 30)', '(22, 35)', '(31, 28)', '(29, 28)', '(27, 30)', '(14, 35)']","['(11, 31)', '(10, 33)', '(25, 32)', '(23, 33)', '(11, 34)', '(35, 30)', '(22, 35)', '(31, 28)', '(29, 28)', '(27, 30)', '(14, 35)']","[(15, 21), (18, 17), (15, 30), (27, 4), (18, 35), (27, 13), (19, 9), (11, 23), (33, 20), (33, 29), (25, 25), (34, 3), (22, 19), (14, 33), (15, 7), (18, 3), (15, 25), (26, 25), (7, 21), (29, 27), (30, 13), (21, 32), (33, 6), (33, 15), (25, 11), (25, 20), (25, 29), (34, 7), (14, 19), (15, 2), (15, 11), (26, 11), (29, 13), (29, 22), (21, 18), (21, 27), (33, 1), (33, 10), (25, 6), (33, 19), ... (+352 more)]",157,41,41
393,"(11, 31)","(11, 32)",South,"['(11, 32)', '(11, 30)', '(12, 31)']","['(11, 31)', '(10, 33)', '(25, 32)', '(23, 33)', '(11, 34)', '(35, 30)', '(22, 35)', '(31, 28)', '(29, 28)', '(27, 30)', '(14, 35)']","['(11, 30)', '(10, 33)', '(12, 31)', '(23, 33)', '(11, 34)', '(25, 32)', '(22, 35)', '(31, 28)', '(29, 28)', '(27, 30)', '(14, 35)', '(35, 30)']","[(15, 21), (18, 17), (15, 30), (27, 4), (18, 35), (27, 13), (19, 9), (11, 23), (33, 20), (33, 29), (25, 25), (34, 3), (22, 19), (14, 33), (15, 7), (18, 3), (15, 25), (26, 25), (7, 21), (29, 27), (30, 13), (21, 32), (33, 6), (33, 15), (25, 11), (25, 20), (25, 29), (34, 7), (14, 19), (15, 2), (15, 11), (26, 11), (29, 13), (29, 22), (21, 18), (21, 27), (33, 1), (33, 10), (25, 6), (33, 19), ... (+353 more)]",158,40,40
394,"(11, 30)","(11, 31)",South,"['(11, 31)', '(11, 29)']","['(11, 30)', '(10, 33)', '(12, 31)', '(23, 33)', '(11, 34)', '(25, 32)', '(22, 35)', '(31, 28)', '(29, 28)', '(27, 30)', '(14, 35)', '(35, 30)']","['(11, 29)', '(11, 34)', '(10, 33)', '(23, 33)', '(14, 35)', '(12, 31)', '(22, 35)', '(31, 28)', '(29, 28)', '(27, 30)', '(35, 30)', '(25, 32)']","[(15, 21), (18, 17), (15, 30), (27, 4), (18, 35), (27, 13), (19, 9), (11, 23), (33, 20), (33, 29), (25, 25), (34, 3), (22, 19), (14, 33), (15, 7), (18, 3), (15, 25), (26, 25), (7, 21), (29, 27), (30, 13), (21, 32), (33, 6), (33, 15), (25, 11), (25, 20), (25, 29), (34, 7), (14, 19), (15, 2), (15, 11), (26, 11), (29, 13), (29, 22), (21, 18), (21, 27), (33, 1), (33, 10), (25, 6), (33, 19), ... (+354 more)]",159,39,39
395,"(11, 29)","(11, 30)",South,"['(11, 30)', '(12, 29)', '(10, 29)']","['(11, 29)', '(11, 34)', '(10, 33)', '(23, 33)', '(14, 35)', '(12, 31)', '(22, 35)', '(31, 28)', '(29, 28)', '(27, 30)', '(35, 30)', '(25, 32)']","['(10, 29)', '(11, 34)', '(12, 29)', '(23, 33)', '(14, 35)', '(10, 33)', '(22, 35)', '(31, 28)', '(29, 28)', '(27, 30)', '(35, 30)', '(25, 32)', '(12, 31)']","[(15, 21), (18, 17), (15, 30), (27, 4), (18, 35), (27, 13), (19, 9), (11, 23), (33, 20), (33, 29), (25, 25), (34, 3), (22, 19), (14, 33), (15, 7), (18, 3), (15, 25), (26, 25), (7, 21), (29, 27), (30, 13), (21, 32), (33, 6), (33, 15), (25, 11), (25, 20), (25, 29), (34, 7), (14, 19), (15, 2), (15, 11), (26, 11), (29, 13), (29, 22), (21, 18), (21, 27), (33, 1), (33, 10), (25, 6), (33, 19), ... (+355 more)]",160,38,38
396,"(10, 29)","(11, 29)",West,"['(11, 29)', '(9, 29)']","['(10, 29)', '(11, 34)', '(12, 29)', '(23, 33)', '(14, 35)', '(10, 33)', '(22, 35)', '(31, 28)', '(29, 28)', '(27, 30)', '(35, 30)', '(25, 32)', '(12, 31)']","['(9, 29)', '(11, 34)', '(12, 29)', '(23, 33)', '(14, 35)', '(10, 33)', '(22, 35)', '(31, 28)', '(29, 28)', '(27, 30)', '(35, 30)', '(25, 32)', '(12, 31)']","[(15, 21), (18, 17), (15, 30), (27, 4), (18, 35), (27, 13), (19, 9), (11, 23), (33, 20), (33, 29), (25, 25), (34, 3), (22, 19), (14, 33), (15, 7), (18, 3), (15, 25), (26, 25), (7, 21), (29, 27), (30, 13), (21, 32), (33, 6), (33, 15), (25, 11), (25, 20), (25, 29), (34, 7), (14, 19), (15, 2), (15, 11), (26, 11), (29, 13), (29, 22), (21, 18), (21, 27), (33, 1), (33, 10), (25, 6), (33, 19), ... (+356 more)]",161,37,37
397,"(9, 29)","(10, 29)",West,"['(9, 30)', '(10, 29)']","['(9, 29)', '(11, 34)', '(12, 29)', '(23, 33)', '(14, 35)', '(10, 33)', '(22, 35)', '(31, 28)', '(29, 28)', '(27, 30)', '(35, 30)', '(25, 32)', '(12, 31)']","['(9, 30)', '(11, 34)', '(12, 29)', '(23, 33)', '(14, 35)', '(10, 33)', '(22, 35)', '(31, 28)', '(29, 28)', '(27, 30)', '(35, 30)', '(25, 32)', '(12, 31)']","[(15, 21), (18, 17), (15, 30), (27, 4), (18, 35), (27, 13), (19, 9), (11, 23), (33, 20), (33, 29), (25, 25), (34, 3), (22, 19), (14, 33), (15, 7), (18, 3), (15, 25), (26, 25), (7, 21), (29, 27), (30, 13), (21, 32), (33, 6), (33, 15), (25, 11), (25, 20), (25, 29), (34, 7), (14, 19), (15, 2), (15, 11), (26, 11), (29, 13), (29, 22), (21, 18), (21, 27), (33, 1), (33, 10), (25, 6), (33, 19), ... (+357 more)]",162,36,36
398,"(9, 30)","(9, 29)",North,"['(9, 31)', '(9, 29)']","['(9, 30)', '(11, 34)', '(12, 29)', '(23, 33)', '(14, 35)', '(10, 33)', '(22, 35)', '(31, 28)', '(29, 28)', '(27, 30)', '(35, 30)', '(25, 32)', '(12, 31)']","['(9, 31)', '(11, 34)', '(12, 29)', '(23, 33)', '(14, 35)', '(10, 33)', '(22, 35)', '(31, 28)', '(29, 28)', '(27, 30)', '(35, 30)', '(25, 32)', '(12, 31)']","[(15, 21), (18, 17), (15, 30), (27, 4), (18, 35), (27, 13), (19, 9), (11, 23), (33, 20), (33, 29), (25, 25), (34, 3), (22, 19), (14, 33), (15, 7), (18, 3), (15, 25), (26, 25), (7, 21), (29, 27), (30, 13), (21, 32), (33, 6), (33, 15), (25, 11), (25, 20), (25, 29), (34, 7), (14, 19), (15, 2), (15, 11), (26, 11), (29, 13), (29, 22), (21, 18), (21, 27), (33, 1), (33, 10), (25, 6), (33, 19), ... (+358 more)]",163,37,37
399,"(9, 31)","(9, 30)",North,"['(9, 30)']","['(9, 31)', '(11, 34)', '(12, 29)', '(23, 33)', '(14, 35)', '(10, 33)', '(22, 35)', '(31, 28)', '(29, 28)', '(27, 30)', '(35, 30)', '(25, 32)', '(12, 31)']","['(12, 29)', '(11, 34)', '(10, 33)', '(23, 33)', '(14, 35)', '(12, 31)', '(22, 35)', '(31, 28)', '(29, 28)', '(27, 30)', '(35, 30)', '(25, 32)']","[(15, 21), (18, 17), (15, 30), (27, 4), (18, 35), (27, 13), (19, 9), (11, 23), (33, 20), (33, 29), (25, 25), (34, 3), (22, 19), (14, 33), (15, 7), (18, 3), (15, 25), (26, 25), (7, 21), (29, 27), (30, 13), (21, 32), (33, 6), (33, 15), (25, 11), (25, 20), (25, 29), (34, 7), (14, 19), (15, 2), (15, 11), (26, 11), (29, 13), (29, 22), (21, 18), (21, 27), (33, 1), (33, 10), (25, 6), (33, 19), ... (+359 more)]",164,38,38
400,"(12, 29)","(11, 29)",East,"['(13, 29)', '(11, 29)']","['(12, 29)', '(11, 34)', '(10, 33)', '(23, 33)', '(14, 35)', '(12, 31)', '(22, 35)', '(31, 28)', '(29, 28)', '(27, 30)', '(35, 30)', '(25, 32)']","['(13, 29)', '(11, 34)', '(10, 33)', '(23, 33)', '(14, 35)', '(12, 31)', '(22, 35)', '(31, 28)', '(29, 28)', '(27, 30)', '(35, 30)', '(25, 32)']","[(15, 21), (18, 17), (15, 30), (27, 4), (18, 35), (27, 13), (19, 9), (11, 23), (33, 20), (33, 29), (25, 25), (34, 3), (22, 19), (14, 33), (15, 7), (18, 3), (15, 25), (26, 25), (7, 21), (29, 27), (30, 13), (21, 32), (33, 6), (33, 15), (25, 11), (25, 20), (25, 29), (34, 7), (14, 19), (15, 2), (15, 11), (26, 11), (29, 13), (29, 22), (21, 18), (21, 27), (33, 1), (33, 10), (25, 6), (33, 19), ... (+360 more)]",161,39,39
401,"(13, 29)","(12, 29)",East,"['(13, 28)', '(12, 29)']","['(13, 29)', '(11, 34)', '(10, 33)', '(23, 33)', '(14, 35)', '(12, 31)', '(22, 35)', '(31, 28)', '(29, 28)', '(27, 30)', '(35, 30)', '(25, 32)']","['(13, 28)', '(11, 34)', '(10, 33)', '(23, 33)', '(14, 35)', '(12, 31)', '(22, 35)', '(31, 28)', '(29, 28)', '(27, 30)', '(35, 30)', '(25, 32)']","[(15, 21), (18, 17), (15, 30), (27, 4), (18, 35), (27, 13), (19, 9), (11, 23), (33, 20), (33, 29), (25, 25), (34, 3), (22, 19), (14, 33), (15, 7), (18, 3), (15, 25), (26, 25), (7, 21), (29, 27), (30, 13), (21, 32), (33, 6), (33, 15), (25, 11), (25, 20), (25, 29), (34, 7), (14, 19), (15, 2), (15, 11), (26, 11), (29, 13), (29, 22), (21, 18), (21, 27), (33, 1), (33, 10), (25, 6), (33, 19), ... (+361 more)]",162,40,40
402,"(13, 28)","(13, 29)",South,"['(13, 29)', '(13, 27)']","['(13, 28)', '(11, 34)', '(10, 33)', '(23, 33)', '(14, 35)', '(12, 31)', '(22, 35)', '(31, 28)', '(29, 28)', '(27, 30)', '(35, 30)', '(25, 32)']","['(13, 27)', '(11, 34)', '(10, 33)', '(23, 33)', '(14, 35)', '(12, 31)', '(22, 35)', '(31, 28)', '(29, 28)', '(27, 30)', '(35, 30)', '(25, 32)']","[(15, 21), (18, 17), (15, 30), (27, 4), (18, 35), (27, 13), (19, 9), (11, 23), (33, 20), (33, 29), (25, 25), (34, 3), (22, 19), (14, 33), (15, 7), (18, 3), (15, 25), (26, 25), (7, 21), (29, 27), (30, 13), (21, 32), (33, 6), (33, 15), (25, 11), (25, 20), (25, 29), (34, 7), (14, 19), (15, 2), (15, 11), (26, 11), (29, 13), (29, 22), (21, 18), (21, 27), (33, 1), (33, 10), (25, 6), (33, 19), ... (+362 more)]",163,39,39
403,"(13, 27)","(13, 28)",South,"['(13, 28)', '(12, 27)']","['(13, 27)', '(11, 34)', '(10, 33)', '(23, 33)', '(14, 35)', '(12, 31)', '(22, 35)', '(31, 28)', '(29, 28)', '(27, 30)', '(35, 30)', '(25, 32)']","['(12, 27)', '(11, 34)', '(10, 33)', '(23, 33)', '(14, 35)', '(12, 31)', '(22, 35)', '(31, 28)', '(29, 28)', '(27, 30)', '(35, 30)', '(25, 32)']","[(15, 21), (18, 17), (15, 30), (27, 4), (18, 35), (27, 13), (19, 9), (11, 23), (33, 20), (33, 29), (25, 25), (34, 3), (22, 19), (14, 33), (15, 7), (18, 3), (15, 25), (26, 25), (7, 21), (29, 27), (30, 13), (21, 32), (33, 6), (33, 15), (25, 11), (25, 20), (25, 29), (34, 7), (14, 19), (15, 2), (15, 11), (26, 11), (29, 13), (29, 22), (21, 18), (21, 27), (33, 1), (33, 10), (25, 6), (33, 19), ... (+363 more)]",164,38,38
404,"(12, 27)","(13, 27)",West,"['(13, 27)', '(11, 27)']","['(12, 27)', '(11, 34)', '(10, 33)', '(23, 33)', '(14, 35)', '(12, 31)', '(22, 35)', '(31, 28)', '(29, 28)', '(27, 30)', '(35, 30)', '(25, 32)']","['(11, 27)', '(11, 34)', '(10, 33)', '(23, 33)', '(14, 35)', '(12, 31)', '(22, 35)', '(31, 28)', '(29, 28)', '(27, 30)', '(35, 30)', '(25, 32)']","[(15, 21), (18, 17), (15, 30), (27, 4), (18, 35), (27, 13), (19, 9), (11, 23), (33, 20), (33, 29), (25, 25), (34, 3), (22, 19), (14, 33), (15, 7), (18, 3), (15, 25), (26, 25), (7, 21), (29, 27), (30, 13), (21, 32), (33, 6), (33, 15), (25, 11), (25, 20), (25, 29), (34, 7), (14, 19), (15, 2), (15, 11), (26, 11), (29, 13), (29, 22), (21, 18), (21, 27), (33, 1), (33, 10), (25, 6), (33, 19), ... (+364 more)]",165,37,37
405,"(11, 27)","(12, 27)",West,"['(11, 26)', '(12, 27)', '(10, 27)']","['(11, 27)', '(11, 34)', '(10, 33)', '(23, 33)', '(14, 35)', '(12, 31)', '(22, 35)', '(31, 28)', '(29, 28)', '(27, 30)', '(35, 30)', '(25, 32)']","['(11, 26)', '(11, 34)', '(10, 27)', '(23, 33)', '(14, 35)', '(10, 33)', '(22, 35)', '(31, 28)', '(29, 28)', '(27, 30)', '(35, 30)', '(25, 32)', '(12, 31)']","[(15, 21), (18, 17), (15, 30), (27, 4), (18, 35), (27, 13), (19, 9), (11, 23), (33, 20), (33, 29), (25, 25), (34, 3), (22, 19), (14, 33), (15, 7), (18, 3), (15, 25), (26, 25), (7, 21), (29, 27), (30, 13), (21, 32), (33, 6), (33, 15), (25, 11), (25, 20), (25, 29), (34, 7), (14, 19), (15, 2), (15, 11), (26, 11), (29, 13), (29, 22), (21, 18), (21, 27), (33, 1), (33, 10), (25, 6), (33, 19), ... (+365 more)]",166,36,36
406,"(11, 26)","(11, 27)",South,"['(11, 27)', '(11, 25)']","['(11, 26)', '(11, 34)', '(10, 27)', '(23, 33)', '(14, 35)', '(10, 33)', '(22, 35)', '(31, 28)', '(29, 28)', '(27, 30)', '(35, 30)', '(25, 32)', '(12, 31)']","['(11, 25)', '(11, 34)', '(10, 27)', '(23, 33)', '(14, 35)', '(10, 33)', '(22, 35)', '(31, 28)', '(29, 28)', '(27, 30)', '(35, 30)', '(25, 32)', '(12, 31)']","[(15, 21), (18, 17), (15, 30), (27, 4), (18, 35), (27, 13), (19, 9), (11, 23), (33, 20), (33, 29), (25, 25), (34, 3), (22, 19), (14, 33), (15, 7), (18, 3), (15, 25), (26, 25), (7, 21), (29, 27), (30, 13), (21, 32), (33, 6), (33, 15), (25, 11), (25, 20), (25, 29), (34, 7), (14, 19), (15, 2), (15, 11), (26, 11), (29, 13), (29, 22), (21, 18), (21, 27), (33, 1), (33, 10), (25, 6), (33, 19), ... (+366 more)]",167,35,35
407,"(11, 25)","(11, 26)",South,"['(11, 26)']","['(11, 25)', '(11, 34)', '(10, 27)', '(23, 33)', '(14, 35)', '(10, 33)', '(22, 35)', '(31, 28)', '(29, 28)', '(27, 30)', '(35, 30)', '(25, 32)', '(12, 31)']","['(10, 27)', '(11, 34)', '(10, 33)', '(23, 33)', '(14, 35)', '(12, 31)', '(22, 35)', '(31, 28)', '(29, 28)', '(27, 30)', '(35, 30)', '(25, 32)']","[(15, 21), (18, 17), (15, 30), (27, 4), (18, 35), (27, 13), (19, 9), (11, 23), (33, 20), (33, 29), (25, 25), (34, 3), (22, 19), (14, 33), (15, 7), (18, 3), (15, 25), (26, 25), (7, 21), (29, 27), (30, 13), (21, 32), (33, 6), (33, 15), (25, 11), (25, 20), (25, 29), (34, 7), (14, 19), (15, 2), (15, 11), (26, 11), (29, 13), (29, 22), (21, 18), (21, 27), (33, 1), (33, 10), (25, 6), (33, 19), ... (+367 more)]",168,34,34
408,"(10, 27)","(11, 27)",West,"['(11, 27)', '(9, 27)']","['(10, 27)', '(11, 34)', '(10, 33)', '(23, 33)', '(14, 35)', '(12, 31)', '(22, 35)', '(31, 28)', '(29, 28)', '(27, 30)', '(35, 30)', '(25, 32)']","['(9, 27)', '(11, 34)', '(10, 33)', '(23, 33)', '(14, 35)', '(12, 31)', '(22, 35)', '(31, 28)', '(29, 28)', '(27, 30)', '(35, 30)', '(25, 32)']","[(15, 21), (18, 17), (15, 30), (27, 4), (18, 35), (27, 13), (19, 9), (11, 23), (33, 20), (33, 29), (10, 27), (25, 25), (34, 3), (22, 19), (14, 33), (15, 7), (18, 3), (15, 25), (26, 25), (7, 21), (29, 27), (30, 13), (21, 32), (33, 6), (33, 15), (25, 11), (25, 20), (25, 29), (34, 7), (14, 19), (15, 2), (15, 11), (26, 11), (29, 13), (29, 22), (21, 18), (21, 27), (33, 1), (33, 10), (25, 6), ... (+368 more)]",167,35,35
409,"(9, 27)","(10, 27)",West,"['(9, 26)', '(10, 27)', '(8, 27)']","['(9, 27)', '(11, 34)', '(10, 33)', '(23, 33)', '(14, 35)', '(12, 31)', '(22, 35)', '(31, 28)', '(29, 28)', '(27, 30)', '(35, 30)', '(25, 32)']","['(9, 26)', '(11, 34)', '(8, 27)', '(23, 33)', '(14, 35)', '(10, 33)', '(22, 35)', '(31, 28)', '(29, 28)', '(27, 30)', '(35, 30)', '(25, 32)', '(12, 31)']","[(15, 21), (18, 17), (15, 30), (27, 4), (18, 35), (27, 13), (19, 9), (11, 23), (33, 20), (33, 29), (10, 27), (25, 25), (34, 3), (22, 19), (14, 33), (15, 7), (18, 3), (15, 25), (26, 25), (7, 21), (29, 27), (30, 13), (21, 32), (33, 6), (33, 15), (25, 11), (25, 20), (25, 29), (34, 7), (14, 19), (15, 2), (15, 11), (26, 11), (29, 13), (29, 22), (21, 18), (21, 27), (33, 1), (33, 10), (25, 6), ... (+369 more)]",168,34,34
410,"(9, 26)","(9, 27)",South,"['(9, 27)', '(9, 25)']","['(9, 26)', '(11, 34)', '(8, 27)', '(23, 33)', '(14, 35)', '(10, 33)', '(22, 35)', '(31, 28)', '(29, 28)', '(27, 30)', '(35, 30)', '(25, 32)', '(12, 31)']","['(9, 25)', '(11, 34)', '(8, 27)', '(23, 33)', '(14, 35)', '(10, 33)', '(22, 35)', '(31, 28)', '(29, 28)', '(27, 30)', '(35, 30)', '(25, 32)', '(12, 31)']","[(15, 21), (18, 17), (15, 30), (27, 4), (18, 35), (27, 13), (19, 9), (11, 23), (33, 20), (33, 29), (10, 27), (25, 25), (34, 3), (22, 19), (14, 33), (15, 7), (18, 3), (15, 25), (26, 25), (7, 21), (29, 27), (30, 13), (21, 32), (33, 6), (33, 15), (25, 11), (25, 20), (25, 29), (34, 7), (14, 19), (15, 2), (15, 11), (26, 11), (29, 13), (29, 22), (21, 18), (21, 27), (33, 1), (33, 10), (25, 6), ... (+370 more)]",169,33,33
411,"(9, 25)","(9, 26)",South,"['(9, 26)', '(8, 25)']","['(9, 25)', '(11, 34)', '(8, 27)', '(23, 33)', '(14, 35)', '(10, 33)', '(22, 35)', '(31, 28)', '(29, 28)', '(27, 30)', '(35, 30)', '(25, 32)', '(12, 31)']","['(8, 25)', '(11, 34)', '(8, 27)', '(23, 33)', '(14, 35)', '(10, 33)', '(22, 35)', '(31, 28)', '(29, 28)', '(27, 30)', '(35, 30)', '(25, 32)', '(12, 31)']","[(15, 21), (18, 17), (15, 30), (27, 4), (18, 35), (27, 13), (19, 9), (11, 23), (33, 20), (33, 29), (10, 27), (25, 25), (34, 3), (22, 19), (14, 33), (15, 7), (18, 3), (15, 25), (26, 25), (7, 21), (29, 27), (30, 13), (21, 32), (33, 6), (33, 15), (25, 11), (25, 20), (25, 29), (34, 7), (14, 19), (15, 2), (15, 11), (26, 11), (29, 13), (29, 22), (21, 18), (21, 27), (33, 1), (33, 10), (25, 6), ... (+371 more)]",170,32,32
412,"(8, 25)","(9, 25)",West,"['(9, 25)', '(7, 25)']","['(8, 25)', '(11, 34)', '(8, 27)', '(23, 33)', '(14, 35)', '(10, 33)', '(22, 35)', '(31, 28)', '(29, 28)', '(27, 30)', '(35, 30)', '(25, 32)', '(12, 31)']","['(7, 25)', '(11, 34)', '(8, 27)', '(23, 33)', '(14, 35)', '(10, 33)', '(22, 35)', '(31, 28)', '(29, 28)', '(27, 30)', '(35, 30)', '(25, 32)', '(12, 31)']","[(15, 21), (18, 17), (15, 30), (27, 4), (18, 35), (27, 13), (19, 9), (11, 23), (33, 20), (33, 29), (10, 27), (25, 25), (34, 3), (22, 19), (14, 33), (15, 7), (18, 3), (15, 25), (26, 25), (7, 21), (29, 27), (30, 13), (21, 32), (33, 6), (33, 15), (25, 11), (25, 20), (25, 29), (34, 7), (14, 19), (15, 2), (15, 11), (26, 11), (29, 13), (29, 22), (21, 18), (21, 27), (33, 1), (33, 10), (25, 6), ... (+372 more)]",171,31,31
413,"(7, 25)","(8, 25)",West,"['(8, 25)', '(6, 25)']","['(7, 25)', '(11, 34)', '(8, 27)', '(23, 33)', '(14, 35)', '(10, 33)', '(22, 35)', '(31, 28)', '(29, 28)', '(27, 30)', '(35, 30)', '(25, 32)', '(12, 31)']","['(6, 25)', '(11, 34)', '(8, 27)', '(23, 33)', '(14, 35)', '(10, 33)', '(22, 35)', '(31, 28)', '(29, 28)', '(27, 30)', '(35, 30)', '(25, 32)', '(12, 31)']","[(15, 21), (18, 17), (15, 30), (27, 4), (18, 35), (27, 13), (19, 9), (11, 23), (33, 20), (33, 29), (10, 27), (25, 25), (34, 3), (22, 19), (14, 33), (15, 7), (18, 3), (15, 25), (26, 25), (7, 21), (29, 27), (30, 13), (21, 32), (33, 6), (33, 15), (25, 11), (25, 20), (25, 29), (34, 7), (14, 19), (15, 2), (15, 11), (26, 11), (29, 13), (29, 22), (21, 18), (21, 27), (33, 1), (33, 10), (25, 6), ... (+373 more)]",172,30,30
414,"(6, 25)","(7, 25)",West,"['(7, 25)', '(5, 25)']","['(6, 25)', '(11, 34)', '(8, 27)', '(23, 33)', '(14, 35)', '(10, 33)', '(22, 35)', '(31, 28)', '(29, 28)', '(27, 30)', '(35, 30)', '(25, 32)', '(12, 31)']","['(5, 25)', '(11, 34)', '(8, 27)', '(23, 33)', '(14, 35)', '(10, 33)', '(22, 35)', '(31, 28)', '(29, 28)', '(27, 30)', '(35, 30)', '(25, 32)', '(12, 31)']","[(15, 21), (18, 17), (15, 30), (27, 4), (18, 35), (27, 13), (19, 9), (11, 23), (33, 20), (33, 29), (10, 27), (25, 25), (34, 3), (22, 19), (14, 33), (15, 7), (18, 3), (15, 25), (26, 25), (7, 21), (29, 27), (30, 13), (21, 32), (33, 6), (33, 15), (25, 11), (25, 20), (25, 29), (34, 7), (14, 19), (15, 2), (15, 11), (26, 11), (29, 13), (29, 22), (21, 18), (21, 27), (33, 1), (33, 10), (25, 6), ... (+374 more)]",173,29,29
415,"(5, 25)","(6, 25)",West,"['(5, 24)', '(6, 25)']","['(5, 25)', '(11, 34)', '(8, 27)', '(23, 33)', '(14, 35)', '(10, 33)', '(22, 35)', '(31, 28)', '(29, 28)', '(27, 30)', '(35, 30)', '(25, 32)', '(12, 31)']","['(5, 24)', '(11, 34)', '(8, 27)', '(23, 33)', '(14, 35)', '(10, 33)', '(22, 35)', '(31, 28)', '(29, 28)', '(27, 30)', '(35, 30)', '(25, 32)', '(12, 31)']","[(15, 21), (18, 17), (15, 30), (27, 4), (18, 35), (27, 13), (19, 9), (11, 23), (33, 20), (33, 29), (10, 27), (25, 25), (34, 3), (22, 19), (14, 33), (15, 7), (18, 3), (15, 25), (26, 25), (7, 21), (29, 27), (30, 13), (21, 32), (33, 6), (33, 15), (25, 11), (25, 20), (25, 29), (34, 7), (14, 19), (15, 2), (15, 11), (26, 11), (29, 13), (29, 22), (21, 18), (21, 27), (33, 1), (33, 10), (25, 6), ... (+375 more)]",174,28,28
416,"(5, 24)","(5, 25)",South,"['(5, 25)', '(5, 23)']","['(5, 24)', '(11, 34)', '(8, 27)', '(23, 33)', '(14, 35)', '(10, 33)', '(22, 35)', '(31, 28)', '(29, 28)', '(27, 30)', '(35, 30)', '(25, 32)', '(12, 31)']","['(5, 23)', '(11, 34)', '(8, 27)', '(23, 33)', '(14, 35)', '(10, 33)', '(22, 35)', '(31, 28)', '(29, 28)', '(27, 30)', '(35, 30)', '(25, 32)', '(12, 31)']","[(15, 21), (18, 17), (15, 30), (27, 4), (18, 35), (27, 13), (19, 9), (11, 23), (33, 20), (33, 29), (10, 27), (25, 25), (34, 3), (22, 19), (14, 33), (15, 7), (18, 3), (15, 25), (26, 25), (7, 21), (29, 27), (30, 13), (21, 32), (33, 6), (33, 15), (25, 11), (25, 20), (25, 29), (34, 7), (14, 19), (15, 2), (15, 11), (26, 11), (29, 13), (29, 22), (21, 18), (21, 27), (33, 1), (33, 10), (25, 6), ... (+376 more)]",175,27,27
417,"(5, 23)","(5, 24)",South,"['(5, 24)']","['(5, 23)', '(11, 34)', '(8, 27)', '(23, 33)', '(14, 35)', '(10, 33)', '(22, 35)', '(31, 28)', '(29, 28)', '(27, 30)', '(35, 30)', '(25, 32)', '(12, 31)']","['(8, 27)', '(11, 34)', '(10, 33)', '(23, 33)', '(14, 35)', '(12, 31)', '(22, 35)', '(31, 28)', '(29, 28)', '(27, 30)', '(35, 30)', '(25, 32)']","[(15, 21), (18, 17), (15, 30), (27, 4), (18, 35), (27, 13), (19, 9), (11, 23), (33, 20), (33, 29), (10, 27), (25, 25), (34, 3), (22, 19), (14, 33), (15, 7), (18, 3), (15, 25), (26, 25), (7, 21), (29, 27), (30, 13), (21, 32), (33, 6), (33, 15), (25, 11), (25, 20), (25, 29), (34, 7), (14, 19), (15, 2), (15, 11), (26, 11), (29, 13), (29, 22), (21, 18), (21, 27), (33, 1), (33, 10), (25, 6), ... (+377 more)]",176,26,26
418,"(8, 27)","(9, 27)",West,"['(9, 27)', '(7, 27)']","['(8, 27)', '(11, 34)', '(10, 33)', '(23, 33)', '(14, 35)', '(12, 31)', '(22, 35)', '(31, 28)', '(29, 28)', '(27, 30)', '(35, 30)', '(25, 32)']","['(7, 27)', '(11, 34)', '(10, 33)', '(23, 33)', '(14, 35)', '(12, 31)', '(22, 35)', '(31, 28)', '(29, 28)', '(27, 30)', '(35, 30)', '(25, 32)']","[(15, 21), (18, 17), (15, 30), (27, 4), (18, 35), (27, 13), (19, 9), (11, 23), (33, 20), (33, 29), (10, 27), (25, 25), (34, 3), (22, 19), (14, 33), (15, 7), (18, 3), (15, 25), (26, 25), (7, 21), (29, 27), (30, 13), (21, 32), (33, 6), (33, 15), (25, 11), (25, 20), (25, 29), (34, 7), (14, 19), (15, 2), (15, 11), (26, 11), (29, 13), (29, 22), (21, 18), (21, 27), (33, 1), (33, 10), (25, 6), ... (+378 more)]",169,33,33
419,"(7, 27)","(8, 27)",West,"['(8, 27)', '(6, 27)']","['(7, 27)', '(11, 34)', '(10, 33)', '(23, 33)', '(14, 35)', '(12, 31)', '(22, 35)', '(31, 28)', '(29, 28)', '(27, 30)', '(35, 30)', '(25, 32)']","['(6, 27)', '(11, 34)', '(10, 33)', '(23, 33)', '(14, 35)', '(12, 31)', '(22, 35)', '(31, 28)', '(29, 28)', '(27, 30)', '(35, 30)', '(25, 32)']","[(15, 21), (18, 17), (15, 30), (27, 4), (18, 35), (27, 13), (19, 9), (11, 23), (33, 20), (33, 29), (10, 27), (25, 25), (34, 3), (22, 19), (14, 33), (15, 7), (18, 3), (15, 25), (26, 25), (7, 21), (29, 27), (30, 13), (21, 32), (33, 6), (33, 15), (25, 11), (25, 20), (25, 29), (34, 7), (14, 19), (15, 2), (15, 11), (26, 11), (29, 13), (29, 22), (21, 18), (21, 27), (33, 1), (33, 10), (25, 6), ... (+379 more)]",170,32,32
420,"(6, 27)","(7, 27)",West,"['(7, 27)', '(5, 27)']","['(6, 27)', '(11, 34)', '(10, 33)', '(23, 33)', '(14, 35)', '(12, 31)', '(22, 35)', '(31, 28)', '(29, 28)', '(27, 30)', '(35, 30)', '(25, 32)']","['(5, 27)', '(11, 34)', '(10, 33)', '(23, 33)', '(14, 35)', '(12, 31)', '(22, 35)', '(31, 28)', '(29, 28)', '(27, 30)', '(35, 30)', '(25, 32)']","[(15, 21), (18, 17), (15, 30), (27, 4), (18, 35), (27, 13), (19, 9), (11, 23), (33, 20), (33, 29), (10, 27), (25, 25), (34, 3), (22, 19), (14, 33), (15, 7), (18, 3), (15, 25), (26, 25), (7, 21), (29, 27), (30, 13), (21, 32), (33, 6), (33, 15), (25, 11), (25, 20), (25, 29), (34, 7), (14, 19), (15, 2), (15, 11), (26, 11), (29, 13), (29, 22), (21, 18), (21, 27), (33, 1), (33, 10), (25, 6), ... (+380 more)]",171,31,31
421,"(5, 27)","(6, 27)",West,"['(6, 27)', '(4, 27)']","['(5, 27)', '(11, 34)', '(10, 33)', '(23, 33)', '(14, 35)', '(12, 31)', '(22, 35)', '(31, 28)', '(29, 28)', '(27, 30)', '(35, 30)', '(25, 32)']","['(4, 27)', '(11, 34)', '(10, 33)', '(23, 33)', '(14, 35)', '(12, 31)', '(22, 35)', '(31, 28)', '(29, 28)', '(27, 30)', '(35, 30)', '(25, 32)']","[(15, 21), (18, 17), (15, 30), (27, 4), (18, 35), (27, 13), (19, 9), (11, 23), (33, 20), (33, 29), (10, 27), (25, 25), (34, 3), (22, 19), (14, 33), (15, 7), (18, 3), (15, 25), (26, 25), (7, 21), (29, 27), (30, 13), (21, 32), (33, 6), (33, 15), (25, 11), (25, 20), (25, 29), (34, 7), (14, 19), (15, 2), (15, 11), (26, 11), (29, 13), (29, 22), (21, 18), (21, 27), (33, 1), (33, 10), (25, 6), ... (+381 more)]",172,30,30
422,"(4, 27)","(5, 27)",West,"['(5, 27)', '(3, 27)']","['(4, 27)', '(11, 34)', '(10, 33)', '(23, 33)', '(14, 35)', '(12, 31)', '(22, 35)', '(31, 28)', '(29, 28)', '(27, 30)', '(35, 30)', '(25, 32)']","['(3, 27)', '(11, 34)', '(10, 33)', '(23, 33)', '(14, 35)', '(12, 31)', '(22, 35)', '(31, 28)', '(29, 28)', '(27, 30)', '(35, 30)', '(25, 32)']","[(15, 21), (18, 17), (15, 30), (27, 4), (18, 35), (27, 13), (19, 9), (11, 23), (33, 20), (33, 29), (10, 27), (25, 25), (34, 3), (22, 19), (14, 33), (15, 7), (18, 3), (15, 25), (26, 25), (7, 21), (29, 27), (30, 13), (21, 32), (33, 6), (33, 15), (25, 11), (25, 20), (25, 29), (34, 7), (14, 19), (15, 2), (15, 11), (26, 11), (29, 13), (29, 22), (21, 18), (21, 27), (33, 1), (33, 10), (25, 6), ... (+382 more)]",173,29,29
423,"(3, 27)","(4, 27)",West,"['(3, 28)', '(3, 26)', '(4, 27)', '(2, 27)']","['(3, 27)', '(11, 34)', '(10, 33)', '(23, 33)', '(14, 35)', '(12, 31)', '(22, 35)', '(31, 28)', '(29, 28)', '(27, 30)', '(35, 30)', '(25, 32)']","['(3, 26)', '(11, 34)', '(2, 27)', '(23, 33)', '(14, 35)', '(10, 33)', '(3, 28)', '(31, 28)', '(29, 28)', '(27, 30)', '(35, 30)', '(25, 32)', '(12, 31)', '(22, 35)']","[(15, 21), (18, 17), (15, 30), (27, 4), (18, 35), (27, 13), (19, 9), (11, 23), (33, 20), (33, 29), (10, 27), (25, 25), (34, 3), (22, 19), (14, 33), (15, 7), (18, 3), (15, 25), (26, 25), (7, 21), (29, 27), (30, 13), (21, 32), (33, 6), (33, 15), (25, 11), (25, 20), (25, 29), (34, 7), (14, 19), (15, 2), (15, 11), (26, 11), (29, 13), (29, 22), (21, 18), (21, 27), (33, 1), (33, 10), (25, 6), ... (+383 more)]",174,28,28
424,"(3, 26)","(3, 27)",South,"['(3, 27)', '(3, 25)']","['(3, 26)', '(11, 34)', '(2, 27)', '(23, 33)', '(14, 35)', '(10, 33)', '(3, 28)', '(31, 28)', '(29, 28)', '(27, 30)', '(35, 30)', '(25, 32)', '(12, 31)', '(22, 35)']","['(3, 25)', '(11, 34)', '(2, 27)', '(23, 33)', '(14, 35)', '(10, 33)', '(3, 28)', '(31, 28)', '(29, 28)', '(27, 30)', '(35, 30)', '(25, 32)', '(12, 31)', '(22, 35)']","[(15, 21), (18, 17), (15, 30), (27, 4), (18, 35), (27, 13), (19, 9), (11, 23), (33, 20), (33, 29), (10, 27), (25, 25), (34, 3), (22, 19), (14, 33), (15, 7), (18, 3), (15, 25), (26, 25), (7, 21), (29, 27), (30, 13), (21, 32), (33, 6), (33, 15), (25, 11), (25, 20), (25, 29), (34, 7), (14, 19), (15, 2), (15, 11), (26, 11), (29, 13), (29, 22), (21, 18), (21, 27), (33, 1), (33, 10), (25, 6), ... (+384 more)]",175,27,27
425,"(3, 25)","(3, 26)",South,"['(3, 26)', '(3, 24)']","['(3, 25)', '(11, 34)', '(2, 27)', '(23, 33)', '(14, 35)', '(10, 33)', '(3, 28)', '(31, 28)', '(29, 28)', '(27, 30)', '(35, 30)', '(25, 32)', '(12, 31)', '(22, 35)']","['(3, 24)', '(11, 34)', '(2, 27)', '(23, 33)', '(14, 35)', '(10, 33)', '(3, 28)', '(31, 28)', '(29, 28)', '(27, 30)', '(35, 30)', '(25, 32)', '(12, 31)', '(22, 35)']","[(15, 21), (18, 17), (15, 30), (27, 4), (18, 35), (27, 13), (19, 9), (11, 23), (33, 20), (33, 29), (10, 27), (25, 25), (34, 3), (22, 19), (14, 33), (15, 7), (18, 3), (15, 25), (26, 25), (7, 21), (29, 27), (30, 13), (21, 32), (33, 6), (33, 15), (25, 11), (25, 20), (25, 29), (34, 7), (14, 19), (15, 2), (15, 11), (26, 11), (29, 13), (29, 22), (21, 18), (21, 27), (33, 1), (33, 10), (25, 6), ... (+385 more)]",176,26,26
426,"(3, 24)","(3, 25)",South,"['(3, 25)', '(3, 23)']","['(3, 24)', '(11, 34)', '(2, 27)', '(23, 33)', '(14, 35)', '(10, 33)', '(3, 28)', '(31, 28)', '(29, 28)', '(27, 30)', '(35, 30)', '(25, 32)', '(12, 31)', '(22, 35)']","['(3, 23)', '(11, 34)', '(2, 27)', '(23, 33)', '(14, 35)', '(10, 33)', '(3, 28)', '(31, 28)', '(29, 28)', '(27, 30)', '(35, 30)', '(25, 32)', '(12, 31)', '(22, 35)']","[(15, 21), (18, 17), (15, 30), (27, 4), (18, 35), (27, 13), (19, 9), (11, 23), (33, 20), (33, 29), (10, 27), (25, 25), (34, 3), (22, 19), (3, 24), (14, 33), (15, 7), (18, 3), (15, 25), (26, 25), (7, 21), (29, 27), (30, 13), (21, 32), (33, 6), (33, 15), (25, 11), (25, 20), (25, 29), (34, 7), (14, 19), (15, 2), (15, 11), (26, 11), (29, 13), (29, 22), (21, 18), (21, 27), (33, 1), (33, 10), ... (+386 more)]",177,25,25
427,"(3, 23)","(3, 24)",South,"['(3, 24)', '(3, 22)']","['(3, 23)', '(11, 34)', '(2, 27)', '(23, 33)', '(14, 35)', '(10, 33)', '(3, 28)', '(31, 28)', '(29, 28)', '(27, 30)', '(35, 30)', '(25, 32)', '(12, 31)', '(22, 35)']","['(3, 22)', '(11, 34)', '(2, 27)', '(23, 33)', '(14, 35)', '(10, 33)', '(3, 28)', '(31, 28)', '(29, 28)', '(27, 30)', '(35, 30)', '(25, 32)', '(12, 31)', '(22, 35)']","[(15, 21), (18, 17), (15, 30), (27, 4), (18, 35), (27, 13), (19, 9), (11, 23), (33, 20), (33, 29), (10, 27), (25, 25), (34, 3), (22, 19), (3, 24), (14, 33), (15, 7), (18, 3), (15, 25), (26, 25), (7, 21), (29, 27), (30, 13), (21, 32), (33, 6), (33, 15), (25, 11), (25, 20), (25, 29), (34, 7), (14, 19), (15, 2), (15, 11), (26, 11), (29, 13), (29, 22), (21, 18), (21, 27), (33, 1), (33, 10), ... (+387 more)]",178,24,24
428,"(3, 22)","(3, 23)",South,"['(3, 23)', '(3, 21)']","['(3, 22)', '(11, 34)', '(2, 27)', '(23, 33)', '(14, 35)', '(10, 33)', '(3, 28)', '(31, 28)', '(29, 28)', '(27, 30)', '(35, 30)', '(25, 32)', '(12, 31)', '(22, 35)']","['(3, 21)', '(11, 34)', '(2, 27)', '(23, 33)', '(14, 35)', '(10, 33)', '(3, 28)', '(31, 28)', '(29, 28)', '(27, 30)', '(35, 30)', '(25, 32)', '(12, 31)', '(22, 35)']","[(15, 21), (18, 17), (15, 30), (27, 4), (18, 35), (27, 13), (19, 9), (11, 23), (33, 20), (33, 29), (10, 27), (25, 25), (34, 3), (22, 19), (3, 24), (14, 33), (15, 7), (18, 3), (15, 25), (26, 25), (7, 21), (29, 27), (30, 13), (21, 32), (33, 6), (33, 15), (25, 11), (25, 20), (25, 29), (34, 7), (14, 19), (15, 2), (15, 11), (26, 11), (29, 13), (29, 22), (21, 18), (21, 27), (33, 1), (33, 10), ... (+388 more)]",179,23,23
429,"(3, 21)","(3, 22)",South,"['(3, 22)', '(3, 20)', '(4, 21)', '(2, 21)']","['(3, 21)', '(11, 34)', '(2, 27)', '(23, 33)', '(14, 35)', '(10, 33)', '(3, 28)', '(31, 28)', '(29, 28)', '(27, 30)', '(35, 30)', '(25, 32)', '(12, 31)', '(22, 35)']","['(3, 20)', '(2, 21)', '(4, 21)', '(11, 34)', '(14, 35)', '(10, 33)', '(2, 27)', '(23, 33)', '(29, 28)', '(27, 30)', '(35, 30)', '(25, 32)', '(12, 31)', '(22, 35)', '(3, 28)', '(31, 28)']","[(15, 21), (18, 17), (15, 30), (27, 4), (18, 35), (27, 13), (19, 9), (11, 23), (33, 20), (33, 29), (10, 27), (25, 25), (34, 3), (22, 19), (3, 24), (14, 33), (15, 7), (18, 3), (15, 25), (26, 25), (7, 21), (29, 27), (30, 13), (21, 32), (33, 6), (33, 15), (25, 11), (25, 20), (25, 29), (34, 7), (14, 19), (15, 2), (15, 11), (26, 11), (29, 13), (29, 22), (21, 18), (21, 27), (33, 1), (33, 10), ... (+389 more)]",180,22,22
430,"(3, 20)","(3, 21)",South,"['(3, 21)', '(3, 19)']","['(3, 20)', '(2, 21)', '(4, 21)', '(11, 34)', '(14, 35)', '(10, 33)', '(2, 27)', '(23, 33)', '(29, 28)', '(27, 30)', '(35, 30)', '(25, 32)', '(12, 31)', '(22, 35)', '(3, 28)', '(31, 28)']","['(3, 19)', '(2, 21)', '(4, 21)', '(11, 34)', '(14, 35)', '(10, 33)', '(2, 27)', '(23, 33)', '(29, 28)', '(27, 30)', '(35, 30)', '(25, 32)', '(12, 31)', '(22, 35)', '(3, 28)', '(31, 28)']","[(15, 21), (18, 17), (15, 30), (27, 4), (18, 35), (27, 13), (19, 9), (11, 23), (33, 20), (33, 29), (10, 27), (25, 25), (34, 3), (22, 19), (3, 24), (14, 33), (15, 7), (18, 3), (15, 25), (26, 25), (7, 21), (29, 27), (30, 13), (21, 32), (33, 6), (33, 15), (25, 11), (25, 20), (25, 29), (34, 7), (14, 19), (15, 2), (15, 11), (26, 11), (29, 13), (29, 22), (21, 18), (21, 27), (33, 1), (33, 10), ... (+390 more)]",181,21,21
431,"(3, 19)","(3, 20)",South,"['(3, 20)', '(3, 18)']","['(3, 19)', '(2, 21)', '(4, 21)', '(11, 34)', '(14, 35)', '(10, 33)', '(2, 27)', '(23, 33)', '(29, 28)', '(27, 30)', '(35, 30)', '(25, 32)', '(12, 31)', '(22, 35)', '(3, 28)', '(31, 28)']","['(3, 18)', '(2, 21)', '(4, 21)', '(11, 34)', '(14, 35)', '(10, 33)', '(2, 27)', '(23, 33)', '(29, 28)', '(27, 30)', '(35, 30)', '(25, 32)', '(12, 31)', '(22, 35)', '(3, 28)', '(31, 28)']","[(15, 21), (18, 17), (15, 30), (27, 4), (18, 35), (27, 13), (19, 9), (11, 23), (33, 20), (33, 29), (10, 27), (25, 25), (34, 3), (22, 19), (3, 24), (14, 33), (15, 7), (18, 3), (15, 25), (26, 25), (7, 21), (29, 27), (30, 13), (21, 32), (33, 6), (33, 15), (25, 11), (25, 20), (25, 29), (34, 7), (14, 19), (3, 19), (15, 2), (15, 11), (26, 11), (29, 13), (29, 22), (21, 18), (21, 27), (33, 1), ... (+391 more)]",182,20,20
432,"(3, 18)","(3, 19)",South,"['(3, 19)', '(3, 17)']","['(3, 18)', '(2, 21)', '(4, 21)', '(11, 34)', '(14, 35)', '(10, 33)', '(2, 27)', '(23, 33)', '(29, 28)', '(27, 30)', '(35, 30)', '(25, 32)', '(12, 31)', '(22, 35)', '(3, 28)', '(31, 28)']","['(3, 17)', '(2, 21)', '(4, 21)', '(11, 34)', '(14, 35)', '(10, 33)', '(2, 27)', '(23, 33)', '(29, 28)', '(27, 30)', '(35, 30)', '(25, 32)', '(12, 31)', '(22, 35)', '(3, 28)', '(31, 28)']","[(15, 21), (18, 17), (15, 30), (27, 4), (18, 35), (27, 13), (19, 9), (11, 23), (33, 20), (33, 29), (10, 27), (25, 25), (34, 3), (22, 19), (3, 24), (14, 33), (15, 7), (18, 3), (15, 25), (26, 25), (7, 21), (29, 27), (30, 13), (21, 32), (33, 6), (33, 15), (25, 11), (25, 20), (25, 29), (34, 7), (14, 19), (3, 19), (15, 2), (15, 11), (26, 11), (29, 13), (29, 22), (21, 18), (21, 27), (33, 1), ... (+392 more)]",183,19,19
433,"(3, 17)","(3, 18)",South,"['(3, 18)', '(4, 17)', '(2, 17)']","['(3, 17)', '(2, 21)', '(4, 21)', '(11, 34)', '(14, 35)', '(10, 33)', '(2, 27)', '(23, 33)', '(29, 28)', '(27, 30)', '(35, 30)', '(25, 32)', '(12, 31)', '(22, 35)', '(3, 28)', '(31, 28)']","['(2, 17)', '(4, 17)', '(4, 21)', '(2, 21)', '(14, 35)', '(10, 33)', '(2, 27)', '(11, 34)', '(29, 28)', '(27, 30)', '(35, 30)', '(25, 32)', '(12, 31)', '(22, 35)', '(3, 28)', '(31, 28)', '(23, 33)']","[(15, 21), (18, 17), (15, 30), (27, 4), (18, 35), (27, 13), (19, 9), (11, 23), (33, 20), (33, 29), (10, 27), (25, 25), (34, 3), (22, 19), (3, 24), (14, 33), (15, 7), (18, 3), (15, 25), (26, 25), (7, 21), (29, 27), (30, 13), (21, 32), (33, 6), (33, 15), (25, 11), (25, 20), (25, 29), (34, 7), (14, 19), (3, 19), (15, 2), (15, 11), (26, 11), (29, 13), (29, 22), (21, 18), (21, 27), (33, 1), ... (+393 more)]",184,18,18
434,"(2, 17)","(3, 17)",West,"['(3, 17)', '(1, 17)']","['(2, 17)', '(4, 17)', '(4, 21)', '(2, 21)', '(14, 35)', '(10, 33)', '(2, 27)', '(11, 34)', '(29, 28)', '(27, 30)', '(35, 30)', '(25, 32)', '(12, 31)', '(22, 35)', '(3, 28)', '(31, 28)', '(23, 33)']","['(1, 17)', '(4, 17)', '(4, 21)', '(2, 21)', '(14, 35)', '(10, 33)', '(2, 27)', '(11, 34)', '(29, 28)', '(27, 30)', '(35, 30)', '(25, 32)', '(12, 31)', '(22, 35)', '(3, 28)', '(31, 28)', '(23, 33)']","[(15, 21), (18, 17), (15, 30), (27, 4), (18, 35), (27, 13), (19, 9), (11, 23), (33, 20), (33, 29), (10, 27), (25, 25), (34, 3), (22, 19), (3, 24), (14, 33), (15, 7), (18, 3), (15, 25), (26, 25), (7, 21), (29, 27), (30, 13), (21, 32), (33, 6), (33, 15), (25, 11), (25, 20), (25, 29), (34, 7), (14, 19), (3, 19), (15, 2), (15, 11), (26, 11), (29, 13), (29, 22), (21, 18), (21, 27), (33, 1), ... (+394 more)]",185,17,17
435,"(1, 17)","(2, 17)",West,"['(2, 17)']","['(1, 17)', '(4, 17)', '(4, 21)', '(2, 21)', '(14, 35)', '(10, 33)', '(2, 27)', '(11, 34)', '(29, 28)', '(27, 30)', '(35, 30)', '(25, 32)', '(12, 31)', '(22, 35)', '(3, 28)', '(31, 28)', '(23, 33)']","['(4, 17)', '(2, 21)', '(4, 21)', '(11, 34)', '(14, 35)', '(10, 33)', '(2, 27)', '(23, 33)', '(29, 28)', '(27, 30)', '(35, 30)', '(25, 32)', '(12, 31)', '(22, 35)', '(3, 28)', '(31, 28)']","[(15, 21), (18, 17), (15, 30), (27, 4), (18, 35), (27, 13), (19, 9), (11, 23), (33, 20), (33, 29), (10, 27), (25, 25), (34, 3), (22, 19), (3, 24), (14, 33), (15, 7), (18, 3), (15, 25), (26, 25), (7, 21), (29, 27), (30, 13), (21, 32), (33, 6), (33, 15), (25, 11), (25, 20), (25, 29), (34, 7), (14, 19), (3, 19), (15, 2), (15, 11), (26, 11), (29, 13), (29, 22), (21, 18), (21, 27), (33, 1), ... (+395 more)]",186,16,16
436,"(4, 17)","(3, 17)",East,"['(5, 17)', '(3, 17)']","['(4, 17)', '(2, 21)', '(4, 21)', '(11, 34)', '(14, 35)', '(10, 33)', '(2, 27)', '(23, 33)', '(29, 28)', '(27, 30)', '(35, 30)', '(25, 32)', '(12, 31)', '(22, 35)', '(3, 28)', '(31, 28)']","['(5, 17)', '(2, 21)', '(4, 21)', '(11, 34)', '(14, 35)', '(10, 33)', '(2, 27)', '(23, 33)', '(29, 28)', '(27, 30)', '(35, 30)', '(25, 32)', '(12, 31)', '(22, 35)', '(3, 28)', '(31, 28)']","[(15, 21), (18, 17), (15, 30), (27, 4), (18, 35), (27, 13), (19, 9), (11, 23), (33, 20), (33, 29), (10, 27), (25, 25), (34, 3), (22, 19), (3, 24), (14, 33), (15, 7), (18, 3), (15, 25), (26, 25), (7, 21), (29, 27), (30, 13), (21, 32), (33, 6), (33, 15), (25, 11), (25, 20), (25, 29), (34, 7), (14, 19), (3, 19), (15, 2), (15, 11), (26, 11), (29, 13), (29, 22), (21, 18), (21, 27), (33, 1), ... (+396 more)]",185,19,19
437,"(5, 17)","(4, 17)",East,"['(5, 16)', '(6, 17)', '(4, 17)']","['(5, 17)', '(2, 21)', '(4, 21)', '(11, 34)', '(14, 35)', '(10, 33)', '(2, 27)', '(23, 33)', '(29, 28)', '(27, 30)', '(35, 30)', '(25, 32)', '(12, 31)', '(22, 35)', '(3, 28)', '(31, 28)']","['(5, 16)', '(2, 21)', '(4, 21)', '(6, 17)', '(14, 35)', '(10, 33)', '(2, 27)', '(11, 34)', '(29, 28)', '(27, 30)', '(35, 30)', '(25, 32)', '(12, 31)', '(22, 35)', '(3, 28)', '(31, 28)', '(23, 33)']","[(15, 21), (18, 17), (15, 30), (27, 4), (18, 35), (27, 13), (19, 9), (11, 23), (33, 20), (33, 29), (10, 27), (25, 25), (34, 3), (22, 19), (3, 24), (14, 33), (15, 7), (18, 3), (15, 25), (26, 25), (7, 21), (29, 27), (30, 13), (21, 32), (33, 6), (33, 15), (25, 11), (25, 20), (25, 29), (34, 7), (14, 19), (3, 19), (15, 2), (15, 11), (26, 11), (29, 13), (29, 22), (21, 18), (21, 27), (33, 1), ... (+397 more)]",186,20,20
438,"(5, 16)","(5, 17)",South,"['(5, 17)', '(5, 15)']","['(5, 16)', '(2, 21)', '(4, 21)', '(6, 17)', '(14, 35)', '(10, 33)', '(2, 27)', '(11, 34)', '(29, 28)', '(27, 30)', '(35, 30)', '(25, 32)', '(12, 31)', '(22, 35)', '(3, 28)', '(31, 28)', '(23, 33)']","['(5, 15)', '(2, 21)', '(4, 21)', '(6, 17)', '(14, 35)', '(10, 33)', '(2, 27)', '(11, 34)', '(29, 28)', '(27, 30)', '(35, 30)', '(25, 32)', '(12, 31)', '(22, 35)', '(3, 28)', '(31, 28)', '(23, 33)']","[(15, 21), (18, 17), (15, 30), (27, 4), (18, 35), (27, 13), (19, 9), (11, 23), (33, 20), (33, 29), (10, 27), (25, 25), (34, 3), (22, 19), (3, 24), (14, 33), (15, 7), (18, 3), (15, 25), (26, 25), (7, 21), (29, 27), (30, 13), (21, 32), (33, 6), (33, 15), (25, 11), (25, 20), (25, 29), (34, 7), (14, 19), (3, 19), (15, 2), (15, 11), (26, 11), (29, 13), (29, 22), (21, 18), (21, 27), (33, 1), ... (+398 more)]",187,19,19
439,"(5, 15)","(5, 16)",South,"['(5, 16)', '(5, 14)']","['(5, 15)', '(2, 21)', '(4, 21)', '(6, 17)', '(14, 35)', '(10, 33)', '(2, 27)', '(11, 34)', '(29, 28)', '(27, 30)', '(35, 30)', '(25, 32)', '(12, 31)', '(22, 35)', '(3, 28)', '(31, 28)', '(23, 33)']","['(5, 14)', '(2, 21)', '(4, 21)', '(6, 17)', '(14, 35)', '(10, 33)', '(2, 27)', '(11, 34)', '(29, 28)', '(27, 30)', '(35, 30)', '(25, 32)', '(12, 31)', '(22, 35)', '(3, 28)', '(31, 28)', '(23, 33)']","[(15, 21), (18, 17), (15, 30), (27, 4), (18, 35), (27, 13), (19, 9), (11, 23), (33, 20), (33, 29), (10, 27), (25, 25), (34, 3), (22, 19), (3, 24), (14, 33), (15, 7), (18, 3), (15, 25), (26, 25), (7, 21), (29, 27), (30, 13), (21, 32), (33, 6), (33, 15), (25, 11), (25, 20), (25, 29), (34, 7), (14, 19), (3, 19), (15, 2), (15, 11), (26, 11), (29, 13), (29, 22), (21, 18), (21, 27), (33, 1), ... (+399 more)]",188,18,18
440,"(5, 14)","(5, 15)",South,"['(5, 15)', '(5, 13)']","['(5, 14)', '(2, 21)', '(4, 21)', '(6, 17)', '(14, 35)', '(10, 33)', '(2, 27)', '(11, 34)', '(29, 28)', '(27, 30)', '(35, 30)', '(25, 32)', '(12, 31)', '(22, 35)', '(3, 28)', '(31, 28)', '(23, 33)']","['(5, 13)', '(2, 21)', '(4, 21)', '(6, 17)', '(14, 35)', '(10, 33)', '(2, 27)', '(11, 34)', '(29, 28)', '(27, 30)', '(35, 30)', '(25, 32)', '(12, 31)', '(22, 35)', '(3, 28)', '(31, 28)', '(23, 33)']","[(15, 21), (18, 17), (15, 30), (27, 4), (18, 35), (27, 13), (19, 9), (11, 23), (33, 20), (33, 29), (10, 27), (25, 25), (34, 3), (22, 19), (3, 24), (14, 33), (15, 7), (18, 3), (15, 25), (26, 25), (7, 21), (29, 27), (30, 13), (21, 32), (33, 6), (33, 15), (25, 11), (25, 20), (25, 29), (34, 7), (14, 19), (3, 19), (15, 2), (15, 11), (26, 11), (29, 13), (29, 22), (21, 18), (21, 27), (33, 1), ... (+400 more)]",189,17,17
441,"(5, 13)","(5, 14)",South,"['(5, 14)', '(5, 12)', '(4, 13)']","['(5, 13)', '(2, 21)', '(4, 21)', '(6, 17)', '(14, 35)', '(10, 33)', '(2, 27)', '(11, 34)', '(29, 28)', '(27, 30)', '(35, 30)', '(25, 32)', '(12, 31)', '(22, 35)', '(3, 28)', '(31, 28)', '(23, 33)']","['(5, 12)', '(4, 13)', '(4, 21)', '(2, 21)', '(14, 35)', '(10, 33)', '(2, 27)', '(11, 34)', '(6, 17)', '(27, 30)', '(35, 30)', '(25, 32)', '(12, 31)', '(22, 35)', '(3, 28)', '(31, 28)', '(23, 33)', '(29, 28)']","[(15, 21), (18, 17), (15, 30), (27, 4), (18, 35), (27, 13), (19, 9), (11, 23), (33, 20), (33, 29), (10, 27), (25, 25), (34, 3), (22, 19), (3, 24), (14, 33), (15, 7), (18, 3), (15, 25), (26, 25), (7, 21), (29, 27), (30, 13), (21, 32), (33, 6), (33, 15), (25, 11), (25, 20), (25, 29), (34, 7), (14, 19), (3, 19), (15, 2), (15, 11), (26, 11), (29, 13), (29, 22), (21, 18), (21, 27), (33, 1), ... (+401 more)]",190,16,16
442,"(5, 12)","(5, 13)",South,"['(5, 13)', '(5, 11)']","['(5, 12)', '(4, 13)', '(4, 21)', '(2, 21)', '(14, 35)', '(10, 33)', '(2, 27)', '(11, 34)', '(6, 17)', '(27, 30)', '(35, 30)', '(25, 32)', '(12, 31)', '(22, 35)', '(3, 28)', '(31, 28)', '(23, 33)', '(29, 28)']","['(5, 11)', '(4, 13)', '(4, 21)', '(2, 21)', '(14, 35)', '(10, 33)', '(2, 27)', '(11, 34)', '(6, 17)', '(27, 30)', '(35, 30)', '(25, 32)', '(12, 31)', '(22, 35)', '(3, 28)', '(31, 28)', '(23, 33)', '(29, 28)']","[(15, 21), (18, 17), (15, 30), (27, 4), (18, 35), (27, 13), (19, 9), (11, 23), (33, 20), (33, 29), (10, 27), (25, 25), (34, 3), (22, 19), (3, 24), (14, 33), (15, 7), (18, 3), (15, 25), (26, 25), (7, 21), (29, 27), (30, 13), (21, 32), (33, 6), (33, 15), (25, 11), (25, 20), (25, 29), (34, 7), (14, 19), (3, 19), (15, 2), (15, 11), (26, 11), (29, 13), (29, 22), (21, 18), (21, 27), (33, 1), ... (+402 more)]",191,15,15
443,"(5, 11)","(5, 12)",South,"['(5, 12)', '(6, 11)']","['(5, 11)', '(4, 13)', '(4, 21)', '(2, 21)', '(14, 35)', '(10, 33)', '(2, 27)', '(11, 34)', '(6, 17)', '(27, 30)', '(35, 30)', '(25, 32)', '(12, 31)', '(22, 35)', '(3, 28)', '(31, 28)', '(23, 33)', '(29, 28)']","['(4, 13)', '(6, 11)', '(4, 21)', '(2, 21)', '(14, 35)', '(10, 33)', '(2, 27)', '(11, 34)', '(6, 17)', '(27, 30)', '(35, 30)', '(25, 32)', '(12, 31)', '(22, 35)', '(3, 28)', '(31, 28)', '(23, 33)', '(29, 28)']","[(15, 21), (18, 17), (15, 30), (27, 4), (18, 35), (27, 13), (19, 9), (11, 23), (33, 20), (33, 29), (10, 27), (25, 25), (34, 3), (22, 19), (3, 24), (14, 33), (15, 7), (18, 3), (15, 25), (26, 25), (7, 21), (29, 27), (30, 13), (21, 32), (33, 6), (33, 15), (25, 11), (25, 20), (25, 29), (34, 7), (14, 19), (3, 19), (15, 2), (15, 11), (26, 11), (29, 13), (29, 22), (21, 18), (21, 27), (33, 1), ... (+403 more)]",192,14,14
444,"(4, 13)","(5, 13)",West,"['(5, 13)', '(3, 13)']","['(4, 13)', '(6, 11)', '(4, 21)', '(2, 21)', '(14, 35)', '(10, 33)', '(2, 27)', '(11, 34)', '(6, 17)', '(27, 30)', '(35, 30)', '(25, 32)', '(12, 31)', '(22, 35)', '(3, 28)', '(31, 28)', '(23, 33)', '(29, 28)']","['(3, 13)', '(6, 11)', '(4, 21)', '(2, 21)', '(14, 35)', '(10, 33)', '(2, 27)', '(11, 34)', '(6, 17)', '(27, 30)', '(35, 30)', '(25, 32)', '(12, 31)', '(22, 35)', '(3, 28)', '(31, 28)', '(23, 33)', '(29, 28)']","[(15, 21), (18, 17), (15, 30), (27, 4), (18, 35), (27, 13), (19, 9), (11, 23), (33, 20), (33, 29), (10, 27), (25, 25), (34, 3), (22, 19), (3, 24), (14, 33), (15, 7), (18, 3), (15, 25), (26, 25), (7, 21), (29, 27), (30, 13), (21, 32), (33, 6), (33, 15), (25, 11), (25, 20), (25, 29), (34, 7), (14, 19), (3, 19), (15, 2), (15, 11), (26, 11), (29, 13), (29, 22), (21, 18), (21, 27), (33, 1), ... (+404 more)]",191,15,15
445,"(3, 13)","(4, 13)",West,"['(3, 12)', '(4, 13)']","['(3, 13)', '(6, 11)', '(4, 21)', '(2, 21)', '(14, 35)', '(10, 33)', '(2, 27)', '(11, 34)', '(6, 17)', '(27, 30)', '(35, 30)', '(25, 32)', '(12, 31)', '(22, 35)', '(3, 28)', '(31, 28)', '(23, 33)', '(29, 28)']","['(3, 12)', '(6, 11)', '(4, 21)', '(2, 21)', '(14, 35)', '(10, 33)', '(2, 27)', '(11, 34)', '(6, 17)', '(27, 30)', '(35, 30)', '(25, 32)', '(12, 31)', '(22, 35)', '(3, 28)', '(31, 28)', '(23, 33)', '(29, 28)']","[(15, 21), (18, 17), (15, 30), (27, 4), (18, 35), (27, 13), (19, 9), (11, 23), (33, 20), (33, 29), (10, 27), (25, 25), (34, 3), (22, 19), (3, 24), (14, 33), (15, 7), (18, 3), (15, 25), (26, 25), (7, 21), (29, 27), (30, 13), (21, 32), (33, 6), (33, 15), (25, 11), (25, 20), (25, 29), (34, 7), (14, 19), (3, 19), (15, 2), (15, 11), (26, 11), (29, 13), (29, 22), (21, 18), (21, 27), (33, 1), ... (+405 more)]",192,14,14
446,"(3, 12)","(3, 13)",South,"['(3, 13)', '(3, 11)']","['(3, 12)', '(6, 11)', '(4, 21)', '(2, 21)', '(14, 35)', '(10, 33)', '(2, 27)', '(11, 34)', '(6, 17)', '(27, 30)', '(35, 30)', '(25, 32)', '(12, 31)', '(22, 35)', '(3, 28)', '(31, 28)', '(23, 33)', '(29, 28)']","['(3, 11)', '(6, 11)', '(4, 21)', '(2, 21)', '(14, 35)', '(10, 33)', '(2, 27)', '(11, 34)', '(6, 17)', '(27, 30)', '(35, 30)', '(25, 32)', '(12, 31)', '(22, 35)', '(3, 28)', '(31, 28)', '(23, 33)', '(29, 28)']","[(15, 21), (18, 17), (15, 30), (27, 4), (18, 35), (27, 13), (19, 9), (11, 23), (33, 20), (33, 29), (10, 27), (25, 25), (34, 3), (22, 19), (3, 24), (14, 33), (15, 7), (18, 3), (15, 25), (26, 25), (7, 21), (29, 27), (30, 13), (21, 32), (33, 6), (33, 15), (25, 11), (25, 20), (25, 29), (34, 7), (14, 19), (3, 19), (15, 2), (15, 11), (26, 11), (29, 13), (29, 22), (21, 18), (21, 27), (33, 1), ... (+406 more)]",193,13,13
447,"(3, 11)","(3, 12)",South,"['(3, 12)', '(3, 10)']","['(3, 11)', '(6, 11)', '(4, 21)', '(2, 21)', '(14, 35)', '(10, 33)', '(2, 27)', '(11, 34)', '(6, 17)', '(27, 30)', '(35, 30)', '(25, 32)', '(12, 31)', '(22, 35)', '(3, 28)', '(31, 28)', '(23, 33)', '(29, 28)']","['(3, 10)', '(6, 11)', '(4, 21)', '(2, 21)', '(14, 35)', '(10, 33)', '(2, 27)', '(11, 34)', '(6, 17)', '(27, 30)', '(35, 30)', '(25, 32)', '(12, 31)', '(22, 35)', '(3, 28)', '(31, 28)', '(23, 33)', '(29, 28)']","[(15, 21), (18, 17), (15, 30), (27, 4), (18, 35), (27, 13), (19, 9), (11, 23), (33, 20), (33, 29), (10, 27), (25, 25), (34, 3), (22, 19), (3, 24), (14, 33), (15, 7), (18, 3), (15, 25), (26, 25), (7, 21), (29, 27), (30, 13), (21, 32), (33, 6), (33, 15), (25, 11), (25, 20), (25, 29), (34, 7), (14, 19), (3, 19), (15, 2), (15, 11), (26, 11), (29, 13), (29, 22), (21, 18), (21, 27), (33, 1), ... (+407 more)]",194,12,12
448,"(3, 10)","(3, 11)",South,"['(3, 11)', '(3, 9)']","['(3, 10)', '(6, 11)', '(4, 21)', '(2, 21)', '(14, 35)', '(10, 33)', '(2, 27)', '(11, 34)', '(6, 17)', '(27, 30)', '(35, 30)', '(25, 32)', '(12, 31)', '(22, 35)', '(3, 28)', '(31, 28)', '(23, 33)', '(29, 28)']","['(3, 9)', '(6, 11)', '(4, 21)', '(2, 21)', '(14, 35)', '(10, 33)', '(2, 27)', '(11, 34)', '(6, 17)', '(27, 30)', '(35, 30)', '(25, 32)', '(12, 31)', '(22, 35)', '(3, 28)', '(31, 28)', '(23, 33)', '(29, 28)']","[(15, 21), (18, 17), (15, 30), (27, 4), (18, 35), (27, 13), (19, 9), (11, 23), (33, 20), (33, 29), (10, 27), (25, 25), (34, 3), (22, 19), (3, 24), (14, 33), (15, 7), (18, 3), (15, 25), (26, 25), (7, 21), (29, 27), (30, 13), (21, 32), (33, 6), (33, 15), (25, 11), (25, 20), (25, 29), (34, 7), (3, 10), (14, 19), (3, 19), (15, 2), (15, 11), (26, 11), (29, 13), (29, 22), (21, 18), (21, 27), ... (+408 more)]",195,11,11
449,"(3, 9)","(3, 10)",South,"['(3, 10)', '(4, 9)']","['(3, 9)', '(6, 11)', '(4, 21)', '(2, 21)', '(14, 35)', '(10, 33)', '(2, 27)', '(11, 34)', '(6, 17)', '(27, 30)', '(35, 30)', '(25, 32)', '(12, 31)', '(22, 35)', '(3, 28)', '(31, 28)', '(23, 33)', '(29, 28)']","['(4, 9)', '(6, 11)', '(4, 21)', '(2, 21)', '(14, 35)', '(10, 33)', '(2, 27)', '(11, 34)', '(6, 17)', '(27, 30)', '(35, 30)', '(25, 32)', '(12, 31)', '(22, 35)', '(3, 28)', '(31, 28)', '(23, 33)', '(29, 28)']","[(15, 21), (18, 17), (15, 30), (27, 4), (18, 35), (27, 13), (19, 9), (11, 23), (33, 20), (33, 29), (10, 27), (25, 25), (34, 3), (22, 19), (3, 24), (14, 33), (15, 7), (18, 3), (15, 25), (26, 25), (7, 21), (29, 27), (30, 13), (21, 32), (33, 6), (33, 15), (25, 11), (25, 20), (25, 29), (34, 7), (3, 10), (14, 19), (3, 19), (15, 2), (15, 11), (26, 11), (29, 13), (29, 22), (21, 18), (21, 27), ... (+409 more)]",196,10,10
450,"(4, 9)","(3, 9)",East,"['(5, 9)', '(3, 9)']","['(4, 9)', '(6, 11)', '(4, 21)', '(2, 21)', '(14, 35)', '(10, 33)', '(2, 27)', '(11, 34)', '(6, 17)', '(27, 30)', '(35, 30)', '(25, 32)', '(12, 31)', '(22, 35)', '(3, 28)', '(31, 28)', '(23, 33)', '(29, 28)']","['(5, 9)', '(6, 11)', '(4, 21)', '(2, 21)', '(14, 35)', '(10, 33)', '(2, 27)', '(11, 34)', '(6, 17)', '(27, 30)', '(35, 30)', '(25, 32)', '(12, 31)', '(22, 35)', '(3, 28)', '(31, 28)', '(23, 33)', '(29, 28)']","[(15, 21), (18, 17), (15, 30), (27, 4), (18, 35), (27, 13), (19, 9), (11, 23), (33, 20), (33, 29), (10, 27), (25, 25), (34, 3), (22, 19), (3, 24), (14, 33), (15, 7), (18, 3), (15, 25), (26, 25), (7, 21), (29, 27), (30, 13), (21, 32), (33, 6), (33, 15), (25, 11), (25, 20), (25, 29), (34, 7), (3, 10), (14, 19), (3, 19), (15, 2), (15, 11), (26, 11), (29, 13), (29, 22), (21, 18), (21, 27), ... (+410 more)]",197,11,11
451,"(5, 9)","(4, 9)",East,"['(5, 8)', '(4, 9)']","['(5, 9)', '(6, 11)', '(4, 21)', '(2, 21)', '(14, 35)', '(10, 33)', '(2, 27)', '(11, 34)', '(6, 17)', '(27, 30)', '(35, 30)', '(25, 32)', '(12, 31)', '(22, 35)', '(3, 28)', '(31, 28)', '(23, 33)', '(29, 28)']","['(5, 8)', '(6, 11)', '(4, 21)', '(2, 21)', '(14, 35)', '(10, 33)', '(2, 27)', '(11, 34)', '(6, 17)', '(27, 30)', '(35, 30)', '(25, 32)', '(12, 31)', '(22, 35)', '(3, 28)', '(31, 28)', '(23, 33)', '(29, 28)']","[(15, 21), (18, 17), (15, 30), (27, 4), (18, 35), (27, 13), (19, 9), (11, 23), (33, 20), (33, 29), (10, 27), (25, 25), (34, 3), (22, 19), (3, 24), (14, 33), (15, 7), (18, 3), (15, 25), (26, 25), (7, 21), (29, 27), (30, 13), (21, 32), (33, 6), (33, 15), (25, 11), (25, 20), (25, 29), (34, 7), (3, 10), (14, 19), (3, 19), (15, 2), (15, 11), (26, 11), (29, 13), (29, 22), (21, 18), (21, 27), ... (+411 more)]",198,12,12
452,"(5, 8)","(5, 9)",South,"['(5, 9)', '(5, 7)']","['(5, 8)', '(6, 11)', '(4, 21)', '(2, 21)', '(14, 35)', '(10, 33)', '(2, 27)', '(11, 34)', '(6, 17)', '(27, 30)', '(35, 30)', '(25, 32)', '(12, 31)', '(22, 35)', '(3, 28)', '(31, 28)', '(23, 33)', '(29, 28)']","['(5, 7)', '(6, 11)', '(4, 21)', '(2, 21)', '(14, 35)', '(10, 33)', '(2, 27)', '(11, 34)', '(6, 17)', '(27, 30)', '(35, 30)', '(25, 32)', '(12, 31)', '(22, 35)', '(3, 28)', '(31, 28)', '(23, 33)', '(29, 28)']","[(15, 21), (18, 17), (15, 30), (27, 4), (18, 35), (27, 13), (19, 9), (11, 23), (33, 20), (33, 29), (10, 27), (25, 25), (34, 3), (22, 19), (3, 24), (14, 33), (15, 7), (18, 3), (15, 25), (26, 25), (7, 21), (29, 27), (30, 13), (21, 32), (33, 6), (33, 15), (25, 11), (25, 20), (25, 29), (34, 7), (3, 10), (14, 19), (3, 19), (15, 2), (15, 11), (26, 11), (29, 13), (29, 22), (21, 18), (21, 27), ... (+412 more)]",199,11,11
453,"(5, 7)","(5, 8)",South,"['(5, 8)', '(5, 6)', '(6, 7)', '(4, 7)']","['(5, 7)', '(6, 11)', '(4, 21)', '(2, 21)', '(14, 35)', '(10, 33)', '(2, 27)', '(11, 34)', '(6, 17)', '(27, 30)', '(35, 30)', '(25, 32)', '(12, 31)', '(22, 35)', '(3, 28)', '(31, 28)', '(23, 33)', '(29, 28)']","['(5, 6)', '(4, 7)', '(4, 21)', '(6, 11)', '(6, 7)', '(10, 33)', '(2, 27)', '(11, 34)', '(2, 21)', '(14, 35)', '(35, 30)', '(25, 32)', '(12, 31)', '(22, 35)', '(3, 28)', '(31, 28)', '(23, 33)', '(29, 28)', '(6, 17)', '(27, 30)']","[(15, 21), (18, 17), (15, 30), (27, 4), (18, 35), (27, 13), (19, 9), (11, 23), (33, 20), (33, 29), (10, 27), (25, 25), (34, 3), (22, 19), (3, 24), (14, 33), (15, 7), (18, 3), (15, 25), (26, 25), (7, 21), (29, 27), (30, 13), (21, 32), (33, 6), (33, 15), (25, 11), (25, 20), (25, 29), (34, 7), (3, 10), (14, 19), (3, 19), (15, 2), (15, 11), (26, 11), (29, 13), (29, 22), (21, 18), (21, 27), ... (+413 more)]",200,10,10
454,"(5, 6)","(5, 7)",South,"['(5, 7)', '(5, 5)']","['(5, 6)', '(4, 7)', '(4, 21)', '(6, 11)', '(6, 7)', '(10, 33)', '(2, 27)', '(11, 34)', '(2, 21)', '(14, 35)', '(35, 30)', '(25, 32)', '(12, 31)', '(22, 35)', '(3, 28)', '(31, 28)', '(23, 33)', '(29, 28)', '(6, 17)', '(27, 30)']","['(5, 5)', '(4, 7)', '(4, 21)', '(6, 11)', '(6, 7)', '(10, 33)', '(2, 27)', '(11, 34)', '(2, 21)', '(14, 35)', '(35, 30)', '(25, 32)', '(12, 31)', '(22, 35)', '(3, 28)', '(31, 28)', '(23, 33)', '(29, 28)', '(6, 17)', '(27, 30)']","[(15, 21), (18, 17), (15, 30), (27, 4), (18, 35), (27, 13), (19, 9), (11, 23), (33, 20), (33, 29), (10, 27), (25, 25), (34, 3), (22, 19), (3, 24), (14, 33), (15, 7), (18, 3), (15, 25), (26, 25), (7, 21), (29, 27), (30, 13), (21, 32), (33, 6), (33, 15), (25, 11), (25, 20), (25, 29), (34, 7), (3, 10), (14, 19), (3, 19), (15, 2), (15, 11), (26, 11), (29, 13), (29, 22), (21, 18), (21, 27), ... (+414 more)]",201,9,9
455,"(5, 5)","(5, 6)",South,"['(5, 6)']","['(5, 5)', '(4, 7)', '(4, 21)', '(6, 11)', '(6, 7)', '(10, 33)', '(2, 27)', '(11, 34)', '(2, 21)', '(14, 35)', '(35, 30)', '(25, 32)', '(12, 31)', '(22, 35)', '(3, 28)', '(31, 28)', '(23, 33)', '(29, 28)', '(6, 17)', '(27, 30)']","['(4, 7)', '(6, 7)', '(4, 21)', '(6, 11)', '(14, 35)', '(10, 33)', '(2, 27)', '(11, 34)', '(2, 21)', '(27, 30)', '(35, 30)', '(25, 32)', '(12, 31)', '(22, 35)', '(3, 28)', '(31, 28)', '(23, 33)', '(29, 28)', '(6, 17)']","[(15, 21), (18, 17), (15, 30), (27, 4), (18, 35), (27, 13), (19, 9), (11, 23), (33, 20), (33, 29), (10, 27), (25, 25), (34, 3), (22, 19), (3, 24), (14, 33), (15, 7), (18, 3), (15, 25), (26, 25), (7, 21), (29, 27), (30, 13), (21, 32), (33, 6), (33, 15), (25, 11), (25, 20), (25, 29), (34, 7), (3, 10), (14, 19), (3, 19), (15, 2), (15, 11), (26, 11), (29, 13), (29, 22), (21, 18), (21, 27), ... (+415 more)]",202,8,8
456,"(4, 7)","(5, 7)",West,"['(5, 7)', '(3, 7)']","['(4, 7)', '(6, 7)', '(4, 21)', '(6, 11)', '(14, 35)', '(10, 33)', '(2, 27)', '(11, 34)', '(2, 21)', '(27, 30)', '(35, 30)', '(25, 32)', '(12, 31)', '(22, 35)', '(3, 28)', '(31, 28)', '(23, 33)', '(29, 28)', '(6, 17)']","['(3, 7)', '(6, 7)', '(4, 21)', '(6, 11)', '(14, 35)', '(10, 33)', '(2, 27)', '(11, 34)', '(2, 21)', '(27, 30)', '(35, 30)', '(25, 32)', '(12, 31)', '(22, 35)', '(3, 28)', '(31, 28)', '(23, 33)', '(29, 28)', '(6, 17)']","[(15, 21), (18, 17), (15, 30), (27, 4), (18, 35), (27, 13), (19, 9), (11, 23), (33, 20), (33, 29), (10, 27), (25, 25), (34, 3), (22, 19), (3, 24), (14, 33), (15, 7), (18, 3), (15, 25), (26, 25), (7, 21), (29, 27), (30, 13), (21, 32), (33, 6), (33, 15), (25, 11), (25, 20), (25, 29), (34, 7), (3, 10), (14, 19), (3, 19), (15, 2), (15, 11), (26, 11), (29, 13), (29, 22), (21, 18), (21, 27), ... (+416 more)]",201,9,9
457,"(3, 7)","(4, 7)",West,"['(3, 6)', '(4, 7)', '(2, 7)']","['(3, 7)', '(6, 7)', '(4, 21)', '(6, 11)', '(14, 35)', '(10, 33)', '(2, 27)', '(11, 34)', '(2, 21)', '(27, 30)', '(35, 30)', '(25, 32)', '(12, 31)', '(22, 35)', '(3, 28)', '(31, 28)', '(23, 33)', '(29, 28)', '(6, 17)']","['(3, 6)', '(2, 7)', '(4, 21)', '(6, 11)', '(6, 7)', '(10, 33)', '(2, 27)', '(11, 34)', '(2, 21)', '(14, 35)', '(35, 30)', '(25, 32)', '(12, 31)', '(22, 35)', '(3, 28)', '(31, 28)', '(23, 33)', '(29, 28)', '(6, 17)', '(27, 30)']","[(15, 21), (18, 17), (15, 30), (27, 4), (18, 35), (27, 13), (19, 9), (11, 23), (33, 20), (33, 29), (10, 27), (25, 25), (34, 3), (22, 19), (3, 24), (14, 33), (15, 7), (18, 3), (15, 25), (26, 25), (7, 21), (29, 27), (30, 13), (21, 32), (33, 6), (33, 15), (25, 11), (25, 20), (25, 29), (34, 7), (3, 10), (14, 19), (3, 19), (15, 2), (15, 11), (26, 11), (29, 13), (29, 22), (21, 18), (21, 27), ... (+417 more)]",202,8,8
458,"(3, 6)","(3, 7)",South,"['(3, 7)', '(3, 5)']","['(3, 6)', '(2, 7)', '(4, 21)', '(6, 11)', '(6, 7)', '(10, 33)', '(2, 27)', '(11, 34)', '(2, 21)', '(14, 35)', '(35, 30)', '(25, 32)', '(12, 31)', '(22, 35)', '(3, 28)', '(31, 28)', '(23, 33)', '(29, 28)', '(6, 17)', '(27, 30)']","['(3, 5)', '(2, 7)', '(4, 21)', '(6, 11)', '(6, 7)', '(10, 33)', '(2, 27)', '(11, 34)', '(2, 21)', '(14, 35)', '(35, 30)', '(25, 32)', '(12, 31)', '(22, 35)', '(3, 28)', '(31, 28)', '(23, 33)', '(29, 28)', '(6, 17)', '(27, 30)']","[(15, 21), (18, 17), (15, 30), (27, 4), (18, 35), (27, 13), (19, 9), (11, 23), (33, 20), (33, 29), (10, 27), (25, 25), (34, 3), (3, 6), (22, 19), (3, 24), (14, 33), (15, 7), (18, 3), (15, 25), (26, 25), (7, 21), (29, 27), (30, 13), (21, 32), (33, 6), (33, 15), (25, 11), (25, 20), (25, 29), (34, 7), (3, 10), (14, 19), (3, 19), (15, 2), (15, 11), (26, 11), (29, 13), (29, 22), (21, 18), ... (+418 more)]",203,7,7
459,"(3, 5)","(3, 6)",South,"['(3, 6)', '(3, 4)']","['(3, 5)', '(2, 7)', '(4, 21)', '(6, 11)', '(6, 7)', '(10, 33)', '(2, 27)', '(11, 34)', '(2, 21)', '(14, 35)', '(35, 30)', '(25, 32)', '(12, 31)', '(22, 35)', '(3, 28)', '(31, 28)', '(23, 33)', '(29, 28)', '(6, 17)', '(27, 30)']","['(3, 4)', '(2, 7)', '(4, 21)', '(6, 11)', '(6, 7)', '(10, 33)', '(2, 27)', '(11, 34)', '(2, 21)', '(14, 35)', '(35, 30)', '(25, 32)', '(12, 31)', '(22, 35)', '(3, 28)', '(31, 28)', '(23, 33)', '(29, 28)', '(6, 17)', '(27, 30)']","[(15, 21), (18, 17), (15, 30), (27, 4), (18, 35), (27, 13), (19, 9), (11, 23), (33, 20), (33, 29), (10, 27), (25, 25), (34, 3), (3, 6), (22, 19), (3, 24), (14, 33), (15, 7), (18, 3), (15, 25), (26, 25), (7, 21), (29, 27), (30, 13), (21, 32), (33, 6), (33, 15), (25, 11), (25, 20), (25, 29), (34, 7), (3, 10), (14, 19), (3, 19), (15, 2), (15, 11), (26, 11), (29, 13), (29, 22), (21, 18), ... (+419 more)]",204,6,6
460,"(3, 4)","(3, 5)",South,"['(3, 5)', '(3, 3)']","['(3, 4)', '(2, 7)', '(4, 21)', '(6, 11)', '(6, 7)', '(10, 33)', '(2, 27)', '(11, 34)', '(2, 21)', '(14, 35)', '(35, 30)', '(25, 32)', '(12, 31)', '(22, 35)', '(3, 28)', '(31, 28)', '(23, 33)', '(29, 28)', '(6, 17)', '(27, 30)']","['(3, 3)', '(2, 7)', '(4, 21)', '(6, 11)', '(6, 7)', '(10, 33)', '(2, 27)', '(11, 34)', '(2, 21)', '(14, 35)', '(35, 30)', '(25, 32)', '(12, 31)', '(22, 35)', '(3, 28)', '(31, 28)', '(23, 33)', '(29, 28)', '(6, 17)', '(27, 30)']","[(15, 21), (18, 17), (15, 30), (27, 4), (18, 35), (27, 13), (19, 9), (11, 23), (33, 20), (33, 29), (10, 27), (25, 25), (34, 3), (3, 6), (22, 19), (3, 24), (14, 33), (15, 7), (18, 3), (15, 25), (26, 25), (7, 21), (29, 27), (30, 13), (21, 32), (33, 6), (33, 15), (25, 11), (25, 20), (25, 29), (34, 7), (3, 10), (14, 19), (3, 19), (15, 2), (15, 11), (26, 11), (29, 13), (29, 22), (21, 18), ... (+420 more)]",205,5,5
461,"(3, 3)","(3, 4)",South,"['(3, 4)', '(3, 2)', '(2, 3)']","['(3, 3)', '(2, 7)', '(4, 21)', '(6, 11)', '(6, 7)', '(10, 33)', '(2, 27)', '(11, 34)', '(2, 21)', '(14, 35)', '(35, 30)', '(25, 32)', '(12, 31)', '(22, 35)', '(3, 28)', '(31, 28)', '(23, 33)', '(29, 28)', '(6, 17)', '(27, 30)']","['(3, 2)', '(2, 3)', '(4, 21)', '(6, 11)', '(2, 7)', '(10, 33)', '(2, 27)', '(11, 34)', '(2, 21)', '(6, 7)', '(35, 30)', '(25, 32)', '(12, 31)', '(22, 35)', '(3, 28)', '(31, 28)', '(23, 33)', '(29, 28)', '(6, 17)', '(27, 30)', '(14, 35)']","[(15, 21), (18, 17), (15, 30), (27, 4), (18, 35), (27, 13), (19, 9), (11, 23), (33, 20), (33, 29), (10, 27), (25, 25), (34, 3), (3, 6), (22, 19), (3, 24), (14, 33), (15, 7), (18, 3), (15, 25), (26, 25), (7, 21), (29, 27), (30, 13), (21, 32), (33, 6), (33, 15), (25, 11), (25, 20), (25, 29), (34, 7), (3, 10), (14, 19), (3, 19), (15, 2), (15, 11), (26, 11), (29, 13), (29, 22), (21, 18), ... (+421 more)]",206,4,4
462,"(3, 2)","(3, 3)",South,"['(3, 3)', '(3, 1)']","['(3, 2)', '(2, 3)', '(4, 21)', '(6, 11)', '(2, 7)', '(10, 33)', '(2, 27)', '(11, 34)', '(2, 21)', '(6, 7)', '(35, 30)', '(25, 32)', '(12, 31)', '(22, 35)', '(3, 28)', '(31, 28)', '(23, 33)', '(29, 28)', '(6, 17)', '(27, 30)', '(14, 35)']","['(3, 1)', '(2, 3)', '(4, 21)', '(6, 11)', '(2, 7)', '(10, 33)', '(2, 27)', '(11, 34)', '(2, 21)', '(6, 7)', '(35, 30)', '(25, 32)', '(12, 31)', '(22, 35)', '(3, 28)', '(31, 28)', '(23, 33)', '(29, 28)', '(6, 17)', '(27, 30)', '(14, 35)']","[(15, 21), (18, 17), (15, 30), (27, 4), (18, 35), (27, 13), (19, 9), (11, 23), (33, 20), (33, 29), (10, 27), (25, 25), (34, 3), (3, 6), (22, 19), (3, 24), (14, 33), (15, 7), (18, 3), (15, 25), (26, 25), (7, 21), (29, 27), (30, 13), (21, 32), (33, 6), (33, 15), (25, 11), (25, 20), (25, 29), (34, 7), (3, 10), (14, 19), (3, 19), (15, 2), (15, 11), (26, 11), (29, 13), (29, 22), (21, 18), ... (+422 more)]",207,3,3
463,"(3, 1)","(3, 2)",South,"['(3, 2)']","['(3, 1)', '(2, 3)', '(4, 21)', '(6, 11)', '(2, 7)', '(10, 33)', '(2, 27)', '(11, 34)', '(2, 21)', '(6, 7)', '(35, 30)', '(25, 32)', '(12, 31)', '(22, 35)', '(3, 28)', '(31, 28)', '(23, 33)', '(29, 28)', '(6, 17)', '(27, 30)', '(14, 35)']","['(2, 3)', '(2, 7)', '(4, 21)', '(6, 11)', '(6, 7)', '(10, 33)', '(2, 27)', '(11, 34)', '(2, 21)', '(14, 35)', '(35, 30)', '(25, 32)', '(12, 31)', '(22, 35)', '(3, 28)', '(31, 28)', '(23, 33)', '(29, 28)', '(6, 17)', '(27, 30)']","[(15, 21), (18, 17), (15, 30), (27, 4), (18, 35), (27, 13), (19, 9), (11, 23), (33, 20), (33, 29), (10, 27), (25, 25), (34, 3), (3, 6), (22, 19), (3, 24), (14, 33), (15, 7), (18, 3), (15, 25), (26, 25), (7, 21), (29, 27), (30, 13), (21, 32), (33, 6), (33, 15), (25, 11), (25, 20), (25, 29), (34, 7), (3, 1), (3, 10), (14, 19), (3, 19), (15, 2), (15, 11), (26, 11), (29, 13), (29, 22), ... (+423 more)]",208,2,2
464,"(2, 3)","(3, 3)",West,"['(3, 3)', '(1, 3)']","['(2, 3)', '(2, 7)', '(4, 21)', '(6, 11)', '(6, 7)', '(10, 33)', '(2, 27)', '(11, 34)', '(2, 21)', '(14, 35)', '(35, 30)', '(25, 32)', '(12, 31)', '(22, 35)', '(3, 28)', '(31, 28)', '(23, 33)', '(29, 28)', '(6, 17)', '(27, 30)']","['(1, 3)', '(2, 7)', '(4, 21)', '(6, 11)', '(6, 7)', '(10, 33)', '(2, 27)', '(11, 34)', '(2, 21)', '(14, 35)', '(35, 30)', '(25, 32)', '(12, 31)', '(22, 35)', '(3, 28)', '(31, 28)', '(23, 33)', '(29, 28)', '(6, 17)', '(27, 30)']","[(15, 21), (18, 17), (15, 30), (27, 4), (18, 35), (27, 13), (19, 9), (11, 23), (33, 20), (33, 29), (10, 27), (25, 25), (34, 3), (3, 6), (22, 19), (3, 24), (14, 33), (15, 7), (18, 3), (15, 25), (26, 25), (7, 21), (29, 27), (30, 13), (21, 32), (33, 6), (33, 15), (25, 11), (25, 20), (25, 29), (34, 7), (3, 1), (3, 10), (14, 19), (3, 19), (15, 2), (15, 11), (26, 11), (29, 13), (29, 22), ... (+424 more)]",207,3,3
465,"(1, 3)","(2, 3)",West,"['(1, 4)', '(1, 2)', '(2, 3)']","['(1, 3)', '(2, 7)', '(4, 21)', '(6, 11)', '(6, 7)', '(10, 33)', '(2, 27)', '(11, 34)', '(2, 21)', '(14, 35)', '(35, 30)', '(25, 32)', '(12, 31)', '(22, 35)', '(3, 28)', '(31, 28)', '(23, 33)', '(29, 28)', '(6, 17)', '(27, 30)']","['(1, 2)', '(1, 4)', '(4, 21)', '(6, 11)', '(2, 7)', '(10, 33)', '(2, 27)', '(11, 34)', '(2, 21)', '(6, 7)', '(35, 30)', '(25, 32)', '(12, 31)', '(22, 35)', '(3, 28)', '(31, 28)', '(23, 33)', '(29, 28)', '(6, 17)', '(27, 30)', '(14, 35)']","[(15, 21), (18, 17), (15, 30), (27, 4), (18, 35), (27, 13), (19, 9), (11, 23), (33, 20), (33, 29), (10, 27), (25, 25), (34, 3), (3, 6), (22, 19), (3, 24), (14, 33), (15, 7), (18, 3), (15, 25), (26, 25), (7, 21), (29, 27), (30, 13), (21, 32), (33, 6), (33, 15), (25, 11), (25, 20), (25, 29), (34, 7), (3, 1), (3, 10), (14, 19), (3, 19), (15, 2), (15, 11), (26, 11), (29, 13), (29, 22), ... (+425 more)]",208,2,2
466,"(1, 2)","(1, 3)",South,"['(1, 3)', '(1, 1)']","['(1, 2)', '(1, 4)', '(4, 21)', '(6, 11)', '(2, 7)', '(10, 33)', '(2, 27)', '(11, 34)', '(2, 21)', '(6, 7)', '(35, 30)', '(25, 32)', '(12, 31)', '(22, 35)', '(3, 28)', '(31, 28)', '(23, 33)', '(29, 28)', '(6, 17)', '(27, 30)', '(14, 35)']","['(1, 1)', '(1, 4)', '(4, 21)', '(6, 11)', '(2, 7)', '(10, 33)', '(2, 27)', '(11, 34)', '(2, 21)', '(6, 7)', '(35, 30)', '(25, 32)', '(12, 31)', '(22, 35)', '(3, 28)', '(31, 28)', '(23, 33)', '(29, 28)', '(6, 17)', '(27, 30)', '(14, 35)']","[(15, 21), (18, 17), (15, 30), (27, 4), (18, 35), (27, 13), (19, 9), (11, 23), (33, 20), (33, 29), (10, 27), (25, 25), (34, 3), (3, 6), (22, 19), (3, 24), (14, 33), (15, 7), (18, 3), (15, 25), (26, 25), (7, 21), (29, 27), (30, 13), (21, 32), (33, 6), (33, 15), (25, 11), (25, 20), (25, 29), (34, 7), (3, 1), (3, 10), (14, 19), (3, 19), (15, 2), (15, 11), (26, 11), (29, 13), (29, 22), ... (+426 more)]",209,1,1
467,"(1, 1)","(1, 2)",South,[],"['(1, 1)', '(1, 4)', '(4, 21)', '(6, 11)', '(2, 7)', '(10, 33)', '(2, 27)', '(11, 34)', '(2, 21)', '(6, 7)', '(35, 30)', '(25, 32)', '(12, 31)', '(22, 35)', '(3, 28)', '(31, 28)', '(23, 33)', '(29, 28)', '(6, 17)', '(27, 30)', '(14, 35)']","['(1, 4)', '(2, 7)', '(4, 21)', '(6, 11)', '(6, 7)', '(10, 33)', '(2, 27)', '(11, 34)', '(2, 21)', '(14, 35)', '(35, 30)', '(25, 32)', '(12, 31)', '(22, 35)', '(3, 28)', '(31, 28)', '(23, 33)', '(29, 28)', '(6, 17)', '(27, 30)']","[(15, 21), (18, 17), (15, 30), (27, 4), (18, 35), (27, 13), (19, 9), (11, 23), (33, 20), (33, 29), (10, 27), (25, 25), (34, 3), (3, 6), (22, 19), (3, 24), (14, 33), (15, 7), (18, 3), (15, 25), (26, 25), (7, 21), (29, 27), (30, 13), (21, 32), (33, 6), (33, 15), (25, 11), (25, 20), (25, 29), (34, 7), (3, 1), (3, 10), (14, 19), (3, 19), (15, 2), (15, 11), (26, 11), (29, 13), (29, 22), ... (+427 more)]",210,0,0
