iteration,expanded_state,parent,action,generated_successors,frontier_before,frontier_after,explored,g,h,f
1,"(34, 16)",START,START,"['(34, 15)', '(33, 16)']","['(34, 16)']","['(34, 15)', '(33, 16)']","['(34, 16)']",0,0,0
2,"(34, 15)","(34, 16)",South,"['(34, 16)', '(34, 14)']","['(34, 15)', '(33, 16)']","['(33, 16)', '(34, 14)']","['(34, 15)', '(34, 16)']",1,0,1
3,"(33, 16)","(34, 16)",West,"['(34, 16)', '(32, 16)']","['(33, 16)', '(34, 14)']","['(34, 14)', '(32, 16)']","['(34, 15)', '(34, 16)', '(33, 16)']",1,0,1
4,"(34, 14)","(34, 15)",South,"['(34, 15)', '(33, 14)']","['(34, 14)', '(32, 16)']","['(32, 16)', '(33, 14)']","['(34, 15)', '(34, 16)', '(34, 14)', '(33, 16)']",2,0,2
5,"(32, 16)","(33, 16)",West,"['(33, 16)', '(31, 16)']","['(32, 16)', '(33, 14)']","['(33, 14)', '(31, 16)']","['(33, 16)', '(34, 16)', '(32, 16)', '(34, 15)', '(34, 14)']",2,0,2
6,"(33, 14)","(34, 14)",West,"['(34, 14)', '(32, 14)']","['(33, 14)', '(31, 16)']","['(31, 16)', '(32, 14)']","['(33, 16)', '(34, 16)', '(32, 16)', '(34, 15)', '(33, 14)', '(34, 14)']",3,0,3
7,"(31, 16)","(32, 16)",West,"['(32, 16)', '(30, 16)']","['(31, 16)', '(32, 14)']","['(32, 14)', '(30, 16)']","['(33, 16)', '(34, 16)', '(31, 16)', '(32, 16)', '(34, 15)', '(33, 14)', '(34, 14)']",3,0,3
8,"(32, 14)","(33, 14)",West,"['(33, 14)', '(31, 14)']","['(32, 14)', '(30, 16)']","['(30, 16)', '(31, 14)']","['(33, 16)', '(32, 14)', '(34, 16)', '(31, 16)', '(32, 16)', '(34, 15)', '(33, 14)', '(34, 14)']",4,0,4
9,"(30, 16)","(31, 16)",West,"['(31, 16)', '(29, 16)']","['(30, 16)', '(31, 14)']","['(31, 14)', '(29, 16)']","['(33, 16)', '(32, 14)', '(34, 16)', '(30, 16)', '(31, 16)', '(32, 16)', '(34, 15)', '(33, 14)', '(34, 14)']",4,0,4
10,"(31, 14)","(32, 14)",West,"['(32, 14)', '(30, 14)']","['(31, 14)', '(29, 16)']","['(29, 16)', '(30, 14)']","['(31, 14)', '(33, 16)', '(32, 14)', '(34, 16)', '(30, 16)', '(31, 16)', '(32, 16)', '(34, 15)', '(33, 14)', '(34, 14)']",5,0,5
11,"(29, 16)","(30, 16)",West,"['(30, 16)', '(28, 16)']","['(29, 16)', '(30, 14)']","['(30, 14)', '(28, 16)']","['(31, 14)', '(33, 16)', '(32, 14)', '(34, 16)', '(29, 16)', '(30, 16)', '(31, 16)', '(32, 16)', '(34, 15)', '(33, 14)', '(34, 14)']",5,0,5
12,"(30, 14)","(31, 14)",West,"['(30, 13)', '(31, 14)']","['(30, 14)', '(28, 16)']","['(28, 16)', '(30, 13)']","['(30, 14)', '(31, 14)', '(33, 16)', '(32, 14)', '(34, 16)', '(29, 16)', '(30, 16)', '(31, 16)', '(32, 16)', '(34, 15)', '(33, 14)', '(34, 14)']",6,0,6
13,"(28, 16)","(29, 16)",West,"['(29, 16)', '(27, 16)']","['(28, 16)', '(30, 13)']","['(30, 13)', '(27, 16)']","['(30, 14)', '(31, 14)', '(33, 16)', '(32, 14)', '(28, 16)', '(34, 16)', '(29, 16)', '(30, 16)', '(31, 16)', '(32, 16)', '(34, 15)', '(33, 14)', '(34, 14)']",6,0,6
14,"(30, 13)","(30, 14)",South,"['(30, 14)', '(30, 12)']","['(30, 13)', '(27, 16)']","['(27, 16)', '(30, 12)']","['(30, 14)', '(31, 14)', '(33, 16)', '(32, 14)', '(28, 16)', '(34, 16)', '(29, 16)', '(30, 13)', '(30, 16)', '(31, 16)', '(32, 16)', '(34, 15)', '(33, 14)', '(34, 14)']",7,0,7
15,"(27, 16)","(28, 16)",West,"['(28, 16)', '(26, 16)']","['(27, 16)', '(30, 12)']","['(30, 12)', '(26, 16)']","['(30, 14)', '(31, 14)', '(33, 16)', '(32, 14)', '(28, 16)', '(34, 16)', '(29, 16)', '(30, 13)', '(30, 16)', '(31, 16)', '(32, 16)', '(27, 16)', '(34, 15)', '(33, 14)', '(34, 14)']",7,0,7
16,"(30, 12)","(30, 13)",South,"['(30, 13)', '(31, 12)']","['(30, 12)', '(26, 16)']","['(26, 16)', '(31, 12)']","['(30, 14)', '(31, 14)', '(33, 16)', '(32, 14)', '(28, 16)', '(34, 16)', '(29, 16)', '(30, 13)', '(30, 16)', '(31, 16)', '(32, 16)', '(27, 16)', '(30, 12)', '(34, 15)', '(33, 14)', '(34, 14)']",8,0,8
17,"(26, 16)","(27, 16)",West,"['(27, 16)', '(25, 16)']","['(26, 16)', '(31, 12)']","['(31, 12)', '(25, 16)']","['(30, 14)', '(31, 14)', '(33, 16)', '(32, 14)', '(28, 16)', '(34, 16)', '(29, 16)', '(30, 13)', '(30, 16)', '(31, 16)', '(26, 16)', '(32, 16)', '(27, 16)', '(30, 12)', '(34, 15)', '(33, 14)', '(34, 14)']",8,0,8
18,"(31, 12)","(30, 12)",East,"['(32, 12)', '(30, 12)']","['(31, 12)', '(25, 16)']","['(25, 16)', '(32, 12)']","['(30, 14)', '(31, 14)', '(33, 16)', '(32, 14)', '(28, 16)', '(34, 16)', '(29, 16)', '(30, 13)', '(30, 16)', '(31, 16)', '(26, 16)', '(32, 16)', '(27, 16)', '(30, 12)', '(34, 15)', '(31, 12)', '(33, 14)', '(34, 14)']",9,0,9
19,"(25, 16)","(26, 16)",West,"['(25, 15)', '(26, 16)', '(24, 16)']","['(25, 16)', '(32, 12)']","['(32, 12)', '(25, 15)', '(24, 16)']","['(31, 14)', '(34, 16)', '(27, 16)', '(30, 12)', '(33, 14)', '(25, 16)', '(29, 16)', '(31, 16)', '(34, 15)', '(30, 14)', '(33, 16)', '(32, 14)', '(26, 16)', '(31, 12)', '(34, 14)', '(28, 16)', '(30, 13)', '(30, 16)', '(32, 16)']",9,0,9
20,"(32, 12)","(31, 12)",East,"['(33, 12)', '(31, 12)']","['(32, 12)', '(25, 15)', '(24, 16)']","['(25, 15)', '(24, 16)', '(33, 12)']","['(31, 14)', '(34, 16)', '(27, 16)', '(30, 12)', '(33, 14)', '(32, 12)', '(25, 16)', '(29, 16)', '(31, 16)', '(34, 15)', '(30, 14)', '(33, 16)', '(32, 14)', '(26, 16)', '(31, 12)', '(34, 14)', '(28, 16)', '(30, 13)', '(30, 16)', '(32, 16)']",10,0,10
21,"(25, 15)","(25, 16)",South,"['(25, 16)', '(25, 14)']","['(25, 15)', '(24, 16)', '(33, 12)']","['(24, 16)', '(33, 12)', '(25, 14)']","['(31, 14)', '(34, 16)', '(27, 16)', '(30, 12)', '(33, 14)', '(32, 12)', '(25, 16)', '(29, 16)', '(31, 16)', '(34, 15)', '(30, 14)', '(33, 16)', '(32, 14)', '(25, 15)', '(26, 16)', '(31, 12)', '(34, 14)', '(28, 16)', '(30, 13)', '(30, 16)', '(32, 16)']",10,0,10
22,"(24, 16)","(25, 16)",West,"['(25, 16)', '(23, 16)']","['(24, 16)', '(33, 12)', '(25, 14)']","['(33, 12)', '(25, 14)', '(23, 16)']","['(31, 14)', '(34, 16)', '(27, 16)', '(30, 12)', '(33, 14)', '(32, 12)', '(25, 16)', '(29, 16)', '(31, 16)', '(34, 15)', '(30, 14)', '(33, 16)', '(32, 14)', '(24, 16)', '(25, 15)', '(26, 16)', '(31, 12)', '(34, 14)', '(28, 16)', '(30, 13)', '(30, 16)', '(32, 16)']",10,0,10
23,"(33, 12)","(32, 12)",East,"['(34, 12)', '(32, 12)']","['(33, 12)', '(25, 14)', '(23, 16)']","['(25, 14)', '(23, 16)', '(34, 12)']","['(31, 14)', '(34, 16)', '(27, 16)', '(30, 12)', '(33, 14)', '(32, 12)', '(25, 16)', '(29, 16)', '(31, 16)', '(34, 15)', '(30, 14)', '(33, 16)', '(32, 14)', '(24, 16)', '(25, 15)', '(26, 16)', '(31, 12)', '(34, 14)', '(28, 16)', '(30, 13)', '(30, 16)', '(33, 12)', '(32, 16)']",11,0,11
24,"(25, 14)","(25, 15)",South,"['(25, 15)', '(26, 14)']","['(25, 14)', '(23, 16)', '(34, 12)']","['(23, 16)', '(34, 12)', '(26, 14)']","['(31, 14)', '(34, 16)', '(27, 16)', '(30, 12)', '(33, 14)', '(32, 12)', '(25, 16)', '(29, 16)', '(31, 16)', '(34, 15)', '(30, 14)', '(33, 16)', '(32, 14)', '(24, 16)', '(25, 15)', '(26, 16)', '(31, 12)', '(34, 14)', '(28, 16)', '(30, 13)', '(30, 16)', '(33, 12)', '(32, 16)', '(25, 14)']",11,0,11
25,"(23, 16)","(24, 16)",West,"['(24, 16)', '(22, 16)']","['(23, 16)', '(34, 12)', '(26, 14)']","['(34, 12)', '(26, 14)', '(22, 16)']","['(31, 14)', '(23, 16)', '(34, 16)', '(27, 16)', '(30, 12)', '(33, 14)', '(32, 12)', '(25, 16)', '(29, 16)', '(31, 16)', '(34, 15)', '(30, 14)', '(33, 16)', '(32, 14)', '(24, 16)', '(25, 15)', '(26, 16)', '(31, 12)', '(34, 14)', '(28, 16)', '(30, 13)', '(30, 16)', '(33, 12)', '(32, 16)', '(25, 14)']",11,0,11
26,"(34, 12)","(33, 12)",East,"['(34, 11)', '(33, 12)']","['(34, 12)', '(26, 14)', '(22, 16)']","['(26, 14)', '(22, 16)', '(34, 11)']","['(31, 14)', '(23, 16)', '(34, 16)', '(27, 16)', '(30, 12)', '(33, 14)', '(32, 12)', '(25, 16)', '(29, 16)', '(31, 16)', '(34, 12)', '(34, 15)', '(30, 14)', '(33, 16)', '(32, 14)', '(24, 16)', '(25, 15)', '(26, 16)', '(31, 12)', '(34, 14)', '(28, 16)', '(30, 13)', '(30, 16)', '(33, 12)', '(32, 16)', '(25, 14)']",12,0,12
27,"(26, 14)","(25, 14)",East,"['(27, 14)', '(25, 14)']","['(26, 14)', '(22, 16)', '(34, 11)']","['(22, 16)', '(34, 11)', '(27, 14)']","['(31, 14)', '(23, 16)', '(34, 16)', '(27, 16)', '(30, 12)', '(33, 14)', '(32, 12)', '(25, 16)', '(26, 14)', '(29, 16)', '(31, 16)', '(34, 12)', '(34, 15)', '(30, 14)', '(33, 16)', '(32, 14)', '(24, 16)', '(25, 15)', '(26, 16)', '(31, 12)', '(34, 14)', '(28, 16)', '(30, 13)', '(30, 16)', '(33, 12)', '(32, 16)', '(25, 14)']",12,0,12
28,"(22, 16)","(23, 16)",West,"['(23, 16)', '(21, 16)']","['(22, 16)', '(34, 11)', '(27, 14)']","['(34, 11)', '(27, 14)', '(21, 16)']","['(31, 14)', '(23, 16)', '(34, 16)', '(27, 16)', '(30, 12)', '(33, 14)', '(32, 12)', '(25, 16)', '(26, 14)', '(29, 16)', '(31, 16)', '(34, 12)', '(22, 16)', '(34, 15)', '(30, 14)', '(33, 16)', '(32, 14)', '(24, 16)', '(25, 15)', '(26, 16)', '(31, 12)', '(34, 14)', '(28, 16)', '(30, 13)', '(30, 16)', '(33, 12)', '(32, 16)', '(25, 14)']",12,0,12
29,"(34, 11)","(34, 12)",South,"['(34, 12)', '(34, 10)']","['(34, 11)', '(27, 14)', '(21, 16)']","['(27, 14)', '(21, 16)', '(34, 10)']","['(31, 14)', '(23, 16)', '(34, 16)', '(27, 16)', '(30, 12)', '(33, 14)', '(32, 12)', '(25, 16)', '(26, 14)', '(29, 16)', '(31, 16)', '(34, 12)', '(22, 16)', '(34, 15)', '(30, 14)', '(33, 16)', '(32, 14)', '(24, 16)', '(25, 15)', '(26, 16)', '(31, 12)', '(34, 11)', '(34, 14)', '(28, 16)', '(30, 13)', '(30, 16)', '(33, 12)', '(32, 16)', '(25, 14)']",13,0,13
30,"(27, 14)","(26, 14)",East,"['(27, 13)', '(26, 14)']","['(27, 14)', '(21, 16)', '(34, 10)']","['(21, 16)', '(34, 10)', '(27, 13)']","['(31, 14)', '(23, 16)', '(34, 16)', '(27, 16)', '(30, 12)', '(33, 14)', '(32, 12)', '(25, 16)', '(26, 14)', '(29, 16)', '(31, 16)', '(34, 12)', '(22, 16)', '(34, 15)', '(30, 14)', '(33, 16)', '(32, 14)', '(24, 16)', '(25, 15)', '(26, 16)', '(31, 12)', '(34, 11)', '(34, 14)', '(28, 16)', '(30, 13)', '(27, 14)', '(30, 16)', '(33, 12)', '(32, 16)', '(25, 14)']",13,0,13
31,"(21, 16)","(22, 16)",West,"['(22, 16)', '(20, 16)']","['(21, 16)', '(34, 10)', '(27, 13)']","['(34, 10)', '(27, 13)', '(20, 16)']","['(21, 16)', '(31, 14)', '(23, 16)', '(34, 16)', '(27, 16)', '(30, 12)', '(33, 14)', '(32, 12)', '(25, 16)', '(26, 14)', '(29, 16)', '(31, 16)', '(34, 12)', '(22, 16)', '(34, 15)', '(30, 14)', '(33, 16)', '(32, 14)', '(24, 16)', '(25, 15)', '(26, 16)', '(31, 12)', '(34, 11)', '(34, 14)', '(28, 16)', '(30, 13)', '(27, 14)', '(30, 16)', '(33, 12)', '(32, 16)', '(25, 14)']",13,0,13
32,"(34, 10)","(34, 11)",South,"['(34, 11)', '(33, 10)']","['(34, 10)', '(27, 13)', '(20, 16)']","['(27, 13)', '(20, 16)', '(33, 10)']","['(21, 16)', '(31, 14)', '(23, 16)', '(34, 16)', '(34, 10)', '(27, 16)', '(30, 12)', '(33, 14)', '(32, 12)', '(25, 16)', '(26, 14)', '(29, 16)', '(31, 16)', '(34, 12)', '(22, 16)', '(34, 15)', '(30, 14)', '(33, 16)', '(32, 14)', '(24, 16)', '(25, 15)', '(26, 16)', '(31, 12)', '(34, 11)', '(34, 14)', '(28, 16)', '(30, 13)', '(27, 14)', '(30, 16)', '(33, 12)', '(32, 16)', '(25, 14)']",14,0,14
33,"(27, 13)","(27, 14)",South,"['(27, 14)', '(27, 12)']","['(27, 13)', '(20, 16)', '(33, 10)']","['(20, 16)', '(33, 10)', '(27, 12)']","['(21, 16)', '(31, 14)', '(23, 16)', '(34, 16)', '(34, 10)', '(27, 13)', '(27, 16)', '(30, 12)', '(33, 14)', '(32, 12)', '(25, 16)', '(26, 14)', '(29, 16)', '(31, 16)', '(34, 12)', '(22, 16)', '(34, 15)', '(30, 14)', '(33, 16)', '(32, 14)', '(24, 16)', '(25, 15)', '(26, 16)', '(31, 12)', '(34, 11)', '(34, 14)', '(28, 16)', '(30, 13)', '(27, 14)', '(30, 16)', '(33, 12)', '(32, 16)', '(25, 14)']",14,0,14
34,"(20, 16)","(21, 16)",West,"['(21, 16)', '(19, 16)']","['(20, 16)', '(33, 10)', '(27, 12)']","['(33, 10)', '(27, 12)', '(19, 16)']","['(21, 16)', '(31, 14)', '(23, 16)', '(34, 16)', '(34, 10)', '(27, 13)', '(27, 16)', '(30, 12)', '(33, 14)', '(32, 12)', '(25, 16)', '(26, 14)', '(29, 16)', '(31, 16)', '(20, 16)', '(34, 12)', '(22, 16)', '(34, 15)', '(30, 14)', '(33, 16)', '(32, 14)', '(24, 16)', '(25, 15)', '(26, 16)', '(31, 12)', '(34, 11)', '(34, 14)', '(28, 16)', '(30, 13)', '(27, 14)', '(30, 16)', '(33, 12)', '(32, 16)', '(25, 14)']",14,0,14
35,"(33, 10)","(34, 10)",West,"['(34, 10)', '(32, 10)']","['(33, 10)', '(27, 12)', '(19, 16)']","['(27, 12)', '(19, 16)', '(32, 10)']","['(21, 16)', '(31, 14)', '(23, 16)', '(34, 16)', '(34, 10)', '(27, 13)', '(27, 16)', '(30, 12)', '(33, 14)', '(32, 12)', '(25, 16)', '(26, 14)', '(29, 16)', '(31, 16)', '(20, 16)', '(34, 12)', '(22, 16)', '(34, 15)', '(30, 14)', '(33, 10)', '(33, 16)', '(32, 14)', '(24, 16)', '(25, 15)', '(26, 16)', '(31, 12)', '(34, 11)', '(34, 14)', '(28, 16)', '(30, 13)', '(27, 14)', '(30, 16)', '(33, 12)', '(32, 16)', '(25, 14)']",15,0,15
36,"(27, 12)","(27, 13)",South,"['(27, 13)', '(27, 11)']","['(27, 12)', '(19, 16)', '(32, 10)']","['(19, 16)', '(32, 10)', '(27, 11)']","['(21, 16)', '(31, 14)', '(23, 16)', '(34, 16)', '(34, 10)', '(27, 13)', '(27, 16)', '(30, 12)', '(33, 14)', '(32, 12)', '(25, 16)', '(26, 14)', '(29, 16)', '(31, 16)', '(20, 16)', '(34, 12)', '(22, 16)', '(34, 15)', '(27, 12)', '(30, 14)', '(33, 10)', '(33, 16)', '(32, 14)', '(24, 16)', '(25, 15)', '(26, 16)', '(31, 12)', '(34, 11)', '(34, 14)', '(28, 16)', '(30, 13)', '(27, 14)', '(30, 16)', '(33, 12)', '(32, 16)', '(25, 14)']",15,0,15
37,"(19, 16)","(20, 16)",West,"['(20, 16)', '(18, 16)']","['(19, 16)', '(32, 10)', '(27, 11)']","['(32, 10)', '(27, 11)', '(18, 16)']","['(21, 16)', '(31, 14)', '(23, 16)', '(34, 16)', '(34, 10)', '(27, 13)', '(27, 16)', '(30, 12)', '(33, 14)', '(32, 12)', '(25, 16)', '(26, 14)', '(29, 16)', '(31, 16)', '(20, 16)', '(34, 12)', '(22, 16)', '(34, 15)', '(27, 12)', '(30, 14)', '(33, 10)', '(33, 16)', '(32, 14)', '(24, 16)', '(25, 15)', '(26, 16)', '(31, 12)', '(34, 11)', '(34, 14)', '(28, 16)', '(30, 13)', '(27, 14)', '(30, 16)', '(19, 16)', '(33, 12)', '(32, 16)', '(25, 14)']",15,0,15
38,"(32, 10)","(33, 10)",West,"['(33, 10)', '(31, 10)']","['(32, 10)', '(27, 11)', '(18, 16)']","['(27, 11)', '(18, 16)', '(31, 10)']","['(21, 16)', '(31, 14)', '(23, 16)', '(34, 16)', '(34, 10)', '(27, 13)', '(27, 16)', '(30, 12)', '(33, 14)', '(32, 12)', '(25, 16)', '(26, 14)', '(29, 16)', '(31, 16)', '(20, 16)', '(34, 12)', '(22, 16)', '(34, 15)', '(27, 12)', '(30, 14)', '(33, 10)', '(33, 16)', '(32, 14)', '(24, 16)', '(25, 15)', '(26, 16)', '(31, 12)', '(34, 11)', '(34, 14)', '(28, 16)', '(30, 13)', '(27, 14)', '(30, 16)', '(19, 16)', '(33, 12)', '(32, 10)', '(32, 16)', '(25, 14)']",16,0,16
39,"(27, 11)","(27, 12)",South,"['(27, 12)', '(26, 11)']","['(27, 11)', '(18, 16)', '(31, 10)']","['(18, 16)', '(31, 10)', '(26, 11)']","['(21, 16)', '(31, 14)', '(23, 16)', '(34, 16)', '(34, 10)', '(27, 13)', '(27, 16)', '(30, 12)', '(33, 14)', '(32, 12)', '(25, 16)', '(26, 14)', '(29, 16)', '(31, 16)', '(20, 16)', '(34, 12)', '(22, 16)', '(34, 15)', '(27, 12)', '(30, 14)', '(33, 10)', '(33, 16)', '(32, 14)', '(24, 16)', '(25, 15)', '(26, 16)', '(31, 12)', '(34, 11)', '(34, 14)', '(27, 11)', '(28, 16)', '(30, 13)', '(27, 14)', '(30, 16)', '(19, 16)', '(33, 12)', '(32, 10)', '(32, 16)', '(25, 14)']",16,0,16
40,"(18, 16)","(19, 16)",West,"['(19, 16)', '(17, 16)']","['(18, 16)', '(31, 10)', '(26, 11)']","['(31, 10)', '(26, 11)', '(17, 16)']","['(21, 16)', '(31, 14)', '(23, 16)', '(34, 16)', '(34, 10)', '(27, 13)', '(27, 16)', '(30, 12)', '(33, 14)', '(32, 12)', '(25, 16)', '(26, 14)', '(18, 16)', '(29, 16)', '(31, 16)', '(20, 16)', '(34, 12)', '(22, 16)', '(34, 15)', '(27, 12)', '(30, 14)', '(33, 10)', '(33, 16)', '(32, 14)', '(24, 16)', '(25, 15)', '(26, 16)', '(31, 12)', '(34, 11)', '(34, 14)', '(27, 11)', '(28, 16)', '(30, 13)', '(27, 14)', '(30, 16)', '(19, 16)', '(33, 12)', '(32, 10)', '(32, 16)', '(25, 14)']",16,0,16
41,"(31, 10)","(32, 10)",West,"['(32, 10)', '(30, 10)']","['(31, 10)', '(26, 11)', '(17, 16)']","['(26, 11)', '(17, 16)', '(30, 10)']","[(21, 16), (31, 14), (23, 16), (34, 16), (34, 10), (27, 13), (27, 16), (30, 12), (33, 14), (32, 12), (25, 16), (26, 14), (18, 16), (29, 16), (31, 10), (31, 16), (20, 16), (34, 12), (22, 16), (34, 15), (27, 12), (30, 14), (33, 10), (33, 16), (32, 14), (24, 16), (25, 15), (26, 16), (31, 12), (34, 11), (34, 14), (27, 11), (28, 16), (30, 13), (27, 14), (30, 16), (19, 16), (33, 12), (32, 10), (32, 16), ... (+1 more)]",17,0,17
42,"(26, 11)","(27, 11)",West,"['(27, 11)', '(25, 11)']","['(26, 11)', '(17, 16)', '(30, 10)']","['(17, 16)', '(30, 10)', '(25, 11)']","[(21, 16), (31, 14), (23, 16), (34, 16), (34, 10), (27, 13), (27, 16), (30, 12), (33, 14), (32, 12), (25, 16), (26, 11), (26, 14), (18, 16), (29, 16), (31, 10), (31, 16), (20, 16), (34, 12), (22, 16), (34, 15), (27, 12), (30, 14), (33, 10), (33, 16), (32, 14), (24, 16), (25, 15), (26, 16), (31, 12), (34, 11), (34, 14), (27, 11), (28, 16), (30, 13), (27, 14), (30, 16), (19, 16), (33, 12), (32, 10), ... (+2 more)]",17,0,17
43,"(17, 16)","(18, 16)",West,"['(18, 16)', '(16, 16)']","['(17, 16)', '(30, 10)', '(25, 11)']","['(30, 10)', '(25, 11)', '(16, 16)']","[(21, 16), (31, 14), (23, 16), (34, 16), (34, 10), (27, 13), (27, 16), (30, 12), (33, 14), (32, 12), (25, 16), (26, 11), (26, 14), (18, 16), (29, 16), (31, 10), (31, 16), (20, 16), (34, 12), (22, 16), (34, 15), (27, 12), (30, 14), (33, 10), (33, 16), (32, 14), (24, 16), (25, 15), (26, 16), (31, 12), (34, 11), (34, 14), (27, 11), (28, 16), (30, 13), (27, 14), (17, 16), (30, 16), (19, 16), (33, 12), ... (+3 more)]",17,0,17
44,"(30, 10)","(31, 10)",West,"['(30, 9)', '(31, 10)', '(29, 10)']","['(30, 10)', '(25, 11)', '(16, 16)']","['(25, 11)', '(16, 16)', '(30, 9)', '(29, 10)']","[(21, 16), (31, 14), (23, 16), (34, 16), (34, 10), (27, 13), (27, 16), (30, 12), (33, 14), (32, 12), (25, 16), (26, 11), (26, 14), (18, 16), (29, 16), (31, 10), (31, 16), (20, 16), (34, 12), (22, 16), (34, 15), (27, 12), (30, 14), (33, 10), (33, 16), (32, 14), (24, 16), (25, 15), (26, 16), (31, 12), (34, 11), (34, 14), (27, 11), (28, 16), (30, 13), (27, 14), (17, 16), (30, 10), (30, 16), (19, 16), ... (+4 more)]",18,0,18
45,"(25, 11)","(26, 11)",West,"['(26, 11)', '(24, 11)']","['(25, 11)', '(16, 16)', '(30, 9)', '(29, 10)']","['(16, 16)', '(29, 10)', '(30, 9)', '(24, 11)']","[(21, 16), (31, 14), (23, 16), (34, 16), (34, 10), (27, 13), (27, 16), (30, 12), (33, 14), (32, 12), (25, 16), (26, 11), (26, 14), (18, 16), (29, 16), (31, 10), (31, 16), (20, 16), (34, 12), (22, 16), (34, 15), (27, 12), (30, 14), (33, 10), (33, 16), (32, 14), (24, 16), (25, 15), (26, 16), (31, 12), (34, 11), (34, 14), (27, 11), (28, 16), (30, 13), (27, 14), (17, 16), (30, 10), (30, 16), (19, 16), ... (+5 more)]",18,0,18
46,"(16, 16)","(17, 16)",West,"['(17, 16)', '(15, 16)']","['(16, 16)', '(29, 10)', '(30, 9)', '(24, 11)']","['(30, 9)', '(29, 10)', '(24, 11)', '(15, 16)']","[(21, 16), (31, 14), (23, 16), (34, 16), (34, 10), (27, 13), (27, 16), (30, 12), (33, 14), (32, 12), (25, 16), (26, 11), (16, 16), (26, 14), (18, 16), (29, 16), (31, 10), (31, 16), (20, 16), (34, 12), (22, 16), (34, 15), (27, 12), (30, 14), (33, 10), (33, 16), (32, 14), (24, 16), (25, 15), (26, 16), (31, 12), (34, 11), (34, 14), (27, 11), (28, 16), (30, 13), (27, 14), (17, 16), (30, 10), (30, 16), ... (+6 more)]",18,0,18
47,"(30, 9)","(30, 10)",South,"['(30, 10)', '(30, 8)']","['(30, 9)', '(29, 10)', '(24, 11)', '(15, 16)']","['(29, 10)', '(15, 16)', '(24, 11)', '(30, 8)']","[(21, 16), (31, 14), (23, 16), (34, 16), (34, 10), (27, 13), (30, 9), (27, 16), (30, 12), (33, 14), (32, 12), (25, 16), (26, 11), (16, 16), (26, 14), (18, 16), (29, 16), (31, 10), (31, 16), (20, 16), (34, 12), (22, 16), (34, 15), (27, 12), (30, 14), (33, 10), (33, 16), (32, 14), (24, 16), (25, 15), (26, 16), (31, 12), (34, 11), (34, 14), (27, 11), (28, 16), (30, 13), (27, 14), (17, 16), (30, 10), ... (+7 more)]",19,0,19
48,"(29, 10)","(30, 10)",West,"['(30, 10)']","['(29, 10)', '(15, 16)', '(24, 11)', '(30, 8)']","['(24, 11)', '(15, 16)', '(30, 8)']","[(21, 16), (31, 14), (23, 16), (34, 16), (34, 10), (27, 13), (30, 9), (27, 16), (30, 12), (33, 14), (32, 12), (25, 16), (26, 11), (16, 16), (26, 14), (18, 16), (29, 16), (29, 10), (31, 10), (31, 16), (20, 16), (34, 12), (22, 16), (34, 15), (27, 12), (30, 14), (33, 10), (33, 16), (32, 14), (24, 16), (25, 15), (26, 16), (31, 12), (34, 11), (34, 14), (27, 11), (28, 16), (30, 13), (27, 14), (17, 16), ... (+8 more)]",19,0,19
49,"(24, 11)","(25, 11)",West,"['(24, 12)', '(25, 11)']","['(24, 11)', '(15, 16)', '(30, 8)']","['(15, 16)', '(30, 8)', '(24, 12)']","[(21, 16), (31, 14), (23, 16), (34, 16), (34, 10), (27, 13), (30, 9), (27, 16), (30, 12), (33, 14), (32, 12), (24, 11), (25, 16), (26, 11), (16, 16), (26, 14), (18, 16), (29, 16), (29, 10), (31, 10), (31, 16), (20, 16), (34, 12), (22, 16), (34, 15), (27, 12), (30, 14), (33, 10), (33, 16), (32, 14), (24, 16), (25, 15), (26, 16), (31, 12), (34, 11), (34, 14), (27, 11), (28, 16), (30, 13), (27, 14), ... (+9 more)]",19,0,19
50,"(15, 16)","(16, 16)",West,"['(16, 16)', '(14, 16)']","['(15, 16)', '(30, 8)', '(24, 12)']","['(30, 8)', '(24, 12)', '(14, 16)']","[(21, 16), (31, 14), (23, 16), (34, 16), (34, 10), (27, 13), (30, 9), (27, 16), (30, 12), (33, 14), (32, 12), (24, 11), (25, 16), (26, 11), (16, 16), (26, 14), (18, 16), (29, 16), (29, 10), (31, 10), (31, 16), (20, 16), (34, 12), (22, 16), (34, 15), (27, 12), (30, 14), (33, 10), (33, 16), (32, 14), (24, 16), (25, 15), (26, 16), (15, 16), (31, 12), (34, 11), (34, 14), (27, 11), (28, 16), (30, 13), ... (+10 more)]",19,0,19
51,"(30, 8)","(30, 9)",South,"['(30, 9)', '(31, 8)']","['(30, 8)', '(24, 12)', '(14, 16)']","['(24, 12)', '(14, 16)', '(31, 8)']","[(21, 16), (31, 14), (23, 16), (34, 16), (34, 10), (27, 13), (30, 9), (27, 16), (30, 12), (33, 14), (32, 12), (24, 11), (25, 16), (26, 11), (16, 16), (26, 14), (18, 16), (29, 16), (29, 10), (31, 10), (31, 16), (20, 16), (34, 12), (22, 16), (34, 15), (27, 12), (30, 8), (30, 14), (33, 10), (33, 16), (32, 14), (24, 16), (25, 15), (26, 16), (15, 16), (31, 12), (34, 11), (34, 14), (27, 11), (28, 16), ... (+11 more)]",20,0,20
52,"(24, 12)","(24, 11)",North,"['(24, 11)', '(23, 12)']","['(24, 12)', '(14, 16)', '(31, 8)']","['(14, 16)', '(31, 8)', '(23, 12)']","[(21, 16), (31, 14), (23, 16), (34, 16), (34, 10), (27, 13), (30, 9), (27, 16), (30, 12), (33, 14), (32, 12), (24, 11), (25, 16), (26, 11), (16, 16), (26, 14), (18, 16), (29, 16), (29, 10), (31, 10), (31, 16), (20, 16), (34, 12), (22, 16), (34, 15), (27, 12), (30, 8), (30, 14), (33, 10), (33, 16), (32, 14), (24, 16), (25, 15), (26, 16), (15, 16), (31, 12), (34, 11), (34, 14), (27, 11), (28, 16), ... (+12 more)]",20,0,20
53,"(14, 16)","(15, 16)",West,"['(15, 16)', '(13, 16)']","['(14, 16)', '(31, 8)', '(23, 12)']","['(31, 8)', '(23, 12)', '(13, 16)']","[(21, 16), (31, 14), (23, 16), (34, 16), (34, 10), (14, 16), (27, 13), (30, 9), (27, 16), (30, 12), (33, 14), (32, 12), (24, 11), (25, 16), (26, 11), (16, 16), (26, 14), (18, 16), (29, 16), (29, 10), (31, 10), (31, 16), (20, 16), (34, 12), (22, 16), (34, 15), (27, 12), (30, 8), (30, 14), (33, 10), (33, 16), (32, 14), (24, 16), (25, 15), (26, 16), (15, 16), (31, 12), (34, 11), (34, 14), (27, 11), ... (+13 more)]",20,0,20
54,"(31, 8)","(30, 8)",East,"['(32, 8)', '(30, 8)']","['(31, 8)', '(23, 12)', '(13, 16)']","['(23, 12)', '(13, 16)', '(32, 8)']","[(21, 16), (31, 14), (31, 8), (23, 16), (34, 16), (34, 10), (14, 16), (27, 13), (30, 9), (27, 16), (30, 12), (33, 14), (32, 12), (24, 11), (25, 16), (26, 11), (16, 16), (26, 14), (18, 16), (29, 16), (29, 10), (31, 10), (31, 16), (20, 16), (34, 12), (22, 16), (34, 15), (27, 12), (30, 8), (30, 14), (33, 10), (33, 16), (32, 14), (24, 16), (25, 15), (26, 16), (15, 16), (31, 12), (34, 11), (34, 14), ... (+14 more)]",21,0,21
55,"(23, 12)","(24, 12)",West,"['(24, 12)', '(22, 12)']","['(23, 12)', '(13, 16)', '(32, 8)']","['(13, 16)', '(32, 8)', '(22, 12)']","[(21, 16), (31, 14), (31, 8), (23, 16), (34, 16), (34, 10), (14, 16), (27, 13), (30, 9), (27, 16), (30, 12), (33, 14), (32, 12), (24, 11), (25, 16), (26, 11), (16, 16), (26, 14), (18, 16), (29, 16), (29, 10), (31, 10), (31, 16), (20, 16), (23, 12), (34, 12), (22, 16), (34, 15), (27, 12), (30, 8), (30, 14), (33, 10), (33, 16), (32, 14), (24, 16), (25, 15), (26, 16), (15, 16), (31, 12), (34, 11), ... (+15 more)]",21,0,21
56,"(13, 16)","(14, 16)",West,"['(14, 16)', '(12, 16)']","['(13, 16)', '(32, 8)', '(22, 12)']","['(32, 8)', '(22, 12)', '(12, 16)']","[(21, 16), (31, 14), (31, 8), (23, 16), (34, 16), (34, 10), (14, 16), (27, 13), (30, 9), (27, 16), (30, 12), (33, 14), (32, 12), (24, 11), (25, 16), (26, 11), (16, 16), (26, 14), (18, 16), (29, 16), (29, 10), (31, 10), (31, 16), (20, 16), (23, 12), (34, 12), (22, 16), (34, 15), (27, 12), (30, 8), (30, 14), (33, 10), (33, 16), (32, 14), (24, 16), (13, 16), (25, 15), (26, 16), (15, 16), (31, 12), ... (+16 more)]",21,0,21
57,"(32, 8)","(31, 8)",East,"['(33, 8)', '(31, 8)']","['(32, 8)', '(22, 12)', '(12, 16)']","['(22, 12)', '(12, 16)', '(33, 8)']","[(21, 16), (31, 14), (31, 8), (23, 16), (34, 16), (34, 10), (14, 16), (27, 13), (30, 9), (27, 16), (30, 12), (33, 14), (32, 12), (24, 11), (25, 16), (26, 11), (16, 16), (26, 14), (18, 16), (29, 16), (29, 10), (31, 10), (31, 16), (20, 16), (23, 12), (34, 12), (22, 16), (34, 15), (27, 12), (30, 8), (30, 14), (33, 10), (33, 16), (32, 14), (32, 8), (24, 16), (13, 16), (25, 15), (26, 16), (15, 16), ... (+17 more)]",22,0,22
58,"(22, 12)","(23, 12)",West,"['(23, 12)', '(21, 12)']","['(22, 12)', '(12, 16)', '(33, 8)']","['(12, 16)', '(33, 8)', '(21, 12)']","[(21, 16), (31, 14), (31, 8), (23, 16), (34, 16), (34, 10), (14, 16), (27, 13), (30, 9), (27, 16), (30, 12), (33, 14), (32, 12), (24, 11), (25, 16), (26, 11), (16, 16), (26, 14), (18, 16), (29, 16), (29, 10), (31, 10), (31, 16), (20, 16), (23, 12), (34, 12), (22, 16), (34, 15), (27, 12), (30, 8), (30, 14), (33, 10), (33, 16), (32, 14), (32, 8), (24, 16), (13, 16), (25, 15), (26, 16), (15, 16), ... (+18 more)]",22,0,22
59,"(12, 16)","(13, 16)",West,"['(13, 16)', '(11, 16)']","['(12, 16)', '(33, 8)', '(21, 12)']","['(33, 8)', '(21, 12)', '(11, 16)']","[(21, 16), (31, 14), (31, 8), (23, 16), (34, 16), (34, 10), (12, 16), (14, 16), (27, 13), (30, 9), (27, 16), (30, 12), (33, 14), (32, 12), (24, 11), (25, 16), (26, 11), (16, 16), (26, 14), (18, 16), (29, 16), (29, 10), (31, 10), (31, 16), (20, 16), (23, 12), (34, 12), (22, 16), (34, 15), (27, 12), (30, 8), (30, 14), (33, 10), (33, 16), (32, 14), (32, 8), (24, 16), (13, 16), (25, 15), (26, 16), ... (+19 more)]",22,0,22
60,"(33, 8)","(32, 8)",East,"['(34, 8)', '(32, 8)']","['(33, 8)', '(21, 12)', '(11, 16)']","['(21, 12)', '(11, 16)', '(34, 8)']","[(21, 16), (31, 14), (31, 8), (23, 16), (34, 16), (34, 10), (12, 16), (14, 16), (27, 13), (30, 9), (27, 16), (30, 12), (33, 8), (33, 14), (32, 12), (24, 11), (25, 16), (26, 11), (16, 16), (26, 14), (18, 16), (29, 16), (29, 10), (31, 10), (31, 16), (20, 16), (23, 12), (34, 12), (22, 16), (34, 15), (27, 12), (30, 8), (30, 14), (33, 10), (33, 16), (32, 14), (32, 8), (24, 16), (13, 16), (25, 15), ... (+20 more)]",23,0,23
61,"(21, 12)","(22, 12)",West,"['(22, 12)', '(20, 12)']","['(21, 12)', '(11, 16)', '(34, 8)']","['(11, 16)', '(34, 8)', '(20, 12)']","[(21, 16), (31, 14), (31, 8), (23, 16), (34, 16), (34, 10), (12, 16), (14, 16), (27, 13), (30, 9), (27, 16), (30, 12), (33, 8), (33, 14), (32, 12), (24, 11), (25, 16), (26, 11), (16, 16), (26, 14), (18, 16), (29, 16), (29, 10), (21, 12), (31, 10), (31, 16), (20, 16), (23, 12), (34, 12), (22, 16), (34, 15), (27, 12), (30, 8), (30, 14), (33, 10), (33, 16), (32, 14), (32, 8), (24, 16), (13, 16), ... (+21 more)]",23,0,23
62,"(11, 16)","(12, 16)",West,"['(12, 16)', '(10, 16)']","['(11, 16)', '(34, 8)', '(20, 12)']","['(34, 8)', '(20, 12)', '(10, 16)']","[(21, 16), (31, 14), (31, 8), (23, 16), (34, 16), (34, 10), (12, 16), (14, 16), (27, 13), (30, 9), (27, 16), (30, 12), (33, 8), (33, 14), (32, 12), (24, 11), (25, 16), (26, 11), (16, 16), (26, 14), (18, 16), (29, 16), (29, 10), (21, 12), (31, 10), (31, 16), (20, 16), (23, 12), (34, 12), (22, 16), (34, 15), (27, 12), (30, 8), (30, 14), (33, 10), (33, 16), (32, 14), (32, 8), (11, 16), (24, 16), ... (+22 more)]",23,0,23
63,"(34, 8)","(33, 8)",East,"['(34, 7)', '(33, 8)']","['(34, 8)', '(20, 12)', '(10, 16)']","['(20, 12)', '(10, 16)', '(34, 7)']","[(21, 16), (31, 14), (31, 8), (23, 16), (34, 16), (34, 10), (12, 16), (14, 16), (27, 13), (30, 9), (27, 16), (30, 12), (33, 8), (33, 14), (32, 12), (24, 11), (25, 16), (26, 11), (16, 16), (26, 14), (18, 16), (29, 16), (29, 10), (21, 12), (31, 10), (31, 16), (20, 16), (23, 12), (34, 12), (22, 16), (34, 15), (27, 12), (30, 8), (30, 14), (33, 10), (33, 16), (32, 14), (32, 8), (11, 16), (24, 16), ... (+23 more)]",24,0,24
64,"(20, 12)","(21, 12)",West,"['(20, 11)', '(21, 12)', '(19, 12)']","['(20, 12)', '(10, 16)', '(34, 7)']","['(10, 16)', '(34, 7)', '(20, 11)', '(19, 12)']","[(21, 16), (31, 14), (31, 8), (23, 16), (34, 16), (34, 10), (12, 16), (14, 16), (27, 13), (30, 9), (27, 16), (30, 12), (33, 8), (33, 14), (32, 12), (24, 11), (25, 16), (26, 11), (16, 16), (26, 14), (18, 16), (29, 16), (29, 10), (21, 12), (31, 10), (31, 16), (20, 16), (23, 12), (34, 12), (22, 16), (34, 15), (27, 12), (30, 8), (30, 14), (33, 10), (33, 16), (32, 14), (32, 8), (11, 16), (24, 16), ... (+24 more)]",24,0,24
65,"(10, 16)","(11, 16)",West,"['(11, 16)', '(9, 16)']","['(10, 16)', '(34, 7)', '(20, 11)', '(19, 12)']","['(34, 7)', '(19, 12)', '(20, 11)', '(9, 16)']","[(21, 16), (31, 14), (31, 8), (23, 16), (34, 16), (34, 10), (12, 16), (14, 16), (27, 13), (30, 9), (27, 16), (30, 12), (33, 8), (33, 14), (32, 12), (24, 11), (25, 16), (26, 11), (16, 16), (26, 14), (18, 16), (29, 16), (29, 10), (21, 12), (31, 10), (31, 16), (20, 16), (23, 12), (34, 12), (22, 16), (34, 15), (27, 12), (30, 8), (30, 14), (33, 10), (33, 16), (32, 14), (32, 8), (11, 16), (24, 16), ... (+25 more)]",24,0,24
66,"(34, 7)","(34, 8)",South,"['(34, 8)', '(34, 6)']","['(34, 7)', '(19, 12)', '(20, 11)', '(9, 16)']","['(20, 11)', '(19, 12)', '(9, 16)', '(34, 6)']","[(21, 16), (31, 14), (31, 8), (34, 7), (23, 16), (34, 16), (34, 10), (12, 16), (14, 16), (27, 13), (30, 9), (27, 16), (30, 12), (33, 8), (33, 14), (32, 12), (24, 11), (25, 16), (26, 11), (16, 16), (26, 14), (18, 16), (29, 16), (29, 10), (21, 12), (31, 10), (31, 16), (20, 16), (23, 12), (34, 12), (22, 16), (34, 15), (27, 12), (30, 8), (30, 14), (33, 10), (33, 16), (32, 14), (32, 8), (11, 16), ... (+26 more)]",25,0,25
67,"(20, 11)","(20, 12)",South,"['(20, 12)', '(20, 10)', '(19, 11)']","['(20, 11)', '(19, 12)', '(9, 16)', '(34, 6)']","['(19, 12)', '(34, 6)', '(9, 16)', '(20, 10)', '(19, 11)']","[(20, 11), (21, 16), (31, 14), (31, 8), (34, 7), (23, 16), (34, 16), (34, 10), (12, 16), (14, 16), (27, 13), (30, 9), (27, 16), (30, 12), (33, 8), (33, 14), (32, 12), (24, 11), (25, 16), (26, 11), (16, 16), (26, 14), (18, 16), (29, 16), (29, 10), (21, 12), (31, 10), (31, 16), (20, 16), (23, 12), (34, 12), (22, 16), (34, 15), (27, 12), (30, 8), (30, 14), (33, 10), (33, 16), (32, 14), (32, 8), ... (+27 more)]",25,0,25
68,"(19, 12)","(20, 12)",West,"['(19, 11)', '(20, 12)', '(18, 12)']","['(19, 12)', '(34, 6)', '(9, 16)', '(20, 10)', '(19, 11)']","['(9, 16)', '(34, 6)', '(19, 11)', '(20, 10)', '(18, 12)']","[(20, 11), (21, 16), (31, 14), (31, 8), (34, 7), (23, 16), (34, 16), (34, 10), (12, 16), (14, 16), (27, 13), (30, 9), (27, 16), (30, 12), (19, 12), (33, 8), (33, 14), (32, 12), (24, 11), (25, 16), (26, 11), (16, 16), (26, 14), (18, 16), (29, 16), (29, 10), (21, 12), (31, 10), (31, 16), (20, 16), (23, 12), (34, 12), (22, 16), (34, 15), (27, 12), (30, 8), (30, 14), (33, 10), (33, 16), (32, 14), ... (+28 more)]",25,0,25
69,"(9, 16)","(10, 16)",West,"['(10, 16)', '(8, 16)']","['(9, 16)', '(34, 6)', '(19, 11)', '(20, 10)', '(18, 12)']","['(34, 6)', '(20, 10)', '(19, 11)', '(18, 12)', '(8, 16)']","[(20, 11), (21, 16), (31, 14), (31, 8), (34, 7), (23, 16), (34, 16), (34, 10), (12, 16), (14, 16), (27, 13), (30, 9), (27, 16), (30, 12), (19, 12), (33, 8), (33, 14), (32, 12), (24, 11), (25, 16), (26, 11), (16, 16), (26, 14), (18, 16), (29, 16), (29, 10), (21, 12), (31, 10), (31, 16), (20, 16), (23, 12), (34, 12), (22, 16), (34, 15), (27, 12), (30, 8), (30, 14), (9, 16), (33, 10), (33, 16), ... (+29 more)]",25,0,25
70,"(34, 6)","(34, 7)",South,"['(34, 7)', '(33, 6)']","['(34, 6)', '(20, 10)', '(19, 11)', '(18, 12)', '(8, 16)']","['(20, 10)', '(18, 12)', '(19, 11)', '(8, 16)', '(33, 6)']","[(20, 11), (21, 16), (31, 14), (31, 8), (34, 7), (23, 16), (34, 16), (34, 10), (12, 16), (14, 16), (27, 13), (30, 9), (27, 16), (30, 12), (19, 12), (33, 8), (33, 14), (32, 12), (24, 11), (25, 16), (26, 11), (16, 16), (26, 14), (18, 16), (29, 16), (29, 10), (34, 6), (21, 12), (31, 10), (31, 16), (20, 16), (23, 12), (34, 12), (22, 16), (34, 15), (27, 12), (30, 8), (30, 14), (9, 16), (33, 10), ... (+30 more)]",26,0,26
71,"(20, 10)","(20, 11)",South,"['(20, 11)', '(20, 9)']","['(20, 10)', '(18, 12)', '(19, 11)', '(8, 16)', '(33, 6)']","['(19, 11)', '(18, 12)', '(33, 6)', '(8, 16)', '(20, 9)']","[(20, 11), (21, 16), (31, 14), (31, 8), (34, 7), (23, 16), (34, 16), (34, 10), (12, 16), (14, 16), (27, 13), (30, 9), (27, 16), (30, 12), (19, 12), (33, 8), (33, 14), (32, 12), (24, 11), (25, 16), (26, 11), (16, 16), (26, 14), (18, 16), (29, 16), (29, 10), (34, 6), (21, 12), (31, 10), (31, 16), (20, 16), (20, 10), (23, 12), (34, 12), (22, 16), (34, 15), (27, 12), (30, 8), (30, 14), (9, 16), ... (+31 more)]",26,0,26
72,"(19, 11)","(20, 11)",West,"['(19, 12)', '(20, 11)']","['(19, 11)', '(18, 12)', '(33, 6)', '(8, 16)', '(20, 9)']","['(18, 12)', '(8, 16)', '(33, 6)', '(20, 9)']","[(20, 11), (21, 16), (31, 14), (31, 8), (34, 7), (23, 16), (34, 16), (34, 10), (12, 16), (14, 16), (27, 13), (30, 9), (27, 16), (30, 12), (19, 12), (33, 8), (33, 14), (32, 12), (24, 11), (25, 16), (26, 11), (16, 16), (26, 14), (18, 16), (29, 16), (29, 10), (34, 6), (21, 12), (31, 10), (31, 16), (20, 16), (20, 10), (23, 12), (34, 12), (22, 16), (34, 15), (27, 12), (19, 11), (30, 8), (30, 14), ... (+32 more)]",26,0,26
73,"(18, 12)","(19, 12)",West,"['(19, 12)', '(17, 12)']","['(18, 12)', '(8, 16)', '(33, 6)', '(20, 9)']","['(8, 16)', '(20, 9)', '(33, 6)', '(17, 12)']","[(20, 11), (21, 16), (31, 14), (31, 8), (34, 7), (23, 16), (34, 16), (34, 10), (12, 16), (14, 16), (27, 13), (30, 9), (27, 16), (30, 12), (19, 12), (33, 8), (33, 14), (32, 12), (24, 11), (25, 16), (26, 11), (16, 16), (26, 14), (18, 16), (29, 16), (29, 10), (34, 6), (21, 12), (31, 10), (31, 16), (20, 16), (20, 10), (23, 12), (34, 12), (22, 16), (34, 15), (27, 12), (19, 11), (30, 8), (30, 14), ... (+33 more)]",26,0,26
74,"(8, 16)","(9, 16)",West,"['(9, 16)', '(7, 16)']","['(8, 16)', '(20, 9)', '(33, 6)', '(17, 12)']","['(33, 6)', '(20, 9)', '(17, 12)', '(7, 16)']","[(20, 11), (21, 16), (31, 14), (31, 8), (34, 7), (23, 16), (34, 16), (34, 10), (12, 16), (14, 16), (27, 13), (30, 9), (27, 16), (30, 12), (19, 12), (33, 8), (33, 14), (32, 12), (24, 11), (25, 16), (26, 11), (16, 16), (26, 14), (18, 16), (29, 16), (29, 10), (34, 6), (21, 12), (31, 10), (31, 16), (20, 16), (20, 10), (23, 12), (34, 12), (22, 16), (34, 15), (27, 12), (19, 11), (30, 8), (30, 14), ... (+34 more)]",26,0,26
75,"(33, 6)","(34, 6)",West,"['(34, 6)', '(32, 6)']","['(33, 6)', '(20, 9)', '(17, 12)', '(7, 16)']","['(20, 9)', '(7, 16)', '(17, 12)', '(32, 6)']","[(20, 11), (21, 16), (31, 14), (31, 8), (34, 7), (23, 16), (34, 16), (34, 10), (12, 16), (14, 16), (27, 13), (30, 9), (27, 16), (30, 12), (19, 12), (33, 8), (33, 14), (32, 12), (24, 11), (25, 16), (26, 11), (16, 16), (26, 14), (18, 16), (29, 16), (29, 10), (34, 6), (21, 12), (31, 10), (31, 16), (20, 16), (20, 10), (23, 12), (34, 12), (22, 16), (34, 15), (27, 12), (19, 11), (30, 8), (30, 14), ... (+35 more)]",27,0,27
76,"(20, 9)","(20, 10)",South,"['(20, 10)', '(21, 9)']","['(20, 9)', '(7, 16)', '(17, 12)', '(32, 6)']","['(17, 12)', '(7, 16)', '(32, 6)', '(21, 9)']","[(20, 11), (21, 16), (31, 14), (31, 8), (34, 7), (23, 16), (34, 16), (34, 10), (12, 16), (14, 16), (27, 13), (30, 9), (27, 16), (30, 12), (19, 12), (33, 8), (33, 14), (32, 12), (24, 11), (25, 16), (26, 11), (16, 16), (26, 14), (18, 16), (29, 16), (29, 10), (34, 6), (21, 12), (31, 10), (31, 16), (20, 16), (20, 10), (23, 12), (34, 12), (22, 16), (34, 15), (27, 12), (19, 11), (30, 8), (30, 14), ... (+36 more)]",27,0,27
77,"(17, 12)","(18, 12)",West,"['(17, 13)', '(18, 12)', '(16, 12)']","['(17, 12)', '(7, 16)', '(32, 6)', '(21, 9)']","['(7, 16)', '(21, 9)', '(32, 6)', '(17, 13)', '(16, 12)']","[(21, 16), (34, 10), (27, 13), (17, 12), (30, 9), (32, 12), (26, 14), (34, 12), (19, 11), (11, 16), (32, 14), (26, 16), (15, 16), (18, 12), (34, 14), (22, 12), (28, 16), (30, 13), (17, 16), (33, 6), (32, 16), (24, 12), (25, 11), (31, 8), (34, 7), (34, 16), (33, 8), (26, 11), (18, 16), (31, 10), (20, 10), (22, 16), (9, 16), (33, 10), (24, 16), (13, 16), (25, 15), (31, 12), (34, 11), (20, 12), ... (+37 more)]",27,0,27
78,"(7, 16)","(8, 16)",West,"['(8, 16)', '(6, 16)']","['(7, 16)', '(21, 9)', '(32, 6)', '(17, 13)', '(16, 12)']","['(32, 6)', '(21, 9)', '(16, 12)', '(17, 13)', '(6, 16)']","[(21, 16), (34, 10), (27, 13), (17, 12), (30, 9), (32, 12), (26, 14), (34, 12), (19, 11), (11, 16), (32, 14), (26, 16), (15, 16), (18, 12), (34, 14), (22, 12), (28, 16), (30, 13), (17, 16), (33, 6), (32, 16), (24, 12), (25, 11), (31, 8), (34, 7), (34, 16), (33, 8), (26, 11), (18, 16), (7, 16), (31, 10), (20, 10), (22, 16), (9, 16), (33, 10), (24, 16), (13, 16), (25, 15), (31, 12), (34, 11), ... (+38 more)]",27,0,27
79,"(32, 6)","(33, 6)",West,"['(33, 6)', '(31, 6)']","['(32, 6)', '(21, 9)', '(16, 12)', '(17, 13)', '(6, 16)']","['(21, 9)', '(17, 13)', '(16, 12)', '(6, 16)', '(31, 6)']","[(21, 16), (34, 10), (27, 13), (17, 12), (30, 9), (32, 12), (26, 14), (34, 12), (19, 11), (11, 16), (32, 14), (26, 16), (15, 16), (18, 12), (34, 14), (22, 12), (28, 16), (30, 13), (17, 16), (33, 6), (32, 16), (24, 12), (25, 11), (31, 8), (34, 7), (34, 16), (33, 8), (26, 11), (18, 16), (7, 16), (31, 10), (20, 10), (22, 16), (9, 16), (33, 10), (24, 16), (13, 16), (25, 15), (31, 12), (34, 11), ... (+39 more)]",28,0,28
80,"(21, 9)","(20, 9)",East,"['(22, 9)', '(20, 9)']","['(21, 9)', '(17, 13)', '(16, 12)', '(6, 16)', '(31, 6)']","['(17, 13)', '(6, 16)', '(16, 12)', '(31, 6)', '(22, 9)']","[(21, 16), (34, 10), (27, 13), (17, 12), (30, 9), (32, 12), (26, 14), (21, 9), (34, 12), (19, 11), (11, 16), (32, 14), (26, 16), (15, 16), (18, 12), (34, 14), (22, 12), (28, 16), (30, 13), (17, 16), (33, 6), (32, 16), (24, 12), (25, 11), (31, 8), (34, 7), (34, 16), (33, 8), (26, 11), (18, 16), (7, 16), (31, 10), (20, 10), (22, 16), (9, 16), (33, 10), (24, 16), (13, 16), (25, 15), (31, 12), ... (+40 more)]",28,0,28
81,"(17, 13)","(17, 12)",North,"['(17, 14)', '(17, 12)']","['(17, 13)', '(6, 16)', '(16, 12)', '(31, 6)', '(22, 9)']","['(16, 12)', '(6, 16)', '(22, 9)', '(31, 6)', '(17, 14)']","[(21, 16), (34, 10), (27, 13), (17, 12), (30, 9), (32, 12), (26, 14), (21, 9), (34, 12), (19, 11), (11, 16), (32, 14), (26, 16), (15, 16), (18, 12), (34, 14), (22, 12), (28, 16), (30, 13), (17, 16), (33, 6), (32, 16), (24, 12), (25, 11), (31, 8), (34, 7), (34, 16), (33, 8), (26, 11), (18, 16), (7, 16), (31, 10), (20, 10), (22, 16), (9, 16), (33, 10), (24, 16), (13, 16), (25, 15), (31, 12), ... (+41 more)]",28,0,28
82,"(16, 12)","(17, 12)",West,"['(17, 12)', '(15, 12)']","['(16, 12)', '(6, 16)', '(22, 9)', '(31, 6)', '(17, 14)']","['(6, 16)', '(31, 6)', '(22, 9)', '(17, 14)', '(15, 12)']","[(21, 16), (34, 10), (27, 13), (17, 12), (30, 9), (32, 12), (26, 14), (21, 9), (34, 12), (19, 11), (11, 16), (32, 14), (26, 16), (15, 16), (18, 12), (34, 14), (22, 12), (28, 16), (30, 13), (17, 16), (33, 6), (32, 16), (24, 12), (25, 11), (31, 8), (34, 7), (34, 16), (33, 8), (26, 11), (18, 16), (7, 16), (31, 10), (20, 10), (22, 16), (9, 16), (33, 10), (24, 16), (13, 16), (25, 15), (16, 12), ... (+42 more)]",28,0,28
83,"(6, 16)","(7, 16)",West,"['(7, 16)', '(5, 16)']","['(6, 16)', '(31, 6)', '(22, 9)', '(17, 14)', '(15, 12)']","['(31, 6)', '(17, 14)', '(22, 9)', '(15, 12)', '(5, 16)']","[(21, 16), (34, 10), (27, 13), (17, 12), (30, 9), (32, 12), (26, 14), (21, 9), (34, 12), (19, 11), (11, 16), (32, 14), (26, 16), (15, 16), (18, 12), (34, 14), (22, 12), (28, 16), (30, 13), (17, 16), (33, 6), (32, 16), (24, 12), (25, 11), (31, 8), (34, 7), (34, 16), (33, 8), (26, 11), (18, 16), (7, 16), (31, 10), (20, 10), (22, 16), (9, 16), (33, 10), (24, 16), (13, 16), (25, 15), (16, 12), ... (+43 more)]",28,0,28
84,"(31, 6)","(32, 6)",West,"['(32, 6)', '(30, 6)']","['(31, 6)', '(17, 14)', '(22, 9)', '(15, 12)', '(5, 16)']","['(22, 9)', '(17, 14)', '(5, 16)', '(15, 12)', '(30, 6)']","[(21, 16), (34, 10), (27, 13), (17, 12), (30, 9), (32, 12), (26, 14), (21, 9), (34, 12), (19, 11), (11, 16), (32, 14), (26, 16), (15, 16), (18, 12), (34, 14), (22, 12), (28, 16), (30, 13), (17, 16), (33, 6), (32, 16), (24, 12), (25, 11), (31, 8), (34, 7), (34, 16), (33, 8), (26, 11), (18, 16), (7, 16), (31, 10), (20, 10), (22, 16), (9, 16), (33, 10), (24, 16), (13, 16), (25, 15), (16, 12), ... (+44 more)]",29,0,29
85,"(22, 9)","(21, 9)",East,"['(23, 9)', '(21, 9)']","['(22, 9)', '(17, 14)', '(5, 16)', '(15, 12)', '(30, 6)']","['(17, 14)', '(15, 12)', '(5, 16)', '(30, 6)', '(23, 9)']","[(21, 16), (34, 10), (27, 13), (17, 12), (30, 9), (32, 12), (26, 14), (21, 9), (34, 12), (19, 11), (11, 16), (32, 14), (26, 16), (15, 16), (18, 12), (34, 14), (22, 12), (28, 16), (30, 13), (17, 16), (33, 6), (32, 16), (24, 12), (25, 11), (31, 8), (34, 7), (34, 16), (33, 8), (26, 11), (18, 16), (7, 16), (31, 10), (20, 10), (22, 16), (9, 16), (33, 10), (24, 16), (13, 16), (25, 15), (16, 12), ... (+45 more)]",29,0,29
86,"(17, 14)","(17, 13)",North,"['(17, 13)', '(16, 14)']","['(17, 14)', '(15, 12)', '(5, 16)', '(30, 6)', '(23, 9)']","['(15, 12)', '(30, 6)', '(5, 16)', '(23, 9)', '(16, 14)']","[(21, 16), (34, 10), (27, 13), (17, 12), (30, 9), (32, 12), (26, 14), (21, 9), (34, 12), (17, 14), (19, 11), (11, 16), (32, 14), (26, 16), (15, 16), (18, 12), (34, 14), (22, 12), (28, 16), (30, 13), (17, 16), (33, 6), (32, 16), (24, 12), (25, 11), (31, 8), (34, 7), (34, 16), (33, 8), (26, 11), (18, 16), (7, 16), (31, 10), (20, 10), (22, 16), (9, 16), (33, 10), (24, 16), (13, 16), (25, 15), ... (+46 more)]",29,0,29
87,"(15, 12)","(16, 12)",West,"['(16, 12)', '(14, 12)']","['(15, 12)', '(30, 6)', '(5, 16)', '(23, 9)', '(16, 14)']","['(5, 16)', '(30, 6)', '(16, 14)', '(23, 9)', '(14, 12)']","[(21, 16), (34, 10), (27, 13), (17, 12), (30, 9), (32, 12), (26, 14), (21, 9), (34, 12), (17, 14), (19, 11), (11, 16), (32, 14), (26, 16), (15, 16), (18, 12), (34, 14), (22, 12), (28, 16), (30, 13), (17, 16), (33, 6), (32, 16), (24, 12), (25, 11), (31, 8), (34, 7), (34, 16), (33, 8), (26, 11), (18, 16), (7, 16), (31, 10), (20, 10), (22, 16), (9, 16), (33, 10), (24, 16), (13, 16), (25, 15), ... (+47 more)]",29,0,29
88,"(5, 16)","(6, 16)",West,"['(6, 16)', '(4, 16)']","['(5, 16)', '(30, 6)', '(16, 14)', '(23, 9)', '(14, 12)']","['(30, 6)', '(23, 9)', '(16, 14)', '(14, 12)', '(4, 16)']","[(21, 16), (34, 10), (27, 13), (17, 12), (30, 9), (32, 12), (26, 14), (21, 9), (34, 12), (17, 14), (19, 11), (11, 16), (32, 14), (26, 16), (15, 16), (18, 12), (34, 14), (22, 12), (28, 16), (30, 13), (17, 16), (33, 6), (32, 16), (24, 12), (25, 11), (31, 8), (34, 7), (34, 16), (5, 16), (33, 8), (26, 11), (18, 16), (7, 16), (31, 10), (20, 10), (22, 16), (9, 16), (33, 10), (24, 16), (13, 16), ... (+48 more)]",29,0,29
89,"(30, 6)","(31, 6)",West,"['(30, 5)', '(31, 6)', '(29, 6)']","['(30, 6)', '(23, 9)', '(16, 14)', '(14, 12)', '(4, 16)']","['(23, 9)', '(14, 12)', '(16, 14)', '(4, 16)', '(30, 5)', '(29, 6)']","[(21, 16), (34, 10), (27, 13), (17, 12), (30, 9), (32, 12), (26, 14), (21, 9), (34, 12), (17, 14), (19, 11), (11, 16), (32, 14), (26, 16), (15, 16), (18, 12), (34, 14), (22, 12), (28, 16), (30, 13), (17, 16), (33, 6), (32, 16), (24, 12), (25, 11), (31, 8), (34, 7), (34, 16), (30, 6), (5, 16), (33, 8), (26, 11), (18, 16), (7, 16), (31, 10), (20, 10), (22, 16), (9, 16), (33, 10), (24, 16), ... (+49 more)]",30,0,30
90,"(23, 9)","(22, 9)",East,"['(24, 9)', '(22, 9)']","['(23, 9)', '(14, 12)', '(16, 14)', '(4, 16)', '(30, 5)', '(29, 6)']","['(16, 14)', '(14, 12)', '(29, 6)', '(4, 16)', '(30, 5)', '(24, 9)']","[(21, 16), (34, 10), (27, 13), (17, 12), (30, 9), (32, 12), (26, 14), (21, 9), (34, 12), (17, 14), (19, 11), (11, 16), (32, 14), (26, 16), (15, 16), (18, 12), (34, 14), (22, 12), (28, 16), (30, 13), (17, 16), (33, 6), (32, 16), (24, 12), (25, 11), (31, 8), (34, 7), (34, 16), (30, 6), (5, 16), (33, 8), (26, 11), (18, 16), (7, 16), (31, 10), (20, 10), (22, 16), (9, 16), (33, 10), (24, 16), ... (+50 more)]",30,0,30
91,"(16, 14)","(17, 14)",West,"['(17, 14)', '(15, 14)']","['(16, 14)', '(14, 12)', '(29, 6)', '(4, 16)', '(30, 5)', '(24, 9)']","['(14, 12)', '(4, 16)', '(29, 6)', '(24, 9)', '(30, 5)', '(15, 14)']","[(21, 16), (34, 10), (27, 13), (17, 12), (30, 9), (32, 12), (26, 14), (21, 9), (34, 12), (17, 14), (19, 11), (11, 16), (32, 14), (26, 16), (15, 16), (18, 12), (34, 14), (22, 12), (28, 16), (30, 13), (17, 16), (33, 6), (32, 16), (24, 12), (25, 11), (31, 8), (34, 7), (34, 16), (30, 6), (5, 16), (33, 8), (26, 11), (18, 16), (7, 16), (31, 10), (20, 10), (22, 16), (9, 16), (33, 10), (24, 16), ... (+51 more)]",30,0,30
92,"(14, 12)","(15, 12)",West,"['(14, 11)', '(15, 12)', '(13, 12)']","['(14, 12)', '(4, 16)', '(29, 6)', '(24, 9)', '(30, 5)', '(15, 14)']","['(4, 16)', '(30, 5)', '(29, 6)', '(24, 9)', '(15, 14)', '(14, 11)', '(13, 12)']","[(21, 16), (34, 10), (27, 13), (17, 12), (30, 9), (32, 12), (26, 14), (21, 9), (34, 12), (17, 14), (19, 11), (11, 16), (32, 14), (26, 16), (15, 16), (18, 12), (34, 14), (22, 12), (28, 16), (30, 13), (17, 16), (33, 6), (32, 16), (24, 12), (25, 11), (31, 8), (34, 7), (34, 16), (30, 6), (5, 16), (33, 8), (26, 11), (18, 16), (7, 16), (31, 10), (20, 10), (22, 16), (14, 12), (9, 16), (33, 10), ... (+52 more)]",30,0,30
93,"(4, 16)","(5, 16)",West,"['(5, 16)', '(3, 16)']","['(4, 16)', '(30, 5)', '(29, 6)', '(24, 9)', '(15, 14)', '(14, 11)', '(13, 12)']","['(30, 5)', '(24, 9)', '(29, 6)', '(13, 12)', '(15, 14)', '(14, 11)', '(3, 16)']","[(21, 16), (34, 10), (27, 13), (17, 12), (30, 9), (32, 12), (26, 14), (21, 9), (34, 12), (17, 14), (19, 11), (11, 16), (32, 14), (26, 16), (15, 16), (18, 12), (34, 14), (22, 12), (28, 16), (30, 13), (17, 16), (33, 6), (32, 16), (24, 12), (25, 11), (31, 8), (34, 7), (34, 16), (30, 6), (5, 16), (33, 8), (26, 11), (18, 16), (7, 16), (31, 10), (20, 10), (22, 16), (14, 12), (9, 16), (33, 10), ... (+53 more)]",30,0,30
94,"(30, 5)","(30, 6)",South,"['(30, 6)', '(30, 4)']","['(30, 5)', '(24, 9)', '(29, 6)', '(13, 12)', '(15, 14)', '(14, 11)', '(3, 16)']","['(29, 6)', '(24, 9)', '(14, 11)', '(13, 12)', '(15, 14)', '(3, 16)', '(30, 4)']","[(21, 16), (34, 10), (27, 13), (17, 12), (30, 9), (32, 12), (26, 14), (21, 9), (34, 12), (17, 14), (19, 11), (11, 16), (32, 14), (26, 16), (15, 16), (18, 12), (34, 14), (22, 12), (28, 16), (30, 13), (17, 16), (33, 6), (32, 16), (24, 12), (25, 11), (31, 8), (34, 7), (34, 16), (30, 6), (5, 16), (33, 8), (26, 11), (18, 16), (7, 16), (31, 10), (20, 10), (22, 16), (14, 12), (9, 16), (33, 10), ... (+54 more)]",31,0,31
95,"(29, 6)","(30, 6)",West,"['(30, 6)']","['(29, 6)', '(24, 9)', '(14, 11)', '(13, 12)', '(15, 14)', '(3, 16)', '(30, 4)']","['(24, 9)', '(15, 14)', '(14, 11)', '(13, 12)', '(30, 4)', '(3, 16)']","[(21, 16), (34, 10), (27, 13), (17, 12), (30, 9), (32, 12), (26, 14), (21, 9), (34, 12), (17, 14), (19, 11), (11, 16), (32, 14), (29, 6), (26, 16), (15, 16), (18, 12), (34, 14), (22, 12), (28, 16), (30, 13), (17, 16), (33, 6), (32, 16), (24, 12), (25, 11), (31, 8), (34, 7), (34, 16), (30, 6), (5, 16), (33, 8), (26, 11), (18, 16), (7, 16), (31, 10), (20, 10), (22, 16), (14, 12), (9, 16), ... (+55 more)]",31,0,31
96,"(24, 9)","(23, 9)",East,"['(25, 9)', '(23, 9)']","['(24, 9)', '(15, 14)', '(14, 11)', '(13, 12)', '(30, 4)', '(3, 16)']","['(15, 14)', '(13, 12)', '(14, 11)', '(3, 16)', '(30, 4)', '(25, 9)']","[(21, 16), (34, 10), (27, 13), (17, 12), (30, 9), (32, 12), (26, 14), (21, 9), (34, 12), (17, 14), (19, 11), (11, 16), (32, 14), (29, 6), (26, 16), (15, 16), (18, 12), (34, 14), (22, 12), (28, 16), (30, 13), (17, 16), (33, 6), (32, 16), (24, 12), (25, 11), (31, 8), (34, 7), (34, 16), (30, 6), (5, 16), (33, 8), (26, 11), (18, 16), (7, 16), (31, 10), (20, 10), (22, 16), (14, 12), (9, 16), ... (+56 more)]",31,0,31
97,"(15, 14)","(16, 14)",West,"['(16, 14)', '(14, 14)']","['(15, 14)', '(13, 12)', '(14, 11)', '(3, 16)', '(30, 4)', '(25, 9)']","['(14, 11)', '(13, 12)', '(25, 9)', '(3, 16)', '(30, 4)', '(14, 14)']","[(21, 16), (34, 10), (27, 13), (17, 12), (30, 9), (32, 12), (26, 14), (15, 14), (21, 9), (34, 12), (17, 14), (19, 11), (11, 16), (32, 14), (29, 6), (26, 16), (15, 16), (18, 12), (34, 14), (22, 12), (28, 16), (30, 13), (17, 16), (33, 6), (32, 16), (24, 12), (25, 11), (31, 8), (34, 7), (34, 16), (30, 6), (5, 16), (33, 8), (26, 11), (18, 16), (7, 16), (31, 10), (20, 10), (22, 16), (14, 12), ... (+57 more)]",31,0,31
98,"(14, 11)","(14, 12)",South,"['(14, 12)', '(14, 10)']","['(14, 11)', '(13, 12)', '(25, 9)', '(3, 16)', '(30, 4)', '(14, 14)']","['(13, 12)', '(3, 16)', '(25, 9)', '(14, 14)', '(30, 4)', '(14, 10)']","[(21, 16), (34, 10), (27, 13), (17, 12), (30, 9), (32, 12), (26, 14), (15, 14), (21, 9), (34, 12), (17, 14), (19, 11), (11, 16), (32, 14), (29, 6), (26, 16), (15, 16), (18, 12), (34, 14), (22, 12), (28, 16), (30, 13), (17, 16), (33, 6), (32, 16), (24, 12), (25, 11), (31, 8), (34, 7), (34, 16), (30, 6), (5, 16), (33, 8), (26, 11), (18, 16), (7, 16), (31, 10), (20, 10), (22, 16), (14, 12), ... (+58 more)]",31,0,31
99,"(13, 12)","(14, 12)",West,"['(14, 12)', '(12, 12)']","['(13, 12)', '(3, 16)', '(25, 9)', '(14, 14)', '(30, 4)', '(14, 10)']","['(3, 16)', '(30, 4)', '(25, 9)', '(14, 14)', '(14, 10)', '(12, 12)']","[(21, 16), (34, 10), (27, 13), (17, 12), (30, 9), (32, 12), (26, 14), (15, 14), (21, 9), (34, 12), (17, 14), (19, 11), (11, 16), (32, 14), (29, 6), (26, 16), (15, 16), (18, 12), (34, 14), (22, 12), (28, 16), (30, 13), (17, 16), (33, 6), (32, 16), (24, 12), (13, 12), (25, 11), (31, 8), (34, 7), (34, 16), (30, 6), (5, 16), (33, 8), (26, 11), (18, 16), (7, 16), (31, 10), (20, 10), (22, 16), ... (+59 more)]",31,0,31
100,"(3, 16)","(4, 16)",West,"['(4, 16)', '(2, 16)']","['(3, 16)', '(30, 4)', '(25, 9)', '(14, 14)', '(14, 10)', '(12, 12)']","['(30, 4)', '(14, 14)', '(25, 9)', '(12, 12)', '(14, 10)', '(2, 16)']","[(21, 16), (34, 10), (27, 13), (17, 12), (30, 9), (32, 12), (26, 14), (15, 14), (21, 9), (34, 12), (17, 14), (19, 11), (11, 16), (32, 14), (29, 6), (26, 16), (15, 16), (18, 12), (34, 14), (22, 12), (28, 16), (30, 13), (17, 16), (33, 6), (32, 16), (24, 12), (13, 12), (25, 11), (31, 8), (34, 7), (34, 16), (30, 6), (5, 16), (33, 8), (26, 11), (18, 16), (7, 16), (31, 10), (20, 10), (22, 16), ... (+60 more)]",31,0,31
101,"(30, 4)","(30, 5)",South,"['(30, 5)', '(30, 3)', '(31, 4)']","['(30, 4)', '(14, 14)', '(25, 9)', '(12, 12)', '(14, 10)', '(2, 16)']","['(25, 9)', '(14, 14)', '(2, 16)', '(12, 12)', '(14, 10)', '(30, 3)', '(31, 4)']","[(21, 16), (34, 10), (27, 13), (17, 12), (30, 9), (32, 12), (26, 14), (15, 14), (21, 9), (34, 12), (17, 14), (19, 11), (11, 16), (32, 14), (29, 6), (26, 16), (15, 16), (18, 12), (34, 14), (22, 12), (30, 4), (28, 16), (30, 13), (17, 16), (33, 6), (32, 16), (24, 12), (13, 12), (25, 11), (31, 8), (34, 7), (34, 16), (30, 6), (5, 16), (33, 8), (26, 11), (18, 16), (7, 16), (31, 10), (20, 10), ... (+61 more)]",32,0,32
102,"(25, 9)","(24, 9)",East,"['(26, 9)', '(24, 9)']","['(25, 9)', '(14, 14)', '(2, 16)', '(12, 12)', '(14, 10)', '(30, 3)', '(31, 4)']","['(14, 14)', '(14, 10)', '(2, 16)', '(12, 12)', '(31, 4)', '(30, 3)', '(26, 9)']","[(21, 16), (34, 10), (27, 13), (17, 12), (30, 9), (32, 12), (26, 14), (15, 14), (21, 9), (34, 12), (17, 14), (19, 11), (11, 16), (32, 14), (29, 6), (26, 16), (15, 16), (18, 12), (34, 14), (22, 12), (30, 4), (28, 16), (30, 13), (17, 16), (33, 6), (32, 16), (24, 12), (13, 12), (25, 11), (31, 8), (34, 7), (34, 16), (30, 6), (5, 16), (33, 8), (26, 11), (18, 16), (7, 16), (31, 10), (20, 10), ... (+62 more)]",32,0,32
103,"(14, 14)","(15, 14)",West,"['(15, 14)', '(13, 14)']","['(14, 14)', '(14, 10)', '(2, 16)', '(12, 12)', '(31, 4)', '(30, 3)', '(26, 9)']","['(14, 10)', '(12, 12)', '(2, 16)', '(26, 9)', '(31, 4)', '(30, 3)', '(13, 14)']","[(21, 16), (34, 10), (27, 13), (17, 12), (30, 9), (32, 12), (26, 14), (15, 14), (21, 9), (34, 12), (17, 14), (19, 11), (11, 16), (32, 14), (29, 6), (26, 16), (15, 16), (18, 12), (34, 14), (22, 12), (30, 4), (28, 16), (30, 13), (17, 16), (33, 6), (32, 16), (24, 12), (13, 12), (25, 11), (31, 8), (34, 7), (34, 16), (30, 6), (5, 16), (33, 8), (26, 11), (18, 16), (7, 16), (31, 10), (20, 10), ... (+63 more)]",32,0,32
104,"(14, 10)","(14, 11)",South,"['(14, 11)', '(15, 10)']","['(14, 10)', '(12, 12)', '(2, 16)', '(26, 9)', '(31, 4)', '(30, 3)', '(13, 14)']","['(12, 12)', '(31, 4)', '(2, 16)', '(26, 9)', '(13, 14)', '(30, 3)', '(15, 10)']","[(21, 16), (34, 10), (27, 13), (17, 12), (30, 9), (32, 12), (26, 14), (15, 14), (21, 9), (34, 12), (17, 14), (19, 11), (11, 16), (32, 14), (29, 6), (26, 16), (15, 16), (18, 12), (34, 14), (22, 12), (30, 4), (28, 16), (30, 13), (17, 16), (33, 6), (32, 16), (24, 12), (13, 12), (25, 11), (31, 8), (34, 7), (34, 16), (14, 10), (30, 6), (5, 16), (33, 8), (26, 11), (18, 16), (7, 16), (31, 10), ... (+64 more)]",32,0,32
105,"(12, 12)","(13, 12)",West,"['(12, 13)', '(12, 11)', '(13, 12)']","['(12, 12)', '(31, 4)', '(2, 16)', '(26, 9)', '(13, 14)', '(30, 3)', '(15, 10)']","['(2, 16)', '(31, 4)', '(30, 3)', '(26, 9)', '(13, 14)', '(15, 10)', '(12, 13)', '(12, 11)']","[(21, 16), (34, 10), (27, 13), (17, 12), (30, 9), (32, 12), (26, 14), (15, 14), (21, 9), (34, 12), (17, 14), (19, 11), (11, 16), (32, 14), (29, 6), (26, 16), (15, 16), (18, 12), (34, 14), (22, 12), (30, 4), (28, 16), (30, 13), (17, 16), (33, 6), (32, 16), (24, 12), (13, 12), (25, 11), (31, 8), (34, 7), (34, 16), (14, 10), (30, 6), (5, 16), (33, 8), (26, 11), (18, 16), (7, 16), (31, 10), ... (+65 more)]",32,0,32
106,"(2, 16)","(3, 16)",West,"['(3, 16)', '(1, 16)']","['(2, 16)', '(31, 4)', '(30, 3)', '(26, 9)', '(13, 14)', '(15, 10)', '(12, 13)', '(12, 11)']","['(30, 3)', '(31, 4)', '(15, 10)', '(26, 9)', '(13, 14)', '(12, 11)', '(12, 13)', '(1, 16)']","[(21, 16), (34, 10), (27, 13), (17, 12), (30, 9), (32, 12), (26, 14), (15, 14), (21, 9), (34, 12), (17, 14), (19, 11), (11, 16), (32, 14), (29, 6), (26, 16), (15, 16), (18, 12), (34, 14), (22, 12), (30, 4), (28, 16), (30, 13), (17, 16), (33, 6), (32, 16), (24, 12), (13, 12), (25, 11), (31, 8), (34, 7), (34, 16), (14, 10), (30, 6), (5, 16), (33, 8), (26, 11), (18, 16), (7, 16), (31, 10), ... (+66 more)]",32,0,32
107,"(30, 3)","(30, 4)",South,"['(30, 4)', '(31, 3)']","['(30, 3)', '(31, 4)', '(15, 10)', '(26, 9)', '(13, 14)', '(12, 11)', '(12, 13)', '(1, 16)']","['(31, 4)', '(26, 9)', '(15, 10)', '(1, 16)', '(13, 14)', '(12, 11)', '(12, 13)', '(31, 3)']","[(21, 16), (34, 10), (27, 13), (17, 12), (30, 9), (32, 12), (26, 14), (15, 14), (21, 9), (34, 12), (17, 14), (19, 11), (11, 16), (32, 14), (29, 6), (26, 16), (15, 16), (18, 12), (34, 14), (22, 12), (30, 4), (28, 16), (30, 13), (17, 16), (33, 6), (32, 16), (24, 12), (13, 12), (25, 11), (31, 8), (34, 7), (34, 16), (14, 10), (30, 6), (5, 16), (33, 8), (26, 11), (18, 16), (7, 16), (31, 10), ... (+67 more)]",33,0,33
108,"(31, 4)","(30, 4)",East,"['(31, 3)', '(32, 4)', '(30, 4)']","['(31, 4)', '(26, 9)', '(15, 10)', '(1, 16)', '(13, 14)', '(12, 11)', '(12, 13)', '(31, 3)']","['(26, 9)', '(13, 14)', '(15, 10)', '(1, 16)', '(31, 3)', '(12, 11)', '(12, 13)', '(32, 4)']","[(21, 16), (34, 10), (27, 13), (17, 12), (30, 9), (32, 12), (26, 14), (15, 14), (21, 9), (34, 12), (17, 14), (19, 11), (11, 16), (32, 14), (29, 6), (26, 16), (15, 16), (18, 12), (34, 14), (22, 12), (30, 4), (28, 16), (30, 13), (17, 16), (33, 6), (32, 16), (24, 12), (13, 12), (25, 11), (31, 8), (34, 7), (34, 16), (14, 10), (30, 6), (5, 16), (33, 8), (26, 11), (18, 16), (7, 16), (31, 10), ... (+68 more)]",33,0,33
109,"(26, 9)","(25, 9)",East,"['(27, 9)', '(25, 9)']","['(26, 9)', '(13, 14)', '(15, 10)', '(1, 16)', '(31, 3)', '(12, 11)', '(12, 13)', '(32, 4)']","['(13, 14)', '(1, 16)', '(15, 10)', '(32, 4)', '(31, 3)', '(12, 11)', '(12, 13)', '(27, 9)']","[(21, 16), (34, 10), (27, 13), (17, 12), (30, 9), (32, 12), (26, 14), (15, 14), (21, 9), (34, 12), (17, 14), (19, 11), (11, 16), (32, 14), (29, 6), (26, 16), (15, 16), (18, 12), (34, 14), (22, 12), (30, 4), (28, 16), (30, 13), (17, 16), (33, 6), (32, 16), (24, 12), (13, 12), (25, 11), (26, 9), (31, 8), (34, 7), (34, 16), (14, 10), (30, 6), (5, 16), (33, 8), (26, 11), (18, 16), (7, 16), ... (+69 more)]",33,0,33
110,"(13, 14)","(14, 14)",West,"['(14, 14)', '(12, 14)']","['(13, 14)', '(1, 16)', '(15, 10)', '(32, 4)', '(31, 3)', '(12, 11)', '(12, 13)', '(27, 9)']","['(15, 10)', '(1, 16)', '(12, 13)', '(32, 4)', '(31, 3)', '(12, 11)', '(27, 9)', '(12, 14)']","[(21, 16), (34, 10), (27, 13), (17, 12), (30, 9), (32, 12), (26, 14), (15, 14), (21, 9), (34, 12), (17, 14), (19, 11), (11, 16), (32, 14), (29, 6), (26, 16), (15, 16), (18, 12), (34, 14), (22, 12), (30, 4), (28, 16), (30, 13), (17, 16), (33, 6), (32, 16), (24, 12), (13, 12), (25, 11), (26, 9), (31, 8), (34, 7), (34, 16), (14, 10), (30, 6), (5, 16), (33, 8), (13, 14), (26, 11), (18, 16), ... (+70 more)]",33,0,33
111,"(15, 10)","(14, 10)",East,"['(16, 10)', '(14, 10)']","['(15, 10)', '(1, 16)', '(12, 13)', '(32, 4)', '(31, 3)', '(12, 11)', '(27, 9)', '(12, 14)']","['(12, 13)', '(1, 16)', '(12, 11)', '(32, 4)', '(31, 3)', '(12, 14)', '(27, 9)', '(16, 10)']","[(21, 16), (34, 10), (27, 13), (17, 12), (30, 9), (32, 12), (26, 14), (15, 14), (21, 9), (34, 12), (17, 14), (19, 11), (11, 16), (32, 14), (29, 6), (26, 16), (15, 16), (18, 12), (34, 14), (22, 12), (30, 4), (28, 16), (30, 13), (17, 16), (33, 6), (32, 16), (24, 12), (13, 12), (25, 11), (26, 9), (31, 8), (34, 7), (34, 16), (14, 10), (30, 6), (5, 16), (33, 8), (13, 14), (26, 11), (18, 16), ... (+71 more)]",33,0,33
112,"(12, 13)","(12, 12)",North,"['(12, 14)', '(12, 12)']","['(12, 13)', '(1, 16)', '(12, 11)', '(32, 4)', '(31, 3)', '(12, 14)', '(27, 9)', '(16, 10)']","['(12, 11)', '(1, 16)', '(27, 9)', '(32, 4)', '(31, 3)', '(12, 14)', '(16, 10)']","[(21, 16), (34, 10), (27, 13), (17, 12), (30, 9), (32, 12), (26, 14), (15, 14), (21, 9), (34, 12), (17, 14), (19, 11), (11, 16), (32, 14), (29, 6), (26, 16), (15, 16), (18, 12), (34, 14), (22, 12), (30, 4), (28, 16), (30, 13), (17, 16), (33, 6), (32, 16), (24, 12), (13, 12), (25, 11), (26, 9), (31, 8), (34, 7), (34, 16), (12, 13), (14, 10), (30, 6), (5, 16), (33, 8), (13, 14), (26, 11), ... (+72 more)]",33,0,33
113,"(12, 11)","(12, 12)",South,"['(12, 12)', '(12, 10)']","['(12, 11)', '(1, 16)', '(27, 9)', '(32, 4)', '(31, 3)', '(12, 14)', '(16, 10)']","['(1, 16)', '(31, 3)', '(27, 9)', '(32, 4)', '(16, 10)', '(12, 14)', '(12, 10)']","[(21, 16), (34, 10), (27, 13), (17, 12), (30, 9), (32, 12), (26, 14), (15, 14), (21, 9), (34, 12), (17, 14), (19, 11), (11, 16), (32, 14), (29, 6), (26, 16), (15, 16), (18, 12), (34, 14), (22, 12), (30, 4), (28, 16), (30, 13), (17, 16), (33, 6), (32, 16), (24, 12), (13, 12), (25, 11), (26, 9), (31, 8), (34, 7), (34, 16), (12, 13), (14, 10), (30, 6), (5, 16), (33, 8), (13, 14), (26, 11), ... (+73 more)]",33,0,33
114,"(1, 16)","(2, 16)",West,"['(1, 15)', '(2, 16)']","['(1, 16)', '(31, 3)', '(27, 9)', '(32, 4)', '(16, 10)', '(12, 14)', '(12, 10)']","['(31, 3)', '(32, 4)', '(27, 9)', '(12, 10)', '(16, 10)', '(12, 14)', '(1, 15)']","[(21, 16), (34, 10), (27, 13), (17, 12), (30, 9), (32, 12), (26, 14), (15, 14), (21, 9), (34, 12), (17, 14), (19, 11), (11, 16), (32, 14), (29, 6), (26, 16), (15, 16), (18, 12), (34, 14), (22, 12), (30, 4), (28, 16), (30, 13), (17, 16), (33, 6), (32, 16), (24, 12), (13, 12), (25, 11), (26, 9), (31, 8), (34, 7), (34, 16), (12, 13), (14, 10), (30, 6), (5, 16), (33, 8), (13, 14), (26, 11), ... (+74 more)]",33,0,33
115,"(31, 3)","(30, 3)",East,"['(31, 4)', '(30, 3)']","['(31, 3)', '(32, 4)', '(27, 9)', '(12, 10)', '(16, 10)', '(12, 14)', '(1, 15)']","['(32, 4)', '(16, 10)', '(27, 9)', '(12, 10)', '(1, 15)', '(12, 14)']","[(21, 16), (34, 10), (27, 13), (17, 12), (30, 9), (32, 12), (26, 14), (15, 14), (21, 9), (34, 12), (17, 14), (19, 11), (11, 16), (32, 14), (29, 6), (26, 16), (15, 16), (18, 12), (34, 14), (22, 12), (30, 4), (28, 16), (30, 13), (17, 16), (33, 6), (32, 16), (24, 12), (13, 12), (25, 11), (26, 9), (31, 8), (34, 7), (34, 16), (12, 13), (14, 10), (30, 6), (5, 16), (33, 8), (13, 14), (26, 11), ... (+75 more)]",34,0,34
116,"(32, 4)","(31, 4)",East,"['(33, 4)', '(31, 4)']","['(32, 4)', '(16, 10)', '(27, 9)', '(12, 10)', '(1, 15)', '(12, 14)']","['(27, 9)', '(16, 10)', '(12, 14)', '(12, 10)', '(1, 15)', '(33, 4)']","[(21, 16), (34, 10), (27, 13), (17, 12), (30, 9), (32, 12), (26, 14), (15, 14), (21, 9), (34, 12), (17, 14), (19, 11), (11, 16), (32, 14), (29, 6), (26, 16), (15, 16), (18, 12), (34, 14), (22, 12), (30, 4), (28, 16), (30, 13), (17, 16), (33, 6), (32, 16), (24, 12), (13, 12), (25, 11), (26, 9), (31, 8), (34, 7), (34, 16), (12, 13), (14, 10), (30, 6), (5, 16), (33, 8), (13, 14), (26, 11), ... (+76 more)]",34,0,34
117,"(27, 9)","(26, 9)",East,"['(27, 8)', '(26, 9)']","['(27, 9)', '(16, 10)', '(12, 14)', '(12, 10)', '(1, 15)', '(33, 4)']","['(12, 14)', '(16, 10)', '(33, 4)', '(12, 10)', '(1, 15)', '(27, 8)']","[(21, 16), (34, 10), (27, 13), (17, 12), (30, 9), (32, 12), (26, 14), (15, 14), (21, 9), (34, 12), (17, 14), (19, 11), (11, 16), (32, 14), (29, 6), (26, 16), (15, 16), (18, 12), (34, 14), (22, 12), (30, 4), (28, 16), (30, 13), (17, 16), (33, 6), (32, 16), (24, 12), (13, 12), (25, 11), (26, 9), (31, 8), (34, 7), (34, 16), (12, 13), (14, 10), (30, 6), (5, 16), (33, 8), (13, 14), (26, 11), ... (+77 more)]",34,0,34
118,"(12, 14)","(13, 14)",West,"['(12, 13)', '(13, 14)']","['(12, 14)', '(16, 10)', '(33, 4)', '(12, 10)', '(1, 15)', '(27, 8)']","['(16, 10)', '(12, 10)', '(33, 4)', '(27, 8)', '(1, 15)']","[(21, 16), (34, 10), (27, 13), (17, 12), (30, 9), (32, 12), (26, 14), (15, 14), (21, 9), (34, 12), (17, 14), (19, 11), (11, 16), (32, 14), (29, 6), (26, 16), (15, 16), (18, 12), (34, 14), (22, 12), (30, 4), (28, 16), (30, 13), (17, 16), (33, 6), (32, 16), (24, 12), (13, 12), (25, 11), (26, 9), (31, 8), (34, 7), (34, 16), (12, 13), (14, 10), (30, 6), (5, 16), (33, 8), (13, 14), (26, 11), ... (+78 more)]",34,0,34
119,"(16, 10)","(15, 10)",East,"['(17, 10)', '(15, 10)']","['(16, 10)', '(12, 10)', '(33, 4)', '(27, 8)', '(1, 15)']","['(12, 10)', '(1, 15)', '(33, 4)', '(27, 8)', '(17, 10)']","[(21, 16), (34, 10), (27, 13), (17, 12), (30, 9), (32, 12), (26, 14), (15, 14), (21, 9), (34, 12), (17, 14), (19, 11), (11, 16), (32, 14), (29, 6), (26, 16), (15, 16), (18, 12), (34, 14), (22, 12), (30, 4), (28, 16), (30, 13), (17, 16), (33, 6), (32, 16), (24, 12), (13, 12), (25, 11), (26, 9), (31, 8), (34, 7), (34, 16), (12, 13), (14, 10), (30, 6), (5, 16), (33, 8), (13, 14), (26, 11), ... (+79 more)]",34,0,34
120,"(12, 10)","(12, 11)",South,"['(12, 11)', '(11, 10)']","['(12, 10)', '(1, 15)', '(33, 4)', '(27, 8)', '(17, 10)']","['(1, 15)', '(27, 8)', '(33, 4)', '(17, 10)', '(11, 10)']","[(21, 16), (34, 10), (27, 13), (17, 12), (30, 9), (32, 12), (26, 14), (15, 14), (21, 9), (34, 12), (17, 14), (19, 11), (11, 16), (32, 14), (29, 6), (26, 16), (15, 16), (18, 12), (34, 14), (22, 12), (30, 4), (28, 16), (30, 13), (17, 16), (33, 6), (32, 16), (24, 12), (13, 12), (25, 11), (26, 9), (31, 8), (34, 7), (34, 16), (12, 13), (14, 10), (30, 6), (5, 16), (33, 8), (13, 14), (26, 11), ... (+80 more)]",34,0,34
121,"(1, 15)","(1, 16)",South,"['(1, 16)', '(1, 14)']","['(1, 15)', '(27, 8)', '(33, 4)', '(17, 10)', '(11, 10)']","['(33, 4)', '(27, 8)', '(11, 10)', '(17, 10)', '(1, 14)']","[(21, 16), (34, 10), (27, 13), (17, 12), (30, 9), (32, 12), (1, 15), (26, 14), (15, 14), (21, 9), (34, 12), (17, 14), (19, 11), (11, 16), (32, 14), (29, 6), (26, 16), (15, 16), (18, 12), (34, 14), (22, 12), (30, 4), (28, 16), (30, 13), (17, 16), (33, 6), (32, 16), (24, 12), (13, 12), (25, 11), (26, 9), (31, 8), (34, 7), (34, 16), (12, 13), (14, 10), (30, 6), (5, 16), (33, 8), (13, 14), ... (+81 more)]",34,0,34
122,"(33, 4)","(32, 4)",East,"['(34, 4)', '(32, 4)']","['(33, 4)', '(27, 8)', '(11, 10)', '(17, 10)', '(1, 14)']","['(27, 8)', '(17, 10)', '(11, 10)', '(1, 14)', '(34, 4)']","[(21, 16), (34, 10), (27, 13), (17, 12), (30, 9), (32, 12), (1, 15), (26, 14), (15, 14), (21, 9), (34, 12), (17, 14), (19, 11), (11, 16), (32, 14), (29, 6), (26, 16), (15, 16), (18, 12), (34, 14), (22, 12), (30, 4), (28, 16), (30, 13), (17, 16), (33, 6), (32, 16), (24, 12), (13, 12), (25, 11), (26, 9), (31, 8), (34, 7), (34, 16), (12, 13), (14, 10), (30, 6), (5, 16), (33, 8), (13, 14), ... (+82 more)]",35,0,35
123,"(27, 8)","(27, 9)",South,"['(27, 9)', '(27, 7)']","['(27, 8)', '(17, 10)', '(11, 10)', '(1, 14)', '(34, 4)']","['(17, 10)', '(1, 14)', '(11, 10)', '(34, 4)', '(27, 7)']","[(21, 16), (34, 10), (27, 13), (17, 12), (30, 9), (32, 12), (1, 15), (26, 14), (15, 14), (21, 9), (34, 12), (17, 14), (19, 11), (11, 16), (32, 14), (29, 6), (26, 16), (15, 16), (18, 12), (34, 14), (22, 12), (27, 8), (30, 4), (28, 16), (30, 13), (17, 16), (33, 6), (32, 16), (24, 12), (13, 12), (25, 11), (26, 9), (31, 8), (34, 7), (34, 16), (12, 13), (14, 10), (30, 6), (5, 16), (33, 8), ... (+83 more)]",35,0,35
124,"(17, 10)","(16, 10)",East,"['(17, 9)', '(16, 10)']","['(17, 10)', '(1, 14)', '(11, 10)', '(34, 4)', '(27, 7)']","['(11, 10)', '(1, 14)', '(27, 7)', '(34, 4)', '(17, 9)']","[(21, 16), (34, 10), (27, 13), (17, 12), (30, 9), (32, 12), (1, 15), (26, 14), (15, 14), (21, 9), (34, 12), (17, 14), (19, 11), (11, 16), (32, 14), (29, 6), (26, 16), (15, 16), (18, 12), (34, 14), (22, 12), (27, 8), (30, 4), (28, 16), (30, 13), (17, 16), (33, 6), (32, 16), (24, 12), (13, 12), (25, 11), (26, 9), (31, 8), (34, 7), (34, 16), (12, 13), (14, 10), (30, 6), (5, 16), (33, 8), ... (+84 more)]",35,0,35
125,"(11, 10)","(12, 10)",West,"['(12, 10)', '(10, 10)']","['(11, 10)', '(1, 14)', '(27, 7)', '(34, 4)', '(17, 9)']","['(1, 14)', '(34, 4)', '(27, 7)', '(17, 9)', '(10, 10)']","[(21, 16), (34, 10), (27, 13), (17, 12), (30, 9), (32, 12), (1, 15), (26, 14), (15, 14), (21, 9), (34, 12), (17, 14), (19, 11), (11, 16), (32, 14), (29, 6), (26, 16), (15, 16), (18, 12), (34, 14), (22, 12), (27, 8), (30, 4), (28, 16), (30, 13), (17, 16), (33, 6), (32, 16), (24, 12), (13, 12), (25, 11), (26, 9), (31, 8), (34, 7), (34, 16), (12, 13), (14, 10), (30, 6), (5, 16), (33, 8), ... (+85 more)]",35,0,35
126,"(1, 14)","(1, 15)",South,"['(1, 15)', '(1, 13)']","['(1, 14)', '(34, 4)', '(27, 7)', '(17, 9)', '(10, 10)']","['(34, 4)', '(17, 9)', '(27, 7)', '(10, 10)', '(1, 13)']","[(21, 16), (34, 10), (27, 13), (17, 12), (30, 9), (32, 12), (1, 15), (26, 14), (15, 14), (21, 9), (34, 12), (17, 14), (19, 11), (11, 16), (32, 14), (29, 6), (26, 16), (15, 16), (18, 12), (34, 14), (22, 12), (27, 8), (30, 4), (28, 16), (30, 13), (17, 16), (33, 6), (32, 16), (24, 12), (13, 12), (25, 11), (26, 9), (31, 8), (34, 7), (34, 16), (12, 13), (14, 10), (30, 6), (5, 16), (33, 8), ... (+86 more)]",35,0,35
127,"(34, 4)","(33, 4)",East,"['(34, 3)', '(33, 4)']","['(34, 4)', '(17, 9)', '(27, 7)', '(10, 10)', '(1, 13)']","['(27, 7)', '(17, 9)', '(1, 13)', '(10, 10)', '(34, 3)']","[(21, 16), (34, 10), (27, 13), (17, 12), (30, 9), (32, 12), (1, 15), (26, 14), (15, 14), (21, 9), (34, 12), (17, 14), (19, 11), (11, 16), (32, 14), (29, 6), (26, 16), (15, 16), (18, 12), (34, 14), (22, 12), (27, 8), (30, 4), (28, 16), (30, 13), (17, 16), (33, 6), (32, 16), (24, 12), (13, 12), (25, 11), (26, 9), (31, 8), (34, 7), (34, 16), (12, 13), (14, 10), (30, 6), (5, 16), (33, 8), ... (+87 more)]",36,0,36
128,"(27, 7)","(27, 8)",South,"['(27, 8)', '(27, 6)']","['(27, 7)', '(17, 9)', '(1, 13)', '(10, 10)', '(34, 3)']","['(17, 9)', '(10, 10)', '(1, 13)', '(34, 3)', '(27, 6)']","[(21, 16), (34, 10), (27, 13), (17, 12), (30, 9), (32, 12), (1, 15), (26, 14), (15, 14), (21, 9), (34, 12), (17, 14), (19, 11), (11, 16), (32, 14), (29, 6), (26, 16), (15, 16), (18, 12), (34, 14), (22, 12), (27, 8), (30, 4), (28, 16), (30, 13), (17, 16), (33, 6), (32, 16), (24, 12), (13, 12), (25, 11), (26, 9), (31, 8), (34, 7), (34, 16), (12, 13), (14, 10), (30, 6), (5, 16), (33, 8), ... (+88 more)]",36,0,36
129,"(17, 9)","(17, 10)",South,"['(17, 10)', '(17, 8)']","['(17, 9)', '(10, 10)', '(1, 13)', '(34, 3)', '(27, 6)']","['(10, 10)', '(34, 3)', '(1, 13)', '(27, 6)', '(17, 8)']","[(21, 16), (34, 10), (27, 13), (17, 12), (30, 9), (32, 12), (1, 15), (26, 14), (15, 14), (21, 9), (34, 12), (17, 14), (19, 11), (11, 16), (32, 14), (29, 6), (26, 16), (15, 16), (18, 12), (34, 14), (22, 12), (27, 8), (30, 4), (28, 16), (30, 13), (17, 16), (33, 6), (32, 16), (24, 12), (13, 12), (25, 11), (26, 9), (31, 8), (34, 7), (34, 16), (12, 13), (14, 10), (17, 9), (30, 6), (5, 16), ... (+89 more)]",36,0,36
130,"(10, 10)","(11, 10)",West,"['(10, 11)', '(11, 10)']","['(10, 10)', '(34, 3)', '(1, 13)', '(27, 6)', '(17, 8)']","['(1, 13)', '(34, 3)', '(17, 8)', '(27, 6)', '(10, 11)']","[(21, 16), (34, 10), (27, 13), (17, 12), (30, 9), (32, 12), (1, 15), (26, 14), (15, 14), (21, 9), (34, 12), (17, 14), (19, 11), (11, 16), (32, 14), (29, 6), (26, 16), (15, 16), (18, 12), (34, 14), (22, 12), (27, 8), (30, 4), (28, 16), (30, 13), (17, 16), (33, 6), (32, 16), (24, 12), (13, 12), (25, 11), (26, 9), (31, 8), (34, 7), (34, 16), (12, 13), (14, 10), (17, 9), (30, 6), (5, 16), ... (+90 more)]",36,0,36
131,"(1, 13)","(1, 14)",South,"['(1, 14)', '(1, 12)']","['(1, 13)', '(34, 3)', '(17, 8)', '(27, 6)', '(10, 11)']","['(34, 3)', '(27, 6)', '(17, 8)', '(10, 11)', '(1, 12)']","[(21, 16), (34, 10), (27, 13), (17, 12), (30, 9), (32, 12), (1, 15), (26, 14), (15, 14), (21, 9), (34, 12), (17, 14), (19, 11), (11, 16), (32, 14), (29, 6), (26, 16), (15, 16), (18, 12), (34, 14), (22, 12), (27, 8), (30, 4), (28, 16), (30, 13), (17, 16), (33, 6), (32, 16), (24, 12), (13, 12), (25, 11), (26, 9), (31, 8), (34, 7), (34, 16), (12, 13), (14, 10), (17, 9), (30, 6), (5, 16), ... (+91 more)]",36,0,36
132,"(34, 3)","(34, 4)",South,"['(34, 4)', '(34, 2)']","['(34, 3)', '(27, 6)', '(17, 8)', '(10, 11)', '(1, 12)']","['(27, 6)', '(10, 11)', '(17, 8)', '(1, 12)', '(34, 2)']","[(21, 16), (34, 10), (27, 13), (17, 12), (30, 9), (32, 12), (1, 15), (26, 14), (15, 14), (21, 9), (34, 3), (34, 12), (17, 14), (19, 11), (11, 16), (32, 14), (29, 6), (26, 16), (15, 16), (18, 12), (34, 14), (22, 12), (27, 8), (30, 4), (28, 16), (30, 13), (17, 16), (33, 6), (32, 16), (24, 12), (13, 12), (25, 11), (26, 9), (31, 8), (34, 7), (34, 16), (12, 13), (14, 10), (17, 9), (30, 6), ... (+92 more)]",37,0,37
133,"(27, 6)","(27, 7)",South,"['(27, 7)', '(27, 5)']","['(27, 6)', '(10, 11)', '(17, 8)', '(1, 12)', '(34, 2)']","['(17, 8)', '(10, 11)', '(34, 2)', '(1, 12)', '(27, 5)']","[(21, 16), (34, 10), (27, 13), (17, 12), (30, 9), (32, 12), (1, 15), (26, 14), (15, 14), (21, 9), (34, 3), (34, 12), (27, 6), (17, 14), (19, 11), (11, 16), (32, 14), (29, 6), (26, 16), (15, 16), (18, 12), (34, 14), (22, 12), (27, 8), (30, 4), (28, 16), (30, 13), (17, 16), (33, 6), (32, 16), (24, 12), (13, 12), (25, 11), (26, 9), (31, 8), (34, 7), (34, 16), (12, 13), (14, 10), (17, 9), ... (+93 more)]",37,0,37
134,"(17, 8)","(17, 9)",South,"['(17, 9)', '(16, 8)']","['(17, 8)', '(10, 11)', '(34, 2)', '(1, 12)', '(27, 5)']","['(10, 11)', '(1, 12)', '(34, 2)', '(27, 5)', '(16, 8)']","[(21, 16), (34, 10), (27, 13), (17, 12), (30, 9), (32, 12), (1, 15), (26, 14), (15, 14), (21, 9), (34, 3), (34, 12), (27, 6), (17, 14), (19, 11), (11, 16), (32, 14), (29, 6), (26, 16), (15, 16), (18, 12), (34, 14), (22, 12), (27, 8), (30, 4), (28, 16), (30, 13), (17, 16), (33, 6), (32, 16), (24, 12), (13, 12), (25, 11), (26, 9), (31, 8), (34, 7), (34, 16), (12, 13), (14, 10), (17, 9), ... (+94 more)]",37,0,37
135,"(10, 11)","(10, 10)",North,"['(10, 12)', '(10, 10)']","['(10, 11)', '(1, 12)', '(34, 2)', '(27, 5)', '(16, 8)']","['(1, 12)', '(27, 5)', '(34, 2)', '(16, 8)', '(10, 12)']","[(21, 16), (34, 10), (27, 13), (17, 12), (30, 9), (32, 12), (1, 15), (26, 14), (15, 14), (21, 9), (34, 3), (34, 12), (27, 6), (17, 14), (19, 11), (11, 16), (32, 14), (29, 6), (26, 16), (15, 16), (18, 12), (34, 14), (22, 12), (27, 8), (30, 4), (28, 16), (30, 13), (17, 16), (33, 6), (32, 16), (24, 12), (13, 12), (25, 11), (26, 9), (31, 8), (34, 7), (34, 16), (12, 13), (14, 10), (17, 9), ... (+95 more)]",37,0,37
136,"(1, 12)","(1, 13)",South,"['(1, 13)', '(1, 11)']","['(1, 12)', '(27, 5)', '(34, 2)', '(16, 8)', '(10, 12)']","['(34, 2)', '(27, 5)', '(10, 12)', '(16, 8)', '(1, 11)']","[(21, 16), (34, 10), (27, 13), (17, 12), (30, 9), (32, 12), (1, 15), (26, 14), (15, 14), (21, 9), (34, 3), (34, 12), (27, 6), (17, 14), (19, 11), (11, 16), (32, 14), (29, 6), (26, 16), (15, 16), (18, 12), (34, 14), (22, 12), (27, 8), (30, 4), (28, 16), (30, 13), (17, 16), (33, 6), (32, 16), (24, 12), (13, 12), (25, 11), (26, 9), (31, 8), (34, 7), (34, 16), (12, 13), (14, 10), (17, 9), ... (+96 more)]",37,0,37
137,"(34, 2)","(34, 3)",South,"['(34, 3)', '(34, 1)']","['(34, 2)', '(27, 5)', '(10, 12)', '(16, 8)', '(1, 11)']","['(27, 5)', '(16, 8)', '(10, 12)', '(1, 11)', '(34, 1)']","[(21, 16), (34, 10), (27, 13), (17, 12), (30, 9), (32, 12), (1, 15), (26, 14), (15, 14), (21, 9), (34, 3), (34, 12), (27, 6), (17, 14), (19, 11), (11, 16), (32, 14), (29, 6), (26, 16), (15, 16), (18, 12), (34, 14), (22, 12), (27, 8), (30, 4), (28, 16), (30, 13), (17, 16), (33, 6), (32, 16), (24, 12), (13, 12), (25, 11), (26, 9), (31, 8), (34, 7), (34, 16), (12, 13), (14, 10), (17, 9), ... (+97 more)]",38,0,38
138,"(27, 5)","(27, 6)",South,"['(27, 6)', '(27, 4)']","['(27, 5)', '(16, 8)', '(10, 12)', '(1, 11)', '(34, 1)']","['(16, 8)', '(1, 11)', '(10, 12)', '(34, 1)', '(27, 4)']","[(21, 16), (34, 10), (27, 13), (17, 12), (30, 9), (32, 12), (1, 15), (26, 14), (15, 14), (21, 9), (34, 3), (34, 12), (27, 6), (17, 14), (19, 11), (11, 16), (32, 14), (29, 6), (26, 16), (15, 16), (18, 12), (34, 14), (22, 12), (27, 8), (30, 4), (28, 16), (30, 13), (17, 16), (33, 6), (32, 16), (24, 12), (13, 12), (25, 11), (26, 9), (31, 8), (34, 7), (34, 16), (12, 13), (14, 10), (17, 9), ... (+98 more)]",38,0,38
139,"(16, 8)","(17, 8)",West,"['(17, 8)', '(15, 8)']","['(16, 8)', '(1, 11)', '(10, 12)', '(34, 1)', '(27, 4)']","['(10, 12)', '(1, 11)', '(27, 4)', '(34, 1)', '(15, 8)']","[(21, 16), (34, 10), (27, 13), (17, 12), (30, 9), (32, 12), (1, 15), (26, 14), (15, 14), (21, 9), (34, 3), (34, 12), (27, 6), (17, 14), (19, 11), (11, 16), (32, 14), (29, 6), (26, 16), (15, 16), (18, 12), (34, 14), (22, 12), (27, 8), (30, 4), (28, 16), (30, 13), (17, 16), (33, 6), (32, 16), (24, 12), (13, 12), (25, 11), (26, 9), (16, 8), (31, 8), (34, 7), (34, 16), (12, 13), (14, 10), ... (+99 more)]",38,0,38
140,"(10, 12)","(10, 11)",North,"['(10, 13)', '(10, 11)']","['(10, 12)', '(1, 11)', '(27, 4)', '(34, 1)', '(15, 8)']","['(1, 11)', '(34, 1)', '(27, 4)', '(15, 8)', '(10, 13)']","[(21, 16), (34, 10), (27, 13), (17, 12), (30, 9), (32, 12), (1, 15), (26, 14), (15, 14), (21, 9), (34, 3), (34, 12), (27, 6), (17, 14), (19, 11), (11, 16), (32, 14), (29, 6), (26, 16), (15, 16), (18, 12), (34, 14), (22, 12), (27, 8), (30, 4), (28, 16), (30, 13), (17, 16), (33, 6), (32, 16), (24, 12), (13, 12), (25, 11), (26, 9), (16, 8), (31, 8), (34, 7), (34, 16), (12, 13), (14, 10), ... (+100 more)]",38,0,38
141,"(1, 11)","(1, 12)",South,"['(1, 12)', '(1, 10)']","['(1, 11)', '(34, 1)', '(27, 4)', '(15, 8)', '(10, 13)']","['(34, 1)', '(15, 8)', '(27, 4)', '(10, 13)', '(1, 10)']","[(21, 16), (34, 10), (27, 13), (17, 12), (30, 9), (32, 12), (1, 15), (26, 14), (15, 14), (21, 9), (34, 3), (34, 12), (27, 6), (17, 14), (19, 11), (11, 16), (32, 14), (29, 6), (26, 16), (15, 16), (18, 12), (34, 14), (22, 12), (27, 8), (30, 4), (28, 16), (30, 13), (17, 16), (33, 6), (32, 16), (24, 12), (13, 12), (25, 11), (26, 9), (16, 8), (31, 8), (34, 7), (34, 16), (12, 13), (14, 10), ... (+101 more)]",38,0,38
142,"(34, 1)","(34, 2)",South,"['(34, 2)', '(33, 1)']","['(34, 1)', '(15, 8)', '(27, 4)', '(10, 13)', '(1, 10)']","['(27, 4)', '(15, 8)', '(1, 10)', '(10, 13)', '(33, 1)']","[(21, 16), (34, 1), (34, 10), (27, 13), (17, 12), (30, 9), (32, 12), (1, 15), (26, 14), (15, 14), (21, 9), (34, 3), (34, 12), (27, 6), (17, 14), (19, 11), (11, 16), (32, 14), (29, 6), (26, 16), (15, 16), (18, 12), (34, 14), (22, 12), (27, 8), (30, 4), (28, 16), (30, 13), (17, 16), (33, 6), (32, 16), (24, 12), (13, 12), (25, 11), (26, 9), (16, 8), (31, 8), (34, 7), (34, 16), (12, 13), ... (+102 more)]",39,0,39
143,"(27, 4)","(27, 5)",South,"['(27, 5)', '(27, 3)']","['(27, 4)', '(15, 8)', '(1, 10)', '(10, 13)', '(33, 1)']","['(15, 8)', '(10, 13)', '(1, 10)', '(33, 1)', '(27, 3)']","[(21, 16), (34, 1), (34, 10), (27, 4), (27, 13), (17, 12), (30, 9), (32, 12), (1, 15), (26, 14), (15, 14), (21, 9), (34, 3), (34, 12), (27, 6), (17, 14), (19, 11), (11, 16), (32, 14), (29, 6), (26, 16), (15, 16), (18, 12), (34, 14), (22, 12), (27, 8), (30, 4), (28, 16), (30, 13), (17, 16), (33, 6), (32, 16), (24, 12), (13, 12), (25, 11), (26, 9), (16, 8), (31, 8), (34, 7), (34, 16), ... (+103 more)]",39,0,39
144,"(15, 8)","(16, 8)",West,"['(16, 8)', '(14, 8)']","['(15, 8)', '(10, 13)', '(1, 10)', '(33, 1)', '(27, 3)']","['(10, 13)', '(33, 1)', '(1, 10)', '(27, 3)', '(14, 8)']","[(21, 16), (34, 1), (34, 10), (27, 4), (27, 13), (17, 12), (30, 9), (32, 12), (1, 15), (26, 14), (15, 14), (21, 9), (34, 3), (34, 12), (27, 6), (17, 14), (19, 11), (11, 16), (32, 14), (29, 6), (26, 16), (15, 16), (18, 12), (34, 14), (22, 12), (27, 8), (30, 4), (28, 16), (30, 13), (17, 16), (33, 6), (32, 16), (24, 12), (13, 12), (25, 11), (26, 9), (16, 8), (31, 8), (34, 7), (34, 16), ... (+104 more)]",39,0,39
145,"(10, 13)","(10, 12)",North,"['(10, 14)', '(10, 12)']","['(10, 13)', '(33, 1)', '(1, 10)', '(27, 3)', '(14, 8)']","['(1, 10)', '(33, 1)', '(14, 8)', '(27, 3)', '(10, 14)']","[(21, 16), (34, 1), (34, 10), (27, 4), (27, 13), (17, 12), (30, 9), (32, 12), (1, 15), (26, 14), (15, 14), (21, 9), (34, 3), (34, 12), (27, 6), (17, 14), (19, 11), (11, 16), (32, 14), (29, 6), (26, 16), (15, 16), (18, 12), (34, 14), (22, 12), (27, 8), (30, 4), (28, 16), (30, 13), (17, 16), (33, 6), (32, 16), (24, 12), (13, 12), (25, 11), (26, 9), (16, 8), (31, 8), (34, 7), (34, 16), ... (+105 more)]",39,0,39
146,"(1, 10)","(1, 11)",South,"['(1, 11)', '(1, 9)']","['(1, 10)', '(33, 1)', '(14, 8)', '(27, 3)', '(10, 14)']","['(33, 1)', '(27, 3)', '(14, 8)', '(10, 14)', '(1, 9)']","[(21, 16), (34, 1), (34, 10), (27, 4), (27, 13), (17, 12), (30, 9), (32, 12), (1, 15), (26, 14), (15, 14), (21, 9), (34, 3), (34, 12), (27, 6), (17, 14), (19, 11), (11, 16), (32, 14), (29, 6), (26, 16), (15, 16), (18, 12), (34, 14), (22, 12), (27, 8), (30, 4), (28, 16), (30, 13), (17, 16), (33, 6), (32, 16), (24, 12), (13, 12), (25, 11), (26, 9), (16, 8), (1, 10), (31, 8), (34, 7), ... (+106 more)]",39,0,39
147,"(33, 1)","(34, 1)",West,"['(34, 1)', '(32, 1)']","['(33, 1)', '(27, 3)', '(14, 8)', '(10, 14)', '(1, 9)']","['(27, 3)', '(10, 14)', '(14, 8)', '(1, 9)', '(32, 1)']","[(21, 16), (34, 1), (34, 10), (27, 4), (27, 13), (17, 12), (30, 9), (32, 12), (1, 15), (26, 14), (15, 14), (21, 9), (34, 3), (34, 12), (27, 6), (17, 14), (19, 11), (11, 16), (32, 14), (29, 6), (26, 16), (15, 16), (18, 12), (34, 14), (22, 12), (27, 8), (30, 4), (28, 16), (30, 13), (17, 16), (33, 6), (32, 16), (24, 12), (13, 12), (25, 11), (26, 9), (16, 8), (1, 10), (31, 8), (34, 7), ... (+107 more)]",40,0,40
148,"(27, 3)","(27, 4)",South,"['(27, 4)', '(27, 2)']","['(27, 3)', '(10, 14)', '(14, 8)', '(1, 9)', '(32, 1)']","['(14, 8)', '(10, 14)', '(32, 1)', '(1, 9)', '(27, 2)']","[(21, 16), (34, 1), (34, 10), (27, 4), (27, 13), (17, 12), (30, 9), (32, 12), (1, 15), (26, 14), (15, 14), (21, 9), (34, 3), (34, 12), (27, 6), (17, 14), (19, 11), (11, 16), (32, 14), (29, 6), (26, 16), (15, 16), (18, 12), (34, 14), (22, 12), (27, 8), (30, 4), (28, 16), (30, 13), (17, 16), (33, 6), (32, 16), (24, 12), (13, 12), (25, 11), (26, 9), (16, 8), (1, 10), (31, 8), (34, 7), ... (+108 more)]",40,0,40
149,"(14, 8)","(15, 8)",West,"['(15, 8)', '(13, 8)']","['(14, 8)', '(10, 14)', '(32, 1)', '(1, 9)', '(27, 2)']","['(10, 14)', '(1, 9)', '(32, 1)', '(27, 2)', '(13, 8)']","[(21, 16), (34, 1), (34, 10), (27, 4), (27, 13), (17, 12), (30, 9), (32, 12), (1, 15), (26, 14), (15, 14), (21, 9), (34, 3), (34, 12), (27, 6), (17, 14), (19, 11), (11, 16), (32, 14), (29, 6), (26, 16), (15, 16), (18, 12), (34, 14), (22, 12), (27, 8), (14, 8), (30, 4), (28, 16), (30, 13), (17, 16), (33, 6), (32, 16), (24, 12), (13, 12), (25, 11), (26, 9), (16, 8), (1, 10), (31, 8), ... (+109 more)]",40,0,40
150,"(10, 14)","(10, 13)",North,"['(10, 13)', '(9, 14)']","['(10, 14)', '(1, 9)', '(32, 1)', '(27, 2)', '(13, 8)']","['(1, 9)', '(27, 2)', '(32, 1)', '(13, 8)', '(9, 14)']","[(21, 16), (34, 1), (34, 10), (27, 4), (27, 13), (17, 12), (30, 9), (32, 12), (1, 15), (26, 14), (15, 14), (21, 9), (34, 3), (34, 12), (27, 6), (17, 14), (19, 11), (11, 16), (32, 14), (29, 6), (26, 16), (15, 16), (18, 12), (34, 14), (22, 12), (27, 8), (14, 8), (30, 4), (28, 16), (30, 13), (17, 16), (33, 6), (32, 16), (24, 12), (13, 12), (25, 11), (26, 9), (16, 8), (1, 10), (31, 8), ... (+110 more)]",40,0,40
151,"(1, 9)","(1, 10)",South,"['(1, 10)', '(1, 8)']","['(1, 9)', '(27, 2)', '(32, 1)', '(13, 8)', '(9, 14)']","['(32, 1)', '(27, 2)', '(9, 14)', '(13, 8)', '(1, 8)']","[(21, 16), (34, 1), (34, 10), (27, 4), (27, 13), (17, 12), (30, 9), (32, 12), (1, 15), (26, 14), (15, 14), (21, 9), (34, 3), (34, 12), (27, 6), (17, 14), (19, 11), (11, 16), (32, 14), (29, 6), (26, 16), (15, 16), (18, 12), (34, 14), (22, 12), (27, 8), (14, 8), (30, 4), (28, 16), (30, 13), (17, 16), (33, 6), (32, 16), (24, 12), (13, 12), (25, 11), (26, 9), (16, 8), (1, 10), (31, 8), ... (+111 more)]",40,0,40
152,"(32, 1)","(33, 1)",West,"['(33, 1)', '(31, 1)']","['(32, 1)', '(27, 2)', '(9, 14)', '(13, 8)', '(1, 8)']","['(27, 2)', '(13, 8)', '(9, 14)', '(1, 8)', '(31, 1)']","[(21, 16), (34, 1), (34, 10), (27, 4), (27, 13), (17, 12), (30, 9), (32, 12), (1, 15), (26, 14), (15, 14), (21, 9), (34, 3), (34, 12), (27, 6), (17, 14), (19, 11), (11, 16), (32, 14), (29, 6), (26, 16), (15, 16), (18, 12), (34, 14), (22, 12), (27, 8), (14, 8), (30, 4), (28, 16), (30, 13), (17, 16), (33, 6), (32, 16), (24, 12), (13, 12), (25, 11), (26, 9), (16, 8), (1, 10), (31, 8), ... (+112 more)]",41,0,41
153,"(27, 2)","(27, 3)",South,"['(27, 3)', '(27, 1)', '(26, 2)']","['(27, 2)', '(13, 8)', '(9, 14)', '(1, 8)', '(31, 1)']","['(13, 8)', '(1, 8)', '(9, 14)', '(31, 1)', '(27, 1)', '(26, 2)']","[(21, 16), (34, 1), (34, 10), (27, 4), (27, 13), (17, 12), (30, 9), (32, 12), (1, 15), (26, 14), (15, 14), (21, 9), (34, 3), (34, 12), (27, 6), (17, 14), (19, 11), (11, 16), (32, 14), (29, 6), (26, 16), (15, 16), (18, 12), (34, 14), (22, 12), (27, 8), (14, 8), (30, 4), (28, 16), (30, 13), (17, 16), (33, 6), (32, 16), (24, 12), (13, 12), (25, 11), (26, 9), (16, 8), (1, 10), (31, 8), ... (+113 more)]",41,0,41
154,"(13, 8)","(14, 8)",West,"['(14, 8)', '(12, 8)']","['(13, 8)', '(1, 8)', '(9, 14)', '(31, 1)', '(27, 1)', '(26, 2)']","['(9, 14)', '(1, 8)', '(26, 2)', '(31, 1)', '(27, 1)', '(12, 8)']","[(21, 16), (34, 1), (34, 10), (27, 4), (27, 13), (17, 12), (30, 9), (32, 12), (13, 8), (1, 15), (26, 14), (15, 14), (21, 9), (34, 3), (34, 12), (27, 6), (17, 14), (19, 11), (11, 16), (32, 14), (29, 6), (26, 16), (15, 16), (18, 12), (34, 14), (22, 12), (27, 8), (14, 8), (30, 4), (28, 16), (30, 13), (17, 16), (33, 6), (32, 16), (24, 12), (13, 12), (25, 11), (26, 9), (16, 8), (1, 10), ... (+114 more)]",41,0,41
155,"(9, 14)","(10, 14)",West,"['(10, 14)', '(8, 14)']","['(9, 14)', '(1, 8)', '(26, 2)', '(31, 1)', '(27, 1)', '(12, 8)']","['(1, 8)', '(31, 1)', '(26, 2)', '(12, 8)', '(27, 1)', '(8, 14)']","[(21, 16), (34, 1), (34, 10), (27, 4), (27, 13), (17, 12), (30, 9), (32, 12), (13, 8), (1, 15), (26, 14), (15, 14), (21, 9), (34, 3), (34, 12), (27, 6), (17, 14), (19, 11), (11, 16), (32, 14), (29, 6), (26, 16), (15, 16), (18, 12), (34, 14), (22, 12), (27, 8), (14, 8), (30, 4), (28, 16), (30, 13), (17, 16), (33, 6), (32, 16), (24, 12), (13, 12), (25, 11), (26, 9), (16, 8), (1, 10), ... (+115 more)]",41,0,41
156,"(1, 8)","(1, 9)",South,"['(1, 9)', '(1, 7)']","['(1, 8)', '(31, 1)', '(26, 2)', '(12, 8)', '(27, 1)', '(8, 14)']","['(31, 1)', '(27, 1)', '(26, 2)', '(12, 8)', '(8, 14)', '(1, 7)']","[(21, 16), (34, 1), (34, 10), (27, 4), (27, 13), (17, 12), (30, 9), (32, 12), (13, 8), (1, 15), (26, 14), (15, 14), (21, 9), (34, 3), (34, 12), (27, 6), (17, 14), (19, 11), (11, 16), (32, 14), (1, 8), (29, 6), (26, 16), (15, 16), (18, 12), (34, 14), (22, 12), (27, 8), (14, 8), (30, 4), (28, 16), (30, 13), (17, 16), (33, 6), (32, 16), (24, 12), (13, 12), (25, 11), (26, 9), (16, 8), ... (+116 more)]",41,0,41
157,"(31, 1)","(32, 1)",West,"['(32, 1)', '(30, 1)']","['(31, 1)', '(27, 1)', '(26, 2)', '(12, 8)', '(8, 14)', '(1, 7)']","['(27, 1)', '(12, 8)', '(26, 2)', '(1, 7)', '(8, 14)', '(30, 1)']","[(21, 16), (34, 1), (34, 10), (27, 4), (27, 13), (17, 12), (30, 9), (32, 12), (13, 8), (1, 15), (26, 14), (15, 14), (21, 9), (34, 3), (34, 12), (27, 6), (17, 14), (19, 11), (11, 16), (32, 14), (1, 8), (29, 6), (26, 16), (15, 16), (18, 12), (34, 14), (22, 12), (27, 8), (14, 8), (30, 4), (28, 16), (30, 13), (17, 16), (33, 6), (32, 16), (24, 12), (13, 12), (25, 11), (26, 9), (16, 8), ... (+117 more)]",42,0,42
158,"(27, 1)","(27, 2)",South,"['(27, 2)', '(28, 1)']","['(27, 1)', '(12, 8)', '(26, 2)', '(1, 7)', '(8, 14)', '(30, 1)']","['(26, 2)', '(12, 8)', '(30, 1)', '(1, 7)', '(8, 14)', '(28, 1)']","[(21, 16), (34, 1), (34, 10), (27, 4), (27, 13), (17, 12), (30, 9), (32, 12), (13, 8), (1, 15), (26, 14), (15, 14), (21, 9), (34, 3), (34, 12), (27, 6), (17, 14), (19, 11), (11, 16), (32, 14), (1, 8), (29, 6), (26, 16), (15, 16), (18, 12), (34, 14), (22, 12), (27, 8), (14, 8), (30, 4), (28, 16), (30, 13), (17, 16), (33, 6), (32, 16), (24, 12), (13, 12), (25, 11), (26, 9), (16, 8), ... (+118 more)]",42,0,42
159,"(26, 2)","(27, 2)",West,"['(27, 2)', '(25, 2)']","['(26, 2)', '(12, 8)', '(30, 1)', '(1, 7)', '(8, 14)', '(28, 1)']","['(12, 8)', '(8, 14)', '(30, 1)', '(1, 7)', '(28, 1)', '(25, 2)']","[(21, 16), (34, 1), (34, 10), (27, 4), (27, 13), (17, 12), (30, 9), (32, 12), (13, 8), (1, 15), (26, 14), (15, 14), (21, 9), (34, 3), (34, 12), (27, 6), (17, 14), (19, 11), (11, 16), (32, 14), (1, 8), (29, 6), (26, 16), (15, 16), (18, 12), (34, 14), (22, 12), (27, 8), (14, 8), (30, 4), (28, 16), (30, 13), (17, 16), (33, 6), (32, 16), (24, 12), (13, 12), (25, 11), (26, 9), (16, 8), ... (+119 more)]",42,0,42
160,"(12, 8)","(13, 8)",West,"['(13, 8)', '(11, 8)']","['(12, 8)', '(8, 14)', '(30, 1)', '(1, 7)', '(28, 1)', '(25, 2)']","['(8, 14)', '(1, 7)', '(30, 1)', '(25, 2)', '(28, 1)', '(11, 8)']","[(21, 16), (34, 1), (34, 10), (27, 4), (27, 13), (17, 12), (30, 9), (32, 12), (13, 8), (1, 15), (26, 14), (15, 14), (21, 9), (34, 3), (34, 12), (27, 6), (17, 14), (19, 11), (11, 16), (32, 14), (1, 8), (29, 6), (26, 16), (15, 16), (18, 12), (34, 14), (22, 12), (27, 8), (14, 8), (30, 4), (28, 16), (30, 13), (17, 16), (33, 6), (32, 16), (24, 12), (13, 12), (25, 11), (26, 9), (16, 8), ... (+120 more)]",42,0,42
161,"(8, 14)","(9, 14)",West,"['(8, 13)', '(9, 14)']","['(8, 14)', '(1, 7)', '(30, 1)', '(25, 2)', '(28, 1)', '(11, 8)']","['(1, 7)', '(28, 1)', '(30, 1)', '(25, 2)', '(11, 8)', '(8, 13)']","[(21, 16), (34, 1), (34, 10), (27, 4), (27, 13), (17, 12), (30, 9), (32, 12), (13, 8), (1, 15), (26, 14), (15, 14), (21, 9), (34, 3), (34, 12), (27, 6), (17, 14), (19, 11), (11, 16), (32, 14), (1, 8), (29, 6), (26, 16), (15, 16), (18, 12), (34, 14), (22, 12), (27, 8), (14, 8), (30, 4), (28, 16), (30, 13), (17, 16), (33, 6), (32, 16), (24, 12), (13, 12), (25, 11), (26, 9), (16, 8), ... (+121 more)]",42,0,42
162,"(1, 7)","(1, 8)",South,"['(1, 8)', '(2, 7)']","['(1, 7)', '(28, 1)', '(30, 1)', '(25, 2)', '(11, 8)', '(8, 13)']","['(30, 1)', '(28, 1)', '(8, 13)', '(25, 2)', '(11, 8)', '(2, 7)']","[(21, 16), (34, 1), (34, 10), (27, 4), (27, 13), (17, 12), (30, 9), (32, 12), (13, 8), (1, 15), (26, 14), (15, 14), (21, 9), (34, 3), (34, 12), (27, 6), (17, 14), (19, 11), (11, 16), (32, 14), (1, 8), (29, 6), (26, 16), (15, 16), (18, 12), (34, 14), (22, 12), (27, 8), (14, 8), (30, 4), (28, 16), (30, 13), (17, 16), (33, 6), (32, 16), (24, 12), (13, 12), (25, 11), (26, 9), (16, 8), ... (+122 more)]",42,0,42
163,"(30, 1)","(31, 1)",West,"['(31, 1)', '(29, 1)']","['(30, 1)', '(28, 1)', '(8, 13)', '(25, 2)', '(11, 8)', '(2, 7)']","['(28, 1)', '(25, 2)', '(8, 13)', '(2, 7)', '(11, 8)', '(29, 1)']","[(21, 16), (34, 1), (34, 10), (27, 4), (27, 13), (17, 12), (30, 9), (32, 12), (13, 8), (1, 15), (26, 14), (15, 14), (21, 9), (34, 3), (34, 12), (27, 6), (17, 14), (19, 11), (11, 16), (32, 14), (1, 8), (29, 6), (26, 16), (15, 16), (18, 12), (34, 14), (22, 12), (27, 8), (14, 8), (30, 4), (28, 16), (30, 13), (17, 16), (33, 6), (32, 16), (24, 12), (13, 12), (25, 11), (26, 9), (16, 8), ... (+123 more)]",43,0,43
164,"(28, 1)","(27, 1)",East,"['(29, 1)', '(27, 1)']","['(28, 1)', '(25, 2)', '(8, 13)', '(2, 7)', '(11, 8)', '(29, 1)']","['(25, 2)', '(11, 8)', '(8, 13)', '(2, 7)', '(29, 1)']","[(21, 16), (34, 1), (34, 10), (27, 4), (27, 13), (17, 12), (30, 9), (32, 12), (13, 8), (1, 15), (26, 14), (15, 14), (21, 9), (34, 3), (34, 12), (27, 6), (17, 14), (19, 11), (11, 16), (32, 14), (1, 8), (29, 6), (26, 16), (15, 16), (18, 12), (34, 14), (22, 12), (27, 8), (14, 8), (30, 4), (28, 16), (30, 13), (17, 16), (33, 6), (32, 16), (24, 12), (13, 12), (25, 11), (26, 9), (16, 8), ... (+124 more)]",43,0,43
165,"(25, 2)","(26, 2)",West,"['(26, 2)', '(24, 2)']","['(25, 2)', '(11, 8)', '(8, 13)', '(2, 7)', '(29, 1)']","['(11, 8)', '(2, 7)', '(8, 13)', '(29, 1)', '(24, 2)']","[(21, 16), (34, 1), (34, 10), (27, 4), (27, 13), (17, 12), (30, 9), (32, 12), (13, 8), (1, 15), (26, 14), (15, 14), (21, 9), (34, 3), (34, 12), (27, 6), (17, 14), (19, 11), (11, 16), (32, 14), (1, 8), (29, 6), (26, 16), (15, 16), (18, 12), (34, 14), (22, 12), (27, 8), (14, 8), (30, 4), (28, 16), (30, 13), (17, 16), (33, 6), (32, 16), (24, 12), (13, 12), (25, 11), (26, 9), (16, 8), ... (+125 more)]",43,0,43
166,"(11, 8)","(12, 8)",West,"['(11, 7)', '(12, 8)']","['(11, 8)', '(2, 7)', '(8, 13)', '(29, 1)', '(24, 2)']","['(8, 13)', '(2, 7)', '(24, 2)', '(29, 1)', '(11, 7)']","[(21, 16), (34, 1), (34, 10), (27, 4), (27, 13), (17, 12), (30, 9), (32, 12), (13, 8), (1, 15), (26, 14), (15, 14), (21, 9), (34, 3), (34, 12), (27, 6), (17, 14), (19, 11), (11, 16), (32, 14), (1, 8), (29, 6), (26, 16), (15, 16), (18, 12), (34, 14), (22, 12), (27, 8), (14, 8), (30, 4), (28, 16), (30, 13), (17, 16), (33, 6), (32, 16), (24, 12), (13, 12), (25, 11), (26, 9), (16, 8), ... (+126 more)]",43,0,43
167,"(8, 13)","(8, 14)",South,"['(8, 14)', '(8, 12)']","['(8, 13)', '(2, 7)', '(24, 2)', '(29, 1)', '(11, 7)']","['(2, 7)', '(29, 1)', '(24, 2)', '(11, 7)', '(8, 12)']","[(21, 16), (34, 1), (34, 10), (27, 4), (27, 13), (17, 12), (30, 9), (32, 12), (13, 8), (1, 15), (26, 14), (15, 14), (21, 9), (34, 3), (34, 12), (27, 6), (17, 14), (19, 11), (11, 16), (32, 14), (1, 8), (29, 6), (26, 16), (15, 16), (18, 12), (34, 14), (22, 12), (27, 8), (14, 8), (30, 4), (28, 16), (30, 13), (17, 16), (33, 6), (32, 16), (24, 12), (13, 12), (25, 11), (26, 9), (16, 8), ... (+127 more)]",43,0,43
168,"(2, 7)","(1, 7)",East,"['(3, 7)', '(1, 7)']","['(2, 7)', '(29, 1)', '(24, 2)', '(11, 7)', '(8, 12)']","['(29, 1)', '(11, 7)', '(24, 2)', '(8, 12)', '(3, 7)']","[(21, 16), (34, 1), (34, 10), (27, 4), (27, 13), (17, 12), (30, 9), (32, 12), (13, 8), (1, 15), (26, 14), (15, 14), (21, 9), (34, 3), (34, 12), (27, 6), (17, 14), (19, 11), (11, 16), (32, 14), (1, 8), (29, 6), (26, 16), (15, 16), (18, 12), (34, 14), (22, 12), (27, 8), (14, 8), (30, 4), (28, 16), (30, 13), (17, 16), (33, 6), (32, 16), (24, 12), (13, 12), (25, 11), (26, 9), (16, 8), ... (+128 more)]",43,0,43
169,"(29, 1)","(30, 1)",West,"['(30, 1)', '(28, 1)']","['(29, 1)', '(11, 7)', '(24, 2)', '(8, 12)', '(3, 7)']","['(24, 2)', '(11, 7)', '(3, 7)', '(8, 12)']","[(21, 16), (34, 1), (34, 10), (27, 4), (27, 13), (17, 12), (30, 9), (32, 12), (13, 8), (1, 15), (26, 14), (15, 14), (21, 9), (34, 3), (34, 12), (27, 6), (17, 14), (19, 11), (11, 16), (32, 14), (1, 8), (29, 6), (26, 16), (15, 16), (18, 12), (34, 14), (22, 12), (27, 8), (14, 8), (30, 4), (28, 16), (30, 13), (17, 16), (33, 6), (32, 16), (24, 12), (13, 12), (25, 11), (26, 9), (16, 8), ... (+129 more)]",44,0,44
170,"(24, 2)","(25, 2)",West,"['(25, 2)', '(23, 2)']","['(24, 2)', '(11, 7)', '(3, 7)', '(8, 12)']","['(11, 7)', '(8, 12)', '(3, 7)', '(23, 2)']","[(21, 16), (34, 1), (34, 10), (27, 4), (27, 13), (17, 12), (30, 9), (32, 12), (13, 8), (1, 15), (26, 14), (15, 14), (21, 9), (34, 3), (34, 12), (27, 6), (17, 14), (19, 11), (11, 16), (32, 14), (1, 8), (29, 6), (26, 16), (15, 16), (18, 12), (34, 14), (22, 12), (27, 8), (14, 8), (30, 4), (28, 16), (30, 13), (17, 16), (33, 6), (32, 16), (24, 12), (13, 12), (25, 11), (26, 9), (16, 8), ... (+130 more)]",44,0,44
171,"(11, 7)","(11, 8)",South,"['(11, 8)', '(11, 6)']","['(11, 7)', '(8, 12)', '(3, 7)', '(23, 2)']","['(8, 12)', '(23, 2)', '(3, 7)', '(11, 6)']","[(21, 16), (34, 1), (34, 10), (27, 4), (27, 13), (17, 12), (30, 9), (32, 12), (13, 8), (1, 15), (26, 14), (15, 14), (21, 9), (34, 3), (34, 12), (27, 6), (17, 14), (19, 11), (11, 7), (11, 16), (32, 14), (1, 8), (29, 6), (26, 16), (15, 16), (18, 12), (34, 14), (22, 12), (27, 8), (14, 8), (30, 4), (28, 16), (30, 13), (17, 16), (33, 6), (32, 16), (24, 12), (13, 12), (25, 11), (26, 9), ... (+131 more)]",44,0,44
172,"(8, 12)","(8, 13)",South,"['(8, 13)', '(8, 11)']","['(8, 12)', '(23, 2)', '(3, 7)', '(11, 6)']","['(3, 7)', '(23, 2)', '(11, 6)', '(8, 11)']","[(21, 16), (34, 1), (34, 10), (27, 4), (27, 13), (17, 12), (30, 9), (32, 12), (13, 8), (1, 15), (26, 14), (15, 14), (21, 9), (34, 3), (34, 12), (27, 6), (17, 14), (19, 11), (11, 7), (11, 16), (32, 14), (1, 8), (29, 6), (26, 16), (15, 16), (18, 12), (34, 14), (22, 12), (27, 8), (14, 8), (30, 4), (28, 16), (30, 13), (17, 16), (33, 6), (32, 16), (24, 12), (13, 12), (25, 11), (26, 9), ... (+132 more)]",44,0,44
173,"(3, 7)","(2, 7)",East,"['(4, 7)', '(2, 7)']","['(3, 7)', '(23, 2)', '(11, 6)', '(8, 11)']","['(23, 2)', '(8, 11)', '(11, 6)', '(4, 7)']","[(21, 16), (34, 1), (34, 10), (27, 4), (27, 13), (17, 12), (30, 9), (32, 12), (13, 8), (1, 15), (26, 14), (15, 14), (21, 9), (34, 3), (34, 12), (27, 6), (17, 14), (19, 11), (11, 7), (11, 16), (32, 14), (1, 8), (29, 6), (26, 16), (15, 16), (18, 12), (34, 14), (22, 12), (27, 8), (14, 8), (30, 4), (28, 16), (30, 13), (17, 16), (33, 6), (32, 16), (24, 12), (13, 12), (25, 11), (26, 9), ... (+133 more)]",44,0,44
174,"(23, 2)","(24, 2)",West,"['(24, 2)', '(22, 2)']","['(23, 2)', '(8, 11)', '(11, 6)', '(4, 7)']","['(11, 6)', '(8, 11)', '(4, 7)', '(22, 2)']","[(21, 16), (34, 1), (34, 10), (27, 4), (27, 13), (17, 12), (30, 9), (32, 12), (13, 8), (1, 15), (26, 14), (15, 14), (21, 9), (34, 3), (34, 12), (27, 6), (17, 14), (19, 11), (11, 7), (11, 16), (32, 14), (1, 8), (29, 6), (26, 16), (15, 16), (18, 12), (34, 14), (22, 12), (27, 8), (14, 8), (30, 4), (28, 16), (30, 13), (17, 16), (33, 6), (32, 16), (24, 12), (13, 12), (25, 11), (26, 9), ... (+134 more)]",45,0,45
175,"(11, 6)","(11, 7)",South,"['(11, 7)', '(10, 6)']","['(11, 6)', '(8, 11)', '(4, 7)', '(22, 2)']","['(8, 11)', '(22, 2)', '(4, 7)', '(10, 6)']","[(21, 16), (34, 1), (34, 10), (27, 4), (27, 13), (17, 12), (30, 9), (32, 12), (13, 8), (1, 15), (26, 14), (15, 14), (21, 9), (34, 3), (34, 12), (27, 6), (17, 14), (19, 11), (11, 7), (11, 16), (32, 14), (1, 8), (29, 6), (26, 16), (15, 16), (18, 12), (34, 14), (22, 12), (27, 8), (14, 8), (30, 4), (28, 16), (30, 13), (17, 16), (33, 6), (32, 16), (24, 12), (13, 12), (25, 11), (26, 9), ... (+135 more)]",45,0,45
176,"(8, 11)","(8, 12)",South,"['(8, 12)', '(8, 10)']","['(8, 11)', '(22, 2)', '(4, 7)', '(10, 6)']","['(4, 7)', '(22, 2)', '(10, 6)', '(8, 10)']","[(21, 16), (34, 1), (34, 10), (27, 4), (27, 13), (17, 12), (30, 9), (32, 12), (13, 8), (1, 15), (26, 14), (15, 14), (21, 9), (34, 3), (34, 12), (27, 6), (17, 14), (19, 11), (8, 11), (11, 7), (11, 16), (32, 14), (1, 8), (29, 6), (26, 16), (15, 16), (18, 12), (34, 14), (22, 12), (27, 8), (14, 8), (30, 4), (28, 16), (30, 13), (17, 16), (33, 6), (32, 16), (24, 12), (13, 12), (25, 11), ... (+136 more)]",45,0,45
177,"(4, 7)","(3, 7)",East,"['(4, 8)', '(3, 7)']","['(4, 7)', '(22, 2)', '(10, 6)', '(8, 10)']","['(22, 2)', '(8, 10)', '(10, 6)', '(4, 8)']","[(21, 16), (34, 1), (34, 10), (27, 4), (27, 13), (17, 12), (30, 9), (32, 12), (13, 8), (1, 15), (26, 14), (15, 14), (21, 9), (34, 3), (34, 12), (27, 6), (17, 14), (19, 11), (8, 11), (11, 7), (11, 16), (32, 14), (1, 8), (29, 6), (26, 16), (15, 16), (18, 12), (34, 14), (22, 12), (27, 8), (14, 8), (30, 4), (28, 16), (30, 13), (17, 16), (33, 6), (32, 16), (24, 12), (13, 12), (25, 11), ... (+137 more)]",45,0,45
178,"(22, 2)","(23, 2)",West,"['(23, 2)', '(21, 2)']","['(22, 2)', '(8, 10)', '(10, 6)', '(4, 8)']","['(10, 6)', '(8, 10)', '(4, 8)', '(21, 2)']","[(21, 16), (34, 1), (34, 10), (27, 4), (27, 13), (17, 12), (30, 9), (32, 12), (13, 8), (1, 15), (26, 14), (15, 14), (21, 9), (34, 3), (34, 12), (27, 6), (17, 14), (19, 11), (8, 11), (11, 7), (11, 16), (32, 14), (1, 8), (29, 6), (26, 16), (15, 16), (18, 12), (34, 14), (22, 12), (27, 8), (14, 8), (30, 4), (28, 16), (30, 13), (17, 16), (33, 6), (32, 16), (24, 12), (13, 12), (25, 11), ... (+138 more)]",46,0,46
179,"(10, 6)","(11, 6)",West,"['(11, 6)', '(9, 6)']","['(10, 6)', '(8, 10)', '(4, 8)', '(21, 2)']","['(8, 10)', '(21, 2)', '(4, 8)', '(9, 6)']","[(21, 16), (34, 1), (34, 10), (27, 4), (27, 13), (17, 12), (30, 9), (10, 6), (32, 12), (13, 8), (1, 15), (26, 14), (15, 14), (21, 9), (34, 3), (34, 12), (27, 6), (17, 14), (19, 11), (8, 11), (11, 7), (11, 16), (32, 14), (1, 8), (29, 6), (26, 16), (15, 16), (18, 12), (34, 14), (22, 12), (27, 8), (14, 8), (30, 4), (28, 16), (30, 13), (17, 16), (33, 6), (32, 16), (24, 12), (13, 12), ... (+139 more)]",46,0,46
180,"(8, 10)","(8, 11)",South,"['(8, 11)', '(8, 9)']","['(8, 10)', '(21, 2)', '(4, 8)', '(9, 6)']","['(4, 8)', '(21, 2)', '(9, 6)', '(8, 9)']","[(21, 16), (34, 1), (34, 10), (27, 4), (27, 13), (17, 12), (30, 9), (10, 6), (32, 12), (13, 8), (1, 15), (26, 14), (15, 14), (21, 9), (34, 3), (34, 12), (27, 6), (17, 14), (19, 11), (8, 11), (11, 7), (11, 16), (32, 14), (1, 8), (29, 6), (26, 16), (15, 16), (18, 12), (34, 14), (22, 12), (27, 8), (14, 8), (30, 4), (28, 16), (30, 13), (17, 16), (33, 6), (32, 16), (24, 12), (13, 12), ... (+140 more)]",46,0,46
181,"(4, 8)","(4, 7)",North,"['(4, 9)', '(4, 7)']","['(4, 8)', '(21, 2)', '(9, 6)', '(8, 9)']","['(21, 2)', '(8, 9)', '(9, 6)', '(4, 9)']","[(21, 16), (34, 1), (34, 10), (27, 4), (27, 13), (17, 12), (30, 9), (10, 6), (32, 12), (13, 8), (1, 15), (26, 14), (15, 14), (21, 9), (34, 3), (34, 12), (27, 6), (17, 14), (19, 11), (8, 11), (11, 7), (11, 16), (32, 14), (1, 8), (29, 6), (26, 16), (15, 16), (18, 12), (34, 14), (22, 12), (27, 8), (14, 8), (30, 4), (28, 16), (30, 13), (17, 16), (33, 6), (32, 16), (24, 12), (13, 12), ... (+141 more)]",46,0,46
182,"(21, 2)","(22, 2)",West,"['(22, 2)', '(20, 2)']","['(21, 2)', '(8, 9)', '(9, 6)', '(4, 9)']","['(9, 6)', '(8, 9)', '(4, 9)', '(20, 2)']","[(21, 16), (34, 1), (34, 10), (27, 4), (27, 13), (17, 12), (30, 9), (10, 6), (32, 12), (13, 8), (1, 15), (26, 14), (15, 14), (21, 9), (34, 3), (34, 12), (27, 6), (17, 14), (19, 11), (8, 11), (11, 7), (11, 16), (32, 14), (1, 8), (29, 6), (21, 2), (26, 16), (15, 16), (18, 12), (34, 14), (22, 12), (27, 8), (14, 8), (30, 4), (28, 16), (30, 13), (17, 16), (33, 6), (32, 16), (24, 12), ... (+142 more)]",47,0,47
183,"(9, 6)","(10, 6)",West,"['(10, 6)', '(8, 6)']","['(9, 6)', '(8, 9)', '(4, 9)', '(20, 2)']","['(8, 9)', '(20, 2)', '(4, 9)', '(8, 6)']","[(21, 16), (34, 1), (34, 10), (27, 4), (27, 13), (17, 12), (30, 9), (10, 6), (32, 12), (13, 8), (1, 15), (26, 14), (15, 14), (21, 9), (34, 3), (34, 12), (27, 6), (17, 14), (19, 11), (8, 11), (11, 7), (11, 16), (32, 14), (1, 8), (29, 6), (21, 2), (26, 16), (15, 16), (18, 12), (34, 14), (22, 12), (27, 8), (14, 8), (30, 4), (28, 16), (30, 13), (17, 16), (33, 6), (32, 16), (24, 12), ... (+143 more)]",47,0,47
184,"(8, 9)","(8, 10)",South,"['(8, 10)', '(8, 8)']","['(8, 9)', '(20, 2)', '(4, 9)', '(8, 6)']","['(4, 9)', '(20, 2)', '(8, 6)', '(8, 8)']","[(21, 16), (34, 1), (34, 10), (27, 4), (27, 13), (17, 12), (30, 9), (10, 6), (8, 9), (32, 12), (13, 8), (1, 15), (26, 14), (15, 14), (21, 9), (34, 3), (34, 12), (27, 6), (17, 14), (19, 11), (8, 11), (11, 7), (11, 16), (32, 14), (1, 8), (29, 6), (21, 2), (26, 16), (15, 16), (18, 12), (34, 14), (22, 12), (27, 8), (14, 8), (30, 4), (28, 16), (30, 13), (17, 16), (33, 6), (32, 16), ... (+144 more)]",47,0,47
185,"(4, 9)","(4, 8)",North,"['(4, 10)', '(4, 8)']","['(4, 9)', '(20, 2)', '(8, 6)', '(8, 8)']","['(20, 2)', '(8, 8)', '(8, 6)', '(4, 10)']","[(21, 16), (34, 1), (4, 9), (34, 10), (27, 4), (27, 13), (17, 12), (30, 9), (10, 6), (8, 9), (32, 12), (13, 8), (1, 15), (26, 14), (15, 14), (21, 9), (34, 3), (34, 12), (27, 6), (17, 14), (19, 11), (8, 11), (11, 7), (11, 16), (32, 14), (1, 8), (29, 6), (21, 2), (26, 16), (15, 16), (18, 12), (34, 14), (22, 12), (27, 8), (14, 8), (30, 4), (28, 16), (30, 13), (17, 16), (33, 6), ... (+145 more)]",47,0,47
186,"(20, 2)","(21, 2)",West,"['(21, 2)', '(19, 2)']","['(20, 2)', '(8, 8)', '(8, 6)', '(4, 10)']","['(8, 6)', '(8, 8)', '(4, 10)', '(19, 2)']","[(21, 16), (34, 1), (4, 9), (34, 10), (27, 4), (27, 13), (17, 12), (30, 9), (10, 6), (8, 9), (32, 12), (13, 8), (1, 15), (26, 14), (15, 14), (21, 9), (34, 3), (34, 12), (27, 6), (17, 14), (19, 11), (8, 11), (11, 7), (11, 16), (32, 14), (1, 8), (29, 6), (21, 2), (26, 16), (15, 16), (18, 12), (34, 14), (22, 12), (27, 8), (14, 8), (30, 4), (28, 16), (30, 13), (17, 16), (33, 6), ... (+146 more)]",48,0,48
187,"(8, 6)","(9, 6)",West,"['(9, 6)', '(7, 6)']","['(8, 6)', '(8, 8)', '(4, 10)', '(19, 2)']","['(8, 8)', '(19, 2)', '(4, 10)', '(7, 6)']","[(21, 16), (34, 1), (4, 9), (34, 10), (27, 4), (27, 13), (17, 12), (30, 9), (10, 6), (8, 9), (32, 12), (13, 8), (1, 15), (26, 14), (15, 14), (21, 9), (34, 3), (34, 12), (27, 6), (17, 14), (19, 11), (8, 11), (11, 7), (11, 16), (32, 14), (1, 8), (29, 6), (21, 2), (26, 16), (15, 16), (18, 12), (34, 14), (22, 12), (27, 8), (14, 8), (30, 4), (28, 16), (30, 13), (17, 16), (33, 6), ... (+147 more)]",48,0,48
188,"(8, 8)","(8, 9)",South,"['(8, 9)', '(7, 8)']","['(8, 8)', '(19, 2)', '(4, 10)', '(7, 6)']","['(4, 10)', '(19, 2)', '(7, 6)', '(7, 8)']","[(21, 16), (34, 1), (4, 9), (34, 10), (27, 4), (27, 13), (17, 12), (30, 9), (10, 6), (8, 9), (32, 12), (13, 8), (1, 15), (26, 14), (15, 14), (21, 9), (34, 3), (34, 12), (27, 6), (17, 14), (19, 11), (8, 11), (11, 7), (11, 16), (32, 14), (1, 8), (29, 6), (21, 2), (26, 16), (15, 16), (18, 12), (34, 14), (22, 12), (27, 8), (14, 8), (30, 4), (28, 16), (30, 13), (17, 16), (33, 6), ... (+148 more)]",48,0,48
189,"(4, 10)","(4, 9)",North,"['(4, 11)', '(4, 9)', '(3, 10)']","['(4, 10)', '(19, 2)', '(7, 6)', '(7, 8)']","['(19, 2)', '(7, 8)', '(7, 6)', '(4, 11)', '(3, 10)']","[(21, 16), (34, 1), (4, 9), (34, 10), (27, 4), (27, 13), (17, 12), (30, 9), (10, 6), (8, 9), (32, 12), (13, 8), (1, 15), (26, 14), (15, 14), (21, 9), (34, 3), (34, 12), (27, 6), (17, 14), (19, 11), (8, 11), (11, 7), (11, 16), (32, 14), (1, 8), (29, 6), (21, 2), (26, 16), (15, 16), (18, 12), (34, 14), (22, 12), (27, 8), (14, 8), (30, 4), (28, 16), (30, 13), (17, 16), (33, 6), ... (+149 more)]",48,0,48
190,"(19, 2)","(20, 2)",West,"['(20, 2)', '(18, 2)']","['(19, 2)', '(7, 8)', '(7, 6)', '(4, 11)', '(3, 10)']","['(7, 6)', '(7, 8)', '(3, 10)', '(4, 11)', '(18, 2)']","[(21, 16), (34, 1), (4, 9), (34, 10), (27, 4), (27, 13), (17, 12), (30, 9), (10, 6), (8, 9), (32, 12), (13, 8), (1, 15), (26, 14), (15, 14), (21, 9), (34, 3), (34, 12), (27, 6), (19, 2), (17, 14), (19, 11), (8, 11), (11, 7), (11, 16), (32, 14), (1, 8), (29, 6), (21, 2), (26, 16), (15, 16), (18, 12), (34, 14), (22, 12), (27, 8), (14, 8), (30, 4), (28, 16), (30, 13), (17, 16), ... (+150 more)]",49,0,49
191,"(7, 6)","(8, 6)",West,"['(8, 6)', '(6, 6)']","['(7, 6)', '(7, 8)', '(3, 10)', '(4, 11)', '(18, 2)']","['(7, 8)', '(4, 11)', '(3, 10)', '(18, 2)', '(6, 6)']","[(21, 16), (34, 1), (4, 9), (34, 10), (27, 4), (27, 13), (17, 12), (30, 9), (10, 6), (8, 9), (32, 12), (13, 8), (1, 15), (26, 14), (15, 14), (21, 9), (34, 3), (34, 12), (27, 6), (19, 2), (17, 14), (19, 11), (8, 11), (11, 7), (11, 16), (32, 14), (1, 8), (29, 6), (21, 2), (26, 16), (15, 16), (18, 12), (34, 14), (22, 12), (27, 8), (14, 8), (30, 4), (28, 16), (30, 13), (17, 16), ... (+151 more)]",49,0,49
192,"(7, 8)","(8, 8)",West,"['(8, 8)', '(6, 8)']","['(7, 8)', '(4, 11)', '(3, 10)', '(18, 2)', '(6, 6)']","['(4, 11)', '(18, 2)', '(3, 10)', '(6, 6)', '(6, 8)']","[(21, 16), (34, 1), (4, 9), (34, 10), (27, 4), (27, 13), (17, 12), (30, 9), (10, 6), (8, 9), (32, 12), (13, 8), (1, 15), (26, 14), (15, 14), (21, 9), (34, 3), (34, 12), (27, 6), (19, 2), (17, 14), (19, 11), (8, 11), (11, 7), (11, 16), (32, 14), (1, 8), (29, 6), (21, 2), (26, 16), (15, 16), (18, 12), (34, 14), (22, 12), (27, 8), (14, 8), (30, 4), (28, 16), (30, 13), (17, 16), ... (+152 more)]",49,0,49
193,"(4, 11)","(4, 10)",North,"['(4, 12)', '(4, 10)']","['(4, 11)', '(18, 2)', '(3, 10)', '(6, 6)', '(6, 8)']","['(3, 10)', '(18, 2)', '(6, 8)', '(6, 6)', '(4, 12)']","[(21, 16), (34, 1), (4, 9), (34, 10), (27, 4), (27, 13), (17, 12), (30, 9), (10, 6), (8, 9), (32, 12), (13, 8), (1, 15), (26, 14), (15, 14), (21, 9), (34, 3), (34, 12), (27, 6), (19, 2), (17, 14), (19, 11), (8, 11), (11, 7), (11, 16), (32, 14), (1, 8), (29, 6), (21, 2), (26, 16), (15, 16), (18, 12), (34, 14), (22, 12), (27, 8), (14, 8), (30, 4), (28, 16), (30, 13), (17, 16), ... (+153 more)]",49,0,49
194,"(3, 10)","(4, 10)",West,"['(4, 10)']","['(3, 10)', '(18, 2)', '(6, 8)', '(6, 6)', '(4, 12)']","['(18, 2)', '(6, 6)', '(6, 8)', '(4, 12)']","[(21, 16), (34, 1), (4, 9), (34, 10), (27, 4), (27, 13), (17, 12), (30, 9), (10, 6), (8, 9), (32, 12), (13, 8), (1, 15), (26, 14), (15, 14), (21, 9), (34, 3), (34, 12), (27, 6), (19, 2), (17, 14), (19, 11), (8, 11), (11, 7), (11, 16), (32, 14), (1, 8), (29, 6), (21, 2), (26, 16), (15, 16), (18, 12), (34, 14), (22, 12), (27, 8), (14, 8), (30, 4), (28, 16), (30, 13), (17, 16), ... (+154 more)]",49,0,49
195,"(18, 2)","(19, 2)",West,"['(19, 2)', '(17, 2)']","['(18, 2)', '(6, 6)', '(6, 8)', '(4, 12)']","['(6, 6)', '(4, 12)', '(6, 8)', '(17, 2)']","[(21, 16), (34, 1), (4, 9), (34, 10), (27, 4), (27, 13), (17, 12), (30, 9), (10, 6), (8, 9), (32, 12), (13, 8), (1, 15), (26, 14), (15, 14), (21, 9), (34, 3), (34, 12), (27, 6), (19, 2), (17, 14), (19, 11), (8, 11), (11, 7), (11, 16), (32, 14), (1, 8), (29, 6), (21, 2), (26, 16), (15, 16), (18, 12), (34, 14), (22, 12), (27, 8), (14, 8), (30, 4), (28, 16), (30, 13), (17, 16), ... (+155 more)]",50,0,50
196,"(6, 6)","(7, 6)",West,"['(6, 5)', '(7, 6)']","['(6, 6)', '(4, 12)', '(6, 8)', '(17, 2)']","['(6, 8)', '(4, 12)', '(17, 2)', '(6, 5)']","[(21, 16), (34, 1), (4, 9), (34, 10), (27, 4), (27, 13), (17, 12), (30, 9), (10, 6), (8, 9), (32, 12), (13, 8), (1, 15), (26, 14), (15, 14), (21, 9), (34, 3), (34, 12), (27, 6), (19, 2), (17, 14), (19, 11), (8, 11), (11, 7), (11, 16), (32, 14), (1, 8), (29, 6), (21, 2), (26, 16), (15, 16), (18, 12), (34, 14), (22, 12), (27, 8), (14, 8), (30, 4), (28, 16), (30, 13), (17, 16), ... (+156 more)]",50,0,50
197,"(6, 8)","(7, 8)",West,"['(6, 9)', '(7, 8)']","['(6, 8)', '(4, 12)', '(17, 2)', '(6, 5)']","['(4, 12)', '(6, 5)', '(17, 2)', '(6, 9)']","[(21, 16), (34, 1), (4, 9), (34, 10), (27, 4), (27, 13), (17, 12), (30, 9), (10, 6), (8, 9), (32, 12), (13, 8), (1, 15), (26, 14), (15, 14), (21, 9), (34, 3), (34, 12), (27, 6), (19, 2), (17, 14), (19, 11), (8, 11), (11, 7), (11, 16), (32, 14), (1, 8), (29, 6), (21, 2), (26, 16), (15, 16), (18, 12), (34, 14), (22, 12), (27, 8), (14, 8), (30, 4), (28, 16), (30, 13), (17, 16), ... (+157 more)]",50,0,50
198,"(4, 12)","(4, 11)",North,"['(4, 13)', '(4, 11)']","['(4, 12)', '(6, 5)', '(17, 2)', '(6, 9)']","['(17, 2)', '(6, 5)', '(6, 9)', '(4, 13)']","[(21, 16), (34, 1), (4, 9), (34, 10), (27, 4), (27, 13), (17, 12), (30, 9), (10, 6), (8, 9), (32, 12), (13, 8), (1, 15), (26, 14), (15, 14), (21, 9), (34, 3), (34, 12), (27, 6), (19, 2), (17, 14), (19, 11), (8, 11), (11, 7), (11, 16), (32, 14), (1, 8), (29, 6), (21, 2), (26, 16), (15, 16), (18, 12), (34, 14), (22, 12), (27, 8), (14, 8), (30, 4), (28, 16), (30, 13), (17, 16), ... (+158 more)]",50,0,50
199,"(17, 2)","(18, 2)",West,"['(18, 2)', '(16, 2)']","['(17, 2)', '(6, 5)', '(6, 9)', '(4, 13)']","['(6, 5)', '(4, 13)', '(6, 9)', '(16, 2)']","[(21, 16), (34, 1), (4, 9), (34, 10), (27, 4), (27, 13), (17, 12), (30, 9), (10, 6), (8, 9), (32, 12), (13, 8), (1, 15), (26, 14), (15, 14), (21, 9), (34, 3), (34, 12), (27, 6), (19, 2), (17, 14), (19, 11), (8, 11), (11, 7), (11, 16), (32, 14), (1, 8), (29, 6), (21, 2), (26, 16), (15, 16), (18, 12), (34, 14), (22, 12), (27, 8), (14, 8), (30, 4), (28, 16), (30, 13), (17, 16), ... (+159 more)]",51,0,51
200,"(6, 5)","(6, 6)",South,"['(6, 6)', '(5, 5)']","['(6, 5)', '(4, 13)', '(6, 9)', '(16, 2)']","['(6, 9)', '(4, 13)', '(16, 2)', '(5, 5)']","[(21, 16), (34, 1), (4, 9), (34, 10), (27, 4), (27, 13), (17, 12), (30, 9), (10, 6), (8, 9), (32, 12), (13, 8), (1, 15), (26, 14), (15, 14), (21, 9), (34, 3), (34, 12), (27, 6), (19, 2), (17, 14), (19, 11), (8, 11), (11, 7), (11, 16), (32, 14), (1, 8), (29, 6), (21, 2), (26, 16), (15, 16), (18, 12), (34, 14), (22, 12), (27, 8), (14, 8), (30, 4), (28, 16), (30, 13), (17, 16), ... (+160 more)]",51,0,51
201,"(6, 9)","(6, 8)",North,"['(6, 10)', '(6, 8)']","['(6, 9)', '(4, 13)', '(16, 2)', '(5, 5)']","['(4, 13)', '(5, 5)', '(16, 2)', '(6, 10)']","[(21, 16), (34, 1), (4, 9), (34, 10), (27, 4), (27, 13), (17, 12), (30, 9), (10, 6), (8, 9), (32, 12), (13, 8), (1, 15), (26, 14), (15, 14), (21, 9), (34, 3), (34, 12), (27, 6), (19, 2), (17, 14), (19, 11), (8, 11), (11, 7), (11, 16), (32, 14), (1, 8), (29, 6), (21, 2), (26, 16), (15, 16), (18, 12), (34, 14), (22, 12), (27, 8), (14, 8), (30, 4), (28, 16), (30, 13), (17, 16), ... (+161 more)]",51,0,51
202,"(4, 13)","(4, 12)",North,"['(4, 14)', '(4, 12)']","['(4, 13)', '(5, 5)', '(16, 2)', '(6, 10)']","['(16, 2)', '(5, 5)', '(6, 10)', '(4, 14)']","[(21, 16), (34, 1), (4, 9), (34, 10), (27, 4), (27, 13), (17, 12), (30, 9), (10, 6), (8, 9), (32, 12), (13, 8), (1, 15), (26, 14), (15, 14), (21, 9), (34, 3), (34, 12), (27, 6), (19, 2), (17, 14), (19, 11), (8, 11), (11, 7), (11, 16), (32, 14), (1, 8), (29, 6), (21, 2), (26, 16), (15, 16), (18, 12), (34, 14), (22, 12), (27, 8), (14, 8), (30, 4), (28, 16), (30, 13), (17, 16), ... (+162 more)]",51,0,51
203,"(16, 2)","(17, 2)",West,"['(17, 2)', '(15, 2)']","['(16, 2)', '(5, 5)', '(6, 10)', '(4, 14)']","['(5, 5)', '(4, 14)', '(6, 10)', '(15, 2)']","[(21, 16), (34, 1), (4, 9), (34, 10), (27, 4), (27, 13), (17, 12), (30, 9), (10, 6), (8, 9), (32, 12), (13, 8), (1, 15), (26, 14), (15, 14), (21, 9), (34, 3), (34, 12), (27, 6), (19, 2), (17, 14), (19, 11), (8, 11), (11, 7), (11, 16), (32, 14), (1, 8), (29, 6), (21, 2), (26, 16), (15, 16), (18, 12), (34, 14), (22, 12), (27, 8), (14, 8), (30, 4), (28, 16), (30, 13), (17, 16), ... (+163 more)]",52,0,52
204,"(5, 5)","(6, 5)",West,"['(6, 5)', '(4, 5)']","['(5, 5)', '(4, 14)', '(6, 10)', '(15, 2)']","['(6, 10)', '(4, 14)', '(15, 2)', '(4, 5)']","[(21, 16), (34, 1), (4, 9), (34, 10), (27, 4), (27, 13), (17, 12), (30, 9), (10, 6), (8, 9), (32, 12), (13, 8), (1, 15), (26, 14), (15, 14), (21, 9), (34, 3), (34, 12), (27, 6), (19, 2), (17, 14), (19, 11), (8, 11), (11, 7), (11, 16), (32, 14), (1, 8), (29, 6), (21, 2), (26, 16), (15, 16), (18, 12), (34, 14), (22, 12), (27, 8), (14, 8), (5, 5), (30, 4), (28, 16), (30, 13), ... (+164 more)]",52,0,52
205,"(6, 10)","(6, 9)",North,"['(6, 11)', '(6, 9)']","['(6, 10)', '(4, 14)', '(15, 2)', '(4, 5)']","['(4, 14)', '(4, 5)', '(15, 2)', '(6, 11)']","[(21, 16), (34, 1), (4, 9), (34, 10), (27, 4), (27, 13), (17, 12), (30, 9), (10, 6), (8, 9), (32, 12), (13, 8), (1, 15), (26, 14), (15, 14), (21, 9), (34, 3), (34, 12), (27, 6), (19, 2), (17, 14), (19, 11), (8, 11), (11, 7), (11, 16), (32, 14), (1, 8), (29, 6), (21, 2), (26, 16), (15, 16), (18, 12), (34, 14), (22, 12), (27, 8), (14, 8), (5, 5), (30, 4), (28, 16), (30, 13), ... (+165 more)]",52,0,52
206,"(4, 14)","(4, 13)",North,"['(4, 13)', '(5, 14)']","['(4, 14)', '(4, 5)', '(15, 2)', '(6, 11)']","['(15, 2)', '(4, 5)', '(6, 11)', '(5, 14)']","[(21, 16), (34, 1), (4, 9), (34, 10), (27, 4), (27, 13), (17, 12), (30, 9), (10, 6), (8, 9), (32, 12), (13, 8), (1, 15), (26, 14), (15, 14), (21, 9), (34, 3), (34, 12), (27, 6), (19, 2), (17, 14), (19, 11), (8, 11), (11, 7), (11, 16), (32, 14), (1, 8), (29, 6), (21, 2), (26, 16), (15, 16), (18, 12), (34, 14), (22, 12), (27, 8), (14, 8), (5, 5), (30, 4), (28, 16), (30, 13), ... (+166 more)]",52,0,52
207,"(15, 2)","(16, 2)",West,"['(15, 3)', '(16, 2)', '(14, 2)']","['(15, 2)', '(4, 5)', '(6, 11)', '(5, 14)']","['(4, 5)', '(5, 14)', '(6, 11)', '(15, 3)', '(14, 2)']","[(21, 16), (34, 1), (4, 9), (34, 10), (27, 4), (27, 13), (17, 12), (30, 9), (10, 6), (8, 9), (32, 12), (13, 8), (1, 15), (26, 14), (15, 14), (21, 9), (34, 3), (34, 12), (27, 6), (19, 2), (17, 14), (19, 11), (8, 11), (11, 7), (11, 16), (32, 14), (1, 8), (29, 6), (21, 2), (26, 16), (15, 16), (18, 12), (34, 14), (22, 12), (27, 8), (14, 8), (5, 5), (30, 4), (28, 16), (30, 13), ... (+167 more)]",53,0,53
208,"(4, 5)","(5, 5)",West,"['(5, 5)', '(3, 5)']","['(4, 5)', '(5, 14)', '(6, 11)', '(15, 3)', '(14, 2)']","['(6, 11)', '(5, 14)', '(14, 2)', '(15, 3)', '(3, 5)']","[(21, 16), (34, 1), (4, 9), (34, 10), (27, 4), (27, 13), (17, 12), (30, 9), (10, 6), (8, 9), (32, 12), (13, 8), (1, 15), (26, 14), (15, 14), (21, 9), (34, 3), (34, 12), (27, 6), (19, 2), (17, 14), (19, 11), (8, 11), (11, 7), (11, 16), (32, 14), (1, 8), (29, 6), (21, 2), (26, 16), (15, 16), (18, 12), (34, 14), (22, 12), (27, 8), (14, 8), (5, 5), (30, 4), (28, 16), (30, 13), ... (+168 more)]",53,0,53
209,"(6, 11)","(6, 10)",North,"['(6, 12)', '(6, 10)']","['(6, 11)', '(5, 14)', '(14, 2)', '(15, 3)', '(3, 5)']","['(5, 14)', '(15, 3)', '(14, 2)', '(3, 5)', '(6, 12)']","[(21, 16), (34, 1), (4, 9), (34, 10), (27, 4), (27, 13), (17, 12), (30, 9), (10, 6), (8, 9), (32, 12), (13, 8), (1, 15), (26, 14), (15, 14), (6, 11), (21, 9), (34, 3), (34, 12), (27, 6), (19, 2), (17, 14), (19, 11), (8, 11), (11, 7), (11, 16), (32, 14), (1, 8), (29, 6), (21, 2), (26, 16), (15, 16), (18, 12), (34, 14), (22, 12), (27, 8), (14, 8), (5, 5), (30, 4), (28, 16), ... (+169 more)]",53,0,53
210,"(5, 14)","(4, 14)",East,"['(6, 14)', '(4, 14)']","['(5, 14)', '(15, 3)', '(14, 2)', '(3, 5)', '(6, 12)']","['(15, 3)', '(3, 5)', '(14, 2)', '(6, 12)', '(6, 14)']","[(21, 16), (34, 1), (4, 9), (34, 10), (27, 4), (27, 13), (17, 12), (30, 9), (10, 6), (8, 9), (32, 12), (13, 8), (1, 15), (26, 14), (15, 14), (6, 11), (21, 9), (34, 3), (34, 12), (27, 6), (19, 2), (17, 14), (19, 11), (8, 11), (11, 7), (11, 16), (32, 14), (1, 8), (29, 6), (21, 2), (26, 16), (15, 16), (18, 12), (34, 14), (22, 12), (27, 8), (14, 8), (5, 5), (30, 4), (28, 16), ... (+170 more)]",53,0,53
211,"(15, 3)","(15, 2)",North,"['(15, 4)', '(15, 2)']","['(15, 3)', '(3, 5)', '(14, 2)', '(6, 12)', '(6, 14)']","['(14, 2)', '(3, 5)', '(6, 14)', '(6, 12)', '(15, 4)']","[(21, 16), (34, 1), (4, 9), (34, 10), (27, 4), (27, 13), (17, 12), (30, 9), (10, 6), (8, 9), (32, 12), (13, 8), (1, 15), (26, 14), (15, 14), (6, 11), (21, 9), (34, 3), (34, 12), (27, 6), (19, 2), (17, 14), (19, 11), (8, 11), (11, 7), (11, 16), (32, 14), (1, 8), (29, 6), (21, 2), (26, 16), (15, 16), (18, 12), (34, 14), (22, 12), (27, 8), (14, 8), (5, 5), (30, 4), (28, 16), ... (+171 more)]",54,0,54
212,"(14, 2)","(15, 2)",West,"['(15, 2)', '(13, 2)']","['(14, 2)', '(3, 5)', '(6, 14)', '(6, 12)', '(15, 4)']","['(3, 5)', '(6, 12)', '(6, 14)', '(15, 4)', '(13, 2)']","[(21, 16), (34, 1), (4, 9), (34, 10), (27, 4), (27, 13), (17, 12), (30, 9), (10, 6), (8, 9), (32, 12), (13, 8), (1, 15), (26, 14), (15, 14), (6, 11), (21, 9), (34, 3), (34, 12), (27, 6), (19, 2), (17, 14), (19, 11), (8, 11), (11, 7), (11, 16), (32, 14), (1, 8), (29, 6), (21, 2), (26, 16), (15, 16), (18, 12), (34, 14), (22, 12), (27, 8), (14, 8), (5, 5), (30, 4), (28, 16), ... (+172 more)]",54,0,54
213,"(3, 5)","(4, 5)",West,"['(4, 5)', '(2, 5)']","['(3, 5)', '(6, 12)', '(6, 14)', '(15, 4)', '(13, 2)']","['(6, 12)', '(15, 4)', '(6, 14)', '(13, 2)', '(2, 5)']","[(21, 16), (34, 1), (4, 9), (34, 10), (27, 4), (27, 13), (17, 12), (30, 9), (10, 6), (8, 9), (32, 12), (13, 8), (1, 15), (26, 14), (15, 14), (6, 11), (21, 9), (34, 3), (34, 12), (27, 6), (19, 2), (17, 14), (19, 11), (8, 11), (11, 7), (11, 16), (32, 14), (1, 8), (29, 6), (21, 2), (26, 16), (15, 16), (18, 12), (34, 14), (22, 12), (27, 8), (14, 8), (5, 5), (30, 4), (28, 16), ... (+173 more)]",54,0,54
214,"(6, 12)","(6, 11)",North,"['(6, 13)', '(6, 11)']","['(6, 12)', '(15, 4)', '(6, 14)', '(13, 2)', '(2, 5)']","['(6, 14)', '(15, 4)', '(2, 5)', '(13, 2)', '(6, 13)']","[(21, 16), (34, 1), (4, 9), (34, 10), (27, 4), (27, 13), (17, 12), (30, 9), (10, 6), (8, 9), (32, 12), (13, 8), (1, 15), (26, 14), (15, 14), (6, 11), (21, 9), (34, 3), (34, 12), (27, 6), (19, 2), (17, 14), (19, 11), (8, 11), (11, 7), (11, 16), (32, 14), (1, 8), (29, 6), (21, 2), (26, 16), (15, 16), (18, 12), (34, 14), (22, 12), (27, 8), (14, 8), (5, 5), (30, 4), (28, 16), ... (+174 more)]",54,0,54
215,"(6, 14)","(5, 14)",East,"['(6, 13)', '(5, 14)']","['(6, 14)', '(15, 4)', '(2, 5)', '(13, 2)', '(6, 13)']","['(15, 4)', '(13, 2)', '(2, 5)', '(6, 13)']","[(21, 16), (34, 1), (4, 9), (34, 10), (27, 4), (27, 13), (17, 12), (30, 9), (10, 6), (8, 9), (32, 12), (13, 8), (1, 15), (26, 14), (15, 14), (6, 11), (21, 9), (34, 3), (34, 12), (27, 6), (19, 2), (17, 14), (19, 11), (8, 11), (11, 7), (11, 16), (32, 14), (1, 8), (29, 6), (21, 2), (26, 16), (15, 16), (18, 12), (34, 14), (22, 12), (27, 8), (14, 8), (5, 5), (30, 4), (28, 16), ... (+175 more)]",54,0,54
216,"(15, 4)","(15, 3)",North,"['(15, 3)', '(16, 4)']","['(15, 4)', '(13, 2)', '(2, 5)', '(6, 13)']","['(13, 2)', '(6, 13)', '(2, 5)', '(16, 4)']","[(21, 16), (34, 1), (4, 9), (34, 10), (27, 4), (27, 13), (17, 12), (30, 9), (10, 6), (8, 9), (32, 12), (13, 8), (1, 15), (26, 14), (15, 14), (6, 11), (21, 9), (34, 3), (34, 12), (27, 6), (19, 2), (17, 14), (19, 11), (8, 11), (11, 7), (11, 16), (32, 14), (1, 8), (29, 6), (21, 2), (26, 16), (15, 16), (18, 12), (34, 14), (22, 12), (27, 8), (14, 8), (5, 5), (30, 4), (28, 16), ... (+176 more)]",55,0,55
217,"(13, 2)","(14, 2)",West,"['(14, 2)', '(12, 2)']","['(13, 2)', '(6, 13)', '(2, 5)', '(16, 4)']","['(2, 5)', '(6, 13)', '(16, 4)', '(12, 2)']","[(21, 16), (34, 1), (4, 9), (34, 10), (27, 4), (27, 13), (17, 12), (30, 9), (10, 6), (8, 9), (32, 12), (13, 8), (1, 15), (26, 14), (15, 14), (6, 11), (21, 9), (34, 3), (34, 12), (27, 6), (19, 2), (17, 14), (19, 11), (8, 11), (11, 7), (11, 16), (32, 14), (1, 8), (29, 6), (21, 2), (26, 16), (15, 16), (18, 12), (34, 14), (22, 12), (27, 8), (14, 8), (5, 5), (30, 4), (28, 16), ... (+177 more)]",55,0,55
218,"(2, 5)","(3, 5)",West,"['(3, 5)', '(1, 5)']","['(2, 5)', '(6, 13)', '(16, 4)', '(12, 2)']","['(6, 13)', '(12, 2)', '(16, 4)', '(1, 5)']","[(21, 16), (34, 1), (4, 9), (34, 10), (27, 4), (27, 13), (17, 12), (30, 9), (10, 6), (8, 9), (32, 12), (13, 8), (1, 15), (26, 14), (15, 14), (6, 11), (21, 9), (34, 3), (34, 12), (27, 6), (19, 2), (17, 14), (19, 11), (8, 11), (11, 7), (11, 16), (32, 14), (1, 8), (29, 6), (21, 2), (26, 16), (15, 16), (18, 12), (34, 14), (22, 12), (27, 8), (14, 8), (5, 5), (30, 4), (28, 16), ... (+178 more)]",55,0,55
219,"(6, 13)","(6, 12)",North,"['(6, 14)', '(6, 12)']","['(6, 13)', '(12, 2)', '(16, 4)', '(1, 5)']","['(16, 4)', '(12, 2)', '(1, 5)']","[(21, 16), (34, 1), (4, 9), (34, 10), (27, 4), (27, 13), (17, 12), (30, 9), (10, 6), (8, 9), (32, 12), (13, 8), (1, 15), (26, 14), (15, 14), (6, 11), (21, 9), (34, 3), (34, 12), (27, 6), (19, 2), (17, 14), (19, 11), (8, 11), (11, 7), (11, 16), (32, 14), (1, 8), (29, 6), (21, 2), (26, 16), (15, 16), (6, 13), (18, 12), (34, 14), (22, 12), (27, 8), (14, 8), (5, 5), (30, 4), ... (+179 more)]",55,0,55
220,"(16, 4)","(15, 4)",East,"['(17, 4)', '(15, 4)']","['(16, 4)', '(12, 2)', '(1, 5)']","['(12, 2)', '(1, 5)', '(17, 4)']","[(21, 16), (34, 1), (4, 9), (34, 10), (27, 4), (27, 13), (17, 12), (30, 9), (10, 6), (8, 9), (32, 12), (13, 8), (1, 15), (26, 14), (15, 14), (6, 11), (21, 9), (34, 3), (34, 12), (27, 6), (19, 2), (17, 14), (19, 11), (8, 11), (11, 7), (11, 16), (32, 14), (1, 8), (29, 6), (21, 2), (26, 16), (15, 16), (6, 13), (18, 12), (34, 14), (22, 12), (27, 8), (14, 8), (5, 5), (30, 4), ... (+180 more)]",56,0,56
221,"(12, 2)","(13, 2)",West,"['(13, 2)', '(11, 2)']","['(12, 2)', '(1, 5)', '(17, 4)']","['(1, 5)', '(17, 4)', '(11, 2)']","[(21, 16), (34, 1), (4, 9), (34, 10), (27, 4), (27, 13), (17, 12), (30, 9), (10, 6), (8, 9), (32, 12), (13, 8), (1, 15), (26, 14), (15, 14), (6, 11), (21, 9), (34, 3), (34, 12), (27, 6), (19, 2), (17, 14), (19, 11), (8, 11), (11, 7), (11, 16), (32, 14), (1, 8), (29, 6), (21, 2), (26, 16), (15, 16), (6, 13), (18, 12), (34, 14), (22, 12), (27, 8), (14, 8), (5, 5), (30, 4), ... (+181 more)]",56,0,56
222,"(1, 5)","(2, 5)",West,"['(1, 4)', '(2, 5)']","['(1, 5)', '(17, 4)', '(11, 2)']","['(17, 4)', '(11, 2)', '(1, 4)']","[(21, 16), (34, 1), (4, 9), (34, 10), (27, 4), (27, 13), (17, 12), (30, 9), (10, 6), (8, 9), (32, 12), (13, 8), (1, 15), (26, 14), (15, 14), (6, 11), (21, 9), (34, 3), (34, 12), (27, 6), (19, 2), (17, 14), (19, 11), (8, 11), (11, 7), (11, 16), (32, 14), (1, 8), (29, 6), (21, 2), (26, 16), (15, 16), (6, 13), (18, 12), (34, 14), (22, 12), (27, 8), (14, 8), (5, 5), (30, 4), ... (+182 more)]",56,0,56
223,"(17, 4)","(16, 4)",East,"['(18, 4)', '(16, 4)']","['(17, 4)', '(11, 2)', '(1, 4)']","['(11, 2)', '(1, 4)', '(18, 4)']","[(21, 16), (34, 1), (4, 9), (34, 10), (27, 4), (27, 13), (17, 12), (30, 9), (10, 6), (8, 9), (32, 12), (13, 8), (1, 15), (26, 14), (15, 14), (6, 11), (21, 9), (34, 3), (34, 12), (27, 6), (19, 2), (17, 14), (19, 11), (8, 11), (11, 7), (11, 16), (32, 14), (1, 8), (29, 6), (21, 2), (26, 16), (15, 16), (6, 13), (18, 12), (34, 14), (22, 12), (27, 8), (14, 8), (5, 5), (30, 4), ... (+183 more)]",57,0,57
224,"(11, 2)","(12, 2)",West,"['(12, 2)', '(10, 2)']","['(11, 2)', '(1, 4)', '(18, 4)']","['(1, 4)', '(18, 4)', '(10, 2)']","[(21, 16), (34, 1), (4, 9), (34, 10), (27, 4), (27, 13), (17, 12), (30, 9), (10, 6), (8, 9), (32, 12), (13, 8), (1, 15), (26, 14), (15, 14), (6, 11), (21, 9), (34, 3), (34, 12), (27, 6), (19, 2), (17, 14), (19, 11), (8, 11), (11, 7), (11, 16), (32, 14), (1, 8), (29, 6), (21, 2), (26, 16), (15, 16), (6, 13), (18, 12), (34, 14), (22, 12), (27, 8), (14, 8), (5, 5), (30, 4), ... (+184 more)]",57,0,57
225,"(1, 4)","(1, 5)",South,"['(1, 5)', '(1, 3)']","['(1, 4)', '(18, 4)', '(10, 2)']","['(18, 4)', '(10, 2)', '(1, 3)']","[(21, 16), (34, 1), (4, 9), (34, 10), (27, 4), (27, 13), (17, 12), (30, 9), (10, 6), (8, 9), (32, 12), (13, 8), (1, 15), (26, 14), (15, 14), (6, 11), (21, 9), (34, 3), (34, 12), (27, 6), (19, 2), (17, 14), (19, 11), (8, 11), (11, 7), (11, 16), (32, 14), (1, 8), (29, 6), (21, 2), (26, 16), (15, 16), (6, 13), (18, 12), (34, 14), (22, 12), (27, 8), (14, 8), (5, 5), (30, 4), ... (+185 more)]",57,0,57
226,"(18, 4)","(17, 4)",East,"['(19, 4)', '(17, 4)']","['(18, 4)', '(10, 2)', '(1, 3)']","['(10, 2)', '(1, 3)', '(19, 4)']","[(21, 16), (34, 1), (4, 9), (34, 10), (27, 4), (27, 13), (17, 12), (30, 9), (10, 6), (8, 9), (32, 12), (13, 8), (1, 15), (26, 14), (15, 14), (6, 11), (21, 9), (34, 3), (34, 12), (27, 6), (19, 2), (17, 14), (19, 11), (8, 11), (11, 7), (11, 16), (32, 14), (1, 8), (29, 6), (21, 2), (26, 16), (15, 16), (6, 13), (18, 12), (34, 14), (22, 12), (27, 8), (14, 8), (5, 5), (30, 4), ... (+186 more)]",58,0,58
227,"(10, 2)","(11, 2)",West,"['(10, 1)', '(11, 2)']","['(10, 2)', '(1, 3)', '(19, 4)']","['(1, 3)', '(19, 4)', '(10, 1)']","[(21, 16), (34, 1), (4, 9), (34, 10), (27, 4), (27, 13), (17, 12), (30, 9), (10, 6), (8, 9), (32, 12), (13, 8), (1, 15), (26, 14), (15, 14), (6, 11), (21, 9), (34, 3), (34, 12), (27, 6), (19, 2), (17, 14), (19, 11), (8, 11), (11, 7), (11, 16), (32, 14), (1, 8), (29, 6), (21, 2), (26, 16), (15, 16), (6, 13), (18, 12), (34, 14), (22, 12), (27, 8), (14, 8), (5, 5), (30, 4), ... (+187 more)]",58,0,58
228,"(1, 3)","(1, 4)",South,"['(1, 4)', '(2, 3)']","['(1, 3)', '(19, 4)', '(10, 1)']","['(19, 4)', '(10, 1)', '(2, 3)']","[(21, 16), (34, 1), (4, 9), (34, 10), (27, 4), (27, 13), (17, 12), (30, 9), (10, 6), (8, 9), (32, 12), (13, 8), (1, 15), (26, 14), (15, 14), (6, 11), (21, 9), (34, 3), (34, 12), (27, 6), (19, 2), (17, 14), (19, 11), (8, 11), (11, 7), (11, 16), (32, 14), (1, 8), (29, 6), (21, 2), (26, 16), (15, 16), (6, 13), (18, 12), (34, 14), (22, 12), (27, 8), (14, 8), (5, 5), (30, 4), ... (+188 more)]",58,0,58
229,"(19, 4)","(18, 4)",East,"['(19, 5)', '(20, 4)', '(18, 4)']","['(19, 4)', '(10, 1)', '(2, 3)']","['(10, 1)', '(2, 3)', '(19, 5)', '(20, 4)']","[(21, 16), (34, 1), (4, 9), (34, 10), (27, 4), (27, 13), (17, 12), (30, 9), (10, 6), (8, 9), (32, 12), (13, 8), (1, 15), (26, 14), (15, 14), (6, 11), (21, 9), (34, 3), (34, 12), (27, 6), (19, 2), (17, 14), (19, 11), (8, 11), (11, 7), (11, 16), (32, 14), (1, 8), (29, 6), (21, 2), (26, 16), (15, 16), (6, 13), (18, 12), (34, 14), (22, 12), (27, 8), (14, 8), (5, 5), (30, 4), ... (+189 more)]",59,0,59
230,"(10, 1)","(10, 2)",South,"['(10, 2)', '(9, 1)']","['(10, 1)', '(2, 3)', '(19, 5)', '(20, 4)']","['(2, 3)', '(20, 4)', '(19, 5)', '(9, 1)']","[(21, 16), (34, 1), (4, 9), (34, 10), (27, 4), (27, 13), (17, 12), (30, 9), (10, 6), (8, 9), (32, 12), (13, 8), (1, 15), (26, 14), (15, 14), (6, 11), (21, 9), (34, 3), (34, 12), (27, 6), (19, 2), (17, 14), (19, 11), (8, 11), (11, 7), (11, 16), (32, 14), (1, 8), (29, 6), (21, 2), (26, 16), (15, 16), (6, 13), (18, 12), (34, 14), (22, 12), (27, 8), (14, 8), (5, 5), (30, 4), ... (+190 more)]",59,0,59
231,"(2, 3)","(1, 3)",East,"['(3, 3)', '(1, 3)']","['(2, 3)', '(20, 4)', '(19, 5)', '(9, 1)']","['(19, 5)', '(20, 4)', '(9, 1)', '(3, 3)']","[(21, 16), (34, 1), (4, 9), (34, 10), (27, 4), (27, 13), (17, 12), (30, 9), (10, 6), (8, 9), (32, 12), (13, 8), (1, 15), (26, 14), (15, 14), (6, 11), (21, 9), (34, 3), (34, 12), (27, 6), (19, 2), (17, 14), (19, 11), (8, 11), (11, 7), (11, 16), (32, 14), (1, 8), (29, 6), (21, 2), (26, 16), (15, 16), (6, 13), (18, 12), (34, 14), (22, 12), (27, 8), (14, 8), (5, 5), (30, 4), ... (+191 more)]",59,0,59
232,"(19, 5)","(19, 4)",North,"['(19, 6)', '(19, 4)']","['(19, 5)', '(20, 4)', '(9, 1)', '(3, 3)']","['(20, 4)', '(3, 3)', '(9, 1)', '(19, 6)']","[(21, 16), (34, 1), (4, 9), (34, 10), (27, 4), (27, 13), (17, 12), (30, 9), (10, 6), (8, 9), (32, 12), (13, 8), (1, 15), (26, 14), (15, 14), (6, 11), (21, 9), (34, 3), (34, 12), (27, 6), (19, 2), (17, 14), (19, 11), (8, 11), (11, 7), (11, 16), (32, 14), (1, 8), (29, 6), (21, 2), (26, 16), (15, 16), (6, 13), (18, 12), (34, 14), (22, 12), (27, 8), (14, 8), (5, 5), (30, 4), ... (+192 more)]",60,0,60
233,"(20, 4)","(19, 4)",East,"['(21, 4)', '(19, 4)']","['(20, 4)', '(3, 3)', '(9, 1)', '(19, 6)']","['(9, 1)', '(3, 3)', '(19, 6)', '(21, 4)']","[(21, 16), (34, 1), (4, 9), (34, 10), (27, 4), (27, 13), (17, 12), (30, 9), (10, 6), (8, 9), (32, 12), (13, 8), (1, 15), (26, 14), (15, 14), (6, 11), (21, 9), (34, 3), (34, 12), (27, 6), (19, 2), (17, 14), (19, 11), (8, 11), (11, 7), (11, 16), (32, 14), (1, 8), (29, 6), (21, 2), (26, 16), (15, 16), (6, 13), (18, 12), (34, 14), (22, 12), (27, 8), (14, 8), (5, 5), (30, 4), ... (+193 more)]",60,0,60
234,"(9, 1)","(10, 1)",West,"['(10, 1)', '(8, 1)']","['(9, 1)', '(3, 3)', '(19, 6)', '(21, 4)']","['(3, 3)', '(21, 4)', '(19, 6)', '(8, 1)']","[(21, 16), (34, 1), (4, 9), (34, 10), (27, 4), (27, 13), (17, 12), (30, 9), (10, 6), (8, 9), (32, 12), (13, 8), (1, 15), (26, 14), (15, 14), (6, 11), (21, 9), (34, 3), (34, 12), (27, 6), (19, 2), (9, 1), (17, 14), (19, 11), (8, 11), (11, 7), (11, 16), (32, 14), (1, 8), (29, 6), (21, 2), (26, 16), (15, 16), (6, 13), (18, 12), (34, 14), (22, 12), (27, 8), (14, 8), (5, 5), ... (+194 more)]",60,0,60
235,"(3, 3)","(2, 3)",East,"['(4, 3)', '(2, 3)']","['(3, 3)', '(21, 4)', '(19, 6)', '(8, 1)']","['(19, 6)', '(21, 4)', '(8, 1)', '(4, 3)']","[(21, 16), (34, 1), (4, 9), (34, 10), (27, 4), (27, 13), (17, 12), (30, 9), (10, 6), (8, 9), (32, 12), (13, 8), (1, 15), (26, 14), (15, 14), (6, 11), (21, 9), (34, 3), (34, 12), (27, 6), (19, 2), (9, 1), (17, 14), (19, 11), (8, 11), (11, 7), (11, 16), (32, 14), (1, 8), (29, 6), (21, 2), (26, 16), (15, 16), (6, 13), (18, 12), (34, 14), (22, 12), (27, 8), (14, 8), (5, 5), ... (+195 more)]",60,0,60
236,"(19, 6)","(19, 5)",North,"['(19, 7)', '(19, 5)', '(18, 6)']","['(19, 6)', '(21, 4)', '(8, 1)', '(4, 3)']","['(21, 4)', '(4, 3)', '(8, 1)', '(19, 7)', '(18, 6)']","[(21, 16), (34, 1), (4, 9), (34, 10), (27, 4), (27, 13), (17, 12), (30, 9), (10, 6), (8, 9), (32, 12), (13, 8), (1, 15), (26, 14), (15, 14), (6, 11), (21, 9), (34, 3), (34, 12), (27, 6), (19, 2), (9, 1), (17, 14), (19, 11), (8, 11), (11, 7), (11, 16), (32, 14), (1, 8), (29, 6), (21, 2), (26, 16), (15, 16), (6, 13), (18, 12), (34, 14), (22, 12), (27, 8), (14, 8), (5, 5), ... (+196 more)]",61,0,61
237,"(21, 4)","(20, 4)",East,"['(21, 5)', '(20, 4)']","['(21, 4)', '(4, 3)', '(8, 1)', '(19, 7)', '(18, 6)']","['(8, 1)', '(4, 3)', '(18, 6)', '(19, 7)', '(21, 5)']","[(21, 16), (34, 1), (4, 9), (34, 10), (27, 4), (27, 13), (17, 12), (30, 9), (10, 6), (8, 9), (32, 12), (13, 8), (1, 15), (26, 14), (15, 14), (6, 11), (21, 9), (34, 3), (34, 12), (27, 6), (19, 2), (9, 1), (17, 14), (19, 11), (8, 11), (11, 7), (11, 16), (32, 14), (1, 8), (29, 6), (21, 2), (26, 16), (15, 16), (6, 13), (18, 12), (34, 14), (22, 12), (27, 8), (14, 8), (5, 5), ... (+197 more)]",61,0,61
238,"(8, 1)","(9, 1)",West,"['(9, 1)', '(7, 1)']","['(8, 1)', '(4, 3)', '(18, 6)', '(19, 7)', '(21, 5)']","['(4, 3)', '(19, 7)', '(18, 6)', '(21, 5)', '(7, 1)']","[(21, 16), (34, 1), (4, 9), (34, 10), (27, 4), (27, 13), (17, 12), (30, 9), (10, 6), (8, 9), (32, 12), (13, 8), (1, 15), (26, 14), (15, 14), (6, 11), (21, 9), (34, 3), (34, 12), (27, 6), (19, 2), (9, 1), (17, 14), (19, 11), (8, 11), (11, 7), (11, 16), (32, 14), (1, 8), (29, 6), (21, 2), (26, 16), (15, 16), (6, 13), (18, 12), (34, 14), (22, 12), (27, 8), (14, 8), (5, 5), ... (+198 more)]",61,0,61
239,"(4, 3)","(3, 3)",East,"['(5, 3)', '(3, 3)']","['(4, 3)', '(19, 7)', '(18, 6)', '(21, 5)', '(7, 1)']","['(19, 7)', '(21, 5)', '(18, 6)', '(7, 1)', '(5, 3)']","[(21, 16), (34, 1), (4, 9), (34, 10), (27, 4), (27, 13), (17, 12), (30, 9), (10, 6), (8, 9), (32, 12), (13, 8), (1, 15), (26, 14), (15, 14), (6, 11), (21, 9), (34, 3), (34, 12), (27, 6), (19, 2), (9, 1), (17, 14), (19, 11), (8, 11), (11, 7), (11, 16), (32, 14), (1, 8), (29, 6), (21, 2), (26, 16), (15, 16), (6, 13), (18, 12), (34, 14), (22, 12), (27, 8), (14, 8), (5, 5), ... (+199 more)]",61,0,61
240,"(19, 7)","(19, 6)",North,"['(19, 6)', '(20, 7)']","['(19, 7)', '(21, 5)', '(18, 6)', '(7, 1)', '(5, 3)']","['(18, 6)', '(21, 5)', '(5, 3)', '(7, 1)', '(20, 7)']","[(21, 16), (34, 1), (4, 9), (34, 10), (27, 4), (27, 13), (17, 12), (30, 9), (10, 6), (8, 9), (32, 12), (13, 8), (1, 15), (26, 14), (15, 14), (6, 11), (21, 9), (34, 3), (34, 12), (27, 6), (19, 2), (9, 1), (17, 14), (19, 11), (8, 11), (11, 7), (11, 16), (32, 14), (1, 8), (29, 6), (21, 2), (26, 16), (15, 16), (6, 13), (18, 12), (34, 14), (22, 12), (27, 8), (14, 8), (5, 5), ... (+200 more)]",62,0,62
241,"(18, 6)","(19, 6)",West,"['(19, 6)', '(17, 6)']","['(18, 6)', '(21, 5)', '(5, 3)', '(7, 1)', '(20, 7)']","['(21, 5)', '(7, 1)', '(5, 3)', '(20, 7)', '(17, 6)']","[(21, 16), (34, 1), (4, 9), (34, 10), (27, 4), (27, 13), (17, 12), (30, 9), (10, 6), (8, 9), (32, 12), (13, 8), (1, 15), (26, 14), (15, 14), (6, 11), (21, 9), (34, 3), (34, 12), (27, 6), (19, 2), (9, 1), (17, 14), (19, 11), (8, 11), (11, 7), (11, 16), (32, 14), (1, 8), (29, 6), (21, 2), (26, 16), (15, 16), (6, 13), (18, 12), (34, 14), (22, 12), (27, 8), (14, 8), (5, 5), ... (+201 more)]",62,0,62
242,"(21, 5)","(21, 4)",North,"['(21, 4)', '(22, 5)']","['(21, 5)', '(7, 1)', '(5, 3)', '(20, 7)', '(17, 6)']","['(7, 1)', '(20, 7)', '(5, 3)', '(17, 6)', '(22, 5)']","[(21, 16), (34, 1), (4, 9), (34, 10), (27, 4), (27, 13), (17, 12), (30, 9), (10, 6), (8, 9), (32, 12), (13, 8), (1, 15), (26, 14), (15, 14), (6, 11), (21, 9), (34, 3), (34, 12), (27, 6), (19, 2), (9, 1), (17, 14), (19, 11), (8, 11), (11, 7), (11, 16), (32, 14), (1, 8), (29, 6), (21, 2), (26, 16), (15, 16), (6, 13), (18, 12), (34, 14), (22, 12), (27, 8), (14, 8), (5, 5), ... (+202 more)]",62,0,62
243,"(7, 1)","(8, 1)",West,"['(8, 1)', '(6, 1)']","['(7, 1)', '(20, 7)', '(5, 3)', '(17, 6)', '(22, 5)']","['(5, 3)', '(20, 7)', '(22, 5)', '(17, 6)', '(6, 1)']","[(21, 16), (34, 1), (4, 9), (34, 10), (27, 4), (27, 13), (17, 12), (30, 9), (10, 6), (8, 9), (32, 12), (13, 8), (7, 1), (1, 15), (26, 14), (15, 14), (6, 11), (21, 9), (34, 3), (34, 12), (27, 6), (19, 2), (9, 1), (17, 14), (19, 11), (8, 11), (11, 7), (11, 16), (32, 14), (1, 8), (29, 6), (21, 2), (26, 16), (15, 16), (6, 13), (18, 12), (34, 14), (22, 12), (27, 8), (14, 8), ... (+203 more)]",62,0,62
244,"(5, 3)","(4, 3)",East,"['(6, 3)', '(4, 3)']","['(5, 3)', '(20, 7)', '(22, 5)', '(17, 6)', '(6, 1)']","['(20, 7)', '(17, 6)', '(22, 5)', '(6, 1)', '(6, 3)']","[(21, 16), (34, 1), (4, 9), (34, 10), (27, 4), (27, 13), (17, 12), (30, 9), (10, 6), (8, 9), (32, 12), (13, 8), (7, 1), (1, 15), (26, 14), (15, 14), (6, 11), (21, 9), (34, 3), (34, 12), (27, 6), (5, 3), (19, 2), (9, 1), (17, 14), (19, 11), (8, 11), (11, 7), (11, 16), (32, 14), (1, 8), (29, 6), (21, 2), (26, 16), (15, 16), (6, 13), (18, 12), (34, 14), (22, 12), (27, 8), ... (+204 more)]",62,0,62
245,"(20, 7)","(19, 7)",East,"['(21, 7)', '(19, 7)']","['(20, 7)', '(17, 6)', '(22, 5)', '(6, 1)', '(6, 3)']","['(17, 6)', '(6, 1)', '(22, 5)', '(6, 3)', '(21, 7)']","[(21, 16), (34, 1), (4, 9), (34, 10), (27, 4), (27, 13), (17, 12), (30, 9), (10, 6), (8, 9), (32, 12), (13, 8), (7, 1), (1, 15), (26, 14), (15, 14), (6, 11), (21, 9), (34, 3), (34, 12), (27, 6), (5, 3), (19, 2), (9, 1), (17, 14), (19, 11), (8, 11), (11, 7), (11, 16), (32, 14), (1, 8), (29, 6), (21, 2), (26, 16), (15, 16), (6, 13), (18, 12), (34, 14), (22, 12), (27, 8), ... (+205 more)]",63,0,63
246,"(17, 6)","(18, 6)",West,"['(18, 6)', '(16, 6)']","['(17, 6)', '(6, 1)', '(22, 5)', '(6, 3)', '(21, 7)']","['(22, 5)', '(6, 1)', '(21, 7)', '(6, 3)', '(16, 6)']","[(21, 16), (34, 1), (4, 9), (34, 10), (27, 4), (27, 13), (17, 12), (30, 9), (10, 6), (8, 9), (32, 12), (13, 8), (7, 1), (1, 15), (26, 14), (15, 14), (6, 11), (21, 9), (34, 3), (34, 12), (27, 6), (5, 3), (19, 2), (9, 1), (17, 14), (19, 11), (8, 11), (11, 7), (11, 16), (32, 14), (1, 8), (29, 6), (21, 2), (26, 16), (15, 16), (6, 13), (18, 12), (34, 14), (22, 12), (27, 8), ... (+206 more)]",63,0,63
247,"(22, 5)","(21, 5)",East,"['(23, 5)', '(21, 5)']","['(22, 5)', '(6, 1)', '(21, 7)', '(6, 3)', '(16, 6)']","['(6, 1)', '(6, 3)', '(21, 7)', '(16, 6)', '(23, 5)']","[(21, 16), (34, 1), (4, 9), (34, 10), (27, 4), (27, 13), (17, 12), (30, 9), (10, 6), (8, 9), (32, 12), (13, 8), (7, 1), (1, 15), (26, 14), (15, 14), (6, 11), (21, 9), (34, 3), (34, 12), (27, 6), (5, 3), (19, 2), (9, 1), (17, 14), (19, 11), (8, 11), (11, 7), (11, 16), (32, 14), (1, 8), (29, 6), (21, 2), (26, 16), (15, 16), (6, 13), (18, 12), (34, 14), (22, 12), (27, 8), ... (+207 more)]",63,0,63
248,"(6, 1)","(7, 1)",West,"['(7, 1)', '(5, 1)']","['(6, 1)', '(6, 3)', '(21, 7)', '(16, 6)', '(23, 5)']","['(6, 3)', '(16, 6)', '(21, 7)', '(23, 5)', '(5, 1)']","[(21, 16), (34, 1), (4, 9), (34, 10), (27, 4), (27, 13), (17, 12), (30, 9), (10, 6), (8, 9), (32, 12), (13, 8), (7, 1), (1, 15), (26, 14), (15, 14), (6, 11), (21, 9), (34, 3), (34, 12), (27, 6), (5, 3), (19, 2), (9, 1), (17, 14), (19, 11), (8, 11), (11, 7), (11, 16), (32, 14), (1, 8), (29, 6), (21, 2), (26, 16), (15, 16), (6, 13), (18, 12), (34, 14), (22, 12), (27, 8), ... (+208 more)]",63,0,63
249,"(6, 3)","(5, 3)",East,"['(7, 3)', '(5, 3)']","['(6, 3)', '(16, 6)', '(21, 7)', '(23, 5)', '(5, 1)']","['(21, 7)', '(16, 6)', '(5, 1)', '(23, 5)', '(7, 3)']","[(21, 16), (34, 1), (4, 9), (34, 10), (27, 4), (27, 13), (17, 12), (30, 9), (10, 6), (8, 9), (32, 12), (13, 8), (7, 1), (1, 15), (26, 14), (15, 14), (6, 11), (21, 9), (34, 3), (34, 12), (27, 6), (5, 3), (19, 2), (9, 1), (17, 14), (19, 11), (8, 11), (11, 7), (11, 16), (32, 14), (1, 8), (29, 6), (21, 2), (26, 16), (15, 16), (6, 13), (18, 12), (34, 14), (22, 12), (27, 8), ... (+209 more)]",63,0,63
250,"(21, 7)","(20, 7)",East,"['(22, 7)', '(20, 7)']","['(21, 7)', '(16, 6)', '(5, 1)', '(23, 5)', '(7, 3)']","['(16, 6)', '(23, 5)', '(5, 1)', '(7, 3)', '(22, 7)']","[(21, 16), (34, 1), (4, 9), (34, 10), (27, 4), (27, 13), (17, 12), (30, 9), (10, 6), (8, 9), (32, 12), (13, 8), (7, 1), (1, 15), (26, 14), (15, 14), (6, 11), (21, 9), (34, 3), (34, 12), (27, 6), (5, 3), (19, 2), (9, 1), (17, 14), (19, 11), (8, 11), (11, 7), (11, 16), (32, 14), (1, 8), (29, 6), (21, 2), (26, 16), (15, 16), (6, 13), (18, 12), (34, 14), (22, 12), (27, 8), ... (+210 more)]",64,0,64
251,"(16, 6)","(17, 6)",West,"['(17, 6)', '(15, 6)']","['(16, 6)', '(23, 5)', '(5, 1)', '(7, 3)', '(22, 7)']","['(23, 5)', '(7, 3)', '(5, 1)', '(22, 7)', '(15, 6)']","[(21, 16), (34, 1), (4, 9), (34, 10), (27, 4), (27, 13), (17, 12), (30, 9), (10, 6), (8, 9), (32, 12), (13, 8), (7, 1), (1, 15), (26, 14), (15, 14), (6, 11), (21, 9), (34, 3), (34, 12), (27, 6), (5, 3), (19, 2), (9, 1), (17, 14), (19, 11), (8, 11), (11, 7), (11, 16), (32, 14), (1, 8), (29, 6), (16, 6), (21, 2), (26, 16), (15, 16), (6, 13), (18, 12), (34, 14), (22, 12), ... (+211 more)]",64,0,64
252,"(23, 5)","(22, 5)",East,"['(24, 5)', '(22, 5)']","['(23, 5)', '(7, 3)', '(5, 1)', '(22, 7)', '(15, 6)']","['(5, 1)', '(7, 3)', '(15, 6)', '(22, 7)', '(24, 5)']","[(21, 16), (34, 1), (4, 9), (34, 10), (27, 4), (27, 13), (17, 12), (30, 9), (10, 6), (8, 9), (32, 12), (13, 8), (7, 1), (1, 15), (26, 14), (15, 14), (6, 11), (21, 9), (34, 3), (34, 12), (27, 6), (5, 3), (19, 2), (9, 1), (17, 14), (19, 11), (8, 11), (11, 7), (11, 16), (32, 14), (1, 8), (29, 6), (16, 6), (21, 2), (26, 16), (15, 16), (6, 13), (18, 12), (34, 14), (22, 12), ... (+212 more)]",64,0,64
253,"(5, 1)","(6, 1)",West,"['(6, 1)', '(4, 1)']","['(5, 1)', '(7, 3)', '(15, 6)', '(22, 7)', '(24, 5)']","['(7, 3)', '(22, 7)', '(15, 6)', '(24, 5)', '(4, 1)']","[(21, 16), (34, 1), (4, 9), (34, 10), (27, 4), (5, 1), (27, 13), (17, 12), (30, 9), (10, 6), (8, 9), (32, 12), (13, 8), (7, 1), (1, 15), (26, 14), (15, 14), (6, 11), (21, 9), (34, 3), (34, 12), (27, 6), (5, 3), (19, 2), (9, 1), (17, 14), (19, 11), (8, 11), (11, 7), (11, 16), (32, 14), (1, 8), (29, 6), (16, 6), (21, 2), (26, 16), (15, 16), (6, 13), (18, 12), (34, 14), ... (+213 more)]",64,0,64
254,"(7, 3)","(6, 3)",East,"['(8, 3)', '(6, 3)']","['(7, 3)', '(22, 7)', '(15, 6)', '(24, 5)', '(4, 1)']","['(22, 7)', '(24, 5)', '(15, 6)', '(4, 1)', '(8, 3)']","[(21, 16), (34, 1), (4, 9), (34, 10), (27, 4), (5, 1), (27, 13), (17, 12), (30, 9), (10, 6), (8, 9), (32, 12), (13, 8), (7, 1), (1, 15), (26, 14), (15, 14), (6, 11), (21, 9), (34, 3), (34, 12), (27, 6), (5, 3), (19, 2), (9, 1), (17, 14), (19, 11), (8, 11), (11, 7), (11, 16), (32, 14), (1, 8), (29, 6), (16, 6), (7, 3), (21, 2), (26, 16), (15, 16), (6, 13), (18, 12), ... (+214 more)]",64,0,64
255,"(22, 7)","(21, 7)",East,"['(23, 7)', '(21, 7)']","['(22, 7)', '(24, 5)', '(15, 6)', '(4, 1)', '(8, 3)']","['(15, 6)', '(24, 5)', '(8, 3)', '(4, 1)', '(23, 7)']","[(21, 16), (34, 1), (4, 9), (34, 10), (27, 4), (5, 1), (27, 13), (17, 12), (30, 9), (10, 6), (8, 9), (32, 12), (13, 8), (7, 1), (1, 15), (26, 14), (15, 14), (6, 11), (21, 9), (34, 3), (34, 12), (27, 6), (5, 3), (19, 2), (9, 1), (17, 14), (19, 11), (8, 11), (11, 7), (11, 16), (32, 14), (1, 8), (29, 6), (16, 6), (7, 3), (21, 2), (26, 16), (15, 16), (6, 13), (18, 12), ... (+215 more)]",65,0,65
256,"(15, 6)","(16, 6)",West,"['(16, 6)', '(14, 6)']","['(15, 6)', '(24, 5)', '(8, 3)', '(4, 1)', '(23, 7)']","['(24, 5)', '(4, 1)', '(8, 3)', '(23, 7)', '(14, 6)']","[(21, 16), (34, 1), (4, 9), (34, 10), (27, 4), (5, 1), (27, 13), (17, 12), (30, 9), (10, 6), (8, 9), (32, 12), (13, 8), (7, 1), (1, 15), (26, 14), (15, 14), (6, 11), (21, 9), (34, 3), (34, 12), (27, 6), (5, 3), (19, 2), (9, 1), (17, 14), (19, 11), (8, 11), (11, 7), (11, 16), (32, 14), (1, 8), (29, 6), (16, 6), (7, 3), (21, 2), (26, 16), (15, 16), (6, 13), (18, 12), ... (+216 more)]",65,0,65
257,"(24, 5)","(23, 5)",East,"['(24, 6)', '(23, 5)']","['(24, 5)', '(4, 1)', '(8, 3)', '(23, 7)', '(14, 6)']","['(4, 1)', '(23, 7)', '(8, 3)', '(14, 6)', '(24, 6)']","[(21, 16), (34, 1), (4, 9), (34, 10), (27, 4), (5, 1), (27, 13), (17, 12), (30, 9), (10, 6), (8, 9), (32, 12), (13, 8), (7, 1), (1, 15), (26, 14), (15, 14), (6, 11), (21, 9), (34, 3), (34, 12), (27, 6), (5, 3), (19, 2), (9, 1), (17, 14), (19, 11), (8, 11), (11, 7), (11, 16), (32, 14), (1, 8), (29, 6), (16, 6), (7, 3), (21, 2), (26, 16), (15, 16), (6, 13), (18, 12), ... (+217 more)]",65,0,65
258,"(4, 1)","(5, 1)",West,"['(5, 1)', '(3, 1)']","['(4, 1)', '(23, 7)', '(8, 3)', '(14, 6)', '(24, 6)']","['(8, 3)', '(23, 7)', '(24, 6)', '(14, 6)', '(3, 1)']","[(21, 16), (34, 1), (4, 9), (34, 10), (27, 4), (5, 1), (27, 13), (17, 12), (30, 9), (10, 6), (8, 9), (32, 12), (13, 8), (7, 1), (1, 15), (26, 14), (15, 14), (6, 11), (21, 9), (34, 3), (34, 12), (27, 6), (5, 3), (19, 2), (9, 1), (17, 14), (19, 11), (8, 11), (11, 7), (11, 16), (32, 14), (1, 8), (29, 6), (16, 6), (7, 3), (21, 2), (26, 16), (15, 16), (6, 13), (18, 12), ... (+218 more)]",65,0,65
259,"(8, 3)","(7, 3)",East,"['(8, 4)', '(7, 3)']","['(8, 3)', '(23, 7)', '(24, 6)', '(14, 6)', '(3, 1)']","['(23, 7)', '(14, 6)', '(24, 6)', '(3, 1)', '(8, 4)']","[(21, 16), (34, 1), (4, 9), (34, 10), (27, 4), (5, 1), (27, 13), (17, 12), (30, 9), (10, 6), (8, 9), (32, 12), (13, 8), (7, 1), (1, 15), (26, 14), (15, 14), (6, 11), (21, 9), (34, 3), (34, 12), (27, 6), (5, 3), (19, 2), (9, 1), (17, 14), (19, 11), (8, 11), (11, 7), (11, 16), (32, 14), (1, 8), (29, 6), (16, 6), (7, 3), (21, 2), (26, 16), (15, 16), (6, 13), (18, 12), ... (+219 more)]",65,0,65
260,"(23, 7)","(22, 7)",East,"['(24, 7)', '(22, 7)']","['(23, 7)', '(14, 6)', '(24, 6)', '(3, 1)', '(8, 4)']","['(14, 6)', '(3, 1)', '(24, 6)', '(8, 4)', '(24, 7)']","[(21, 16), (34, 1), (4, 9), (34, 10), (27, 4), (5, 1), (27, 13), (17, 12), (30, 9), (10, 6), (8, 9), (32, 12), (13, 8), (7, 1), (1, 15), (26, 14), (15, 14), (6, 11), (21, 9), (34, 3), (34, 12), (27, 6), (5, 3), (19, 2), (9, 1), (17, 14), (19, 11), (8, 11), (11, 7), (11, 16), (32, 14), (1, 8), (29, 6), (16, 6), (7, 3), (21, 2), (26, 16), (15, 16), (6, 13), (18, 12), ... (+220 more)]",66,0,66
261,"(14, 6)","(15, 6)",West,"['(15, 6)', '(13, 6)']","['(14, 6)', '(3, 1)', '(24, 6)', '(8, 4)', '(24, 7)']","['(24, 6)', '(3, 1)', '(24, 7)', '(8, 4)', '(13, 6)']","[(21, 16), (34, 1), (4, 9), (34, 10), (27, 4), (5, 1), (27, 13), (17, 12), (30, 9), (10, 6), (8, 9), (32, 12), (13, 8), (7, 1), (1, 15), (26, 14), (15, 14), (6, 11), (21, 9), (34, 3), (34, 12), (27, 6), (5, 3), (19, 2), (9, 1), (17, 14), (19, 11), (8, 11), (11, 7), (11, 16), (32, 14), (1, 8), (29, 6), (16, 6), (7, 3), (21, 2), (26, 16), (15, 16), (6, 13), (18, 12), ... (+221 more)]",66,0,66
262,"(24, 6)","(24, 5)",North,"['(24, 7)', '(24, 5)']","['(24, 6)', '(3, 1)', '(24, 7)', '(8, 4)', '(13, 6)']","['(3, 1)', '(8, 4)', '(24, 7)', '(13, 6)']","[(21, 16), (34, 1), (4, 9), (34, 10), (27, 4), (5, 1), (27, 13), (17, 12), (30, 9), (10, 6), (8, 9), (32, 12), (13, 8), (7, 1), (1, 15), (26, 14), (15, 14), (6, 11), (21, 9), (34, 3), (34, 12), (27, 6), (5, 3), (19, 2), (9, 1), (17, 14), (19, 11), (8, 11), (11, 7), (11, 16), (32, 14), (1, 8), (29, 6), (16, 6), (7, 3), (21, 2), (26, 16), (15, 16), (6, 13), (18, 12), ... (+222 more)]",66,0,66
263,"(3, 1)","(4, 1)",West,"['(4, 1)', '(2, 1)']","['(3, 1)', '(8, 4)', '(24, 7)', '(13, 6)']","['(8, 4)', '(13, 6)', '(24, 7)', '(2, 1)']","[(21, 16), (34, 1), (4, 9), (34, 10), (27, 4), (5, 1), (27, 13), (17, 12), (30, 9), (10, 6), (8, 9), (32, 12), (13, 8), (7, 1), (1, 15), (26, 14), (15, 14), (6, 11), (21, 9), (34, 3), (34, 12), (27, 6), (5, 3), (19, 2), (9, 1), (17, 14), (19, 11), (8, 11), (11, 7), (11, 16), (32, 14), (1, 8), (29, 6), (16, 6), (7, 3), (21, 2), (26, 16), (15, 16), (6, 13), (18, 12), ... (+223 more)]",66,0,66
264,"(8, 4)","(8, 3)",North,"['(8, 3)', '(9, 4)']","['(8, 4)', '(13, 6)', '(24, 7)', '(2, 1)']","['(24, 7)', '(13, 6)', '(2, 1)', '(9, 4)']","[(21, 16), (34, 1), (4, 9), (34, 10), (27, 4), (5, 1), (27, 13), (17, 12), (30, 9), (10, 6), (8, 9), (32, 12), (13, 8), (7, 1), (1, 15), (26, 14), (15, 14), (6, 11), (21, 9), (34, 3), (34, 12), (27, 6), (5, 3), (19, 2), (9, 1), (17, 14), (19, 11), (8, 11), (11, 7), (11, 16), (32, 14), (1, 8), (29, 6), (16, 6), (7, 3), (21, 2), (26, 16), (15, 16), (6, 13), (18, 12), ... (+224 more)]",66,0,66
265,"(24, 7)","(23, 7)",East,"['(24, 6)', '(23, 7)']","['(24, 7)', '(13, 6)', '(2, 1)', '(9, 4)']","['(13, 6)', '(9, 4)', '(2, 1)']","[(21, 16), (34, 1), (4, 9), (34, 10), (27, 4), (5, 1), (27, 13), (17, 12), (30, 9), (10, 6), (8, 9), (32, 12), (13, 8), (7, 1), (1, 15), (26, 14), (15, 14), (6, 11), (21, 9), (34, 3), (34, 12), (27, 6), (5, 3), (19, 2), (9, 1), (17, 14), (19, 11), (8, 11), (11, 7), (11, 16), (32, 14), (1, 8), (29, 6), (16, 6), (7, 3), (21, 2), (26, 16), (15, 16), (6, 13), (18, 12), ... (+225 more)]",67,0,67
266,"(13, 6)","(14, 6)",West,"['(13, 5)', '(14, 6)']","['(13, 6)', '(9, 4)', '(2, 1)']","['(2, 1)', '(9, 4)', '(13, 5)']","[(21, 16), (34, 1), (4, 9), (34, 10), (27, 4), (5, 1), (27, 13), (17, 12), (30, 9), (10, 6), (8, 9), (32, 12), (13, 8), (7, 1), (1, 15), (26, 14), (15, 14), (6, 11), (21, 9), (34, 3), (34, 12), (27, 6), (5, 3), (19, 2), (9, 1), (17, 14), (19, 11), (8, 11), (11, 7), (11, 16), (32, 14), (1, 8), (29, 6), (16, 6), (7, 3), (21, 2), (26, 16), (15, 16), (6, 13), (18, 12), ... (+226 more)]",67,0,67
267,"(2, 1)","(3, 1)",West,"['(3, 1)', '(1, 1)']","['(2, 1)', '(9, 4)', '(13, 5)']","['(9, 4)', '(13, 5)', '(1, 1)']","[(21, 16), (34, 1), (4, 9), (34, 10), (27, 4), (5, 1), (27, 13), (17, 12), (30, 9), (10, 6), (8, 9), (32, 12), (13, 8), (7, 1), (1, 15), (26, 14), (15, 14), (6, 11), (21, 9), (34, 3), (34, 12), (27, 6), (5, 3), (19, 2), (9, 1), (17, 14), (19, 11), (8, 11), (11, 7), (11, 16), (32, 14), (1, 8), (29, 6), (16, 6), (7, 3), (21, 2), (26, 16), (15, 16), (6, 13), (18, 12), ... (+227 more)]",67,0,67
268,"(9, 4)","(8, 4)",East,"['(10, 4)', '(8, 4)']","['(9, 4)', '(13, 5)', '(1, 1)']","['(13, 5)', '(1, 1)', '(10, 4)']","[(21, 16), (34, 1), (4, 9), (34, 10), (27, 4), (5, 1), (27, 13), (17, 12), (30, 9), (10, 6), (8, 9), (32, 12), (13, 8), (7, 1), (1, 15), (26, 14), (15, 14), (6, 11), (21, 9), (34, 3), (34, 12), (27, 6), (5, 3), (19, 2), (9, 1), (17, 14), (19, 11), (8, 11), (11, 7), (11, 16), (32, 14), (1, 8), (29, 6), (16, 6), (7, 3), (21, 2), (26, 16), (15, 16), (6, 13), (18, 12), ... (+228 more)]",67,0,67
269,"(13, 5)","(13, 6)",South,"['(13, 6)', '(13, 4)']","['(13, 5)', '(1, 1)', '(10, 4)']","['(1, 1)', '(10, 4)', '(13, 4)']","[(21, 16), (34, 1), (4, 9), (34, 10), (27, 4), (5, 1), (27, 13), (17, 12), (30, 9), (10, 6), (8, 9), (32, 12), (13, 8), (7, 1), (1, 15), (26, 14), (15, 14), (6, 11), (21, 9), (34, 3), (34, 12), (27, 6), (5, 3), (19, 2), (9, 1), (17, 14), (19, 11), (8, 11), (11, 7), (11, 16), (32, 14), (1, 8), (29, 6), (16, 6), (7, 3), (21, 2), (26, 16), (15, 16), (6, 13), (18, 12), ... (+229 more)]",68,0,68
270,"(1, 1)","(2, 1)",West,[],"['(1, 1)', '(10, 4)', '(13, 4)']","['(10, 4)', '(13, 4)']","[(21, 16), (34, 1), (4, 9), (34, 10), (27, 4), (5, 1), (27, 13), (17, 12), (30, 9), (10, 6), (8, 9), (32, 12), (13, 8), (7, 1), (1, 15), (26, 14), (15, 14), (6, 11), (21, 9), (34, 3), (34, 12), (27, 6), (5, 3), (19, 2), (9, 1), (17, 14), (19, 11), (8, 11), (11, 7), (11, 16), (32, 14), (1, 8), (29, 6), (16, 6), (7, 3), (21, 2), (26, 16), (15, 16), (6, 13), (18, 12), ... (+230 more)]",68,0,68
